mode,mode_description,mode_primary_stage,scenario_name,distance_label,target_distance_m,straight_line_distance_m,source_node,target_node,walkability_field,day_type,hour,seed_index,seed,steps,replicas,slices,duration_sec,baseline_route_found,baseline_route_cost,baseline_route_length,sqa_route_found,sqa_route_cost,sqa_route_length,sqa_selected_edge_count,sqa_matches_baseline_route,sqa_cost_gap_vs_baseline,local_search_status,local_search_route_cost,local_search_route_length,local_search_cost_gap_vs_baseline,local_search_matches_baseline_route,run_dir,log_file,primary_route_found,primary_cost_gap_vs_baseline,primary_matches_baseline_route,primary_stage,sqa_outcome,local_search_outcome,primary_outcome
baseline_plus_block_move,Dijkstra warm start plus baseline seeded block-move local search,local_search,d0400_dynwd05,d0400,400,399.89096238073773,24,318,dynwd05,weekday,05,0,42,200,32,20,32.894,True,911.886,703.126,True,911.886,703.126,14,True,0.0,completed,911.886,703.126,0.0,True,/Users/tsun-yuanku/local/qa_course_platform_github_pages/SQA_Algorithm/outputs/path_routing/benchmarks/formal_modes_suite_01/runs/baseline_plus_block_move/d0400_dynwd05/seed_042,/Users/tsun-yuanku/local/qa_course_platform_github_pages/SQA_Algorithm/outputs/path_routing/benchmarks/formal_modes_suite_01/logs/baseline_plus_block_move/d0400_dynwd05__seed_042.log,True,0.0,True,local_search,tie,tie,tie
baseline_plus_block_move,Dijkstra warm start plus baseline seeded block-move local search,local_search,d0400_dynwd05,d0400,400,399.89096238073773,24,318,dynwd05,weekday,05,1,43,200,32,20,32.826,True,911.886,703.126,True,911.886,703.126,16,True,0.0,completed,911.886,703.126,0.0,True,/Users/tsun-yuanku/local/qa_course_platform_github_pages/SQA_Algorithm/outputs/path_routing/benchmarks/formal_modes_suite_01/runs/baseline_plus_block_move/d0400_dynwd05/seed_043,/Users/tsun-yuanku/local/qa_course_platform_github_pages/SQA_Algorithm/outputs/path_routing/benchmarks/formal_modes_suite_01/logs/baseline_plus_block_move/d0400_dynwd05__seed_043.log,True,0.0,True,local_search,tie,tie,tie
baseline_plus_block_move,Dijkstra warm start plus baseline seeded block-move local search,local_search,d0400_dynwd05,d0400,400,399.89096238073773,24,318,dynwd05,weekday,05,2,44,200,32,20,32.576,True,911.886,703.126,True,911.886,703.126,14,True,0.0,completed,911.886,703.126,0.0,True,/Users/tsun-yuanku/local/qa_course_platform_github_pages/SQA_Algorithm/outputs/path_routing/benchmarks/formal_modes_suite_01/runs/baseline_plus_block_move/d0400_dynwd05/seed_044,/Users/tsun-yuanku/local/qa_course_platform_github_pages/SQA_Algorithm/outputs/path_routing/benchmarks/formal_modes_suite_01/logs/baseline_plus_block_move/d0400_dynwd05__seed_044.log,True,0.0,True,local_search,tie,tie,tie
baseline_plus_block_move,Dijkstra warm start plus baseline seeded block-move local search,local_search,d0400_dynwd05,d0400,400,399.89096238073773,24,318,dynwd05,weekday,05,3,45,200,32,20,32.526,True,911.886,703.126,True,911.886,703.126,14,True,0.0,completed,911.886,703.126,0.0,True,/Users/tsun-yuanku/local/qa_course_platform_github_pages/SQA_Algorithm/outputs/path_routing/benchmarks/formal_modes_suite_01/runs/baseline_plus_block_move/d0400_dynwd05/seed_045,/Users/tsun-yuanku/local/qa_course_platform_github_pages/SQA_Algorithm/outputs/path_routing/benchmarks/formal_modes_suite_01/logs/baseline_plus_block_move/d0400_dynwd05__seed_045.log,True,0.0,True,local_search,tie,tie,tie
baseline_plus_block_move,Dijkstra warm start plus baseline seeded block-move local search,local_search,d0400_dynwd05,d0400,400,399.89096238073773,24,318,dynwd05,weekday,05,4,46,200,32,20,32.253,True,911.886,703.126,True,911.886,703.126,14,True,0.0,completed,911.886,703.126,0.0,True,/Users/tsun-yuanku/local/qa_course_platform_github_pages/SQA_Algorithm/outputs/path_routing/benchmarks/formal_modes_suite_01/runs/baseline_plus_block_move/d0400_dynwd05/seed_046,/Users/tsun-yuanku/local/qa_course_platform_github_pages/SQA_Algorithm/outputs/path_routing/benchmarks/formal_modes_suite_01/logs/baseline_plus_block_move/d0400_dynwd05__seed_046.log,True,0.0,True,local_search,tie,tie,tie
baseline_plus_block_move,Dijkstra warm start plus baseline seeded block-move local search,local_search,d0400_dynwd08,d0400,400,399.89096238073773,24,318,dynwd08,weekday,08,0,42,200,32,20,32.359,True,904.673,703.448,True,904.673,703.448,16,True,0.0,completed,904.673,703.448,0.0,True,/Users/tsun-yuanku/local/qa_course_platform_github_pages/SQA_Algorithm/outputs/path_routing/benchmarks/formal_modes_suite_01/runs/baseline_plus_block_move/d0400_dynwd08/seed_042,/Users/tsun-yuanku/local/qa_course_platform_github_pages/SQA_Algorithm/outputs/path_routing/benchmarks/formal_modes_suite_01/logs/baseline_plus_block_move/d0400_dynwd08__seed_042.log,True,0.0,True,local_search,tie,tie,tie
baseline_plus_block_move,Dijkstra warm start plus baseline seeded block-move local search,local_search,d0400_dynwd08,d0400,400,399.89096238073773,24,318,dynwd08,weekday,08,1,43,200,32,20,32.284,True,904.673,703.448,True,904.673,703.448,14,True,0.0,completed,904.673,703.448,0.0,True,/Users/tsun-yuanku/local/qa_course_platform_github_pages/SQA_Algorithm/outputs/path_routing/benchmarks/formal_modes_suite_01/runs/baseline_plus_block_move/d0400_dynwd08/seed_043,/Users/tsun-yuanku/local/qa_course_platform_github_pages/SQA_Algorithm/outputs/path_routing/benchmarks/formal_modes_suite_01/logs/baseline_plus_block_move/d0400_dynwd08__seed_043.log,True,0.0,True,local_search,tie,tie,tie
baseline_plus_block_move,Dijkstra warm start plus baseline seeded block-move local search,local_search,d0400_dynwd08,d0400,400,399.89096238073773,24,318,dynwd08,weekday,08,2,44,200,32,20,32.448,True,904.673,703.448,True,904.673,703.448,14,True,0.0,completed,904.673,703.448,0.0,True,/Users/tsun-yuanku/local/qa_course_platform_github_pages/SQA_Algorithm/outputs/path_routing/benchmarks/formal_modes_suite_01/runs/baseline_plus_block_move/d0400_dynwd08/seed_044,/Users/tsun-yuanku/local/qa_course_platform_github_pages/SQA_Algorithm/outputs/path_routing/benchmarks/formal_modes_suite_01/logs/baseline_plus_block_move/d0400_dynwd08__seed_044.log,True,0.0,True,local_search,tie,tie,tie
baseline_plus_block_move,Dijkstra warm start plus baseline seeded block-move local search,local_search,d0400_dynwd08,d0400,400,399.89096238073773,24,318,dynwd08,weekday,08,3,45,200,32,20,32.132,True,904.673,703.448,True,904.673,703.448,14,True,0.0,completed,904.673,703.448,0.0,True,/Users/tsun-yuanku/local/qa_course_platform_github_pages/SQA_Algorithm/outputs/path_routing/benchmarks/formal_modes_suite_01/runs/baseline_plus_block_move/d0400_dynwd08/seed_045,/Users/tsun-yuanku/local/qa_course_platform_github_pages/SQA_Algorithm/outputs/path_routing/benchmarks/formal_modes_suite_01/logs/baseline_plus_block_move/d0400_dynwd08__seed_045.log,True,0.0,True,local_search,tie,tie,tie
baseline_plus_block_move,Dijkstra warm start plus baseline seeded block-move local search,local_search,d0400_dynwd08,d0400,400,399.89096238073773,24,318,dynwd08,weekday,08,4,46,200,32,20,32.162,True,904.673,703.448,True,904.673,703.448,14,True,0.0,completed,904.673,703.448,0.0,True,/Users/tsun-yuanku/local/qa_course_platform_github_pages/SQA_Algorithm/outputs/path_routing/benchmarks/formal_modes_suite_01/runs/baseline_plus_block_move/d0400_dynwd08/seed_046,/Users/tsun-yuanku/local/qa_course_platform_github_pages/SQA_Algorithm/outputs/path_routing/benchmarks/formal_modes_suite_01/logs/baseline_plus_block_move/d0400_dynwd08__seed_046.log,True,0.0,True,local_search,tie,tie,tie
baseline_plus_block_move,Dijkstra warm start plus baseline seeded block-move local search,local_search,d0400_dynwd12,d0400,400,399.89096238073773,24,318,dynwd12,weekday,12,0,42,200,32,20,32.208,True,904.131,703.126,True,904.131,703.126,14,True,0.0,completed,904.131,703.126,0.0,True,/Users/tsun-yuanku/local/qa_course_platform_github_pages/SQA_Algorithm/outputs/path_routing/benchmarks/formal_modes_suite_01/runs/baseline_plus_block_move/d0400_dynwd12/seed_042,/Users/tsun-yuanku/local/qa_course_platform_github_pages/SQA_Algorithm/outputs/path_routing/benchmarks/formal_modes_suite_01/logs/baseline_plus_block_move/d0400_dynwd12__seed_042.log,True,0.0,True,local_search,tie,tie,tie
baseline_plus_block_move,Dijkstra warm start plus baseline seeded block-move local search,local_search,d0400_dynwd12,d0400,400,399.89096238073773,24,318,dynwd12,weekday,12,1,43,200,32,20,31.855,True,904.131,703.126,True,904.131,703.126,16,True,0.0,completed,904.131,703.126,0.0,True,/Users/tsun-yuanku/local/qa_course_platform_github_pages/SQA_Algorithm/outputs/path_routing/benchmarks/formal_modes_suite_01/runs/baseline_plus_block_move/d0400_dynwd12/seed_043,/Users/tsun-yuanku/local/qa_course_platform_github_pages/SQA_Algorithm/outputs/path_routing/benchmarks/formal_modes_suite_01/logs/baseline_plus_block_move/d0400_dynwd12__seed_043.log,True,0.0,True,local_search,tie,tie,tie
baseline_plus_block_move,Dijkstra warm start plus baseline seeded block-move local search,local_search,d0400_dynwd12,d0400,400,399.89096238073773,24,318,dynwd12,weekday,12,2,44,200,32,20,42.901,True,904.131,703.126,True,904.131,703.126,14,True,0.0,completed,904.131,703.126,0.0,True,/Users/tsun-yuanku/local/qa_course_platform_github_pages/SQA_Algorithm/outputs/path_routing/benchmarks/formal_modes_suite_01/runs/baseline_plus_block_move/d0400_dynwd12/seed_044,/Users/tsun-yuanku/local/qa_course_platform_github_pages/SQA_Algorithm/outputs/path_routing/benchmarks/formal_modes_suite_01/logs/baseline_plus_block_move/d0400_dynwd12__seed_044.log,True,0.0,True,local_search,tie,tie,tie
baseline_plus_block_move,Dijkstra warm start plus baseline seeded block-move local search,local_search,d0400_dynwd12,d0400,400,399.89096238073773,24,318,dynwd12,weekday,12,3,45,200,32,20,43.029,True,904.131,703.126,True,904.131,703.126,14,True,0.0,completed,904.131,703.126,0.0,True,/Users/tsun-yuanku/local/qa_course_platform_github_pages/SQA_Algorithm/outputs/path_routing/benchmarks/formal_modes_suite_01/runs/baseline_plus_block_move/d0400_dynwd12/seed_045,/Users/tsun-yuanku/local/qa_course_platform_github_pages/SQA_Algorithm/outputs/path_routing/benchmarks/formal_modes_suite_01/logs/baseline_plus_block_move/d0400_dynwd12__seed_045.log,True,0.0,True,local_search,tie,tie,tie
baseline_plus_block_move,Dijkstra warm start plus baseline seeded block-move local search,local_search,d0400_dynwd12,d0400,400,399.89096238073773,24,318,dynwd12,weekday,12,4,46,200,32,20,42.757,True,904.131,703.126,True,904.131,703.126,14,True,0.0,completed,904.131,703.126,0.0,True,/Users/tsun-yuanku/local/qa_course_platform_github_pages/SQA_Algorithm/outputs/path_routing/benchmarks/formal_modes_suite_01/runs/baseline_plus_block_move/d0400_dynwd12/seed_046,/Users/tsun-yuanku/local/qa_course_platform_github_pages/SQA_Algorithm/outputs/path_routing/benchmarks/formal_modes_suite_01/logs/baseline_plus_block_move/d0400_dynwd12__seed_046.log,True,0.0,True,local_search,tie,tie,tie
baseline_plus_block_move,Dijkstra warm start plus baseline seeded block-move local search,local_search,d0400_dynwd17,d0400,400,399.89096238073773,24,318,dynwd17,weekday,17,0,42,200,32,20,42.948,True,905.131,703.126,True,905.131,703.126,14,True,0.0,completed,905.131,703.126,0.0,True,/Users/tsun-yuanku/local/qa_course_platform_github_pages/SQA_Algorithm/outputs/path_routing/benchmarks/formal_modes_suite_01/runs/baseline_plus_block_move/d0400_dynwd17/seed_042,/Users/tsun-yuanku/local/qa_course_platform_github_pages/SQA_Algorithm/outputs/path_routing/benchmarks/formal_modes_suite_01/logs/baseline_plus_block_move/d0400_dynwd17__seed_042.log,True,0.0,True,local_search,tie,tie,tie
baseline_plus_block_move,Dijkstra warm start plus baseline seeded block-move local search,local_search,d0400_dynwd17,d0400,400,399.89096238073773,24,318,dynwd17,weekday,17,1,43,200,32,20,42.897,True,905.131,703.126,True,905.131,703.126,16,True,0.0,completed,905.131,703.126,0.0,True,/Users/tsun-yuanku/local/qa_course_platform_github_pages/SQA_Algorithm/outputs/path_routing/benchmarks/formal_modes_suite_01/runs/baseline_plus_block_move/d0400_dynwd17/seed_043,/Users/tsun-yuanku/local/qa_course_platform_github_pages/SQA_Algorithm/outputs/path_routing/benchmarks/formal_modes_suite_01/logs/baseline_plus_block_move/d0400_dynwd17__seed_043.log,True,0.0,True,local_search,tie,tie,tie
baseline_plus_block_move,Dijkstra warm start plus baseline seeded block-move local search,local_search,d0400_dynwd17,d0400,400,399.89096238073773,24,318,dynwd17,weekday,17,2,44,200,32,20,42.831,True,905.131,703.126,True,905.131,703.126,14,True,0.0,completed,905.131,703.126,0.0,True,/Users/tsun-yuanku/local/qa_course_platform_github_pages/SQA_Algorithm/outputs/path_routing/benchmarks/formal_modes_suite_01/runs/baseline_plus_block_move/d0400_dynwd17/seed_044,/Users/tsun-yuanku/local/qa_course_platform_github_pages/SQA_Algorithm/outputs/path_routing/benchmarks/formal_modes_suite_01/logs/baseline_plus_block_move/d0400_dynwd17__seed_044.log,True,0.0,True,local_search,tie,tie,tie
baseline_plus_block_move,Dijkstra warm start plus baseline seeded block-move local search,local_search,d0400_dynwd17,d0400,400,399.89096238073773,24,318,dynwd17,weekday,17,3,45,200,32,20,44.417,True,905.131,703.126,True,905.131,703.126,14,True,0.0,completed,905.131,703.126,0.0,True,/Users/tsun-yuanku/local/qa_course_platform_github_pages/SQA_Algorithm/outputs/path_routing/benchmarks/formal_modes_suite_01/runs/baseline_plus_block_move/d0400_dynwd17/seed_045,/Users/tsun-yuanku/local/qa_course_platform_github_pages/SQA_Algorithm/outputs/path_routing/benchmarks/formal_modes_suite_01/logs/baseline_plus_block_move/d0400_dynwd17__seed_045.log,True,0.0,True,local_search,tie,tie,tie
baseline_plus_block_move,Dijkstra warm start plus baseline seeded block-move local search,local_search,d0400_dynwd17,d0400,400,399.89096238073773,24,318,dynwd17,weekday,17,4,46,200,32,20,44.657,True,905.131,703.126,True,905.131,703.126,14,True,0.0,completed,905.131,703.126,0.0,True,/Users/tsun-yuanku/local/qa_course_platform_github_pages/SQA_Algorithm/outputs/path_routing/benchmarks/formal_modes_suite_01/runs/baseline_plus_block_move/d0400_dynwd17/seed_046,/Users/tsun-yuanku/local/qa_course_platform_github_pages/SQA_Algorithm/outputs/path_routing/benchmarks/formal_modes_suite_01/logs/baseline_plus_block_move/d0400_dynwd17__seed_046.log,True,0.0,True,local_search,tie,tie,tie
baseline_plus_block_move,Dijkstra warm start plus baseline seeded block-move local search,local_search,d0400_dynwd21,d0400,400,399.89096238073773,24,318,dynwd21,weekday,21,0,42,200,32,20,44.686,True,911.886,703.126,True,911.886,703.126,14,True,0.0,completed,911.886,703.126,0.0,True,/Users/tsun-yuanku/local/qa_course_platform_github_pages/SQA_Algorithm/outputs/path_routing/benchmarks/formal_modes_suite_01/runs/baseline_plus_block_move/d0400_dynwd21/seed_042,/Users/tsun-yuanku/local/qa_course_platform_github_pages/SQA_Algorithm/outputs/path_routing/benchmarks/formal_modes_suite_01/logs/baseline_plus_block_move/d0400_dynwd21__seed_042.log,True,0.0,True,local_search,tie,tie,tie
baseline_plus_block_move,Dijkstra warm start plus baseline seeded block-move local search,local_search,d0400_dynwd21,d0400,400,399.89096238073773,24,318,dynwd21,weekday,21,1,43,200,32,20,44.693,True,911.886,703.126,True,911.886,703.126,16,True,0.0,completed,911.886,703.126,0.0,True,/Users/tsun-yuanku/local/qa_course_platform_github_pages/SQA_Algorithm/outputs/path_routing/benchmarks/formal_modes_suite_01/runs/baseline_plus_block_move/d0400_dynwd21/seed_043,/Users/tsun-yuanku/local/qa_course_platform_github_pages/SQA_Algorithm/outputs/path_routing/benchmarks/formal_modes_suite_01/logs/baseline_plus_block_move/d0400_dynwd21__seed_043.log,True,0.0,True,local_search,tie,tie,tie
baseline_plus_block_move,Dijkstra warm start plus baseline seeded block-move local search,local_search,d0400_dynwd21,d0400,400,399.89096238073773,24,318,dynwd21,weekday,21,2,44,200,32,20,44.146,True,911.886,703.126,True,911.886,703.126,14,True,0.0,completed,911.886,703.126,0.0,True,/Users/tsun-yuanku/local/qa_course_platform_github_pages/SQA_Algorithm/outputs/path_routing/benchmarks/formal_modes_suite_01/runs/baseline_plus_block_move/d0400_dynwd21/seed_044,/Users/tsun-yuanku/local/qa_course_platform_github_pages/SQA_Algorithm/outputs/path_routing/benchmarks/formal_modes_suite_01/logs/baseline_plus_block_move/d0400_dynwd21__seed_044.log,True,0.0,True,local_search,tie,tie,tie
baseline_plus_block_move,Dijkstra warm start plus baseline seeded block-move local search,local_search,d0400_dynwd21,d0400,400,399.89096238073773,24,318,dynwd21,weekday,21,3,45,200,32,20,44.19,True,911.886,703.126,True,911.886,703.126,14,True,0.0,completed,911.886,703.126,0.0,True,/Users/tsun-yuanku/local/qa_course_platform_github_pages/SQA_Algorithm/outputs/path_routing/benchmarks/formal_modes_suite_01/runs/baseline_plus_block_move/d0400_dynwd21/seed_045,/Users/tsun-yuanku/local/qa_course_platform_github_pages/SQA_Algorithm/outputs/path_routing/benchmarks/formal_modes_suite_01/logs/baseline_plus_block_move/d0400_dynwd21__seed_045.log,True,0.0,True,local_search,tie,tie,tie
baseline_plus_block_move,Dijkstra warm start plus baseline seeded block-move local search,local_search,d0400_dynwd21,d0400,400,399.89096238073773,24,318,dynwd21,weekday,21,4,46,200,32,20,39.674,True,911.886,703.126,True,911.886,703.126,14,True,0.0,completed,911.886,703.126,0.0,True,/Users/tsun-yuanku/local/qa_course_platform_github_pages/SQA_Algorithm/outputs/path_routing/benchmarks/formal_modes_suite_01/runs/baseline_plus_block_move/d0400_dynwd21/seed_046,/Users/tsun-yuanku/local/qa_course_platform_github_pages/SQA_Algorithm/outputs/path_routing/benchmarks/formal_modes_suite_01/logs/baseline_plus_block_move/d0400_dynwd21__seed_046.log,True,0.0,True,local_search,tie,tie,tie
baseline_plus_block_move,Dijkstra warm start plus baseline seeded block-move local search,local_search,d0400_dynwe05,d0400,400,399.89096238073773,24,318,dynwe05,weekend,05,0,42,200,32,20,39.329,True,911.886,703.126,True,911.886,703.126,14,True,0.0,completed,911.886,703.126,0.0,True,/Users/tsun-yuanku/local/qa_course_platform_github_pages/SQA_Algorithm/outputs/path_routing/benchmarks/formal_modes_suite_01/runs/baseline_plus_block_move/d0400_dynwe05/seed_042,/Users/tsun-yuanku/local/qa_course_platform_github_pages/SQA_Algorithm/outputs/path_routing/benchmarks/formal_modes_suite_01/logs/baseline_plus_block_move/d0400_dynwe05__seed_042.log,True,0.0,True,local_search,tie,tie,tie
baseline_plus_block_move,Dijkstra warm start plus baseline seeded block-move local search,local_search,d0400_dynwe05,d0400,400,399.89096238073773,24,318,dynwe05,weekend,05,1,43,200,32,20,39.456,True,911.886,703.126,True,911.886,703.126,16,True,0.0,completed,911.886,703.126,0.0,True,/Users/tsun-yuanku/local/qa_course_platform_github_pages/SQA_Algorithm/outputs/path_routing/benchmarks/formal_modes_suite_01/runs/baseline_plus_block_move/d0400_dynwe05/seed_043,/Users/tsun-yuanku/local/qa_course_platform_github_pages/SQA_Algorithm/outputs/path_routing/benchmarks/formal_modes_suite_01/logs/baseline_plus_block_move/d0400_dynwe05__seed_043.log,True,0.0,True,local_search,tie,tie,tie
baseline_plus_block_move,Dijkstra warm start plus baseline seeded block-move local search,local_search,d0400_dynwe05,d0400,400,399.89096238073773,24,318,dynwe05,weekend,05,2,44,200,32,20,39.51,True,911.886,703.126,True,911.886,703.126,14,True,0.0,completed,911.886,703.126,0.0,True,/Users/tsun-yuanku/local/qa_course_platform_github_pages/SQA_Algorithm/outputs/path_routing/benchmarks/formal_modes_suite_01/runs/baseline_plus_block_move/d0400_dynwe05/seed_044,/Users/tsun-yuanku/local/qa_course_platform_github_pages/SQA_Algorithm/outputs/path_routing/benchmarks/formal_modes_suite_01/logs/baseline_plus_block_move/d0400_dynwe05__seed_044.log,True,0.0,True,local_search,tie,tie,tie
baseline_plus_block_move,Dijkstra warm start plus baseline seeded block-move local search,local_search,d0400_dynwe05,d0400,400,399.89096238073773,24,318,dynwe05,weekend,05,3,45,200,32,20,38.981,True,911.886,703.126,True,911.886,703.126,14,True,0.0,completed,911.886,703.126,0.0,True,/Users/tsun-yuanku/local/qa_course_platform_github_pages/SQA_Algorithm/outputs/path_routing/benchmarks/formal_modes_suite_01/runs/baseline_plus_block_move/d0400_dynwe05/seed_045,/Users/tsun-yuanku/local/qa_course_platform_github_pages/SQA_Algorithm/outputs/path_routing/benchmarks/formal_modes_suite_01/logs/baseline_plus_block_move/d0400_dynwe05__seed_045.log,True,0.0,True,local_search,tie,tie,tie
baseline_plus_block_move,Dijkstra warm start plus baseline seeded block-move local search,local_search,d0400_dynwe05,d0400,400,399.89096238073773,24,318,dynwe05,weekend,05,4,46,200,32,20,38.946,True,911.886,703.126,True,911.886,703.126,14,True,0.0,completed,911.886,703.126,0.0,True,/Users/tsun-yuanku/local/qa_course_platform_github_pages/SQA_Algorithm/outputs/path_routing/benchmarks/formal_modes_suite_01/runs/baseline_plus_block_move/d0400_dynwe05/seed_046,/Users/tsun-yuanku/local/qa_course_platform_github_pages/SQA_Algorithm/outputs/path_routing/benchmarks/formal_modes_suite_01/logs/baseline_plus_block_move/d0400_dynwe05__seed_046.log,True,0.0,True,local_search,tie,tie,tie
baseline_plus_block_move,Dijkstra warm start plus baseline seeded block-move local search,local_search,d0400_dynwe08,d0400,400,399.89096238073773,24,318,dynwe08,weekend,08,0,42,200,32,20,31.208,True,909.673,703.448,True,909.673,703.448,16,True,0.0,completed,909.673,703.448,0.0,True,/Users/tsun-yuanku/local/qa_course_platform_github_pages/SQA_Algorithm/outputs/path_routing/benchmarks/formal_modes_suite_01/runs/baseline_plus_block_move/d0400_dynwe08/seed_042,/Users/tsun-yuanku/local/qa_course_platform_github_pages/SQA_Algorithm/outputs/path_routing/benchmarks/formal_modes_suite_01/logs/baseline_plus_block_move/d0400_dynwe08__seed_042.log,True,0.0,True,local_search,tie,tie,tie
baseline_plus_block_move,Dijkstra warm start plus baseline seeded block-move local search,local_search,d0400_dynwe08,d0400,400,399.89096238073773,24,318,dynwe08,weekend,08,1,43,200,32,20,31.201,True,909.673,703.448,True,909.673,703.448,14,True,0.0,completed,909.673,703.448,0.0,True,/Users/tsun-yuanku/local/qa_course_platform_github_pages/SQA_Algorithm/outputs/path_routing/benchmarks/formal_modes_suite_01/runs/baseline_plus_block_move/d0400_dynwe08/seed_043,/Users/tsun-yuanku/local/qa_course_platform_github_pages/SQA_Algorithm/outputs/path_routing/benchmarks/formal_modes_suite_01/logs/baseline_plus_block_move/d0400_dynwe08__seed_043.log,True,0.0,True,local_search,tie,tie,tie
baseline_plus_block_move,Dijkstra warm start plus baseline seeded block-move local search,local_search,d0400_dynwe08,d0400,400,399.89096238073773,24,318,dynwe08,weekend,08,2,44,200,32,20,31.064,True,909.673,703.448,True,909.673,703.448,14,True,0.0,completed,909.673,703.448,0.0,True,/Users/tsun-yuanku/local/qa_course_platform_github_pages/SQA_Algorithm/outputs/path_routing/benchmarks/formal_modes_suite_01/runs/baseline_plus_block_move/d0400_dynwe08/seed_044,/Users/tsun-yuanku/local/qa_course_platform_github_pages/SQA_Algorithm/outputs/path_routing/benchmarks/formal_modes_suite_01/logs/baseline_plus_block_move/d0400_dynwe08__seed_044.log,True,0.0,True,local_search,tie,tie,tie
baseline_plus_block_move,Dijkstra warm start plus baseline seeded block-move local search,local_search,d0400_dynwe08,d0400,400,399.89096238073773,24,318,dynwe08,weekend,08,3,45,200,32,20,30.946,True,909.673,703.448,True,909.673,703.448,14,True,0.0,completed,909.673,703.448,0.0,True,/Users/tsun-yuanku/local/qa_course_platform_github_pages/SQA_Algorithm/outputs/path_routing/benchmarks/formal_modes_suite_01/runs/baseline_plus_block_move/d0400_dynwe08/seed_045,/Users/tsun-yuanku/local/qa_course_platform_github_pages/SQA_Algorithm/outputs/path_routing/benchmarks/formal_modes_suite_01/logs/baseline_plus_block_move/d0400_dynwe08__seed_045.log,True,0.0,True,local_search,tie,tie,tie
baseline_plus_block_move,Dijkstra warm start plus baseline seeded block-move local search,local_search,d0400_dynwe08,d0400,400,399.89096238073773,24,318,dynwe08,weekend,08,4,46,200,32,20,30.979,True,909.673,703.448,True,909.673,703.448,14,True,0.0,completed,909.673,703.448,0.0,True,/Users/tsun-yuanku/local/qa_course_platform_github_pages/SQA_Algorithm/outputs/path_routing/benchmarks/formal_modes_suite_01/runs/baseline_plus_block_move/d0400_dynwe08/seed_046,/Users/tsun-yuanku/local/qa_course_platform_github_pages/SQA_Algorithm/outputs/path_routing/benchmarks/formal_modes_suite_01/logs/baseline_plus_block_move/d0400_dynwe08__seed_046.log,True,0.0,True,local_search,tie,tie,tie
baseline_plus_block_move,Dijkstra warm start plus baseline seeded block-move local search,local_search,d0400_dynwe12,d0400,400,399.89096238073773,24,318,dynwe12,weekend,12,0,42,200,32,20,31.052,True,906.131,703.126,True,906.131,703.126,14,True,0.0,completed,906.131,703.126,0.0,True,/Users/tsun-yuanku/local/qa_course_platform_github_pages/SQA_Algorithm/outputs/path_routing/benchmarks/formal_modes_suite_01/runs/baseline_plus_block_move/d0400_dynwe12/seed_042,/Users/tsun-yuanku/local/qa_course_platform_github_pages/SQA_Algorithm/outputs/path_routing/benchmarks/formal_modes_suite_01/logs/baseline_plus_block_move/d0400_dynwe12__seed_042.log,True,0.0,True,local_search,tie,tie,tie
baseline_plus_block_move,Dijkstra warm start plus baseline seeded block-move local search,local_search,d0400_dynwe12,d0400,400,399.89096238073773,24,318,dynwe12,weekend,12,1,43,200,32,20,35.694,True,906.131,703.126,True,906.131,703.126,16,True,0.0,completed,906.131,703.126,0.0,True,/Users/tsun-yuanku/local/qa_course_platform_github_pages/SQA_Algorithm/outputs/path_routing/benchmarks/formal_modes_suite_01/runs/baseline_plus_block_move/d0400_dynwe12/seed_043,/Users/tsun-yuanku/local/qa_course_platform_github_pages/SQA_Algorithm/outputs/path_routing/benchmarks/formal_modes_suite_01/logs/baseline_plus_block_move/d0400_dynwe12__seed_043.log,True,0.0,True,local_search,tie,tie,tie
baseline_plus_block_move,Dijkstra warm start plus baseline seeded block-move local search,local_search,d0400_dynwe12,d0400,400,399.89096238073773,24,318,dynwe12,weekend,12,2,44,200,32,20,35.779,True,906.131,703.126,True,906.131,703.126,14,True,0.0,completed,906.131,703.126,0.0,True,/Users/tsun-yuanku/local/qa_course_platform_github_pages/SQA_Algorithm/outputs/path_routing/benchmarks/formal_modes_suite_01/runs/baseline_plus_block_move/d0400_dynwe12/seed_044,/Users/tsun-yuanku/local/qa_course_platform_github_pages/SQA_Algorithm/outputs/path_routing/benchmarks/formal_modes_suite_01/logs/baseline_plus_block_move/d0400_dynwe12__seed_044.log,True,0.0,True,local_search,tie,tie,tie
baseline_plus_block_move,Dijkstra warm start plus baseline seeded block-move local search,local_search,d0400_dynwe12,d0400,400,399.89096238073773,24,318,dynwe12,weekend,12,3,45,200,32,20,35.588,True,906.131,703.126,True,906.131,703.126,14,True,0.0,completed,906.131,703.126,0.0,True,/Users/tsun-yuanku/local/qa_course_platform_github_pages/SQA_Algorithm/outputs/path_routing/benchmarks/formal_modes_suite_01/runs/baseline_plus_block_move/d0400_dynwe12/seed_045,/Users/tsun-yuanku/local/qa_course_platform_github_pages/SQA_Algorithm/outputs/path_routing/benchmarks/formal_modes_suite_01/logs/baseline_plus_block_move/d0400_dynwe12__seed_045.log,True,0.0,True,local_search,tie,tie,tie
baseline_plus_block_move,Dijkstra warm start plus baseline seeded block-move local search,local_search,d0400_dynwe12,d0400,400,399.89096238073773,24,318,dynwe12,weekend,12,4,46,200,32,20,35.637,True,906.131,703.126,True,906.131,703.126,14,True,0.0,completed,906.131,703.126,0.0,True,/Users/tsun-yuanku/local/qa_course_platform_github_pages/SQA_Algorithm/outputs/path_routing/benchmarks/formal_modes_suite_01/runs/baseline_plus_block_move/d0400_dynwe12/seed_046,/Users/tsun-yuanku/local/qa_course_platform_github_pages/SQA_Algorithm/outputs/path_routing/benchmarks/formal_modes_suite_01/logs/baseline_plus_block_move/d0400_dynwe12__seed_046.log,True,0.0,True,local_search,tie,tie,tie
baseline_plus_block_move,Dijkstra warm start plus baseline seeded block-move local search,local_search,d0400_dynwe17,d0400,400,399.89096238073773,24,318,dynwe17,weekend,17,0,42,200,32,20,35.597,True,908.881,703.126,True,908.881,703.126,14,True,0.0,completed,908.881,703.126,0.0,True,/Users/tsun-yuanku/local/qa_course_platform_github_pages/SQA_Algorithm/outputs/path_routing/benchmarks/formal_modes_suite_01/runs/baseline_plus_block_move/d0400_dynwe17/seed_042,/Users/tsun-yuanku/local/qa_course_platform_github_pages/SQA_Algorithm/outputs/path_routing/benchmarks/formal_modes_suite_01/logs/baseline_plus_block_move/d0400_dynwe17__seed_042.log,True,0.0,True,local_search,tie,tie,tie
baseline_plus_block_move,Dijkstra warm start plus baseline seeded block-move local search,local_search,d0400_dynwe17,d0400,400,399.89096238073773,24,318,dynwe17,weekend,17,1,43,200,32,20,35.793,True,908.881,703.126,True,908.881,703.126,16,True,0.0,completed,908.881,703.126,0.0,True,/Users/tsun-yuanku/local/qa_course_platform_github_pages/SQA_Algorithm/outputs/path_routing/benchmarks/formal_modes_suite_01/runs/baseline_plus_block_move/d0400_dynwe17/seed_043,/Users/tsun-yuanku/local/qa_course_platform_github_pages/SQA_Algorithm/outputs/path_routing/benchmarks/formal_modes_suite_01/logs/baseline_plus_block_move/d0400_dynwe17__seed_043.log,True,0.0,True,local_search,tie,tie,tie
baseline_plus_block_move,Dijkstra warm start plus baseline seeded block-move local search,local_search,d0400_dynwe17,d0400,400,399.89096238073773,24,318,dynwe17,weekend,17,2,44,200,32,20,31.142,True,908.881,703.126,True,908.881,703.126,14,True,0.0,completed,908.881,703.126,0.0,True,/Users/tsun-yuanku/local/qa_course_platform_github_pages/SQA_Algorithm/outputs/path_routing/benchmarks/formal_modes_suite_01/runs/baseline_plus_block_move/d0400_dynwe17/seed_044,/Users/tsun-yuanku/local/qa_course_platform_github_pages/SQA_Algorithm/outputs/path_routing/benchmarks/formal_modes_suite_01/logs/baseline_plus_block_move/d0400_dynwe17__seed_044.log,True,0.0,True,local_search,tie,tie,tie
baseline_plus_block_move,Dijkstra warm start plus baseline seeded block-move local search,local_search,d0400_dynwe17,d0400,400,399.89096238073773,24,318,dynwe17,weekend,17,3,45,200,32,20,31.696,True,908.881,703.126,True,908.881,703.126,14,True,0.0,completed,908.881,703.126,0.0,True,/Users/tsun-yuanku/local/qa_course_platform_github_pages/SQA_Algorithm/outputs/path_routing/benchmarks/formal_modes_suite_01/runs/baseline_plus_block_move/d0400_dynwe17/seed_045,/Users/tsun-yuanku/local/qa_course_platform_github_pages/SQA_Algorithm/outputs/path_routing/benchmarks/formal_modes_suite_01/logs/baseline_plus_block_move/d0400_dynwe17__seed_045.log,True,0.0,True,local_search,tie,tie,tie
baseline_plus_block_move,Dijkstra warm start plus baseline seeded block-move local search,local_search,d0400_dynwe17,d0400,400,399.89096238073773,24,318,dynwe17,weekend,17,4,46,200,32,20,31.246,True,908.881,703.126,True,908.881,703.126,14,True,0.0,completed,908.881,703.126,0.0,True,/Users/tsun-yuanku/local/qa_course_platform_github_pages/SQA_Algorithm/outputs/path_routing/benchmarks/formal_modes_suite_01/runs/baseline_plus_block_move/d0400_dynwe17/seed_046,/Users/tsun-yuanku/local/qa_course_platform_github_pages/SQA_Algorithm/outputs/path_routing/benchmarks/formal_modes_suite_01/logs/baseline_plus_block_move/d0400_dynwe17__seed_046.log,True,0.0,True,local_search,tie,tie,tie
baseline_plus_block_move,Dijkstra warm start plus baseline seeded block-move local search,local_search,d0400_dynwe21,d0400,400,399.89096238073773,24,318,dynwe21,weekend,21,0,42,200,32,20,31.272,True,911.886,703.126,True,911.886,703.126,14,True,0.0,completed,911.886,703.126,0.0,True,/Users/tsun-yuanku/local/qa_course_platform_github_pages/SQA_Algorithm/outputs/path_routing/benchmarks/formal_modes_suite_01/runs/baseline_plus_block_move/d0400_dynwe21/seed_042,/Users/tsun-yuanku/local/qa_course_platform_github_pages/SQA_Algorithm/outputs/path_routing/benchmarks/formal_modes_suite_01/logs/baseline_plus_block_move/d0400_dynwe21__seed_042.log,True,0.0,True,local_search,tie,tie,tie
baseline_plus_block_move,Dijkstra warm start plus baseline seeded block-move local search,local_search,d0400_dynwe21,d0400,400,399.89096238073773,24,318,dynwe21,weekend,21,1,43,200,32,20,30.897,True,911.886,703.126,True,911.886,703.126,16,True,0.0,completed,911.886,703.126,0.0,True,/Users/tsun-yuanku/local/qa_course_platform_github_pages/SQA_Algorithm/outputs/path_routing/benchmarks/formal_modes_suite_01/runs/baseline_plus_block_move/d0400_dynwe21/seed_043,/Users/tsun-yuanku/local/qa_course_platform_github_pages/SQA_Algorithm/outputs/path_routing/benchmarks/formal_modes_suite_01/logs/baseline_plus_block_move/d0400_dynwe21__seed_043.log,True,0.0,True,local_search,tie,tie,tie
baseline_plus_block_move,Dijkstra warm start plus baseline seeded block-move local search,local_search,d0400_dynwe21,d0400,400,399.89096238073773,24,318,dynwe21,weekend,21,2,44,200,32,20,30.888,True,911.886,703.126,True,911.886,703.126,14,True,0.0,completed,911.886,703.126,0.0,True,/Users/tsun-yuanku/local/qa_course_platform_github_pages/SQA_Algorithm/outputs/path_routing/benchmarks/formal_modes_suite_01/runs/baseline_plus_block_move/d0400_dynwe21/seed_044,/Users/tsun-yuanku/local/qa_course_platform_github_pages/SQA_Algorithm/outputs/path_routing/benchmarks/formal_modes_suite_01/logs/baseline_plus_block_move/d0400_dynwe21__seed_044.log,True,0.0,True,local_search,tie,tie,tie
baseline_plus_block_move,Dijkstra warm start plus baseline seeded block-move local search,local_search,d0400_dynwe21,d0400,400,399.89096238073773,24,318,dynwe21,weekend,21,3,45,200,32,20,30.336,True,911.886,703.126,True,911.886,703.126,14,True,0.0,completed,911.886,703.126,0.0,True,/Users/tsun-yuanku/local/qa_course_platform_github_pages/SQA_Algorithm/outputs/path_routing/benchmarks/formal_modes_suite_01/runs/baseline_plus_block_move/d0400_dynwe21/seed_045,/Users/tsun-yuanku/local/qa_course_platform_github_pages/SQA_Algorithm/outputs/path_routing/benchmarks/formal_modes_suite_01/logs/baseline_plus_block_move/d0400_dynwe21__seed_045.log,True,0.0,True,local_search,tie,tie,tie
baseline_plus_block_move,Dijkstra warm start plus baseline seeded block-move local search,local_search,d0400_dynwe21,d0400,400,399.89096238073773,24,318,dynwe21,weekend,21,4,46,200,32,20,30.3,True,911.886,703.126,True,911.886,703.126,14,True,0.0,completed,911.886,703.126,0.0,True,/Users/tsun-yuanku/local/qa_course_platform_github_pages/SQA_Algorithm/outputs/path_routing/benchmarks/formal_modes_suite_01/runs/baseline_plus_block_move/d0400_dynwe21/seed_046,/Users/tsun-yuanku/local/qa_course_platform_github_pages/SQA_Algorithm/outputs/path_routing/benchmarks/formal_modes_suite_01/logs/baseline_plus_block_move/d0400_dynwe21__seed_046.log,True,0.0,True,local_search,tie,tie,tie
baseline_plus_block_move,Dijkstra warm start plus baseline seeded block-move local search,local_search,d0800_dynwd05,d0800,800,799.1359807833297,179,246,dynwd05,weekday,05,0,42,200,32,20,30.463,True,1432.669,1136.8139999999999,True,1432.669,1136.8139999999999,20,True,0.0,completed,1432.669,1136.8139999999999,0.0,True,/Users/tsun-yuanku/local/qa_course_platform_github_pages/SQA_Algorithm/outputs/path_routing/benchmarks/formal_modes_suite_01/runs/baseline_plus_block_move/d0800_dynwd05/seed_042,/Users/tsun-yuanku/local/qa_course_platform_github_pages/SQA_Algorithm/outputs/path_routing/benchmarks/formal_modes_suite_01/logs/baseline_plus_block_move/d0800_dynwd05__seed_042.log,True,0.0,True,local_search,tie,tie,tie
baseline_plus_block_move,Dijkstra warm start plus baseline seeded block-move local search,local_search,d0800_dynwd05,d0800,800,799.1359807833297,179,246,dynwd05,weekday,05,1,43,200,32,20,30.688,True,1432.669,1136.8139999999999,True,1432.669,1136.8139999999999,20,True,0.0,completed,1432.669,1136.8139999999999,0.0,True,/Users/tsun-yuanku/local/qa_course_platform_github_pages/SQA_Algorithm/outputs/path_routing/benchmarks/formal_modes_suite_01/runs/baseline_plus_block_move/d0800_dynwd05/seed_043,/Users/tsun-yuanku/local/qa_course_platform_github_pages/SQA_Algorithm/outputs/path_routing/benchmarks/formal_modes_suite_01/logs/baseline_plus_block_move/d0800_dynwd05__seed_043.log,True,0.0,True,local_search,tie,tie,tie
baseline_plus_block_move,Dijkstra warm start plus baseline seeded block-move local search,local_search,d0800_dynwd05,d0800,800,799.1359807833297,179,246,dynwd05,weekday,05,2,44,200,32,20,30.413,True,1432.669,1136.8139999999999,True,1432.669,1136.8139999999999,20,True,0.0,completed,1432.669,1136.8139999999999,0.0,True,/Users/tsun-yuanku/local/qa_course_platform_github_pages/SQA_Algorithm/outputs/path_routing/benchmarks/formal_modes_suite_01/runs/baseline_plus_block_move/d0800_dynwd05/seed_044,/Users/tsun-yuanku/local/qa_course_platform_github_pages/SQA_Algorithm/outputs/path_routing/benchmarks/formal_modes_suite_01/logs/baseline_plus_block_move/d0800_dynwd05__seed_044.log,True,0.0,True,local_search,tie,tie,tie
baseline_plus_block_move,Dijkstra warm start plus baseline seeded block-move local search,local_search,d0800_dynwd05,d0800,800,799.1359807833297,179,246,dynwd05,weekday,05,3,45,200,32,20,30.386,True,1432.669,1136.8139999999999,True,1432.669,1136.8139999999999,20,True,0.0,completed,1432.669,1136.8139999999999,0.0,True,/Users/tsun-yuanku/local/qa_course_platform_github_pages/SQA_Algorithm/outputs/path_routing/benchmarks/formal_modes_suite_01/runs/baseline_plus_block_move/d0800_dynwd05/seed_045,/Users/tsun-yuanku/local/qa_course_platform_github_pages/SQA_Algorithm/outputs/path_routing/benchmarks/formal_modes_suite_01/logs/baseline_plus_block_move/d0800_dynwd05__seed_045.log,True,0.0,True,local_search,tie,tie,tie
baseline_plus_block_move,Dijkstra warm start plus baseline seeded block-move local search,local_search,d0800_dynwd05,d0800,800,799.1359807833297,179,246,dynwd05,weekday,05,4,46,200,32,20,31.11,True,1432.669,1136.8139999999999,True,1432.669,1136.8139999999999,20,True,0.0,completed,1432.669,1136.8139999999999,0.0,True,/Users/tsun-yuanku/local/qa_course_platform_github_pages/SQA_Algorithm/outputs/path_routing/benchmarks/formal_modes_suite_01/runs/baseline_plus_block_move/d0800_dynwd05/seed_046,/Users/tsun-yuanku/local/qa_course_platform_github_pages/SQA_Algorithm/outputs/path_routing/benchmarks/formal_modes_suite_01/logs/baseline_plus_block_move/d0800_dynwd05__seed_046.log,True,0.0,True,local_search,tie,tie,tie
baseline_plus_block_move,Dijkstra warm start plus baseline seeded block-move local search,local_search,d0800_dynwd08,d0800,800,799.1359807833297,179,246,dynwd08,weekday,08,0,42,200,32,20,31.244,True,1421.669,1136.8139999999999,True,1421.669,1136.8139999999999,20,True,0.0,completed,1421.669,1136.8139999999999,0.0,True,/Users/tsun-yuanku/local/qa_course_platform_github_pages/SQA_Algorithm/outputs/path_routing/benchmarks/formal_modes_suite_01/runs/baseline_plus_block_move/d0800_dynwd08/seed_042,/Users/tsun-yuanku/local/qa_course_platform_github_pages/SQA_Algorithm/outputs/path_routing/benchmarks/formal_modes_suite_01/logs/baseline_plus_block_move/d0800_dynwd08__seed_042.log,True,0.0,True,local_search,tie,tie,tie
baseline_plus_block_move,Dijkstra warm start plus baseline seeded block-move local search,local_search,d0800_dynwd08,d0800,800,799.1359807833297,179,246,dynwd08,weekday,08,1,43,200,32,20,31.034,True,1421.669,1136.8139999999999,True,1421.669,1136.8139999999999,20,True,0.0,completed,1421.669,1136.8139999999999,0.0,True,/Users/tsun-yuanku/local/qa_course_platform_github_pages/SQA_Algorithm/outputs/path_routing/benchmarks/formal_modes_suite_01/runs/baseline_plus_block_move/d0800_dynwd08/seed_043,/Users/tsun-yuanku/local/qa_course_platform_github_pages/SQA_Algorithm/outputs/path_routing/benchmarks/formal_modes_suite_01/logs/baseline_plus_block_move/d0800_dynwd08__seed_043.log,True,0.0,True,local_search,tie,tie,tie
baseline_plus_block_move,Dijkstra warm start plus baseline seeded block-move local search,local_search,d0800_dynwd08,d0800,800,799.1359807833297,179,246,dynwd08,weekday,08,2,44,200,32,20,31.112,True,1421.669,1136.8139999999999,True,1421.669,1136.8139999999999,20,True,0.0,completed,1421.669,1136.8139999999999,0.0,True,/Users/tsun-yuanku/local/qa_course_platform_github_pages/SQA_Algorithm/outputs/path_routing/benchmarks/formal_modes_suite_01/runs/baseline_plus_block_move/d0800_dynwd08/seed_044,/Users/tsun-yuanku/local/qa_course_platform_github_pages/SQA_Algorithm/outputs/path_routing/benchmarks/formal_modes_suite_01/logs/baseline_plus_block_move/d0800_dynwd08__seed_044.log,True,0.0,True,local_search,tie,tie,tie
baseline_plus_block_move,Dijkstra warm start plus baseline seeded block-move local search,local_search,d0800_dynwd08,d0800,800,799.1359807833297,179,246,dynwd08,weekday,08,3,45,200,32,20,31.532,True,1421.669,1136.8139999999999,True,1421.669,1136.8139999999999,20,True,0.0,completed,1421.669,1136.8139999999999,0.0,True,/Users/tsun-yuanku/local/qa_course_platform_github_pages/SQA_Algorithm/outputs/path_routing/benchmarks/formal_modes_suite_01/runs/baseline_plus_block_move/d0800_dynwd08/seed_045,/Users/tsun-yuanku/local/qa_course_platform_github_pages/SQA_Algorithm/outputs/path_routing/benchmarks/formal_modes_suite_01/logs/baseline_plus_block_move/d0800_dynwd08__seed_045.log,True,0.0,True,local_search,tie,tie,tie
baseline_plus_block_move,Dijkstra warm start plus baseline seeded block-move local search,local_search,d0800_dynwd08,d0800,800,799.1359807833297,179,246,dynwd08,weekday,08,4,46,200,32,20,31.312,True,1421.669,1136.8139999999999,True,1421.669,1136.8139999999999,20,True,0.0,completed,1421.669,1136.8139999999999,0.0,True,/Users/tsun-yuanku/local/qa_course_platform_github_pages/SQA_Algorithm/outputs/path_routing/benchmarks/formal_modes_suite_01/runs/baseline_plus_block_move/d0800_dynwd08/seed_046,/Users/tsun-yuanku/local/qa_course_platform_github_pages/SQA_Algorithm/outputs/path_routing/benchmarks/formal_modes_suite_01/logs/baseline_plus_block_move/d0800_dynwd08__seed_046.log,True,0.0,True,local_search,tie,tie,tie
baseline_plus_block_move,Dijkstra warm start plus baseline seeded block-move local search,local_search,d0800_dynwd12,d0800,800,799.1359807833297,179,246,dynwd12,weekday,12,0,42,200,32,20,30.742,True,1419.919,1136.8139999999999,True,1419.919,1136.8139999999999,20,True,0.0,completed,1419.919,1136.8139999999999,0.0,True,/Users/tsun-yuanku/local/qa_course_platform_github_pages/SQA_Algorithm/outputs/path_routing/benchmarks/formal_modes_suite_01/runs/baseline_plus_block_move/d0800_dynwd12/seed_042,/Users/tsun-yuanku/local/qa_course_platform_github_pages/SQA_Algorithm/outputs/path_routing/benchmarks/formal_modes_suite_01/logs/baseline_plus_block_move/d0800_dynwd12__seed_042.log,True,0.0,True,local_search,tie,tie,tie
baseline_plus_block_move,Dijkstra warm start plus baseline seeded block-move local search,local_search,d0800_dynwd12,d0800,800,799.1359807833297,179,246,dynwd12,weekday,12,1,43,200,32,20,30.394,True,1419.919,1136.8139999999999,True,1419.919,1136.8139999999999,20,True,0.0,completed,1419.919,1136.8139999999999,0.0,True,/Users/tsun-yuanku/local/qa_course_platform_github_pages/SQA_Algorithm/outputs/path_routing/benchmarks/formal_modes_suite_01/runs/baseline_plus_block_move/d0800_dynwd12/seed_043,/Users/tsun-yuanku/local/qa_course_platform_github_pages/SQA_Algorithm/outputs/path_routing/benchmarks/formal_modes_suite_01/logs/baseline_plus_block_move/d0800_dynwd12__seed_043.log,True,0.0,True,local_search,tie,tie,tie
baseline_plus_block_move,Dijkstra warm start plus baseline seeded block-move local search,local_search,d0800_dynwd12,d0800,800,799.1359807833297,179,246,dynwd12,weekday,12,2,44,200,32,20,30.964,True,1419.919,1136.8139999999999,True,1419.919,1136.8139999999999,20,True,0.0,completed,1419.919,1136.8139999999999,0.0,True,/Users/tsun-yuanku/local/qa_course_platform_github_pages/SQA_Algorithm/outputs/path_routing/benchmarks/formal_modes_suite_01/runs/baseline_plus_block_move/d0800_dynwd12/seed_044,/Users/tsun-yuanku/local/qa_course_platform_github_pages/SQA_Algorithm/outputs/path_routing/benchmarks/formal_modes_suite_01/logs/baseline_plus_block_move/d0800_dynwd12__seed_044.log,True,0.0,True,local_search,tie,tie,tie
baseline_plus_block_move,Dijkstra warm start plus baseline seeded block-move local search,local_search,d0800_dynwd12,d0800,800,799.1359807833297,179,246,dynwd12,weekday,12,3,45,200,32,20,30.618,True,1419.919,1136.8139999999999,True,1419.919,1136.8139999999999,20,True,0.0,completed,1419.919,1136.8139999999999,0.0,True,/Users/tsun-yuanku/local/qa_course_platform_github_pages/SQA_Algorithm/outputs/path_routing/benchmarks/formal_modes_suite_01/runs/baseline_plus_block_move/d0800_dynwd12/seed_045,/Users/tsun-yuanku/local/qa_course_platform_github_pages/SQA_Algorithm/outputs/path_routing/benchmarks/formal_modes_suite_01/logs/baseline_plus_block_move/d0800_dynwd12__seed_045.log,True,0.0,True,local_search,tie,tie,tie
baseline_plus_block_move,Dijkstra warm start plus baseline seeded block-move local search,local_search,d0800_dynwd12,d0800,800,799.1359807833297,179,246,dynwd12,weekday,12,4,46,200,32,20,31.072,True,1419.919,1136.8139999999999,True,1419.919,1136.8139999999999,20,True,0.0,completed,1419.919,1136.8139999999999,0.0,True,/Users/tsun-yuanku/local/qa_course_platform_github_pages/SQA_Algorithm/outputs/path_routing/benchmarks/formal_modes_suite_01/runs/baseline_plus_block_move/d0800_dynwd12/seed_046,/Users/tsun-yuanku/local/qa_course_platform_github_pages/SQA_Algorithm/outputs/path_routing/benchmarks/formal_modes_suite_01/logs/baseline_plus_block_move/d0800_dynwd12__seed_046.log,True,0.0,True,local_search,tie,tie,tie
baseline_plus_block_move,Dijkstra warm start plus baseline seeded block-move local search,local_search,d0800_dynwd17,d0800,800,799.1359807833297,179,246,dynwd17,weekday,17,0,42,200,32,20,30.858,True,1419.919,1136.8139999999999,True,1419.919,1136.8139999999999,20,True,0.0,completed,1419.919,1136.8139999999999,0.0,True,/Users/tsun-yuanku/local/qa_course_platform_github_pages/SQA_Algorithm/outputs/path_routing/benchmarks/formal_modes_suite_01/runs/baseline_plus_block_move/d0800_dynwd17/seed_042,/Users/tsun-yuanku/local/qa_course_platform_github_pages/SQA_Algorithm/outputs/path_routing/benchmarks/formal_modes_suite_01/logs/baseline_plus_block_move/d0800_dynwd17__seed_042.log,True,0.0,True,local_search,tie,tie,tie
baseline_plus_block_move,Dijkstra warm start plus baseline seeded block-move local search,local_search,d0800_dynwd17,d0800,800,799.1359807833297,179,246,dynwd17,weekday,17,1,43,200,32,20,29.766,True,1419.919,1136.8139999999999,True,1419.919,1136.8139999999999,20,True,0.0,completed,1419.919,1136.8139999999999,0.0,True,/Users/tsun-yuanku/local/qa_course_platform_github_pages/SQA_Algorithm/outputs/path_routing/benchmarks/formal_modes_suite_01/runs/baseline_plus_block_move/d0800_dynwd17/seed_043,/Users/tsun-yuanku/local/qa_course_platform_github_pages/SQA_Algorithm/outputs/path_routing/benchmarks/formal_modes_suite_01/logs/baseline_plus_block_move/d0800_dynwd17__seed_043.log,True,0.0,True,local_search,tie,tie,tie
baseline_plus_block_move,Dijkstra warm start plus baseline seeded block-move local search,local_search,d0800_dynwd17,d0800,800,799.1359807833297,179,246,dynwd17,weekday,17,2,44,200,32,20,29.979,True,1419.919,1136.8139999999999,True,1419.919,1136.8139999999999,20,True,0.0,completed,1419.919,1136.8139999999999,0.0,True,/Users/tsun-yuanku/local/qa_course_platform_github_pages/SQA_Algorithm/outputs/path_routing/benchmarks/formal_modes_suite_01/runs/baseline_plus_block_move/d0800_dynwd17/seed_044,/Users/tsun-yuanku/local/qa_course_platform_github_pages/SQA_Algorithm/outputs/path_routing/benchmarks/formal_modes_suite_01/logs/baseline_plus_block_move/d0800_dynwd17__seed_044.log,True,0.0,True,local_search,tie,tie,tie
baseline_plus_block_move,Dijkstra warm start plus baseline seeded block-move local search,local_search,d0800_dynwd17,d0800,800,799.1359807833297,179,246,dynwd17,weekday,17,3,45,200,32,20,30.202,True,1419.919,1136.8139999999999,True,1419.919,1136.8139999999999,20,True,0.0,completed,1419.919,1136.8139999999999,0.0,True,/Users/tsun-yuanku/local/qa_course_platform_github_pages/SQA_Algorithm/outputs/path_routing/benchmarks/formal_modes_suite_01/runs/baseline_plus_block_move/d0800_dynwd17/seed_045,/Users/tsun-yuanku/local/qa_course_platform_github_pages/SQA_Algorithm/outputs/path_routing/benchmarks/formal_modes_suite_01/logs/baseline_plus_block_move/d0800_dynwd17__seed_045.log,True,0.0,True,local_search,tie,tie,tie
baseline_plus_block_move,Dijkstra warm start plus baseline seeded block-move local search,local_search,d0800_dynwd17,d0800,800,799.1359807833297,179,246,dynwd17,weekday,17,4,46,200,32,20,29.979,True,1419.919,1136.8139999999999,True,1419.919,1136.8139999999999,20,True,0.0,completed,1419.919,1136.8139999999999,0.0,True,/Users/tsun-yuanku/local/qa_course_platform_github_pages/SQA_Algorithm/outputs/path_routing/benchmarks/formal_modes_suite_01/runs/baseline_plus_block_move/d0800_dynwd17/seed_046,/Users/tsun-yuanku/local/qa_course_platform_github_pages/SQA_Algorithm/outputs/path_routing/benchmarks/formal_modes_suite_01/logs/baseline_plus_block_move/d0800_dynwd17__seed_046.log,True,0.0,True,local_search,tie,tie,tie
baseline_plus_block_move,Dijkstra warm start plus baseline seeded block-move local search,local_search,d0800_dynwd21,d0800,800,799.1359807833297,179,246,dynwd21,weekday,21,0,42,200,32,20,30.057,True,1432.669,1136.8139999999999,True,1432.669,1136.8139999999999,20,True,0.0,completed,1432.669,1136.8139999999999,0.0,True,/Users/tsun-yuanku/local/qa_course_platform_github_pages/SQA_Algorithm/outputs/path_routing/benchmarks/formal_modes_suite_01/runs/baseline_plus_block_move/d0800_dynwd21/seed_042,/Users/tsun-yuanku/local/qa_course_platform_github_pages/SQA_Algorithm/outputs/path_routing/benchmarks/formal_modes_suite_01/logs/baseline_plus_block_move/d0800_dynwd21__seed_042.log,True,0.0,True,local_search,tie,tie,tie
baseline_plus_block_move,Dijkstra warm start plus baseline seeded block-move local search,local_search,d0800_dynwd21,d0800,800,799.1359807833297,179,246,dynwd21,weekday,21,1,43,200,32,20,29.839,True,1432.669,1136.8139999999999,True,1432.669,1136.8139999999999,20,True,0.0,completed,1432.669,1136.8139999999999,0.0,True,/Users/tsun-yuanku/local/qa_course_platform_github_pages/SQA_Algorithm/outputs/path_routing/benchmarks/formal_modes_suite_01/runs/baseline_plus_block_move/d0800_dynwd21/seed_043,/Users/tsun-yuanku/local/qa_course_platform_github_pages/SQA_Algorithm/outputs/path_routing/benchmarks/formal_modes_suite_01/logs/baseline_plus_block_move/d0800_dynwd21__seed_043.log,True,0.0,True,local_search,tie,tie,tie
baseline_plus_block_move,Dijkstra warm start plus baseline seeded block-move local search,local_search,d0800_dynwd21,d0800,800,799.1359807833297,179,246,dynwd21,weekday,21,2,44,200,32,20,36.846,True,1432.669,1136.8139999999999,True,1432.669,1136.8139999999999,20,True,0.0,completed,1432.669,1136.8139999999999,0.0,True,/Users/tsun-yuanku/local/qa_course_platform_github_pages/SQA_Algorithm/outputs/path_routing/benchmarks/formal_modes_suite_01/runs/baseline_plus_block_move/d0800_dynwd21/seed_044,/Users/tsun-yuanku/local/qa_course_platform_github_pages/SQA_Algorithm/outputs/path_routing/benchmarks/formal_modes_suite_01/logs/baseline_plus_block_move/d0800_dynwd21__seed_044.log,True,0.0,True,local_search,tie,tie,tie
baseline_plus_block_move,Dijkstra warm start plus baseline seeded block-move local search,local_search,d0800_dynwd21,d0800,800,799.1359807833297,179,246,dynwd21,weekday,21,3,45,200,32,20,36.527,True,1432.669,1136.8139999999999,True,1432.669,1136.8139999999999,20,True,0.0,completed,1432.669,1136.8139999999999,0.0,True,/Users/tsun-yuanku/local/qa_course_platform_github_pages/SQA_Algorithm/outputs/path_routing/benchmarks/formal_modes_suite_01/runs/baseline_plus_block_move/d0800_dynwd21/seed_045,/Users/tsun-yuanku/local/qa_course_platform_github_pages/SQA_Algorithm/outputs/path_routing/benchmarks/formal_modes_suite_01/logs/baseline_plus_block_move/d0800_dynwd21__seed_045.log,True,0.0,True,local_search,tie,tie,tie
baseline_plus_block_move,Dijkstra warm start plus baseline seeded block-move local search,local_search,d0800_dynwd21,d0800,800,799.1359807833297,179,246,dynwd21,weekday,21,4,46,200,32,20,36.644,True,1432.669,1136.8139999999999,True,1432.669,1136.8139999999999,20,True,0.0,completed,1432.669,1136.8139999999999,0.0,True,/Users/tsun-yuanku/local/qa_course_platform_github_pages/SQA_Algorithm/outputs/path_routing/benchmarks/formal_modes_suite_01/runs/baseline_plus_block_move/d0800_dynwd21/seed_046,/Users/tsun-yuanku/local/qa_course_platform_github_pages/SQA_Algorithm/outputs/path_routing/benchmarks/formal_modes_suite_01/logs/baseline_plus_block_move/d0800_dynwd21__seed_046.log,True,0.0,True,local_search,tie,tie,tie
baseline_plus_block_move,Dijkstra warm start plus baseline seeded block-move local search,local_search,d0800_dynwe05,d0800,800,799.1359807833297,179,246,dynwe05,weekend,05,0,42,200,32,20,36.575,True,1432.669,1136.8139999999999,True,1432.669,1136.8139999999999,20,True,0.0,completed,1432.669,1136.8139999999999,0.0,True,/Users/tsun-yuanku/local/qa_course_platform_github_pages/SQA_Algorithm/outputs/path_routing/benchmarks/formal_modes_suite_01/runs/baseline_plus_block_move/d0800_dynwe05/seed_042,/Users/tsun-yuanku/local/qa_course_platform_github_pages/SQA_Algorithm/outputs/path_routing/benchmarks/formal_modes_suite_01/logs/baseline_plus_block_move/d0800_dynwe05__seed_042.log,True,0.0,True,local_search,tie,tie,tie
baseline_plus_block_move,Dijkstra warm start plus baseline seeded block-move local search,local_search,d0800_dynwe05,d0800,800,799.1359807833297,179,246,dynwe05,weekend,05,1,43,200,32,20,36.925,True,1432.669,1136.8139999999999,True,1432.669,1136.8139999999999,20,True,0.0,completed,1432.669,1136.8139999999999,0.0,True,/Users/tsun-yuanku/local/qa_course_platform_github_pages/SQA_Algorithm/outputs/path_routing/benchmarks/formal_modes_suite_01/runs/baseline_plus_block_move/d0800_dynwe05/seed_043,/Users/tsun-yuanku/local/qa_course_platform_github_pages/SQA_Algorithm/outputs/path_routing/benchmarks/formal_modes_suite_01/logs/baseline_plus_block_move/d0800_dynwe05__seed_043.log,True,0.0,True,local_search,tie,tie,tie
baseline_plus_block_move,Dijkstra warm start plus baseline seeded block-move local search,local_search,d0800_dynwe05,d0800,800,799.1359807833297,179,246,dynwe05,weekend,05,2,44,200,32,20,36.618,True,1432.669,1136.8139999999999,True,1432.669,1136.8139999999999,20,True,0.0,completed,1432.669,1136.8139999999999,0.0,True,/Users/tsun-yuanku/local/qa_course_platform_github_pages/SQA_Algorithm/outputs/path_routing/benchmarks/formal_modes_suite_01/runs/baseline_plus_block_move/d0800_dynwe05/seed_044,/Users/tsun-yuanku/local/qa_course_platform_github_pages/SQA_Algorithm/outputs/path_routing/benchmarks/formal_modes_suite_01/logs/baseline_plus_block_move/d0800_dynwe05__seed_044.log,True,0.0,True,local_search,tie,tie,tie
baseline_plus_block_move,Dijkstra warm start plus baseline seeded block-move local search,local_search,d0800_dynwe05,d0800,800,799.1359807833297,179,246,dynwe05,weekend,05,3,45,200,32,20,36.807,True,1432.669,1136.8139999999999,True,1432.669,1136.8139999999999,20,True,0.0,completed,1432.669,1136.8139999999999,0.0,True,/Users/tsun-yuanku/local/qa_course_platform_github_pages/SQA_Algorithm/outputs/path_routing/benchmarks/formal_modes_suite_01/runs/baseline_plus_block_move/d0800_dynwe05/seed_045,/Users/tsun-yuanku/local/qa_course_platform_github_pages/SQA_Algorithm/outputs/path_routing/benchmarks/formal_modes_suite_01/logs/baseline_plus_block_move/d0800_dynwe05__seed_045.log,True,0.0,True,local_search,tie,tie,tie
baseline_plus_block_move,Dijkstra warm start plus baseline seeded block-move local search,local_search,d0800_dynwe05,d0800,800,799.1359807833297,179,246,dynwe05,weekend,05,4,46,200,32,20,36.794,True,1432.669,1136.8139999999999,True,1432.669,1136.8139999999999,20,True,0.0,completed,1432.669,1136.8139999999999,0.0,True,/Users/tsun-yuanku/local/qa_course_platform_github_pages/SQA_Algorithm/outputs/path_routing/benchmarks/formal_modes_suite_01/runs/baseline_plus_block_move/d0800_dynwe05/seed_046,/Users/tsun-yuanku/local/qa_course_platform_github_pages/SQA_Algorithm/outputs/path_routing/benchmarks/formal_modes_suite_01/logs/baseline_plus_block_move/d0800_dynwe05__seed_046.log,True,0.0,True,local_search,tie,tie,tie
baseline_plus_block_move,Dijkstra warm start plus baseline seeded block-move local search,local_search,d0800_dynwe08,d0800,800,799.1359807833297,179,246,dynwe08,weekend,08,0,42,200,32,20,36.849,True,1425.6740000000002,1136.8139999999999,True,1425.6740000000002,1136.8139999999999,20,True,0.0,completed,1425.6740000000002,1136.8139999999999,0.0,True,/Users/tsun-yuanku/local/qa_course_platform_github_pages/SQA_Algorithm/outputs/path_routing/benchmarks/formal_modes_suite_01/runs/baseline_plus_block_move/d0800_dynwe08/seed_042,/Users/tsun-yuanku/local/qa_course_platform_github_pages/SQA_Algorithm/outputs/path_routing/benchmarks/formal_modes_suite_01/logs/baseline_plus_block_move/d0800_dynwe08__seed_042.log,True,0.0,True,local_search,tie,tie,tie
baseline_plus_block_move,Dijkstra warm start plus baseline seeded block-move local search,local_search,d0800_dynwe08,d0800,800,799.1359807833297,179,246,dynwe08,weekend,08,1,43,200,32,20,36.861,True,1425.6740000000002,1136.8139999999999,True,1425.6740000000002,1136.8139999999999,20,True,0.0,completed,1425.6740000000002,1136.8139999999999,0.0,True,/Users/tsun-yuanku/local/qa_course_platform_github_pages/SQA_Algorithm/outputs/path_routing/benchmarks/formal_modes_suite_01/runs/baseline_plus_block_move/d0800_dynwe08/seed_043,/Users/tsun-yuanku/local/qa_course_platform_github_pages/SQA_Algorithm/outputs/path_routing/benchmarks/formal_modes_suite_01/logs/baseline_plus_block_move/d0800_dynwe08__seed_043.log,True,0.0,True,local_search,tie,tie,tie
baseline_plus_block_move,Dijkstra warm start plus baseline seeded block-move local search,local_search,d0800_dynwe08,d0800,800,799.1359807833297,179,246,dynwe08,weekend,08,2,44,200,32,20,37.027,True,1425.6740000000002,1136.8139999999999,True,1425.6740000000002,1136.8139999999999,20,True,0.0,completed,1425.6740000000002,1136.8139999999999,0.0,True,/Users/tsun-yuanku/local/qa_course_platform_github_pages/SQA_Algorithm/outputs/path_routing/benchmarks/formal_modes_suite_01/runs/baseline_plus_block_move/d0800_dynwe08/seed_044,/Users/tsun-yuanku/local/qa_course_platform_github_pages/SQA_Algorithm/outputs/path_routing/benchmarks/formal_modes_suite_01/logs/baseline_plus_block_move/d0800_dynwe08__seed_044.log,True,0.0,True,local_search,tie,tie,tie
baseline_plus_block_move,Dijkstra warm start plus baseline seeded block-move local search,local_search,d0800_dynwe08,d0800,800,799.1359807833297,179,246,dynwe08,weekend,08,3,45,200,32,20,37.313,True,1425.6740000000002,1136.8139999999999,True,1425.6740000000002,1136.8139999999999,20,True,0.0,completed,1425.6740000000002,1136.8139999999999,0.0,True,/Users/tsun-yuanku/local/qa_course_platform_github_pages/SQA_Algorithm/outputs/path_routing/benchmarks/formal_modes_suite_01/runs/baseline_plus_block_move/d0800_dynwe08/seed_045,/Users/tsun-yuanku/local/qa_course_platform_github_pages/SQA_Algorithm/outputs/path_routing/benchmarks/formal_modes_suite_01/logs/baseline_plus_block_move/d0800_dynwe08__seed_045.log,True,0.0,True,local_search,tie,tie,tie
baseline_plus_block_move,Dijkstra warm start plus baseline seeded block-move local search,local_search,d0800_dynwe08,d0800,800,799.1359807833297,179,246,dynwe08,weekend,08,4,46,200,32,20,32.041,True,1425.6740000000002,1136.8139999999999,True,1425.6740000000002,1136.8139999999999,20,True,0.0,completed,1425.6740000000002,1136.8139999999999,0.0,True,/Users/tsun-yuanku/local/qa_course_platform_github_pages/SQA_Algorithm/outputs/path_routing/benchmarks/formal_modes_suite_01/runs/baseline_plus_block_move/d0800_dynwe08/seed_046,/Users/tsun-yuanku/local/qa_course_platform_github_pages/SQA_Algorithm/outputs/path_routing/benchmarks/formal_modes_suite_01/logs/baseline_plus_block_move/d0800_dynwe08__seed_046.log,True,0.0,True,local_search,tie,tie,tie
baseline_plus_block_move,Dijkstra warm start plus baseline seeded block-move local search,local_search,d0800_dynwe12,d0800,800,799.1359807833297,179,246,dynwe12,weekend,12,0,42,200,32,20,32.317,True,1422.419,1136.8139999999999,True,1422.419,1136.8139999999999,20,True,0.0,completed,1422.419,1136.8139999999999,0.0,True,/Users/tsun-yuanku/local/qa_course_platform_github_pages/SQA_Algorithm/outputs/path_routing/benchmarks/formal_modes_suite_01/runs/baseline_plus_block_move/d0800_dynwe12/seed_042,/Users/tsun-yuanku/local/qa_course_platform_github_pages/SQA_Algorithm/outputs/path_routing/benchmarks/formal_modes_suite_01/logs/baseline_plus_block_move/d0800_dynwe12__seed_042.log,True,0.0,True,local_search,tie,tie,tie
baseline_plus_block_move,Dijkstra warm start plus baseline seeded block-move local search,local_search,d0800_dynwe12,d0800,800,799.1359807833297,179,246,dynwe12,weekend,12,1,43,200,32,20,32.186,True,1422.419,1136.8139999999999,True,1422.419,1136.8139999999999,20,True,0.0,completed,1422.419,1136.8139999999999,0.0,True,/Users/tsun-yuanku/local/qa_course_platform_github_pages/SQA_Algorithm/outputs/path_routing/benchmarks/formal_modes_suite_01/runs/baseline_plus_block_move/d0800_dynwe12/seed_043,/Users/tsun-yuanku/local/qa_course_platform_github_pages/SQA_Algorithm/outputs/path_routing/benchmarks/formal_modes_suite_01/logs/baseline_plus_block_move/d0800_dynwe12__seed_043.log,True,0.0,True,local_search,tie,tie,tie
baseline_plus_block_move,Dijkstra warm start plus baseline seeded block-move local search,local_search,d0800_dynwe12,d0800,800,799.1359807833297,179,246,dynwe12,weekend,12,2,44,200,32,20,32.428,True,1422.419,1136.8139999999999,True,1422.419,1136.8139999999999,20,True,0.0,completed,1422.419,1136.8139999999999,0.0,True,/Users/tsun-yuanku/local/qa_course_platform_github_pages/SQA_Algorithm/outputs/path_routing/benchmarks/formal_modes_suite_01/runs/baseline_plus_block_move/d0800_dynwe12/seed_044,/Users/tsun-yuanku/local/qa_course_platform_github_pages/SQA_Algorithm/outputs/path_routing/benchmarks/formal_modes_suite_01/logs/baseline_plus_block_move/d0800_dynwe12__seed_044.log,True,0.0,True,local_search,tie,tie,tie
baseline_plus_block_move,Dijkstra warm start plus baseline seeded block-move local search,local_search,d0800_dynwe12,d0800,800,799.1359807833297,179,246,dynwe12,weekend,12,3,45,200,32,20,31.767,True,1422.419,1136.8139999999999,True,1422.419,1136.8139999999999,20,True,0.0,completed,1422.419,1136.8139999999999,0.0,True,/Users/tsun-yuanku/local/qa_course_platform_github_pages/SQA_Algorithm/outputs/path_routing/benchmarks/formal_modes_suite_01/runs/baseline_plus_block_move/d0800_dynwe12/seed_045,/Users/tsun-yuanku/local/qa_course_platform_github_pages/SQA_Algorithm/outputs/path_routing/benchmarks/formal_modes_suite_01/logs/baseline_plus_block_move/d0800_dynwe12__seed_045.log,True,0.0,True,local_search,tie,tie,tie
baseline_plus_block_move,Dijkstra warm start plus baseline seeded block-move local search,local_search,d0800_dynwe12,d0800,800,799.1359807833297,179,246,dynwe12,weekend,12,4,46,200,32,20,32.13,True,1422.419,1136.8139999999999,True,1422.419,1136.8139999999999,20,True,0.0,completed,1422.419,1136.8139999999999,0.0,True,/Users/tsun-yuanku/local/qa_course_platform_github_pages/SQA_Algorithm/outputs/path_routing/benchmarks/formal_modes_suite_01/runs/baseline_plus_block_move/d0800_dynwe12/seed_046,/Users/tsun-yuanku/local/qa_course_platform_github_pages/SQA_Algorithm/outputs/path_routing/benchmarks/formal_modes_suite_01/logs/baseline_plus_block_move/d0800_dynwe12__seed_046.log,True,0.0,True,local_search,tie,tie,tie
baseline_plus_block_move,Dijkstra warm start plus baseline seeded block-move local search,local_search,d0800_dynwe17,d0800,800,799.1359807833297,179,246,dynwe17,weekend,17,0,42,200,32,20,31.825,True,1427.919,1136.8139999999999,True,1427.919,1136.8139999999999,20,True,0.0,completed,1427.919,1136.8139999999999,0.0,True,/Users/tsun-yuanku/local/qa_course_platform_github_pages/SQA_Algorithm/outputs/path_routing/benchmarks/formal_modes_suite_01/runs/baseline_plus_block_move/d0800_dynwe17/seed_042,/Users/tsun-yuanku/local/qa_course_platform_github_pages/SQA_Algorithm/outputs/path_routing/benchmarks/formal_modes_suite_01/logs/baseline_plus_block_move/d0800_dynwe17__seed_042.log,True,0.0,True,local_search,tie,tie,tie
baseline_plus_block_move,Dijkstra warm start plus baseline seeded block-move local search,local_search,d0800_dynwe17,d0800,800,799.1359807833297,179,246,dynwe17,weekend,17,1,43,200,32,20,31.049,True,1427.919,1136.8139999999999,True,1427.919,1136.8139999999999,20,True,0.0,completed,1427.919,1136.8139999999999,0.0,True,/Users/tsun-yuanku/local/qa_course_platform_github_pages/SQA_Algorithm/outputs/path_routing/benchmarks/formal_modes_suite_01/runs/baseline_plus_block_move/d0800_dynwe17/seed_043,/Users/tsun-yuanku/local/qa_course_platform_github_pages/SQA_Algorithm/outputs/path_routing/benchmarks/formal_modes_suite_01/logs/baseline_plus_block_move/d0800_dynwe17__seed_043.log,True,0.0,True,local_search,tie,tie,tie
baseline_plus_block_move,Dijkstra warm start plus baseline seeded block-move local search,local_search,d0800_dynwe17,d0800,800,799.1359807833297,179,246,dynwe17,weekend,17,2,44,200,32,20,31.159,True,1427.919,1136.8139999999999,True,1427.919,1136.8139999999999,20,True,0.0,completed,1427.919,1136.8139999999999,0.0,True,/Users/tsun-yuanku/local/qa_course_platform_github_pages/SQA_Algorithm/outputs/path_routing/benchmarks/formal_modes_suite_01/runs/baseline_plus_block_move/d0800_dynwe17/seed_044,/Users/tsun-yuanku/local/qa_course_platform_github_pages/SQA_Algorithm/outputs/path_routing/benchmarks/formal_modes_suite_01/logs/baseline_plus_block_move/d0800_dynwe17__seed_044.log,True,0.0,True,local_search,tie,tie,tie
baseline_plus_block_move,Dijkstra warm start plus baseline seeded block-move local search,local_search,d0800_dynwe17,d0800,800,799.1359807833297,179,246,dynwe17,weekend,17,3,45,200,32,20,31.076,True,1427.919,1136.8139999999999,True,1427.919,1136.8139999999999,20,True,0.0,completed,1427.919,1136.8139999999999,0.0,True,/Users/tsun-yuanku/local/qa_course_platform_github_pages/SQA_Algorithm/outputs/path_routing/benchmarks/formal_modes_suite_01/runs/baseline_plus_block_move/d0800_dynwe17/seed_045,/Users/tsun-yuanku/local/qa_course_platform_github_pages/SQA_Algorithm/outputs/path_routing/benchmarks/formal_modes_suite_01/logs/baseline_plus_block_move/d0800_dynwe17__seed_045.log,True,0.0,True,local_search,tie,tie,tie
baseline_plus_block_move,Dijkstra warm start plus baseline seeded block-move local search,local_search,d0800_dynwe17,d0800,800,799.1359807833297,179,246,dynwe17,weekend,17,4,46,200,32,20,31.129,True,1427.919,1136.8139999999999,True,1427.919,1136.8139999999999,20,True,0.0,completed,1427.919,1136.8139999999999,0.0,True,/Users/tsun-yuanku/local/qa_course_platform_github_pages/SQA_Algorithm/outputs/path_routing/benchmarks/formal_modes_suite_01/runs/baseline_plus_block_move/d0800_dynwe17/seed_046,/Users/tsun-yuanku/local/qa_course_platform_github_pages/SQA_Algorithm/outputs/path_routing/benchmarks/formal_modes_suite_01/logs/baseline_plus_block_move/d0800_dynwe17__seed_046.log,True,0.0,True,local_search,tie,tie,tie
baseline_plus_block_move,Dijkstra warm start plus baseline seeded block-move local search,local_search,d0800_dynwe21,d0800,800,799.1359807833297,179,246,dynwe21,weekend,21,0,42,200,32,20,31.596,True,1432.669,1136.8139999999999,True,1432.669,1136.8139999999999,20,True,0.0,completed,1432.669,1136.8139999999999,0.0,True,/Users/tsun-yuanku/local/qa_course_platform_github_pages/SQA_Algorithm/outputs/path_routing/benchmarks/formal_modes_suite_01/runs/baseline_plus_block_move/d0800_dynwe21/seed_042,/Users/tsun-yuanku/local/qa_course_platform_github_pages/SQA_Algorithm/outputs/path_routing/benchmarks/formal_modes_suite_01/logs/baseline_plus_block_move/d0800_dynwe21__seed_042.log,True,0.0,True,local_search,tie,tie,tie
baseline_plus_block_move,Dijkstra warm start plus baseline seeded block-move local search,local_search,d0800_dynwe21,d0800,800,799.1359807833297,179,246,dynwe21,weekend,21,1,43,200,32,20,32.088,True,1432.669,1136.8139999999999,True,1432.669,1136.8139999999999,20,True,0.0,completed,1432.669,1136.8139999999999,0.0,True,/Users/tsun-yuanku/local/qa_course_platform_github_pages/SQA_Algorithm/outputs/path_routing/benchmarks/formal_modes_suite_01/runs/baseline_plus_block_move/d0800_dynwe21/seed_043,/Users/tsun-yuanku/local/qa_course_platform_github_pages/SQA_Algorithm/outputs/path_routing/benchmarks/formal_modes_suite_01/logs/baseline_plus_block_move/d0800_dynwe21__seed_043.log,True,0.0,True,local_search,tie,tie,tie
baseline_plus_block_move,Dijkstra warm start plus baseline seeded block-move local search,local_search,d0800_dynwe21,d0800,800,799.1359807833297,179,246,dynwe21,weekend,21,2,44,200,32,20,32.352,True,1432.669,1136.8139999999999,True,1432.669,1136.8139999999999,20,True,0.0,completed,1432.669,1136.8139999999999,0.0,True,/Users/tsun-yuanku/local/qa_course_platform_github_pages/SQA_Algorithm/outputs/path_routing/benchmarks/formal_modes_suite_01/runs/baseline_plus_block_move/d0800_dynwe21/seed_044,/Users/tsun-yuanku/local/qa_course_platform_github_pages/SQA_Algorithm/outputs/path_routing/benchmarks/formal_modes_suite_01/logs/baseline_plus_block_move/d0800_dynwe21__seed_044.log,True,0.0,True,local_search,tie,tie,tie
baseline_plus_block_move,Dijkstra warm start plus baseline seeded block-move local search,local_search,d0800_dynwe21,d0800,800,799.1359807833297,179,246,dynwe21,weekend,21,3,45,200,32,20,32.488,True,1432.669,1136.8139999999999,True,1432.669,1136.8139999999999,20,True,0.0,completed,1432.669,1136.8139999999999,0.0,True,/Users/tsun-yuanku/local/qa_course_platform_github_pages/SQA_Algorithm/outputs/path_routing/benchmarks/formal_modes_suite_01/runs/baseline_plus_block_move/d0800_dynwe21/seed_045,/Users/tsun-yuanku/local/qa_course_platform_github_pages/SQA_Algorithm/outputs/path_routing/benchmarks/formal_modes_suite_01/logs/baseline_plus_block_move/d0800_dynwe21__seed_045.log,True,0.0,True,local_search,tie,tie,tie
baseline_plus_block_move,Dijkstra warm start plus baseline seeded block-move local search,local_search,d0800_dynwe21,d0800,800,799.1359807833297,179,246,dynwe21,weekend,21,4,46,200,32,20,32.181,True,1432.669,1136.8139999999999,True,1432.669,1136.8139999999999,20,True,0.0,completed,1432.669,1136.8139999999999,0.0,True,/Users/tsun-yuanku/local/qa_course_platform_github_pages/SQA_Algorithm/outputs/path_routing/benchmarks/formal_modes_suite_01/runs/baseline_plus_block_move/d0800_dynwe21/seed_046,/Users/tsun-yuanku/local/qa_course_platform_github_pages/SQA_Algorithm/outputs/path_routing/benchmarks/formal_modes_suite_01/logs/baseline_plus_block_move/d0800_dynwe21__seed_046.log,True,0.0,True,local_search,tie,tie,tie
baseline_plus_block_move,Dijkstra warm start plus baseline seeded block-move local search,local_search,d1200_dynwd05,d1200,1200,1202.828070248327,80,314,dynwd05,weekday,05,0,42,200,32,20,31.907,True,2137.818892892451,1765.743892892451,True,2137.818892892451,1765.743892892451,26,True,0.0,completed,2137.818892892451,1765.743892892451,0.0,True,/Users/tsun-yuanku/local/qa_course_platform_github_pages/SQA_Algorithm/outputs/path_routing/benchmarks/formal_modes_suite_01/runs/baseline_plus_block_move/d1200_dynwd05/seed_042,/Users/tsun-yuanku/local/qa_course_platform_github_pages/SQA_Algorithm/outputs/path_routing/benchmarks/formal_modes_suite_01/logs/baseline_plus_block_move/d1200_dynwd05__seed_042.log,True,0.0,True,local_search,tie,tie,tie
baseline_plus_block_move,Dijkstra warm start plus baseline seeded block-move local search,local_search,d1200_dynwd05,d1200,1200,1202.828070248327,80,314,dynwd05,weekday,05,1,43,200,32,20,32.263,True,2137.818892892451,1765.743892892451,True,2137.818892892451,1765.743892892451,28,True,0.0,completed,2137.818892892451,1765.743892892451,0.0,True,/Users/tsun-yuanku/local/qa_course_platform_github_pages/SQA_Algorithm/outputs/path_routing/benchmarks/formal_modes_suite_01/runs/baseline_plus_block_move/d1200_dynwd05/seed_043,/Users/tsun-yuanku/local/qa_course_platform_github_pages/SQA_Algorithm/outputs/path_routing/benchmarks/formal_modes_suite_01/logs/baseline_plus_block_move/d1200_dynwd05__seed_043.log,True,0.0,True,local_search,tie,tie,tie
baseline_plus_block_move,Dijkstra warm start plus baseline seeded block-move local search,local_search,d1200_dynwd05,d1200,1200,1202.828070248327,80,314,dynwd05,weekday,05,2,44,200,32,20,32.521,True,2137.818892892451,1765.743892892451,True,2137.818892892451,1765.743892892451,26,True,0.0,completed,2137.818892892451,1765.743892892451,0.0,True,/Users/tsun-yuanku/local/qa_course_platform_github_pages/SQA_Algorithm/outputs/path_routing/benchmarks/formal_modes_suite_01/runs/baseline_plus_block_move/d1200_dynwd05/seed_044,/Users/tsun-yuanku/local/qa_course_platform_github_pages/SQA_Algorithm/outputs/path_routing/benchmarks/formal_modes_suite_01/logs/baseline_plus_block_move/d1200_dynwd05__seed_044.log,True,0.0,True,local_search,tie,tie,tie
baseline_plus_block_move,Dijkstra warm start plus baseline seeded block-move local search,local_search,d1200_dynwd05,d1200,1200,1202.828070248327,80,314,dynwd05,weekday,05,3,45,200,32,20,31.983,True,2137.818892892451,1765.743892892451,True,2137.818892892451,1765.743892892451,26,True,0.0,completed,2137.818892892451,1765.743892892451,0.0,True,/Users/tsun-yuanku/local/qa_course_platform_github_pages/SQA_Algorithm/outputs/path_routing/benchmarks/formal_modes_suite_01/runs/baseline_plus_block_move/d1200_dynwd05/seed_045,/Users/tsun-yuanku/local/qa_course_platform_github_pages/SQA_Algorithm/outputs/path_routing/benchmarks/formal_modes_suite_01/logs/baseline_plus_block_move/d1200_dynwd05__seed_045.log,True,0.0,True,local_search,tie,tie,tie
baseline_plus_block_move,Dijkstra warm start plus baseline seeded block-move local search,local_search,d1200_dynwd05,d1200,1200,1202.828070248327,80,314,dynwd05,weekday,05,4,46,200,32,20,32.027,True,2137.818892892451,1765.743892892451,True,2137.818892892451,1765.743892892451,26,True,0.0,completed,2137.818892892451,1765.743892892451,0.0,True,/Users/tsun-yuanku/local/qa_course_platform_github_pages/SQA_Algorithm/outputs/path_routing/benchmarks/formal_modes_suite_01/runs/baseline_plus_block_move/d1200_dynwd05/seed_046,/Users/tsun-yuanku/local/qa_course_platform_github_pages/SQA_Algorithm/outputs/path_routing/benchmarks/formal_modes_suite_01/logs/baseline_plus_block_move/d1200_dynwd05__seed_046.log,True,0.0,True,local_search,tie,tie,tie
baseline_plus_block_move,Dijkstra warm start plus baseline seeded block-move local search,local_search,d1200_dynwd08,d1200,1200,1202.828070248327,80,314,dynwd08,weekday,08,0,42,200,32,20,32.19,True,2126.3558928924513,1766.065892892451,True,2126.3558928924513,1766.065892892451,26,True,0.0,completed,2126.3558928924513,1766.065892892451,0.0,True,/Users/tsun-yuanku/local/qa_course_platform_github_pages/SQA_Algorithm/outputs/path_routing/benchmarks/formal_modes_suite_01/runs/baseline_plus_block_move/d1200_dynwd08/seed_042,/Users/tsun-yuanku/local/qa_course_platform_github_pages/SQA_Algorithm/outputs/path_routing/benchmarks/formal_modes_suite_01/logs/baseline_plus_block_move/d1200_dynwd08__seed_042.log,True,0.0,True,local_search,tie,tie,tie
baseline_plus_block_move,Dijkstra warm start plus baseline seeded block-move local search,local_search,d1200_dynwd08,d1200,1200,1202.828070248327,80,314,dynwd08,weekday,08,1,43,200,32,20,31.956,True,2126.3558928924513,1766.065892892451,True,2126.3558928924513,1766.065892892451,28,True,0.0,completed,2126.3558928924513,1766.065892892451,0.0,True,/Users/tsun-yuanku/local/qa_course_platform_github_pages/SQA_Algorithm/outputs/path_routing/benchmarks/formal_modes_suite_01/runs/baseline_plus_block_move/d1200_dynwd08/seed_043,/Users/tsun-yuanku/local/qa_course_platform_github_pages/SQA_Algorithm/outputs/path_routing/benchmarks/formal_modes_suite_01/logs/baseline_plus_block_move/d1200_dynwd08__seed_043.log,True,0.0,True,local_search,tie,tie,tie
baseline_plus_block_move,Dijkstra warm start plus baseline seeded block-move local search,local_search,d1200_dynwd08,d1200,1200,1202.828070248327,80,314,dynwd08,weekday,08,2,44,200,32,20,32.444,True,2126.3558928924513,1766.065892892451,True,2126.3558928924513,1766.065892892451,26,True,0.0,completed,2126.3558928924513,1766.065892892451,0.0,True,/Users/tsun-yuanku/local/qa_course_platform_github_pages/SQA_Algorithm/outputs/path_routing/benchmarks/formal_modes_suite_01/runs/baseline_plus_block_move/d1200_dynwd08/seed_044,/Users/tsun-yuanku/local/qa_course_platform_github_pages/SQA_Algorithm/outputs/path_routing/benchmarks/formal_modes_suite_01/logs/baseline_plus_block_move/d1200_dynwd08__seed_044.log,True,0.0,True,local_search,tie,tie,tie
baseline_plus_block_move,Dijkstra warm start plus baseline seeded block-move local search,local_search,d1200_dynwd08,d1200,1200,1202.828070248327,80,314,dynwd08,weekday,08,3,45,200,32,20,31.474,True,2126.3558928924513,1766.065892892451,True,2126.3558928924513,1766.065892892451,26,True,0.0,completed,2126.3558928924513,1766.065892892451,0.0,True,/Users/tsun-yuanku/local/qa_course_platform_github_pages/SQA_Algorithm/outputs/path_routing/benchmarks/formal_modes_suite_01/runs/baseline_plus_block_move/d1200_dynwd08/seed_045,/Users/tsun-yuanku/local/qa_course_platform_github_pages/SQA_Algorithm/outputs/path_routing/benchmarks/formal_modes_suite_01/logs/baseline_plus_block_move/d1200_dynwd08__seed_045.log,True,0.0,True,local_search,tie,tie,tie
baseline_plus_block_move,Dijkstra warm start plus baseline seeded block-move local search,local_search,d1200_dynwd08,d1200,1200,1202.828070248327,80,314,dynwd08,weekday,08,4,46,200,32,20,32.116,True,2126.3558928924513,1766.065892892451,True,2126.3558928924513,1766.065892892451,26,True,0.0,completed,2126.3558928924513,1766.065892892451,0.0,True,/Users/tsun-yuanku/local/qa_course_platform_github_pages/SQA_Algorithm/outputs/path_routing/benchmarks/formal_modes_suite_01/runs/baseline_plus_block_move/d1200_dynwd08/seed_046,/Users/tsun-yuanku/local/qa_course_platform_github_pages/SQA_Algorithm/outputs/path_routing/benchmarks/formal_modes_suite_01/logs/baseline_plus_block_move/d1200_dynwd08__seed_046.log,True,0.0,True,local_search,tie,tie,tie
baseline_plus_block_move,Dijkstra warm start plus baseline seeded block-move local search,local_search,d1200_dynwd12,d1200,1200,1202.828070248327,80,314,dynwd12,weekday,12,0,42,200,32,20,32.161,True,2123.063892892451,1765.743892892451,True,2123.063892892451,1765.743892892451,26,True,0.0,completed,2123.063892892451,1765.743892892451,0.0,True,/Users/tsun-yuanku/local/qa_course_platform_github_pages/SQA_Algorithm/outputs/path_routing/benchmarks/formal_modes_suite_01/runs/baseline_plus_block_move/d1200_dynwd12/seed_042,/Users/tsun-yuanku/local/qa_course_platform_github_pages/SQA_Algorithm/outputs/path_routing/benchmarks/formal_modes_suite_01/logs/baseline_plus_block_move/d1200_dynwd12__seed_042.log,True,0.0,True,local_search,tie,tie,tie
baseline_plus_block_move,Dijkstra warm start plus baseline seeded block-move local search,local_search,d1200_dynwd12,d1200,1200,1202.828070248327,80,314,dynwd12,weekday,12,1,43,200,32,20,31.653,True,2123.063892892451,1765.743892892451,True,2123.063892892451,1765.743892892451,28,True,0.0,completed,2123.063892892451,1765.743892892451,0.0,True,/Users/tsun-yuanku/local/qa_course_platform_github_pages/SQA_Algorithm/outputs/path_routing/benchmarks/formal_modes_suite_01/runs/baseline_plus_block_move/d1200_dynwd12/seed_043,/Users/tsun-yuanku/local/qa_course_platform_github_pages/SQA_Algorithm/outputs/path_routing/benchmarks/formal_modes_suite_01/logs/baseline_plus_block_move/d1200_dynwd12__seed_043.log,True,0.0,True,local_search,tie,tie,tie
baseline_plus_block_move,Dijkstra warm start plus baseline seeded block-move local search,local_search,d1200_dynwd12,d1200,1200,1202.828070248327,80,314,dynwd12,weekday,12,2,44,200,32,20,31.521,True,2123.063892892451,1765.743892892451,True,2123.063892892451,1765.743892892451,26,True,0.0,completed,2123.063892892451,1765.743892892451,0.0,True,/Users/tsun-yuanku/local/qa_course_platform_github_pages/SQA_Algorithm/outputs/path_routing/benchmarks/formal_modes_suite_01/runs/baseline_plus_block_move/d1200_dynwd12/seed_044,/Users/tsun-yuanku/local/qa_course_platform_github_pages/SQA_Algorithm/outputs/path_routing/benchmarks/formal_modes_suite_01/logs/baseline_plus_block_move/d1200_dynwd12__seed_044.log,True,0.0,True,local_search,tie,tie,tie
baseline_plus_block_move,Dijkstra warm start plus baseline seeded block-move local search,local_search,d1200_dynwd12,d1200,1200,1202.828070248327,80,314,dynwd12,weekday,12,3,45,200,32,20,31.211,True,2123.063892892451,1765.743892892451,True,2123.063892892451,1765.743892892451,26,True,0.0,completed,2123.063892892451,1765.743892892451,0.0,True,/Users/tsun-yuanku/local/qa_course_platform_github_pages/SQA_Algorithm/outputs/path_routing/benchmarks/formal_modes_suite_01/runs/baseline_plus_block_move/d1200_dynwd12/seed_045,/Users/tsun-yuanku/local/qa_course_platform_github_pages/SQA_Algorithm/outputs/path_routing/benchmarks/formal_modes_suite_01/logs/baseline_plus_block_move/d1200_dynwd12__seed_045.log,True,0.0,True,local_search,tie,tie,tie
baseline_plus_block_move,Dijkstra warm start plus baseline seeded block-move local search,local_search,d1200_dynwd12,d1200,1200,1202.828070248327,80,314,dynwd12,weekday,12,4,46,200,32,20,31.95,True,2123.063892892451,1765.743892892451,True,2123.063892892451,1765.743892892451,26,True,0.0,completed,2123.063892892451,1765.743892892451,0.0,True,/Users/tsun-yuanku/local/qa_course_platform_github_pages/SQA_Algorithm/outputs/path_routing/benchmarks/formal_modes_suite_01/runs/baseline_plus_block_move/d1200_dynwd12/seed_046,/Users/tsun-yuanku/local/qa_course_platform_github_pages/SQA_Algorithm/outputs/path_routing/benchmarks/formal_modes_suite_01/logs/baseline_plus_block_move/d1200_dynwd12__seed_046.log,True,0.0,True,local_search,tie,tie,tie
baseline_plus_block_move,Dijkstra warm start plus baseline seeded block-move local search,local_search,d1200_dynwd17,d1200,1200,1202.828070248327,80,314,dynwd17,weekday,17,0,42,200,32,20,31.636,True,2126.063892892451,1765.743892892451,True,2126.063892892451,1765.743892892451,26,True,0.0,completed,2126.063892892451,1765.743892892451,0.0,True,/Users/tsun-yuanku/local/qa_course_platform_github_pages/SQA_Algorithm/outputs/path_routing/benchmarks/formal_modes_suite_01/runs/baseline_plus_block_move/d1200_dynwd17/seed_042,/Users/tsun-yuanku/local/qa_course_platform_github_pages/SQA_Algorithm/outputs/path_routing/benchmarks/formal_modes_suite_01/logs/baseline_plus_block_move/d1200_dynwd17__seed_042.log,True,0.0,True,local_search,tie,tie,tie
baseline_plus_block_move,Dijkstra warm start plus baseline seeded block-move local search,local_search,d1200_dynwd17,d1200,1200,1202.828070248327,80,314,dynwd17,weekday,17,1,43,200,32,20,31.836,True,2126.063892892451,1765.743892892451,True,2126.063892892451,1765.743892892451,28,True,0.0,completed,2126.063892892451,1765.743892892451,0.0,True,/Users/tsun-yuanku/local/qa_course_platform_github_pages/SQA_Algorithm/outputs/path_routing/benchmarks/formal_modes_suite_01/runs/baseline_plus_block_move/d1200_dynwd17/seed_043,/Users/tsun-yuanku/local/qa_course_platform_github_pages/SQA_Algorithm/outputs/path_routing/benchmarks/formal_modes_suite_01/logs/baseline_plus_block_move/d1200_dynwd17__seed_043.log,True,0.0,True,local_search,tie,tie,tie
baseline_plus_block_move,Dijkstra warm start plus baseline seeded block-move local search,local_search,d1200_dynwd17,d1200,1200,1202.828070248327,80,314,dynwd17,weekday,17,2,44,200,32,20,31.529,True,2126.063892892451,1765.743892892451,True,2126.063892892451,1765.743892892451,26,True,0.0,completed,2126.063892892451,1765.743892892451,0.0,True,/Users/tsun-yuanku/local/qa_course_platform_github_pages/SQA_Algorithm/outputs/path_routing/benchmarks/formal_modes_suite_01/runs/baseline_plus_block_move/d1200_dynwd17/seed_044,/Users/tsun-yuanku/local/qa_course_platform_github_pages/SQA_Algorithm/outputs/path_routing/benchmarks/formal_modes_suite_01/logs/baseline_plus_block_move/d1200_dynwd17__seed_044.log,True,0.0,True,local_search,tie,tie,tie
baseline_plus_block_move,Dijkstra warm start plus baseline seeded block-move local search,local_search,d1200_dynwd17,d1200,1200,1202.828070248327,80,314,dynwd17,weekday,17,3,45,200,32,20,31.633,True,2126.063892892451,1765.743892892451,True,2126.063892892451,1765.743892892451,26,True,0.0,completed,2126.063892892451,1765.743892892451,0.0,True,/Users/tsun-yuanku/local/qa_course_platform_github_pages/SQA_Algorithm/outputs/path_routing/benchmarks/formal_modes_suite_01/runs/baseline_plus_block_move/d1200_dynwd17/seed_045,/Users/tsun-yuanku/local/qa_course_platform_github_pages/SQA_Algorithm/outputs/path_routing/benchmarks/formal_modes_suite_01/logs/baseline_plus_block_move/d1200_dynwd17__seed_045.log,True,0.0,True,local_search,tie,tie,tie
baseline_plus_block_move,Dijkstra warm start plus baseline seeded block-move local search,local_search,d1200_dynwd17,d1200,1200,1202.828070248327,80,314,dynwd17,weekday,17,4,46,200,32,20,31.531,True,2126.063892892451,1765.743892892451,True,2126.063892892451,1765.743892892451,26,True,0.0,completed,2126.063892892451,1765.743892892451,0.0,True,/Users/tsun-yuanku/local/qa_course_platform_github_pages/SQA_Algorithm/outputs/path_routing/benchmarks/formal_modes_suite_01/runs/baseline_plus_block_move/d1200_dynwd17/seed_046,/Users/tsun-yuanku/local/qa_course_platform_github_pages/SQA_Algorithm/outputs/path_routing/benchmarks/formal_modes_suite_01/logs/baseline_plus_block_move/d1200_dynwd17__seed_046.log,True,0.0,True,local_search,tie,tie,tie
baseline_plus_block_move,Dijkstra warm start plus baseline seeded block-move local search,local_search,d1200_dynwd21,d1200,1200,1202.828070248327,80,314,dynwd21,weekday,21,0,42,200,32,20,32.192,True,2137.818892892451,1765.743892892451,True,2137.818892892451,1765.743892892451,26,True,0.0,completed,2137.818892892451,1765.743892892451,0.0,True,/Users/tsun-yuanku/local/qa_course_platform_github_pages/SQA_Algorithm/outputs/path_routing/benchmarks/formal_modes_suite_01/runs/baseline_plus_block_move/d1200_dynwd21/seed_042,/Users/tsun-yuanku/local/qa_course_platform_github_pages/SQA_Algorithm/outputs/path_routing/benchmarks/formal_modes_suite_01/logs/baseline_plus_block_move/d1200_dynwd21__seed_042.log,True,0.0,True,local_search,tie,tie,tie
baseline_plus_block_move,Dijkstra warm start plus baseline seeded block-move local search,local_search,d1200_dynwd21,d1200,1200,1202.828070248327,80,314,dynwd21,weekday,21,1,43,200,32,20,32.727,True,2137.818892892451,1765.743892892451,True,2137.818892892451,1765.743892892451,28,True,0.0,completed,2137.818892892451,1765.743892892451,0.0,True,/Users/tsun-yuanku/local/qa_course_platform_github_pages/SQA_Algorithm/outputs/path_routing/benchmarks/formal_modes_suite_01/runs/baseline_plus_block_move/d1200_dynwd21/seed_043,/Users/tsun-yuanku/local/qa_course_platform_github_pages/SQA_Algorithm/outputs/path_routing/benchmarks/formal_modes_suite_01/logs/baseline_plus_block_move/d1200_dynwd21__seed_043.log,True,0.0,True,local_search,tie,tie,tie
baseline_plus_block_move,Dijkstra warm start plus baseline seeded block-move local search,local_search,d1200_dynwd21,d1200,1200,1202.828070248327,80,314,dynwd21,weekday,21,2,44,200,32,20,32.741,True,2137.818892892451,1765.743892892451,True,2137.818892892451,1765.743892892451,26,True,0.0,completed,2137.818892892451,1765.743892892451,0.0,True,/Users/tsun-yuanku/local/qa_course_platform_github_pages/SQA_Algorithm/outputs/path_routing/benchmarks/formal_modes_suite_01/runs/baseline_plus_block_move/d1200_dynwd21/seed_044,/Users/tsun-yuanku/local/qa_course_platform_github_pages/SQA_Algorithm/outputs/path_routing/benchmarks/formal_modes_suite_01/logs/baseline_plus_block_move/d1200_dynwd21__seed_044.log,True,0.0,True,local_search,tie,tie,tie
baseline_plus_block_move,Dijkstra warm start plus baseline seeded block-move local search,local_search,d1200_dynwd21,d1200,1200,1202.828070248327,80,314,dynwd21,weekday,21,3,45,200,32,20,32.392,True,2137.818892892451,1765.743892892451,True,2137.818892892451,1765.743892892451,26,True,0.0,completed,2137.818892892451,1765.743892892451,0.0,True,/Users/tsun-yuanku/local/qa_course_platform_github_pages/SQA_Algorithm/outputs/path_routing/benchmarks/formal_modes_suite_01/runs/baseline_plus_block_move/d1200_dynwd21/seed_045,/Users/tsun-yuanku/local/qa_course_platform_github_pages/SQA_Algorithm/outputs/path_routing/benchmarks/formal_modes_suite_01/logs/baseline_plus_block_move/d1200_dynwd21__seed_045.log,True,0.0,True,local_search,tie,tie,tie
baseline_plus_block_move,Dijkstra warm start plus baseline seeded block-move local search,local_search,d1200_dynwd21,d1200,1200,1202.828070248327,80,314,dynwd21,weekday,21,4,46,200,32,20,32.606,True,2137.818892892451,1765.743892892451,True,2137.818892892451,1765.743892892451,26,True,0.0,completed,2137.818892892451,1765.743892892451,0.0,True,/Users/tsun-yuanku/local/qa_course_platform_github_pages/SQA_Algorithm/outputs/path_routing/benchmarks/formal_modes_suite_01/runs/baseline_plus_block_move/d1200_dynwd21/seed_046,/Users/tsun-yuanku/local/qa_course_platform_github_pages/SQA_Algorithm/outputs/path_routing/benchmarks/formal_modes_suite_01/logs/baseline_plus_block_move/d1200_dynwd21__seed_046.log,True,0.0,True,local_search,tie,tie,tie
baseline_plus_block_move,Dijkstra warm start plus baseline seeded block-move local search,local_search,d1200_dynwe05,d1200,1200,1202.828070248327,80,314,dynwe05,weekend,05,0,42,200,32,20,32.581,True,2137.818892892451,1765.743892892451,True,2137.818892892451,1765.743892892451,26,True,0.0,completed,2137.818892892451,1765.743892892451,0.0,True,/Users/tsun-yuanku/local/qa_course_platform_github_pages/SQA_Algorithm/outputs/path_routing/benchmarks/formal_modes_suite_01/runs/baseline_plus_block_move/d1200_dynwe05/seed_042,/Users/tsun-yuanku/local/qa_course_platform_github_pages/SQA_Algorithm/outputs/path_routing/benchmarks/formal_modes_suite_01/logs/baseline_plus_block_move/d1200_dynwe05__seed_042.log,True,0.0,True,local_search,tie,tie,tie
baseline_plus_block_move,Dijkstra warm start plus baseline seeded block-move local search,local_search,d1200_dynwe05,d1200,1200,1202.828070248327,80,314,dynwe05,weekend,05,1,43,200,32,20,31.72,True,2137.818892892451,1765.743892892451,True,2137.818892892451,1765.743892892451,28,True,0.0,completed,2137.818892892451,1765.743892892451,0.0,True,/Users/tsun-yuanku/local/qa_course_platform_github_pages/SQA_Algorithm/outputs/path_routing/benchmarks/formal_modes_suite_01/runs/baseline_plus_block_move/d1200_dynwe05/seed_043,/Users/tsun-yuanku/local/qa_course_platform_github_pages/SQA_Algorithm/outputs/path_routing/benchmarks/formal_modes_suite_01/logs/baseline_plus_block_move/d1200_dynwe05__seed_043.log,True,0.0,True,local_search,tie,tie,tie
baseline_plus_block_move,Dijkstra warm start plus baseline seeded block-move local search,local_search,d1200_dynwe05,d1200,1200,1202.828070248327,80,314,dynwe05,weekend,05,2,44,200,32,20,32.317,True,2137.818892892451,1765.743892892451,True,2137.818892892451,1765.743892892451,26,True,0.0,completed,2137.818892892451,1765.743892892451,0.0,True,/Users/tsun-yuanku/local/qa_course_platform_github_pages/SQA_Algorithm/outputs/path_routing/benchmarks/formal_modes_suite_01/runs/baseline_plus_block_move/d1200_dynwe05/seed_044,/Users/tsun-yuanku/local/qa_course_platform_github_pages/SQA_Algorithm/outputs/path_routing/benchmarks/formal_modes_suite_01/logs/baseline_plus_block_move/d1200_dynwe05__seed_044.log,True,0.0,True,local_search,tie,tie,tie
baseline_plus_block_move,Dijkstra warm start plus baseline seeded block-move local search,local_search,d1200_dynwe05,d1200,1200,1202.828070248327,80,314,dynwe05,weekend,05,3,45,200,32,20,32.213,True,2137.818892892451,1765.743892892451,True,2137.818892892451,1765.743892892451,26,True,0.0,completed,2137.818892892451,1765.743892892451,0.0,True,/Users/tsun-yuanku/local/qa_course_platform_github_pages/SQA_Algorithm/outputs/path_routing/benchmarks/formal_modes_suite_01/runs/baseline_plus_block_move/d1200_dynwe05/seed_045,/Users/tsun-yuanku/local/qa_course_platform_github_pages/SQA_Algorithm/outputs/path_routing/benchmarks/formal_modes_suite_01/logs/baseline_plus_block_move/d1200_dynwe05__seed_045.log,True,0.0,True,local_search,tie,tie,tie
baseline_plus_block_move,Dijkstra warm start plus baseline seeded block-move local search,local_search,d1200_dynwe05,d1200,1200,1202.828070248327,80,314,dynwe05,weekend,05,4,46,200,32,20,31.895,True,2137.818892892451,1765.743892892451,True,2137.818892892451,1765.743892892451,26,True,0.0,completed,2137.818892892451,1765.743892892451,0.0,True,/Users/tsun-yuanku/local/qa_course_platform_github_pages/SQA_Algorithm/outputs/path_routing/benchmarks/formal_modes_suite_01/runs/baseline_plus_block_move/d1200_dynwe05/seed_046,/Users/tsun-yuanku/local/qa_course_platform_github_pages/SQA_Algorithm/outputs/path_routing/benchmarks/formal_modes_suite_01/logs/baseline_plus_block_move/d1200_dynwe05__seed_046.log,True,0.0,True,local_search,tie,tie,tie
baseline_plus_block_move,Dijkstra warm start plus baseline seeded block-move local search,local_search,d1200_dynwe08,d1200,1200,1202.828070248327,80,314,dynwe08,weekend,08,0,42,200,32,20,31.744,True,2136.2088928924513,1766.573892892451,True,2136.2088928924513,1766.573892892451,26,True,0.0,completed,2136.2088928924513,1766.573892892451,0.0,True,/Users/tsun-yuanku/local/qa_course_platform_github_pages/SQA_Algorithm/outputs/path_routing/benchmarks/formal_modes_suite_01/runs/baseline_plus_block_move/d1200_dynwe08/seed_042,/Users/tsun-yuanku/local/qa_course_platform_github_pages/SQA_Algorithm/outputs/path_routing/benchmarks/formal_modes_suite_01/logs/baseline_plus_block_move/d1200_dynwe08__seed_042.log,True,0.0,True,local_search,tie,tie,tie
baseline_plus_block_move,Dijkstra warm start plus baseline seeded block-move local search,local_search,d1200_dynwe08,d1200,1200,1202.828070248327,80,314,dynwe08,weekend,08,1,43,200,32,20,31.754,True,2136.2088928924513,1766.573892892451,True,2136.2088928924513,1766.573892892451,26,True,0.0,completed,2136.2088928924513,1766.573892892451,0.0,True,/Users/tsun-yuanku/local/qa_course_platform_github_pages/SQA_Algorithm/outputs/path_routing/benchmarks/formal_modes_suite_01/runs/baseline_plus_block_move/d1200_dynwe08/seed_043,/Users/tsun-yuanku/local/qa_course_platform_github_pages/SQA_Algorithm/outputs/path_routing/benchmarks/formal_modes_suite_01/logs/baseline_plus_block_move/d1200_dynwe08__seed_043.log,True,0.0,True,local_search,tie,tie,tie
baseline_plus_block_move,Dijkstra warm start plus baseline seeded block-move local search,local_search,d1200_dynwe08,d1200,1200,1202.828070248327,80,314,dynwe08,weekend,08,2,44,200,32,20,31.63,True,2136.2088928924513,1766.573892892451,True,2136.2088928924513,1766.573892892451,26,True,0.0,completed,2136.2088928924513,1766.573892892451,0.0,True,/Users/tsun-yuanku/local/qa_course_platform_github_pages/SQA_Algorithm/outputs/path_routing/benchmarks/formal_modes_suite_01/runs/baseline_plus_block_move/d1200_dynwe08/seed_044,/Users/tsun-yuanku/local/qa_course_platform_github_pages/SQA_Algorithm/outputs/path_routing/benchmarks/formal_modes_suite_01/logs/baseline_plus_block_move/d1200_dynwe08__seed_044.log,True,0.0,True,local_search,tie,tie,tie
baseline_plus_block_move,Dijkstra warm start plus baseline seeded block-move local search,local_search,d1200_dynwe08,d1200,1200,1202.828070248327,80,314,dynwe08,weekend,08,3,45,200,32,20,31.659,True,2136.2088928924513,1766.573892892451,True,2136.2088928924513,1766.573892892451,26,True,0.0,completed,2136.2088928924513,1766.573892892451,0.0,True,/Users/tsun-yuanku/local/qa_course_platform_github_pages/SQA_Algorithm/outputs/path_routing/benchmarks/formal_modes_suite_01/runs/baseline_plus_block_move/d1200_dynwe08/seed_045,/Users/tsun-yuanku/local/qa_course_platform_github_pages/SQA_Algorithm/outputs/path_routing/benchmarks/formal_modes_suite_01/logs/baseline_plus_block_move/d1200_dynwe08__seed_045.log,True,0.0,True,local_search,tie,tie,tie
baseline_plus_block_move,Dijkstra warm start plus baseline seeded block-move local search,local_search,d1200_dynwe08,d1200,1200,1202.828070248327,80,314,dynwe08,weekend,08,4,46,200,32,20,31.627,True,2136.2088928924513,1766.573892892451,True,2136.2088928924513,1766.573892892451,26,True,0.0,completed,2136.2088928924513,1766.573892892451,0.0,True,/Users/tsun-yuanku/local/qa_course_platform_github_pages/SQA_Algorithm/outputs/path_routing/benchmarks/formal_modes_suite_01/runs/baseline_plus_block_move/d1200_dynwe08/seed_046,/Users/tsun-yuanku/local/qa_course_platform_github_pages/SQA_Algorithm/outputs/path_routing/benchmarks/formal_modes_suite_01/logs/baseline_plus_block_move/d1200_dynwe08__seed_046.log,True,0.0,True,local_search,tie,tie,tie
baseline_plus_block_move,Dijkstra warm start plus baseline seeded block-move local search,local_search,d1200_dynwe12,d1200,1200,1202.828070248327,80,314,dynwe12,weekend,12,0,42,200,32,20,31.908,True,2127.166892892451,1766.251892892451,True,2127.166892892451,1766.251892892451,26,True,0.0,completed,2127.166892892451,1766.251892892451,0.0,True,/Users/tsun-yuanku/local/qa_course_platform_github_pages/SQA_Algorithm/outputs/path_routing/benchmarks/formal_modes_suite_01/runs/baseline_plus_block_move/d1200_dynwe12/seed_042,/Users/tsun-yuanku/local/qa_course_platform_github_pages/SQA_Algorithm/outputs/path_routing/benchmarks/formal_modes_suite_01/logs/baseline_plus_block_move/d1200_dynwe12__seed_042.log,True,0.0,True,local_search,tie,tie,tie
baseline_plus_block_move,Dijkstra warm start plus baseline seeded block-move local search,local_search,d1200_dynwe12,d1200,1200,1202.828070248327,80,314,dynwe12,weekend,12,1,43,200,32,20,31.582,True,2127.166892892451,1766.251892892451,True,2127.166892892451,1766.251892892451,28,True,0.0,completed,2127.166892892451,1766.251892892451,0.0,True,/Users/tsun-yuanku/local/qa_course_platform_github_pages/SQA_Algorithm/outputs/path_routing/benchmarks/formal_modes_suite_01/runs/baseline_plus_block_move/d1200_dynwe12/seed_043,/Users/tsun-yuanku/local/qa_course_platform_github_pages/SQA_Algorithm/outputs/path_routing/benchmarks/formal_modes_suite_01/logs/baseline_plus_block_move/d1200_dynwe12__seed_043.log,True,0.0,True,local_search,tie,tie,tie
baseline_plus_block_move,Dijkstra warm start plus baseline seeded block-move local search,local_search,d1200_dynwe12,d1200,1200,1202.828070248327,80,314,dynwe12,weekend,12,2,44,200,32,20,31.788,True,2127.166892892451,1766.251892892451,True,2127.166892892451,1766.251892892451,26,True,0.0,completed,2127.166892892451,1766.251892892451,0.0,True,/Users/tsun-yuanku/local/qa_course_platform_github_pages/SQA_Algorithm/outputs/path_routing/benchmarks/formal_modes_suite_01/runs/baseline_plus_block_move/d1200_dynwe12/seed_044,/Users/tsun-yuanku/local/qa_course_platform_github_pages/SQA_Algorithm/outputs/path_routing/benchmarks/formal_modes_suite_01/logs/baseline_plus_block_move/d1200_dynwe12__seed_044.log,True,0.0,True,local_search,tie,tie,tie
baseline_plus_block_move,Dijkstra warm start plus baseline seeded block-move local search,local_search,d1200_dynwe12,d1200,1200,1202.828070248327,80,314,dynwe12,weekend,12,3,45,200,32,20,31.334,True,2127.166892892451,1766.251892892451,True,2127.166892892451,1766.251892892451,26,True,0.0,completed,2127.166892892451,1766.251892892451,0.0,True,/Users/tsun-yuanku/local/qa_course_platform_github_pages/SQA_Algorithm/outputs/path_routing/benchmarks/formal_modes_suite_01/runs/baseline_plus_block_move/d1200_dynwe12/seed_045,/Users/tsun-yuanku/local/qa_course_platform_github_pages/SQA_Algorithm/outputs/path_routing/benchmarks/formal_modes_suite_01/logs/baseline_plus_block_move/d1200_dynwe12__seed_045.log,True,0.0,True,local_search,tie,tie,tie
baseline_plus_block_move,Dijkstra warm start plus baseline seeded block-move local search,local_search,d1200_dynwe12,d1200,1200,1202.828070248327,80,314,dynwe12,weekend,12,4,46,200,32,20,31.717,True,2127.166892892451,1766.251892892451,True,2127.166892892451,1766.251892892451,26,True,0.0,completed,2127.166892892451,1766.251892892451,0.0,True,/Users/tsun-yuanku/local/qa_course_platform_github_pages/SQA_Algorithm/outputs/path_routing/benchmarks/formal_modes_suite_01/runs/baseline_plus_block_move/d1200_dynwe12/seed_046,/Users/tsun-yuanku/local/qa_course_platform_github_pages/SQA_Algorithm/outputs/path_routing/benchmarks/formal_modes_suite_01/logs/baseline_plus_block_move/d1200_dynwe12__seed_046.log,True,0.0,True,local_search,tie,tie,tie
baseline_plus_block_move,Dijkstra warm start plus baseline seeded block-move local search,local_search,d1200_dynwe17,d1200,1200,1202.828070248327,80,314,dynwe17,weekend,17,0,42,200,32,20,31.871,True,2133.313892892451,1765.743892892451,True,2133.313892892451,1765.743892892451,26,True,0.0,completed,2133.313892892451,1765.743892892451,0.0,True,/Users/tsun-yuanku/local/qa_course_platform_github_pages/SQA_Algorithm/outputs/path_routing/benchmarks/formal_modes_suite_01/runs/baseline_plus_block_move/d1200_dynwe17/seed_042,/Users/tsun-yuanku/local/qa_course_platform_github_pages/SQA_Algorithm/outputs/path_routing/benchmarks/formal_modes_suite_01/logs/baseline_plus_block_move/d1200_dynwe17__seed_042.log,True,0.0,True,local_search,tie,tie,tie
baseline_plus_block_move,Dijkstra warm start plus baseline seeded block-move local search,local_search,d1200_dynwe17,d1200,1200,1202.828070248327,80,314,dynwe17,weekend,17,1,43,200,32,20,32.086,True,2133.313892892451,1765.743892892451,True,2133.313892892451,1765.743892892451,28,True,0.0,completed,2133.313892892451,1765.743892892451,0.0,True,/Users/tsun-yuanku/local/qa_course_platform_github_pages/SQA_Algorithm/outputs/path_routing/benchmarks/formal_modes_suite_01/runs/baseline_plus_block_move/d1200_dynwe17/seed_043,/Users/tsun-yuanku/local/qa_course_platform_github_pages/SQA_Algorithm/outputs/path_routing/benchmarks/formal_modes_suite_01/logs/baseline_plus_block_move/d1200_dynwe17__seed_043.log,True,0.0,True,local_search,tie,tie,tie
baseline_plus_block_move,Dijkstra warm start plus baseline seeded block-move local search,local_search,d1200_dynwe17,d1200,1200,1202.828070248327,80,314,dynwe17,weekend,17,2,44,200,32,20,32.077,True,2133.313892892451,1765.743892892451,True,2133.313892892451,1765.743892892451,26,True,0.0,completed,2133.313892892451,1765.743892892451,0.0,True,/Users/tsun-yuanku/local/qa_course_platform_github_pages/SQA_Algorithm/outputs/path_routing/benchmarks/formal_modes_suite_01/runs/baseline_plus_block_move/d1200_dynwe17/seed_044,/Users/tsun-yuanku/local/qa_course_platform_github_pages/SQA_Algorithm/outputs/path_routing/benchmarks/formal_modes_suite_01/logs/baseline_plus_block_move/d1200_dynwe17__seed_044.log,True,0.0,True,local_search,tie,tie,tie
baseline_plus_block_move,Dijkstra warm start plus baseline seeded block-move local search,local_search,d1200_dynwe17,d1200,1200,1202.828070248327,80,314,dynwe17,weekend,17,3,45,200,32,20,31.7,True,2133.313892892451,1765.743892892451,True,2133.313892892451,1765.743892892451,26,True,0.0,completed,2133.313892892451,1765.743892892451,0.0,True,/Users/tsun-yuanku/local/qa_course_platform_github_pages/SQA_Algorithm/outputs/path_routing/benchmarks/formal_modes_suite_01/runs/baseline_plus_block_move/d1200_dynwe17/seed_045,/Users/tsun-yuanku/local/qa_course_platform_github_pages/SQA_Algorithm/outputs/path_routing/benchmarks/formal_modes_suite_01/logs/baseline_plus_block_move/d1200_dynwe17__seed_045.log,True,0.0,True,local_search,tie,tie,tie
baseline_plus_block_move,Dijkstra warm start plus baseline seeded block-move local search,local_search,d1200_dynwe17,d1200,1200,1202.828070248327,80,314,dynwe17,weekend,17,4,46,200,32,20,31.478,True,2133.313892892451,1765.743892892451,True,2133.313892892451,1765.743892892451,26,True,0.0,completed,2133.313892892451,1765.743892892451,0.0,True,/Users/tsun-yuanku/local/qa_course_platform_github_pages/SQA_Algorithm/outputs/path_routing/benchmarks/formal_modes_suite_01/runs/baseline_plus_block_move/d1200_dynwe17/seed_046,/Users/tsun-yuanku/local/qa_course_platform_github_pages/SQA_Algorithm/outputs/path_routing/benchmarks/formal_modes_suite_01/logs/baseline_plus_block_move/d1200_dynwe17__seed_046.log,True,0.0,True,local_search,tie,tie,tie
baseline_plus_block_move,Dijkstra warm start plus baseline seeded block-move local search,local_search,d1200_dynwe21,d1200,1200,1202.828070248327,80,314,dynwe21,weekend,21,0,42,200,32,20,30.844,True,2137.818892892451,1765.743892892451,True,2137.818892892451,1765.743892892451,26,True,0.0,completed,2137.818892892451,1765.743892892451,0.0,True,/Users/tsun-yuanku/local/qa_course_platform_github_pages/SQA_Algorithm/outputs/path_routing/benchmarks/formal_modes_suite_01/runs/baseline_plus_block_move/d1200_dynwe21/seed_042,/Users/tsun-yuanku/local/qa_course_platform_github_pages/SQA_Algorithm/outputs/path_routing/benchmarks/formal_modes_suite_01/logs/baseline_plus_block_move/d1200_dynwe21__seed_042.log,True,0.0,True,local_search,tie,tie,tie
baseline_plus_block_move,Dijkstra warm start plus baseline seeded block-move local search,local_search,d1200_dynwe21,d1200,1200,1202.828070248327,80,314,dynwe21,weekend,21,1,43,200,32,20,31.496,True,2137.818892892451,1765.743892892451,True,2137.818892892451,1765.743892892451,28,True,0.0,completed,2137.818892892451,1765.743892892451,0.0,True,/Users/tsun-yuanku/local/qa_course_platform_github_pages/SQA_Algorithm/outputs/path_routing/benchmarks/formal_modes_suite_01/runs/baseline_plus_block_move/d1200_dynwe21/seed_043,/Users/tsun-yuanku/local/qa_course_platform_github_pages/SQA_Algorithm/outputs/path_routing/benchmarks/formal_modes_suite_01/logs/baseline_plus_block_move/d1200_dynwe21__seed_043.log,True,0.0,True,local_search,tie,tie,tie
baseline_plus_block_move,Dijkstra warm start plus baseline seeded block-move local search,local_search,d1200_dynwe21,d1200,1200,1202.828070248327,80,314,dynwe21,weekend,21,2,44,200,32,20,30.922,True,2137.818892892451,1765.743892892451,True,2137.818892892451,1765.743892892451,26,True,0.0,completed,2137.818892892451,1765.743892892451,0.0,True,/Users/tsun-yuanku/local/qa_course_platform_github_pages/SQA_Algorithm/outputs/path_routing/benchmarks/formal_modes_suite_01/runs/baseline_plus_block_move/d1200_dynwe21/seed_044,/Users/tsun-yuanku/local/qa_course_platform_github_pages/SQA_Algorithm/outputs/path_routing/benchmarks/formal_modes_suite_01/logs/baseline_plus_block_move/d1200_dynwe21__seed_044.log,True,0.0,True,local_search,tie,tie,tie
baseline_plus_block_move,Dijkstra warm start plus baseline seeded block-move local search,local_search,d1200_dynwe21,d1200,1200,1202.828070248327,80,314,dynwe21,weekend,21,3,45,200,32,20,30.911,True,2137.818892892451,1765.743892892451,True,2137.818892892451,1765.743892892451,26,True,0.0,completed,2137.818892892451,1765.743892892451,0.0,True,/Users/tsun-yuanku/local/qa_course_platform_github_pages/SQA_Algorithm/outputs/path_routing/benchmarks/formal_modes_suite_01/runs/baseline_plus_block_move/d1200_dynwe21/seed_045,/Users/tsun-yuanku/local/qa_course_platform_github_pages/SQA_Algorithm/outputs/path_routing/benchmarks/formal_modes_suite_01/logs/baseline_plus_block_move/d1200_dynwe21__seed_045.log,True,0.0,True,local_search,tie,tie,tie
baseline_plus_block_move,Dijkstra warm start plus baseline seeded block-move local search,local_search,d1200_dynwe21,d1200,1200,1202.828070248327,80,314,dynwe21,weekend,21,4,46,200,32,20,30.869,True,2137.818892892451,1765.743892892451,True,2137.818892892451,1765.743892892451,26,True,0.0,completed,2137.818892892451,1765.743892892451,0.0,True,/Users/tsun-yuanku/local/qa_course_platform_github_pages/SQA_Algorithm/outputs/path_routing/benchmarks/formal_modes_suite_01/runs/baseline_plus_block_move/d1200_dynwe21/seed_046,/Users/tsun-yuanku/local/qa_course_platform_github_pages/SQA_Algorithm/outputs/path_routing/benchmarks/formal_modes_suite_01/logs/baseline_plus_block_move/d1200_dynwe21__seed_046.log,True,0.0,True,local_search,tie,tie,tie
baseline_warm_start,SQA with Dijkstra warm start,sqa,d0400_dynwd05,d0400,400,399.89096238073773,24,318,dynwd05,weekday,05,0,42,200,32,20,30.85,True,911.886,703.126,True,911.886,703.126,14,True,0.0,,,,,,/Users/tsun-yuanku/local/qa_course_platform_github_pages/SQA_Algorithm/outputs/path_routing/benchmarks/formal_modes_suite_01/runs/baseline_warm_start/d0400_dynwd05/seed_042,/Users/tsun-yuanku/local/qa_course_platform_github_pages/SQA_Algorithm/outputs/path_routing/benchmarks/formal_modes_suite_01/logs/baseline_warm_start/d0400_dynwd05__seed_042.log,True,0.0,True,sqa,tie,skipped,tie
baseline_warm_start,SQA with Dijkstra warm start,sqa,d0400_dynwd05,d0400,400,399.89096238073773,24,318,dynwd05,weekday,05,1,43,200,32,20,30.597,True,911.886,703.126,True,911.886,703.126,16,True,0.0,,,,,,/Users/tsun-yuanku/local/qa_course_platform_github_pages/SQA_Algorithm/outputs/path_routing/benchmarks/formal_modes_suite_01/runs/baseline_warm_start/d0400_dynwd05/seed_043,/Users/tsun-yuanku/local/qa_course_platform_github_pages/SQA_Algorithm/outputs/path_routing/benchmarks/formal_modes_suite_01/logs/baseline_warm_start/d0400_dynwd05__seed_043.log,True,0.0,True,sqa,tie,skipped,tie
baseline_warm_start,SQA with Dijkstra warm start,sqa,d0400_dynwd05,d0400,400,399.89096238073773,24,318,dynwd05,weekday,05,2,44,200,32,20,31.323,True,911.886,703.126,True,911.886,703.126,14,True,0.0,,,,,,/Users/tsun-yuanku/local/qa_course_platform_github_pages/SQA_Algorithm/outputs/path_routing/benchmarks/formal_modes_suite_01/runs/baseline_warm_start/d0400_dynwd05/seed_044,/Users/tsun-yuanku/local/qa_course_platform_github_pages/SQA_Algorithm/outputs/path_routing/benchmarks/formal_modes_suite_01/logs/baseline_warm_start/d0400_dynwd05__seed_044.log,True,0.0,True,sqa,tie,skipped,tie
baseline_warm_start,SQA with Dijkstra warm start,sqa,d0400_dynwd05,d0400,400,399.89096238073773,24,318,dynwd05,weekday,05,3,45,200,32,20,30.828,True,911.886,703.126,True,911.886,703.126,14,True,0.0,,,,,,/Users/tsun-yuanku/local/qa_course_platform_github_pages/SQA_Algorithm/outputs/path_routing/benchmarks/formal_modes_suite_01/runs/baseline_warm_start/d0400_dynwd05/seed_045,/Users/tsun-yuanku/local/qa_course_platform_github_pages/SQA_Algorithm/outputs/path_routing/benchmarks/formal_modes_suite_01/logs/baseline_warm_start/d0400_dynwd05__seed_045.log,True,0.0,True,sqa,tie,skipped,tie
baseline_warm_start,SQA with Dijkstra warm start,sqa,d0400_dynwd05,d0400,400,399.89096238073773,24,318,dynwd05,weekday,05,4,46,200,32,20,31.1,True,911.886,703.126,True,911.886,703.126,14,True,0.0,,,,,,/Users/tsun-yuanku/local/qa_course_platform_github_pages/SQA_Algorithm/outputs/path_routing/benchmarks/formal_modes_suite_01/runs/baseline_warm_start/d0400_dynwd05/seed_046,/Users/tsun-yuanku/local/qa_course_platform_github_pages/SQA_Algorithm/outputs/path_routing/benchmarks/formal_modes_suite_01/logs/baseline_warm_start/d0400_dynwd05__seed_046.log,True,0.0,True,sqa,tie,skipped,tie
baseline_warm_start,SQA with Dijkstra warm start,sqa,d0400_dynwd08,d0400,400,399.89096238073773,24,318,dynwd08,weekday,08,0,42,200,32,20,30.876,True,904.673,703.448,True,904.673,703.448,16,True,0.0,,,,,,/Users/tsun-yuanku/local/qa_course_platform_github_pages/SQA_Algorithm/outputs/path_routing/benchmarks/formal_modes_suite_01/runs/baseline_warm_start/d0400_dynwd08/seed_042,/Users/tsun-yuanku/local/qa_course_platform_github_pages/SQA_Algorithm/outputs/path_routing/benchmarks/formal_modes_suite_01/logs/baseline_warm_start/d0400_dynwd08__seed_042.log,True,0.0,True,sqa,tie,skipped,tie
baseline_warm_start,SQA with Dijkstra warm start,sqa,d0400_dynwd08,d0400,400,399.89096238073773,24,318,dynwd08,weekday,08,1,43,200,32,20,34.9,True,904.673,703.448,True,904.673,703.448,14,True,0.0,,,,,,/Users/tsun-yuanku/local/qa_course_platform_github_pages/SQA_Algorithm/outputs/path_routing/benchmarks/formal_modes_suite_01/runs/baseline_warm_start/d0400_dynwd08/seed_043,/Users/tsun-yuanku/local/qa_course_platform_github_pages/SQA_Algorithm/outputs/path_routing/benchmarks/formal_modes_suite_01/logs/baseline_warm_start/d0400_dynwd08__seed_043.log,True,0.0,True,sqa,tie,skipped,tie
baseline_warm_start,SQA with Dijkstra warm start,sqa,d0400_dynwd08,d0400,400,399.89096238073773,24,318,dynwd08,weekday,08,2,44,200,32,20,34.989,True,904.673,703.448,True,904.673,703.448,14,True,0.0,,,,,,/Users/tsun-yuanku/local/qa_course_platform_github_pages/SQA_Algorithm/outputs/path_routing/benchmarks/formal_modes_suite_01/runs/baseline_warm_start/d0400_dynwd08/seed_044,/Users/tsun-yuanku/local/qa_course_platform_github_pages/SQA_Algorithm/outputs/path_routing/benchmarks/formal_modes_suite_01/logs/baseline_warm_start/d0400_dynwd08__seed_044.log,True,0.0,True,sqa,tie,skipped,tie
baseline_warm_start,SQA with Dijkstra warm start,sqa,d0400_dynwd08,d0400,400,399.89096238073773,24,318,dynwd08,weekday,08,3,45,200,32,20,35.319,True,904.673,703.448,True,904.673,703.448,14,True,0.0,,,,,,/Users/tsun-yuanku/local/qa_course_platform_github_pages/SQA_Algorithm/outputs/path_routing/benchmarks/formal_modes_suite_01/runs/baseline_warm_start/d0400_dynwd08/seed_045,/Users/tsun-yuanku/local/qa_course_platform_github_pages/SQA_Algorithm/outputs/path_routing/benchmarks/formal_modes_suite_01/logs/baseline_warm_start/d0400_dynwd08__seed_045.log,True,0.0,True,sqa,tie,skipped,tie
baseline_warm_start,SQA with Dijkstra warm start,sqa,d0400_dynwd08,d0400,400,399.89096238073773,24,318,dynwd08,weekday,08,4,46,200,32,20,35.099,True,904.673,703.448,True,904.673,703.448,14,True,0.0,,,,,,/Users/tsun-yuanku/local/qa_course_platform_github_pages/SQA_Algorithm/outputs/path_routing/benchmarks/formal_modes_suite_01/runs/baseline_warm_start/d0400_dynwd08/seed_046,/Users/tsun-yuanku/local/qa_course_platform_github_pages/SQA_Algorithm/outputs/path_routing/benchmarks/formal_modes_suite_01/logs/baseline_warm_start/d0400_dynwd08__seed_046.log,True,0.0,True,sqa,tie,skipped,tie
baseline_warm_start,SQA with Dijkstra warm start,sqa,d0400_dynwd12,d0400,400,399.89096238073773,24,318,dynwd12,weekday,12,0,42,200,32,20,35.361,True,904.131,703.126,True,904.131,703.126,14,True,0.0,,,,,,/Users/tsun-yuanku/local/qa_course_platform_github_pages/SQA_Algorithm/outputs/path_routing/benchmarks/formal_modes_suite_01/runs/baseline_warm_start/d0400_dynwd12/seed_042,/Users/tsun-yuanku/local/qa_course_platform_github_pages/SQA_Algorithm/outputs/path_routing/benchmarks/formal_modes_suite_01/logs/baseline_warm_start/d0400_dynwd12__seed_042.log,True,0.0,True,sqa,tie,skipped,tie
baseline_warm_start,SQA with Dijkstra warm start,sqa,d0400_dynwd12,d0400,400,399.89096238073773,24,318,dynwd12,weekday,12,1,43,200,32,20,35.438,True,904.131,703.126,True,904.131,703.126,16,True,0.0,,,,,,/Users/tsun-yuanku/local/qa_course_platform_github_pages/SQA_Algorithm/outputs/path_routing/benchmarks/formal_modes_suite_01/runs/baseline_warm_start/d0400_dynwd12/seed_043,/Users/tsun-yuanku/local/qa_course_platform_github_pages/SQA_Algorithm/outputs/path_routing/benchmarks/formal_modes_suite_01/logs/baseline_warm_start/d0400_dynwd12__seed_043.log,True,0.0,True,sqa,tie,skipped,tie
baseline_warm_start,SQA with Dijkstra warm start,sqa,d0400_dynwd12,d0400,400,399.89096238073773,24,318,dynwd12,weekday,12,2,44,200,32,20,39.177,True,904.131,703.126,True,904.131,703.126,14,True,0.0,,,,,,/Users/tsun-yuanku/local/qa_course_platform_github_pages/SQA_Algorithm/outputs/path_routing/benchmarks/formal_modes_suite_01/runs/baseline_warm_start/d0400_dynwd12/seed_044,/Users/tsun-yuanku/local/qa_course_platform_github_pages/SQA_Algorithm/outputs/path_routing/benchmarks/formal_modes_suite_01/logs/baseline_warm_start/d0400_dynwd12__seed_044.log,True,0.0,True,sqa,tie,skipped,tie
baseline_warm_start,SQA with Dijkstra warm start,sqa,d0400_dynwd12,d0400,400,399.89096238073773,24,318,dynwd12,weekday,12,3,45,200,32,20,38.869,True,904.131,703.126,True,904.131,703.126,14,True,0.0,,,,,,/Users/tsun-yuanku/local/qa_course_platform_github_pages/SQA_Algorithm/outputs/path_routing/benchmarks/formal_modes_suite_01/runs/baseline_warm_start/d0400_dynwd12/seed_045,/Users/tsun-yuanku/local/qa_course_platform_github_pages/SQA_Algorithm/outputs/path_routing/benchmarks/formal_modes_suite_01/logs/baseline_warm_start/d0400_dynwd12__seed_045.log,True,0.0,True,sqa,tie,skipped,tie
baseline_warm_start,SQA with Dijkstra warm start,sqa,d0400_dynwd12,d0400,400,399.89096238073773,24,318,dynwd12,weekday,12,4,46,200,32,20,38.323,True,904.131,703.126,True,904.131,703.126,14,True,0.0,,,,,,/Users/tsun-yuanku/local/qa_course_platform_github_pages/SQA_Algorithm/outputs/path_routing/benchmarks/formal_modes_suite_01/runs/baseline_warm_start/d0400_dynwd12/seed_046,/Users/tsun-yuanku/local/qa_course_platform_github_pages/SQA_Algorithm/outputs/path_routing/benchmarks/formal_modes_suite_01/logs/baseline_warm_start/d0400_dynwd12__seed_046.log,True,0.0,True,sqa,tie,skipped,tie
baseline_warm_start,SQA with Dijkstra warm start,sqa,d0400_dynwd17,d0400,400,399.89096238073773,24,318,dynwd17,weekday,17,0,42,200,32,20,38.871,True,905.131,703.126,True,905.131,703.126,14,True,0.0,,,,,,/Users/tsun-yuanku/local/qa_course_platform_github_pages/SQA_Algorithm/outputs/path_routing/benchmarks/formal_modes_suite_01/runs/baseline_warm_start/d0400_dynwd17/seed_042,/Users/tsun-yuanku/local/qa_course_platform_github_pages/SQA_Algorithm/outputs/path_routing/benchmarks/formal_modes_suite_01/logs/baseline_warm_start/d0400_dynwd17__seed_042.log,True,0.0,True,sqa,tie,skipped,tie
baseline_warm_start,SQA with Dijkstra warm start,sqa,d0400_dynwd17,d0400,400,399.89096238073773,24,318,dynwd17,weekday,17,1,43,200,32,20,39.019,True,905.131,703.126,True,905.131,703.126,16,True,0.0,,,,,,/Users/tsun-yuanku/local/qa_course_platform_github_pages/SQA_Algorithm/outputs/path_routing/benchmarks/formal_modes_suite_01/runs/baseline_warm_start/d0400_dynwd17/seed_043,/Users/tsun-yuanku/local/qa_course_platform_github_pages/SQA_Algorithm/outputs/path_routing/benchmarks/formal_modes_suite_01/logs/baseline_warm_start/d0400_dynwd17__seed_043.log,True,0.0,True,sqa,tie,skipped,tie
baseline_warm_start,SQA with Dijkstra warm start,sqa,d0400_dynwd17,d0400,400,399.89096238073773,24,318,dynwd17,weekday,17,2,44,200,32,20,39.037,True,905.131,703.126,True,905.131,703.126,14,True,0.0,,,,,,/Users/tsun-yuanku/local/qa_course_platform_github_pages/SQA_Algorithm/outputs/path_routing/benchmarks/formal_modes_suite_01/runs/baseline_warm_start/d0400_dynwd17/seed_044,/Users/tsun-yuanku/local/qa_course_platform_github_pages/SQA_Algorithm/outputs/path_routing/benchmarks/formal_modes_suite_01/logs/baseline_warm_start/d0400_dynwd17__seed_044.log,True,0.0,True,sqa,tie,skipped,tie
baseline_warm_start,SQA with Dijkstra warm start,sqa,d0400_dynwd17,d0400,400,399.89096238073773,24,318,dynwd17,weekday,17,3,45,200,32,20,38.114,True,905.131,703.126,True,905.131,703.126,14,True,0.0,,,,,,/Users/tsun-yuanku/local/qa_course_platform_github_pages/SQA_Algorithm/outputs/path_routing/benchmarks/formal_modes_suite_01/runs/baseline_warm_start/d0400_dynwd17/seed_045,/Users/tsun-yuanku/local/qa_course_platform_github_pages/SQA_Algorithm/outputs/path_routing/benchmarks/formal_modes_suite_01/logs/baseline_warm_start/d0400_dynwd17__seed_045.log,True,0.0,True,sqa,tie,skipped,tie
baseline_warm_start,SQA with Dijkstra warm start,sqa,d0400_dynwd17,d0400,400,399.89096238073773,24,318,dynwd17,weekday,17,4,46,200,32,20,37.918,True,905.131,703.126,True,905.131,703.126,14,True,0.0,,,,,,/Users/tsun-yuanku/local/qa_course_platform_github_pages/SQA_Algorithm/outputs/path_routing/benchmarks/formal_modes_suite_01/runs/baseline_warm_start/d0400_dynwd17/seed_046,/Users/tsun-yuanku/local/qa_course_platform_github_pages/SQA_Algorithm/outputs/path_routing/benchmarks/formal_modes_suite_01/logs/baseline_warm_start/d0400_dynwd17__seed_046.log,True,0.0,True,sqa,tie,skipped,tie
baseline_warm_start,SQA with Dijkstra warm start,sqa,d0400_dynwd21,d0400,400,399.89096238073773,24,318,dynwd21,weekday,21,0,42,200,32,20,37.802,True,911.886,703.126,True,911.886,703.126,14,True,0.0,,,,,,/Users/tsun-yuanku/local/qa_course_platform_github_pages/SQA_Algorithm/outputs/path_routing/benchmarks/formal_modes_suite_01/runs/baseline_warm_start/d0400_dynwd21/seed_042,/Users/tsun-yuanku/local/qa_course_platform_github_pages/SQA_Algorithm/outputs/path_routing/benchmarks/formal_modes_suite_01/logs/baseline_warm_start/d0400_dynwd21__seed_042.log,True,0.0,True,sqa,tie,skipped,tie
baseline_warm_start,SQA with Dijkstra warm start,sqa,d0400_dynwd21,d0400,400,399.89096238073773,24,318,dynwd21,weekday,21,1,43,200,32,20,37.152,True,911.886,703.126,True,911.886,703.126,16,True,0.0,,,,,,/Users/tsun-yuanku/local/qa_course_platform_github_pages/SQA_Algorithm/outputs/path_routing/benchmarks/formal_modes_suite_01/runs/baseline_warm_start/d0400_dynwd21/seed_043,/Users/tsun-yuanku/local/qa_course_platform_github_pages/SQA_Algorithm/outputs/path_routing/benchmarks/formal_modes_suite_01/logs/baseline_warm_start/d0400_dynwd21__seed_043.log,True,0.0,True,sqa,tie,skipped,tie
baseline_warm_start,SQA with Dijkstra warm start,sqa,d0400_dynwd21,d0400,400,399.89096238073773,24,318,dynwd21,weekday,21,2,44,200,32,20,37.314,True,911.886,703.126,True,911.886,703.126,14,True,0.0,,,,,,/Users/tsun-yuanku/local/qa_course_platform_github_pages/SQA_Algorithm/outputs/path_routing/benchmarks/formal_modes_suite_01/runs/baseline_warm_start/d0400_dynwd21/seed_044,/Users/tsun-yuanku/local/qa_course_platform_github_pages/SQA_Algorithm/outputs/path_routing/benchmarks/formal_modes_suite_01/logs/baseline_warm_start/d0400_dynwd21__seed_044.log,True,0.0,True,sqa,tie,skipped,tie
baseline_warm_start,SQA with Dijkstra warm start,sqa,d0400_dynwd21,d0400,400,399.89096238073773,24,318,dynwd21,weekday,21,3,45,200,32,20,37.01,True,911.886,703.126,True,911.886,703.126,14,True,0.0,,,,,,/Users/tsun-yuanku/local/qa_course_platform_github_pages/SQA_Algorithm/outputs/path_routing/benchmarks/formal_modes_suite_01/runs/baseline_warm_start/d0400_dynwd21/seed_045,/Users/tsun-yuanku/local/qa_course_platform_github_pages/SQA_Algorithm/outputs/path_routing/benchmarks/formal_modes_suite_01/logs/baseline_warm_start/d0400_dynwd21__seed_045.log,True,0.0,True,sqa,tie,skipped,tie
baseline_warm_start,SQA with Dijkstra warm start,sqa,d0400_dynwd21,d0400,400,399.89096238073773,24,318,dynwd21,weekday,21,4,46,200,32,20,31.992,True,911.886,703.126,True,911.886,703.126,14,True,0.0,,,,,,/Users/tsun-yuanku/local/qa_course_platform_github_pages/SQA_Algorithm/outputs/path_routing/benchmarks/formal_modes_suite_01/runs/baseline_warm_start/d0400_dynwd21/seed_046,/Users/tsun-yuanku/local/qa_course_platform_github_pages/SQA_Algorithm/outputs/path_routing/benchmarks/formal_modes_suite_01/logs/baseline_warm_start/d0400_dynwd21__seed_046.log,True,0.0,True,sqa,tie,skipped,tie
baseline_warm_start,SQA with Dijkstra warm start,sqa,d0400_dynwe05,d0400,400,399.89096238073773,24,318,dynwe05,weekend,05,0,42,200,32,20,31.997,True,911.886,703.126,True,911.886,703.126,14,True,0.0,,,,,,/Users/tsun-yuanku/local/qa_course_platform_github_pages/SQA_Algorithm/outputs/path_routing/benchmarks/formal_modes_suite_01/runs/baseline_warm_start/d0400_dynwe05/seed_042,/Users/tsun-yuanku/local/qa_course_platform_github_pages/SQA_Algorithm/outputs/path_routing/benchmarks/formal_modes_suite_01/logs/baseline_warm_start/d0400_dynwe05__seed_042.log,True,0.0,True,sqa,tie,skipped,tie
baseline_warm_start,SQA with Dijkstra warm start,sqa,d0400_dynwe05,d0400,400,399.89096238073773,24,318,dynwe05,weekend,05,1,43,200,32,20,31.651,True,911.886,703.126,True,911.886,703.126,16,True,0.0,,,,,,/Users/tsun-yuanku/local/qa_course_platform_github_pages/SQA_Algorithm/outputs/path_routing/benchmarks/formal_modes_suite_01/runs/baseline_warm_start/d0400_dynwe05/seed_043,/Users/tsun-yuanku/local/qa_course_platform_github_pages/SQA_Algorithm/outputs/path_routing/benchmarks/formal_modes_suite_01/logs/baseline_warm_start/d0400_dynwe05__seed_043.log,True,0.0,True,sqa,tie,skipped,tie
baseline_warm_start,SQA with Dijkstra warm start,sqa,d0400_dynwe05,d0400,400,399.89096238073773,24,318,dynwe05,weekend,05,2,44,200,32,20,31.757,True,911.886,703.126,True,911.886,703.126,14,True,0.0,,,,,,/Users/tsun-yuanku/local/qa_course_platform_github_pages/SQA_Algorithm/outputs/path_routing/benchmarks/formal_modes_suite_01/runs/baseline_warm_start/d0400_dynwe05/seed_044,/Users/tsun-yuanku/local/qa_course_platform_github_pages/SQA_Algorithm/outputs/path_routing/benchmarks/formal_modes_suite_01/logs/baseline_warm_start/d0400_dynwe05__seed_044.log,True,0.0,True,sqa,tie,skipped,tie
baseline_warm_start,SQA with Dijkstra warm start,sqa,d0400_dynwe05,d0400,400,399.89096238073773,24,318,dynwe05,weekend,05,3,45,200,32,20,31.438,True,911.886,703.126,True,911.886,703.126,14,True,0.0,,,,,,/Users/tsun-yuanku/local/qa_course_platform_github_pages/SQA_Algorithm/outputs/path_routing/benchmarks/formal_modes_suite_01/runs/baseline_warm_start/d0400_dynwe05/seed_045,/Users/tsun-yuanku/local/qa_course_platform_github_pages/SQA_Algorithm/outputs/path_routing/benchmarks/formal_modes_suite_01/logs/baseline_warm_start/d0400_dynwe05__seed_045.log,True,0.0,True,sqa,tie,skipped,tie
baseline_warm_start,SQA with Dijkstra warm start,sqa,d0400_dynwe05,d0400,400,399.89096238073773,24,318,dynwe05,weekend,05,4,46,200,32,20,31.038,True,911.886,703.126,True,911.886,703.126,14,True,0.0,,,,,,/Users/tsun-yuanku/local/qa_course_platform_github_pages/SQA_Algorithm/outputs/path_routing/benchmarks/formal_modes_suite_01/runs/baseline_warm_start/d0400_dynwe05/seed_046,/Users/tsun-yuanku/local/qa_course_platform_github_pages/SQA_Algorithm/outputs/path_routing/benchmarks/formal_modes_suite_01/logs/baseline_warm_start/d0400_dynwe05__seed_046.log,True,0.0,True,sqa,tie,skipped,tie
baseline_warm_start,SQA with Dijkstra warm start,sqa,d0400_dynwe08,d0400,400,399.89096238073773,24,318,dynwe08,weekend,08,0,42,200,32,20,32.002,True,909.673,703.448,True,909.673,703.448,16,True,0.0,,,,,,/Users/tsun-yuanku/local/qa_course_platform_github_pages/SQA_Algorithm/outputs/path_routing/benchmarks/formal_modes_suite_01/runs/baseline_warm_start/d0400_dynwe08/seed_042,/Users/tsun-yuanku/local/qa_course_platform_github_pages/SQA_Algorithm/outputs/path_routing/benchmarks/formal_modes_suite_01/logs/baseline_warm_start/d0400_dynwe08__seed_042.log,True,0.0,True,sqa,tie,skipped,tie
baseline_warm_start,SQA with Dijkstra warm start,sqa,d0400_dynwe08,d0400,400,399.89096238073773,24,318,dynwe08,weekend,08,1,43,200,32,20,31.858,True,909.673,703.448,True,909.673,703.448,14,True,0.0,,,,,,/Users/tsun-yuanku/local/qa_course_platform_github_pages/SQA_Algorithm/outputs/path_routing/benchmarks/formal_modes_suite_01/runs/baseline_warm_start/d0400_dynwe08/seed_043,/Users/tsun-yuanku/local/qa_course_platform_github_pages/SQA_Algorithm/outputs/path_routing/benchmarks/formal_modes_suite_01/logs/baseline_warm_start/d0400_dynwe08__seed_043.log,True,0.0,True,sqa,tie,skipped,tie
baseline_warm_start,SQA with Dijkstra warm start,sqa,d0400_dynwe08,d0400,400,399.89096238073773,24,318,dynwe08,weekend,08,2,44,200,32,20,31.816,True,909.673,703.448,True,909.673,703.448,14,True,0.0,,,,,,/Users/tsun-yuanku/local/qa_course_platform_github_pages/SQA_Algorithm/outputs/path_routing/benchmarks/formal_modes_suite_01/runs/baseline_warm_start/d0400_dynwe08/seed_044,/Users/tsun-yuanku/local/qa_course_platform_github_pages/SQA_Algorithm/outputs/path_routing/benchmarks/formal_modes_suite_01/logs/baseline_warm_start/d0400_dynwe08__seed_044.log,True,0.0,True,sqa,tie,skipped,tie
baseline_warm_start,SQA with Dijkstra warm start,sqa,d0400_dynwe08,d0400,400,399.89096238073773,24,318,dynwe08,weekend,08,3,45,200,32,20,32.191,True,909.673,703.448,True,909.673,703.448,14,True,0.0,,,,,,/Users/tsun-yuanku/local/qa_course_platform_github_pages/SQA_Algorithm/outputs/path_routing/benchmarks/formal_modes_suite_01/runs/baseline_warm_start/d0400_dynwe08/seed_045,/Users/tsun-yuanku/local/qa_course_platform_github_pages/SQA_Algorithm/outputs/path_routing/benchmarks/formal_modes_suite_01/logs/baseline_warm_start/d0400_dynwe08__seed_045.log,True,0.0,True,sqa,tie,skipped,tie
baseline_warm_start,SQA with Dijkstra warm start,sqa,d0400_dynwe08,d0400,400,399.89096238073773,24,318,dynwe08,weekend,08,4,46,200,32,20,32.166,True,909.673,703.448,True,909.673,703.448,14,True,0.0,,,,,,/Users/tsun-yuanku/local/qa_course_platform_github_pages/SQA_Algorithm/outputs/path_routing/benchmarks/formal_modes_suite_01/runs/baseline_warm_start/d0400_dynwe08/seed_046,/Users/tsun-yuanku/local/qa_course_platform_github_pages/SQA_Algorithm/outputs/path_routing/benchmarks/formal_modes_suite_01/logs/baseline_warm_start/d0400_dynwe08__seed_046.log,True,0.0,True,sqa,tie,skipped,tie
baseline_warm_start,SQA with Dijkstra warm start,sqa,d0400_dynwe12,d0400,400,399.89096238073773,24,318,dynwe12,weekend,12,0,42,200,32,20,32.116,True,906.131,703.126,True,906.131,703.126,14,True,0.0,,,,,,/Users/tsun-yuanku/local/qa_course_platform_github_pages/SQA_Algorithm/outputs/path_routing/benchmarks/formal_modes_suite_01/runs/baseline_warm_start/d0400_dynwe12/seed_042,/Users/tsun-yuanku/local/qa_course_platform_github_pages/SQA_Algorithm/outputs/path_routing/benchmarks/formal_modes_suite_01/logs/baseline_warm_start/d0400_dynwe12__seed_042.log,True,0.0,True,sqa,tie,skipped,tie
baseline_warm_start,SQA with Dijkstra warm start,sqa,d0400_dynwe12,d0400,400,399.89096238073773,24,318,dynwe12,weekend,12,1,43,200,32,20,35.204,True,906.131,703.126,True,906.131,703.126,16,True,0.0,,,,,,/Users/tsun-yuanku/local/qa_course_platform_github_pages/SQA_Algorithm/outputs/path_routing/benchmarks/formal_modes_suite_01/runs/baseline_warm_start/d0400_dynwe12/seed_043,/Users/tsun-yuanku/local/qa_course_platform_github_pages/SQA_Algorithm/outputs/path_routing/benchmarks/formal_modes_suite_01/logs/baseline_warm_start/d0400_dynwe12__seed_043.log,True,0.0,True,sqa,tie,skipped,tie
baseline_warm_start,SQA with Dijkstra warm start,sqa,d0400_dynwe12,d0400,400,399.89096238073773,24,318,dynwe12,weekend,12,2,44,200,32,20,35.419,True,906.131,703.126,True,906.131,703.126,14,True,0.0,,,,,,/Users/tsun-yuanku/local/qa_course_platform_github_pages/SQA_Algorithm/outputs/path_routing/benchmarks/formal_modes_suite_01/runs/baseline_warm_start/d0400_dynwe12/seed_044,/Users/tsun-yuanku/local/qa_course_platform_github_pages/SQA_Algorithm/outputs/path_routing/benchmarks/formal_modes_suite_01/logs/baseline_warm_start/d0400_dynwe12__seed_044.log,True,0.0,True,sqa,tie,skipped,tie
baseline_warm_start,SQA with Dijkstra warm start,sqa,d0400_dynwe12,d0400,400,399.89096238073773,24,318,dynwe12,weekend,12,3,45,200,32,20,35.081,True,906.131,703.126,True,906.131,703.126,14,True,0.0,,,,,,/Users/tsun-yuanku/local/qa_course_platform_github_pages/SQA_Algorithm/outputs/path_routing/benchmarks/formal_modes_suite_01/runs/baseline_warm_start/d0400_dynwe12/seed_045,/Users/tsun-yuanku/local/qa_course_platform_github_pages/SQA_Algorithm/outputs/path_routing/benchmarks/formal_modes_suite_01/logs/baseline_warm_start/d0400_dynwe12__seed_045.log,True,0.0,True,sqa,tie,skipped,tie
baseline_warm_start,SQA with Dijkstra warm start,sqa,d0400_dynwe12,d0400,400,399.89096238073773,24,318,dynwe12,weekend,12,4,46,200,32,20,35.011,True,906.131,703.126,True,906.131,703.126,14,True,0.0,,,,,,/Users/tsun-yuanku/local/qa_course_platform_github_pages/SQA_Algorithm/outputs/path_routing/benchmarks/formal_modes_suite_01/runs/baseline_warm_start/d0400_dynwe12/seed_046,/Users/tsun-yuanku/local/qa_course_platform_github_pages/SQA_Algorithm/outputs/path_routing/benchmarks/formal_modes_suite_01/logs/baseline_warm_start/d0400_dynwe12__seed_046.log,True,0.0,True,sqa,tie,skipped,tie
baseline_warm_start,SQA with Dijkstra warm start,sqa,d0400_dynwe17,d0400,400,399.89096238073773,24,318,dynwe17,weekend,17,0,42,200,32,20,35.266,True,908.881,703.126,True,908.881,703.126,14,True,0.0,,,,,,/Users/tsun-yuanku/local/qa_course_platform_github_pages/SQA_Algorithm/outputs/path_routing/benchmarks/formal_modes_suite_01/runs/baseline_warm_start/d0400_dynwe17/seed_042,/Users/tsun-yuanku/local/qa_course_platform_github_pages/SQA_Algorithm/outputs/path_routing/benchmarks/formal_modes_suite_01/logs/baseline_warm_start/d0400_dynwe17__seed_042.log,True,0.0,True,sqa,tie,skipped,tie
baseline_warm_start,SQA with Dijkstra warm start,sqa,d0400_dynwe17,d0400,400,399.89096238073773,24,318,dynwe17,weekend,17,1,43,200,32,20,34.922,True,908.881,703.126,True,908.881,703.126,16,True,0.0,,,,,,/Users/tsun-yuanku/local/qa_course_platform_github_pages/SQA_Algorithm/outputs/path_routing/benchmarks/formal_modes_suite_01/runs/baseline_warm_start/d0400_dynwe17/seed_043,/Users/tsun-yuanku/local/qa_course_platform_github_pages/SQA_Algorithm/outputs/path_routing/benchmarks/formal_modes_suite_01/logs/baseline_warm_start/d0400_dynwe17__seed_043.log,True,0.0,True,sqa,tie,skipped,tie
baseline_warm_start,SQA with Dijkstra warm start,sqa,d0400_dynwe17,d0400,400,399.89096238073773,24,318,dynwe17,weekend,17,2,44,200,32,20,32.264,True,908.881,703.126,True,908.881,703.126,14,True,0.0,,,,,,/Users/tsun-yuanku/local/qa_course_platform_github_pages/SQA_Algorithm/outputs/path_routing/benchmarks/formal_modes_suite_01/runs/baseline_warm_start/d0400_dynwe17/seed_044,/Users/tsun-yuanku/local/qa_course_platform_github_pages/SQA_Algorithm/outputs/path_routing/benchmarks/formal_modes_suite_01/logs/baseline_warm_start/d0400_dynwe17__seed_044.log,True,0.0,True,sqa,tie,skipped,tie
baseline_warm_start,SQA with Dijkstra warm start,sqa,d0400_dynwe17,d0400,400,399.89096238073773,24,318,dynwe17,weekend,17,3,45,200,32,20,32.196,True,908.881,703.126,True,908.881,703.126,14,True,0.0,,,,,,/Users/tsun-yuanku/local/qa_course_platform_github_pages/SQA_Algorithm/outputs/path_routing/benchmarks/formal_modes_suite_01/runs/baseline_warm_start/d0400_dynwe17/seed_045,/Users/tsun-yuanku/local/qa_course_platform_github_pages/SQA_Algorithm/outputs/path_routing/benchmarks/formal_modes_suite_01/logs/baseline_warm_start/d0400_dynwe17__seed_045.log,True,0.0,True,sqa,tie,skipped,tie
baseline_warm_start,SQA with Dijkstra warm start,sqa,d0400_dynwe17,d0400,400,399.89096238073773,24,318,dynwe17,weekend,17,4,46,200,32,20,32.295,True,908.881,703.126,True,908.881,703.126,14,True,0.0,,,,,,/Users/tsun-yuanku/local/qa_course_platform_github_pages/SQA_Algorithm/outputs/path_routing/benchmarks/formal_modes_suite_01/runs/baseline_warm_start/d0400_dynwe17/seed_046,/Users/tsun-yuanku/local/qa_course_platform_github_pages/SQA_Algorithm/outputs/path_routing/benchmarks/formal_modes_suite_01/logs/baseline_warm_start/d0400_dynwe17__seed_046.log,True,0.0,True,sqa,tie,skipped,tie
baseline_warm_start,SQA with Dijkstra warm start,sqa,d0400_dynwe21,d0400,400,399.89096238073773,24,318,dynwe21,weekend,21,0,42,200,32,20,32.231,True,911.886,703.126,True,911.886,703.126,14,True,0.0,,,,,,/Users/tsun-yuanku/local/qa_course_platform_github_pages/SQA_Algorithm/outputs/path_routing/benchmarks/formal_modes_suite_01/runs/baseline_warm_start/d0400_dynwe21/seed_042,/Users/tsun-yuanku/local/qa_course_platform_github_pages/SQA_Algorithm/outputs/path_routing/benchmarks/formal_modes_suite_01/logs/baseline_warm_start/d0400_dynwe21__seed_042.log,True,0.0,True,sqa,tie,skipped,tie
baseline_warm_start,SQA with Dijkstra warm start,sqa,d0400_dynwe21,d0400,400,399.89096238073773,24,318,dynwe21,weekend,21,1,43,200,32,20,32.258,True,911.886,703.126,True,911.886,703.126,16,True,0.0,,,,,,/Users/tsun-yuanku/local/qa_course_platform_github_pages/SQA_Algorithm/outputs/path_routing/benchmarks/formal_modes_suite_01/runs/baseline_warm_start/d0400_dynwe21/seed_043,/Users/tsun-yuanku/local/qa_course_platform_github_pages/SQA_Algorithm/outputs/path_routing/benchmarks/formal_modes_suite_01/logs/baseline_warm_start/d0400_dynwe21__seed_043.log,True,0.0,True,sqa,tie,skipped,tie
baseline_warm_start,SQA with Dijkstra warm start,sqa,d0400_dynwe21,d0400,400,399.89096238073773,24,318,dynwe21,weekend,21,2,44,200,32,20,32.505,True,911.886,703.126,True,911.886,703.126,14,True,0.0,,,,,,/Users/tsun-yuanku/local/qa_course_platform_github_pages/SQA_Algorithm/outputs/path_routing/benchmarks/formal_modes_suite_01/runs/baseline_warm_start/d0400_dynwe21/seed_044,/Users/tsun-yuanku/local/qa_course_platform_github_pages/SQA_Algorithm/outputs/path_routing/benchmarks/formal_modes_suite_01/logs/baseline_warm_start/d0400_dynwe21__seed_044.log,True,0.0,True,sqa,tie,skipped,tie
baseline_warm_start,SQA with Dijkstra warm start,sqa,d0400_dynwe21,d0400,400,399.89096238073773,24,318,dynwe21,weekend,21,3,45,200,32,20,31.491,True,911.886,703.126,True,911.886,703.126,14,True,0.0,,,,,,/Users/tsun-yuanku/local/qa_course_platform_github_pages/SQA_Algorithm/outputs/path_routing/benchmarks/formal_modes_suite_01/runs/baseline_warm_start/d0400_dynwe21/seed_045,/Users/tsun-yuanku/local/qa_course_platform_github_pages/SQA_Algorithm/outputs/path_routing/benchmarks/formal_modes_suite_01/logs/baseline_warm_start/d0400_dynwe21__seed_045.log,True,0.0,True,sqa,tie,skipped,tie
baseline_warm_start,SQA with Dijkstra warm start,sqa,d0400_dynwe21,d0400,400,399.89096238073773,24,318,dynwe21,weekend,21,4,46,200,32,20,31.325,True,911.886,703.126,True,911.886,703.126,14,True,0.0,,,,,,/Users/tsun-yuanku/local/qa_course_platform_github_pages/SQA_Algorithm/outputs/path_routing/benchmarks/formal_modes_suite_01/runs/baseline_warm_start/d0400_dynwe21/seed_046,/Users/tsun-yuanku/local/qa_course_platform_github_pages/SQA_Algorithm/outputs/path_routing/benchmarks/formal_modes_suite_01/logs/baseline_warm_start/d0400_dynwe21__seed_046.log,True,0.0,True,sqa,tie,skipped,tie
baseline_warm_start,SQA with Dijkstra warm start,sqa,d0800_dynwd05,d0800,800,799.1359807833297,179,246,dynwd05,weekday,05,0,42,200,32,20,31.467,True,1432.669,1136.8139999999999,True,1432.669,1136.8139999999999,20,True,0.0,,,,,,/Users/tsun-yuanku/local/qa_course_platform_github_pages/SQA_Algorithm/outputs/path_routing/benchmarks/formal_modes_suite_01/runs/baseline_warm_start/d0800_dynwd05/seed_042,/Users/tsun-yuanku/local/qa_course_platform_github_pages/SQA_Algorithm/outputs/path_routing/benchmarks/formal_modes_suite_01/logs/baseline_warm_start/d0800_dynwd05__seed_042.log,True,0.0,True,sqa,tie,skipped,tie
baseline_warm_start,SQA with Dijkstra warm start,sqa,d0800_dynwd05,d0800,800,799.1359807833297,179,246,dynwd05,weekday,05,1,43,200,32,20,31.29,True,1432.669,1136.8139999999999,True,1432.669,1136.8139999999999,20,True,0.0,,,,,,/Users/tsun-yuanku/local/qa_course_platform_github_pages/SQA_Algorithm/outputs/path_routing/benchmarks/formal_modes_suite_01/runs/baseline_warm_start/d0800_dynwd05/seed_043,/Users/tsun-yuanku/local/qa_course_platform_github_pages/SQA_Algorithm/outputs/path_routing/benchmarks/formal_modes_suite_01/logs/baseline_warm_start/d0800_dynwd05__seed_043.log,True,0.0,True,sqa,tie,skipped,tie
baseline_warm_start,SQA with Dijkstra warm start,sqa,d0800_dynwd05,d0800,800,799.1359807833297,179,246,dynwd05,weekday,05,2,44,200,32,20,31.326,True,1432.669,1136.8139999999999,True,1432.669,1136.8139999999999,20,True,0.0,,,,,,/Users/tsun-yuanku/local/qa_course_platform_github_pages/SQA_Algorithm/outputs/path_routing/benchmarks/formal_modes_suite_01/runs/baseline_warm_start/d0800_dynwd05/seed_044,/Users/tsun-yuanku/local/qa_course_platform_github_pages/SQA_Algorithm/outputs/path_routing/benchmarks/formal_modes_suite_01/logs/baseline_warm_start/d0800_dynwd05__seed_044.log,True,0.0,True,sqa,tie,skipped,tie
baseline_warm_start,SQA with Dijkstra warm start,sqa,d0800_dynwd05,d0800,800,799.1359807833297,179,246,dynwd05,weekday,05,3,45,200,32,20,31.264,True,1432.669,1136.8139999999999,True,1432.669,1136.8139999999999,20,True,0.0,,,,,,/Users/tsun-yuanku/local/qa_course_platform_github_pages/SQA_Algorithm/outputs/path_routing/benchmarks/formal_modes_suite_01/runs/baseline_warm_start/d0800_dynwd05/seed_045,/Users/tsun-yuanku/local/qa_course_platform_github_pages/SQA_Algorithm/outputs/path_routing/benchmarks/formal_modes_suite_01/logs/baseline_warm_start/d0800_dynwd05__seed_045.log,True,0.0,True,sqa,tie,skipped,tie
baseline_warm_start,SQA with Dijkstra warm start,sqa,d0800_dynwd05,d0800,800,799.1359807833297,179,246,dynwd05,weekday,05,4,46,200,32,20,31.26,True,1432.669,1136.8139999999999,True,1432.669,1136.8139999999999,20,True,0.0,,,,,,/Users/tsun-yuanku/local/qa_course_platform_github_pages/SQA_Algorithm/outputs/path_routing/benchmarks/formal_modes_suite_01/runs/baseline_warm_start/d0800_dynwd05/seed_046,/Users/tsun-yuanku/local/qa_course_platform_github_pages/SQA_Algorithm/outputs/path_routing/benchmarks/formal_modes_suite_01/logs/baseline_warm_start/d0800_dynwd05__seed_046.log,True,0.0,True,sqa,tie,skipped,tie
baseline_warm_start,SQA with Dijkstra warm start,sqa,d0800_dynwd08,d0800,800,799.1359807833297,179,246,dynwd08,weekday,08,0,42,200,32,20,31.124,True,1421.669,1136.8139999999999,True,1421.669,1136.8139999999999,20,True,0.0,,,,,,/Users/tsun-yuanku/local/qa_course_platform_github_pages/SQA_Algorithm/outputs/path_routing/benchmarks/formal_modes_suite_01/runs/baseline_warm_start/d0800_dynwd08/seed_042,/Users/tsun-yuanku/local/qa_course_platform_github_pages/SQA_Algorithm/outputs/path_routing/benchmarks/formal_modes_suite_01/logs/baseline_warm_start/d0800_dynwd08__seed_042.log,True,0.0,True,sqa,tie,skipped,tie
baseline_warm_start,SQA with Dijkstra warm start,sqa,d0800_dynwd08,d0800,800,799.1359807833297,179,246,dynwd08,weekday,08,1,43,200,32,20,31.394,True,1421.669,1136.8139999999999,True,1421.669,1136.8139999999999,20,True,0.0,,,,,,/Users/tsun-yuanku/local/qa_course_platform_github_pages/SQA_Algorithm/outputs/path_routing/benchmarks/formal_modes_suite_01/runs/baseline_warm_start/d0800_dynwd08/seed_043,/Users/tsun-yuanku/local/qa_course_platform_github_pages/SQA_Algorithm/outputs/path_routing/benchmarks/formal_modes_suite_01/logs/baseline_warm_start/d0800_dynwd08__seed_043.log,True,0.0,True,sqa,tie,skipped,tie
baseline_warm_start,SQA with Dijkstra warm start,sqa,d0800_dynwd08,d0800,800,799.1359807833297,179,246,dynwd08,weekday,08,2,44,200,32,20,31.193,True,1421.669,1136.8139999999999,True,1421.669,1136.8139999999999,20,True,0.0,,,,,,/Users/tsun-yuanku/local/qa_course_platform_github_pages/SQA_Algorithm/outputs/path_routing/benchmarks/formal_modes_suite_01/runs/baseline_warm_start/d0800_dynwd08/seed_044,/Users/tsun-yuanku/local/qa_course_platform_github_pages/SQA_Algorithm/outputs/path_routing/benchmarks/formal_modes_suite_01/logs/baseline_warm_start/d0800_dynwd08__seed_044.log,True,0.0,True,sqa,tie,skipped,tie
baseline_warm_start,SQA with Dijkstra warm start,sqa,d0800_dynwd08,d0800,800,799.1359807833297,179,246,dynwd08,weekday,08,3,45,200,32,20,31.07,True,1421.669,1136.8139999999999,True,1421.669,1136.8139999999999,20,True,0.0,,,,,,/Users/tsun-yuanku/local/qa_course_platform_github_pages/SQA_Algorithm/outputs/path_routing/benchmarks/formal_modes_suite_01/runs/baseline_warm_start/d0800_dynwd08/seed_045,/Users/tsun-yuanku/local/qa_course_platform_github_pages/SQA_Algorithm/outputs/path_routing/benchmarks/formal_modes_suite_01/logs/baseline_warm_start/d0800_dynwd08__seed_045.log,True,0.0,True,sqa,tie,skipped,tie
baseline_warm_start,SQA with Dijkstra warm start,sqa,d0800_dynwd08,d0800,800,799.1359807833297,179,246,dynwd08,weekday,08,4,46,200,32,20,31.327,True,1421.669,1136.8139999999999,True,1421.669,1136.8139999999999,20,True,0.0,,,,,,/Users/tsun-yuanku/local/qa_course_platform_github_pages/SQA_Algorithm/outputs/path_routing/benchmarks/formal_modes_suite_01/runs/baseline_warm_start/d0800_dynwd08/seed_046,/Users/tsun-yuanku/local/qa_course_platform_github_pages/SQA_Algorithm/outputs/path_routing/benchmarks/formal_modes_suite_01/logs/baseline_warm_start/d0800_dynwd08__seed_046.log,True,0.0,True,sqa,tie,skipped,tie
baseline_warm_start,SQA with Dijkstra warm start,sqa,d0800_dynwd12,d0800,800,799.1359807833297,179,246,dynwd12,weekday,12,0,42,200,32,20,32.87,True,1419.919,1136.8139999999999,True,1419.919,1136.8139999999999,20,True,0.0,,,,,,/Users/tsun-yuanku/local/qa_course_platform_github_pages/SQA_Algorithm/outputs/path_routing/benchmarks/formal_modes_suite_01/runs/baseline_warm_start/d0800_dynwd12/seed_042,/Users/tsun-yuanku/local/qa_course_platform_github_pages/SQA_Algorithm/outputs/path_routing/benchmarks/formal_modes_suite_01/logs/baseline_warm_start/d0800_dynwd12__seed_042.log,True,0.0,True,sqa,tie,skipped,tie
baseline_warm_start,SQA with Dijkstra warm start,sqa,d0800_dynwd12,d0800,800,799.1359807833297,179,246,dynwd12,weekday,12,1,43,200,32,20,32.85,True,1419.919,1136.8139999999999,True,1419.919,1136.8139999999999,20,True,0.0,,,,,,/Users/tsun-yuanku/local/qa_course_platform_github_pages/SQA_Algorithm/outputs/path_routing/benchmarks/formal_modes_suite_01/runs/baseline_warm_start/d0800_dynwd12/seed_043,/Users/tsun-yuanku/local/qa_course_platform_github_pages/SQA_Algorithm/outputs/path_routing/benchmarks/formal_modes_suite_01/logs/baseline_warm_start/d0800_dynwd12__seed_043.log,True,0.0,True,sqa,tie,skipped,tie
baseline_warm_start,SQA with Dijkstra warm start,sqa,d0800_dynwd12,d0800,800,799.1359807833297,179,246,dynwd12,weekday,12,2,44,200,32,20,33.241,True,1419.919,1136.8139999999999,True,1419.919,1136.8139999999999,20,True,0.0,,,,,,/Users/tsun-yuanku/local/qa_course_platform_github_pages/SQA_Algorithm/outputs/path_routing/benchmarks/formal_modes_suite_01/runs/baseline_warm_start/d0800_dynwd12/seed_044,/Users/tsun-yuanku/local/qa_course_platform_github_pages/SQA_Algorithm/outputs/path_routing/benchmarks/formal_modes_suite_01/logs/baseline_warm_start/d0800_dynwd12__seed_044.log,True,0.0,True,sqa,tie,skipped,tie
baseline_warm_start,SQA with Dijkstra warm start,sqa,d0800_dynwd12,d0800,800,799.1359807833297,179,246,dynwd12,weekday,12,3,45,200,32,20,33.162,True,1419.919,1136.8139999999999,True,1419.919,1136.8139999999999,20,True,0.0,,,,,,/Users/tsun-yuanku/local/qa_course_platform_github_pages/SQA_Algorithm/outputs/path_routing/benchmarks/formal_modes_suite_01/runs/baseline_warm_start/d0800_dynwd12/seed_045,/Users/tsun-yuanku/local/qa_course_platform_github_pages/SQA_Algorithm/outputs/path_routing/benchmarks/formal_modes_suite_01/logs/baseline_warm_start/d0800_dynwd12__seed_045.log,True,0.0,True,sqa,tie,skipped,tie
baseline_warm_start,SQA with Dijkstra warm start,sqa,d0800_dynwd12,d0800,800,799.1359807833297,179,246,dynwd12,weekday,12,4,46,200,32,20,32.6,True,1419.919,1136.8139999999999,True,1419.919,1136.8139999999999,20,True,0.0,,,,,,/Users/tsun-yuanku/local/qa_course_platform_github_pages/SQA_Algorithm/outputs/path_routing/benchmarks/formal_modes_suite_01/runs/baseline_warm_start/d0800_dynwd12/seed_046,/Users/tsun-yuanku/local/qa_course_platform_github_pages/SQA_Algorithm/outputs/path_routing/benchmarks/formal_modes_suite_01/logs/baseline_warm_start/d0800_dynwd12__seed_046.log,True,0.0,True,sqa,tie,skipped,tie
baseline_warm_start,SQA with Dijkstra warm start,sqa,d0800_dynwd17,d0800,800,799.1359807833297,179,246,dynwd17,weekday,17,0,42,200,32,20,32.86,True,1419.919,1136.8139999999999,True,1419.919,1136.8139999999999,20,True,0.0,,,,,,/Users/tsun-yuanku/local/qa_course_platform_github_pages/SQA_Algorithm/outputs/path_routing/benchmarks/formal_modes_suite_01/runs/baseline_warm_start/d0800_dynwd17/seed_042,/Users/tsun-yuanku/local/qa_course_platform_github_pages/SQA_Algorithm/outputs/path_routing/benchmarks/formal_modes_suite_01/logs/baseline_warm_start/d0800_dynwd17__seed_042.log,True,0.0,True,sqa,tie,skipped,tie
baseline_warm_start,SQA with Dijkstra warm start,sqa,d0800_dynwd17,d0800,800,799.1359807833297,179,246,dynwd17,weekday,17,1,43,200,32,20,33.323,True,1419.919,1136.8139999999999,True,1419.919,1136.8139999999999,20,True,0.0,,,,,,/Users/tsun-yuanku/local/qa_course_platform_github_pages/SQA_Algorithm/outputs/path_routing/benchmarks/formal_modes_suite_01/runs/baseline_warm_start/d0800_dynwd17/seed_043,/Users/tsun-yuanku/local/qa_course_platform_github_pages/SQA_Algorithm/outputs/path_routing/benchmarks/formal_modes_suite_01/logs/baseline_warm_start/d0800_dynwd17__seed_043.log,True,0.0,True,sqa,tie,skipped,tie
baseline_warm_start,SQA with Dijkstra warm start,sqa,d0800_dynwd17,d0800,800,799.1359807833297,179,246,dynwd17,weekday,17,2,44,200,32,20,33.537,True,1419.919,1136.8139999999999,True,1419.919,1136.8139999999999,20,True,0.0,,,,,,/Users/tsun-yuanku/local/qa_course_platform_github_pages/SQA_Algorithm/outputs/path_routing/benchmarks/formal_modes_suite_01/runs/baseline_warm_start/d0800_dynwd17/seed_044,/Users/tsun-yuanku/local/qa_course_platform_github_pages/SQA_Algorithm/outputs/path_routing/benchmarks/formal_modes_suite_01/logs/baseline_warm_start/d0800_dynwd17__seed_044.log,True,0.0,True,sqa,tie,skipped,tie
baseline_warm_start,SQA with Dijkstra warm start,sqa,d0800_dynwd17,d0800,800,799.1359807833297,179,246,dynwd17,weekday,17,3,45,200,32,20,33.37,True,1419.919,1136.8139999999999,True,1419.919,1136.8139999999999,20,True,0.0,,,,,,/Users/tsun-yuanku/local/qa_course_platform_github_pages/SQA_Algorithm/outputs/path_routing/benchmarks/formal_modes_suite_01/runs/baseline_warm_start/d0800_dynwd17/seed_045,/Users/tsun-yuanku/local/qa_course_platform_github_pages/SQA_Algorithm/outputs/path_routing/benchmarks/formal_modes_suite_01/logs/baseline_warm_start/d0800_dynwd17__seed_045.log,True,0.0,True,sqa,tie,skipped,tie
baseline_warm_start,SQA with Dijkstra warm start,sqa,d0800_dynwd17,d0800,800,799.1359807833297,179,246,dynwd17,weekday,17,4,46,200,32,20,33.706,True,1419.919,1136.8139999999999,True,1419.919,1136.8139999999999,20,True,0.0,,,,,,/Users/tsun-yuanku/local/qa_course_platform_github_pages/SQA_Algorithm/outputs/path_routing/benchmarks/formal_modes_suite_01/runs/baseline_warm_start/d0800_dynwd17/seed_046,/Users/tsun-yuanku/local/qa_course_platform_github_pages/SQA_Algorithm/outputs/path_routing/benchmarks/formal_modes_suite_01/logs/baseline_warm_start/d0800_dynwd17__seed_046.log,True,0.0,True,sqa,tie,skipped,tie
baseline_warm_start,SQA with Dijkstra warm start,sqa,d0800_dynwd21,d0800,800,799.1359807833297,179,246,dynwd21,weekday,21,0,42,200,32,20,33.673,True,1432.669,1136.8139999999999,True,1432.669,1136.8139999999999,20,True,0.0,,,,,,/Users/tsun-yuanku/local/qa_course_platform_github_pages/SQA_Algorithm/outputs/path_routing/benchmarks/formal_modes_suite_01/runs/baseline_warm_start/d0800_dynwd21/seed_042,/Users/tsun-yuanku/local/qa_course_platform_github_pages/SQA_Algorithm/outputs/path_routing/benchmarks/formal_modes_suite_01/logs/baseline_warm_start/d0800_dynwd21__seed_042.log,True,0.0,True,sqa,tie,skipped,tie
baseline_warm_start,SQA with Dijkstra warm start,sqa,d0800_dynwd21,d0800,800,799.1359807833297,179,246,dynwd21,weekday,21,1,43,200,32,20,33.423,True,1432.669,1136.8139999999999,True,1432.669,1136.8139999999999,20,True,0.0,,,,,,/Users/tsun-yuanku/local/qa_course_platform_github_pages/SQA_Algorithm/outputs/path_routing/benchmarks/formal_modes_suite_01/runs/baseline_warm_start/d0800_dynwd21/seed_043,/Users/tsun-yuanku/local/qa_course_platform_github_pages/SQA_Algorithm/outputs/path_routing/benchmarks/formal_modes_suite_01/logs/baseline_warm_start/d0800_dynwd21__seed_043.log,True,0.0,True,sqa,tie,skipped,tie
baseline_warm_start,SQA with Dijkstra warm start,sqa,d0800_dynwd21,d0800,800,799.1359807833297,179,246,dynwd21,weekday,21,2,44,200,32,20,32.029,True,1432.669,1136.8139999999999,True,1432.669,1136.8139999999999,20,True,0.0,,,,,,/Users/tsun-yuanku/local/qa_course_platform_github_pages/SQA_Algorithm/outputs/path_routing/benchmarks/formal_modes_suite_01/runs/baseline_warm_start/d0800_dynwd21/seed_044,/Users/tsun-yuanku/local/qa_course_platform_github_pages/SQA_Algorithm/outputs/path_routing/benchmarks/formal_modes_suite_01/logs/baseline_warm_start/d0800_dynwd21__seed_044.log,True,0.0,True,sqa,tie,skipped,tie
baseline_warm_start,SQA with Dijkstra warm start,sqa,d0800_dynwd21,d0800,800,799.1359807833297,179,246,dynwd21,weekday,21,3,45,200,32,20,32.553,True,1432.669,1136.8139999999999,True,1432.669,1136.8139999999999,20,True,0.0,,,,,,/Users/tsun-yuanku/local/qa_course_platform_github_pages/SQA_Algorithm/outputs/path_routing/benchmarks/formal_modes_suite_01/runs/baseline_warm_start/d0800_dynwd21/seed_045,/Users/tsun-yuanku/local/qa_course_platform_github_pages/SQA_Algorithm/outputs/path_routing/benchmarks/formal_modes_suite_01/logs/baseline_warm_start/d0800_dynwd21__seed_045.log,True,0.0,True,sqa,tie,skipped,tie
baseline_warm_start,SQA with Dijkstra warm start,sqa,d0800_dynwd21,d0800,800,799.1359807833297,179,246,dynwd21,weekday,21,4,46,200,32,20,33.006,True,1432.669,1136.8139999999999,True,1432.669,1136.8139999999999,20,True,0.0,,,,,,/Users/tsun-yuanku/local/qa_course_platform_github_pages/SQA_Algorithm/outputs/path_routing/benchmarks/formal_modes_suite_01/runs/baseline_warm_start/d0800_dynwd21/seed_046,/Users/tsun-yuanku/local/qa_course_platform_github_pages/SQA_Algorithm/outputs/path_routing/benchmarks/formal_modes_suite_01/logs/baseline_warm_start/d0800_dynwd21__seed_046.log,True,0.0,True,sqa,tie,skipped,tie
baseline_warm_start,SQA with Dijkstra warm start,sqa,d0800_dynwe05,d0800,800,799.1359807833297,179,246,dynwe05,weekend,05,0,42,200,32,20,32.27,True,1432.669,1136.8139999999999,True,1432.669,1136.8139999999999,20,True,0.0,,,,,,/Users/tsun-yuanku/local/qa_course_platform_github_pages/SQA_Algorithm/outputs/path_routing/benchmarks/formal_modes_suite_01/runs/baseline_warm_start/d0800_dynwe05/seed_042,/Users/tsun-yuanku/local/qa_course_platform_github_pages/SQA_Algorithm/outputs/path_routing/benchmarks/formal_modes_suite_01/logs/baseline_warm_start/d0800_dynwe05__seed_042.log,True,0.0,True,sqa,tie,skipped,tie
baseline_warm_start,SQA with Dijkstra warm start,sqa,d0800_dynwe05,d0800,800,799.1359807833297,179,246,dynwe05,weekend,05,1,43,200,32,20,32.283,True,1432.669,1136.8139999999999,True,1432.669,1136.8139999999999,20,True,0.0,,,,,,/Users/tsun-yuanku/local/qa_course_platform_github_pages/SQA_Algorithm/outputs/path_routing/benchmarks/formal_modes_suite_01/runs/baseline_warm_start/d0800_dynwe05/seed_043,/Users/tsun-yuanku/local/qa_course_platform_github_pages/SQA_Algorithm/outputs/path_routing/benchmarks/formal_modes_suite_01/logs/baseline_warm_start/d0800_dynwe05__seed_043.log,True,0.0,True,sqa,tie,skipped,tie
baseline_warm_start,SQA with Dijkstra warm start,sqa,d0800_dynwe05,d0800,800,799.1359807833297,179,246,dynwe05,weekend,05,2,44,200,32,20,32.372,True,1432.669,1136.8139999999999,True,1432.669,1136.8139999999999,20,True,0.0,,,,,,/Users/tsun-yuanku/local/qa_course_platform_github_pages/SQA_Algorithm/outputs/path_routing/benchmarks/formal_modes_suite_01/runs/baseline_warm_start/d0800_dynwe05/seed_044,/Users/tsun-yuanku/local/qa_course_platform_github_pages/SQA_Algorithm/outputs/path_routing/benchmarks/formal_modes_suite_01/logs/baseline_warm_start/d0800_dynwe05__seed_044.log,True,0.0,True,sqa,tie,skipped,tie
baseline_warm_start,SQA with Dijkstra warm start,sqa,d0800_dynwe05,d0800,800,799.1359807833297,179,246,dynwe05,weekend,05,3,45,200,32,20,38.146,True,1432.669,1136.8139999999999,True,1432.669,1136.8139999999999,20,True,0.0,,,,,,/Users/tsun-yuanku/local/qa_course_platform_github_pages/SQA_Algorithm/outputs/path_routing/benchmarks/formal_modes_suite_01/runs/baseline_warm_start/d0800_dynwe05/seed_045,/Users/tsun-yuanku/local/qa_course_platform_github_pages/SQA_Algorithm/outputs/path_routing/benchmarks/formal_modes_suite_01/logs/baseline_warm_start/d0800_dynwe05__seed_045.log,True,0.0,True,sqa,tie,skipped,tie
baseline_warm_start,SQA with Dijkstra warm start,sqa,d0800_dynwe05,d0800,800,799.1359807833297,179,246,dynwe05,weekend,05,4,46,200,32,20,38.163,True,1432.669,1136.8139999999999,True,1432.669,1136.8139999999999,20,True,0.0,,,,,,/Users/tsun-yuanku/local/qa_course_platform_github_pages/SQA_Algorithm/outputs/path_routing/benchmarks/formal_modes_suite_01/runs/baseline_warm_start/d0800_dynwe05/seed_046,/Users/tsun-yuanku/local/qa_course_platform_github_pages/SQA_Algorithm/outputs/path_routing/benchmarks/formal_modes_suite_01/logs/baseline_warm_start/d0800_dynwe05__seed_046.log,True,0.0,True,sqa,tie,skipped,tie
baseline_warm_start,SQA with Dijkstra warm start,sqa,d0800_dynwe08,d0800,800,799.1359807833297,179,246,dynwe08,weekend,08,0,42,200,32,20,37.933,True,1425.6740000000002,1136.8139999999999,True,1425.6740000000002,1136.8139999999999,20,True,0.0,,,,,,/Users/tsun-yuanku/local/qa_course_platform_github_pages/SQA_Algorithm/outputs/path_routing/benchmarks/formal_modes_suite_01/runs/baseline_warm_start/d0800_dynwe08/seed_042,/Users/tsun-yuanku/local/qa_course_platform_github_pages/SQA_Algorithm/outputs/path_routing/benchmarks/formal_modes_suite_01/logs/baseline_warm_start/d0800_dynwe08__seed_042.log,True,0.0,True,sqa,tie,skipped,tie
baseline_warm_start,SQA with Dijkstra warm start,sqa,d0800_dynwe08,d0800,800,799.1359807833297,179,246,dynwe08,weekend,08,1,43,200,32,20,38.459,True,1425.6740000000002,1136.8139999999999,True,1425.6740000000002,1136.8139999999999,20,True,0.0,,,,,,/Users/tsun-yuanku/local/qa_course_platform_github_pages/SQA_Algorithm/outputs/path_routing/benchmarks/formal_modes_suite_01/runs/baseline_warm_start/d0800_dynwe08/seed_043,/Users/tsun-yuanku/local/qa_course_platform_github_pages/SQA_Algorithm/outputs/path_routing/benchmarks/formal_modes_suite_01/logs/baseline_warm_start/d0800_dynwe08__seed_043.log,True,0.0,True,sqa,tie,skipped,tie
baseline_warm_start,SQA with Dijkstra warm start,sqa,d0800_dynwe08,d0800,800,799.1359807833297,179,246,dynwe08,weekend,08,2,44,200,32,20,38.097,True,1425.6740000000002,1136.8139999999999,True,1425.6740000000002,1136.8139999999999,20,True,0.0,,,,,,/Users/tsun-yuanku/local/qa_course_platform_github_pages/SQA_Algorithm/outputs/path_routing/benchmarks/formal_modes_suite_01/runs/baseline_warm_start/d0800_dynwe08/seed_044,/Users/tsun-yuanku/local/qa_course_platform_github_pages/SQA_Algorithm/outputs/path_routing/benchmarks/formal_modes_suite_01/logs/baseline_warm_start/d0800_dynwe08__seed_044.log,True,0.0,True,sqa,tie,skipped,tie
baseline_warm_start,SQA with Dijkstra warm start,sqa,d0800_dynwe08,d0800,800,799.1359807833297,179,246,dynwe08,weekend,08,3,45,200,32,20,38.138,True,1425.6740000000002,1136.8139999999999,True,1425.6740000000002,1136.8139999999999,20,True,0.0,,,,,,/Users/tsun-yuanku/local/qa_course_platform_github_pages/SQA_Algorithm/outputs/path_routing/benchmarks/formal_modes_suite_01/runs/baseline_warm_start/d0800_dynwe08/seed_045,/Users/tsun-yuanku/local/qa_course_platform_github_pages/SQA_Algorithm/outputs/path_routing/benchmarks/formal_modes_suite_01/logs/baseline_warm_start/d0800_dynwe08__seed_045.log,True,0.0,True,sqa,tie,skipped,tie
baseline_warm_start,SQA with Dijkstra warm start,sqa,d0800_dynwe08,d0800,800,799.1359807833297,179,246,dynwe08,weekend,08,4,46,200,32,20,30.667,True,1425.6740000000002,1136.8139999999999,True,1425.6740000000002,1136.8139999999999,20,True,0.0,,,,,,/Users/tsun-yuanku/local/qa_course_platform_github_pages/SQA_Algorithm/outputs/path_routing/benchmarks/formal_modes_suite_01/runs/baseline_warm_start/d0800_dynwe08/seed_046,/Users/tsun-yuanku/local/qa_course_platform_github_pages/SQA_Algorithm/outputs/path_routing/benchmarks/formal_modes_suite_01/logs/baseline_warm_start/d0800_dynwe08__seed_046.log,True,0.0,True,sqa,tie,skipped,tie
baseline_warm_start,SQA with Dijkstra warm start,sqa,d0800_dynwe12,d0800,800,799.1359807833297,179,246,dynwe12,weekend,12,0,42,200,32,20,30.059,True,1422.419,1136.8139999999999,True,1422.419,1136.8139999999999,20,True,0.0,,,,,,/Users/tsun-yuanku/local/qa_course_platform_github_pages/SQA_Algorithm/outputs/path_routing/benchmarks/formal_modes_suite_01/runs/baseline_warm_start/d0800_dynwe12/seed_042,/Users/tsun-yuanku/local/qa_course_platform_github_pages/SQA_Algorithm/outputs/path_routing/benchmarks/formal_modes_suite_01/logs/baseline_warm_start/d0800_dynwe12__seed_042.log,True,0.0,True,sqa,tie,skipped,tie
baseline_warm_start,SQA with Dijkstra warm start,sqa,d0800_dynwe12,d0800,800,799.1359807833297,179,246,dynwe12,weekend,12,1,43,200,32,20,30.298,True,1422.419,1136.8139999999999,True,1422.419,1136.8139999999999,20,True,0.0,,,,,,/Users/tsun-yuanku/local/qa_course_platform_github_pages/SQA_Algorithm/outputs/path_routing/benchmarks/formal_modes_suite_01/runs/baseline_warm_start/d0800_dynwe12/seed_043,/Users/tsun-yuanku/local/qa_course_platform_github_pages/SQA_Algorithm/outputs/path_routing/benchmarks/formal_modes_suite_01/logs/baseline_warm_start/d0800_dynwe12__seed_043.log,True,0.0,True,sqa,tie,skipped,tie
baseline_warm_start,SQA with Dijkstra warm start,sqa,d0800_dynwe12,d0800,800,799.1359807833297,179,246,dynwe12,weekend,12,2,44,200,32,20,30.053,True,1422.419,1136.8139999999999,True,1422.419,1136.8139999999999,20,True,0.0,,,,,,/Users/tsun-yuanku/local/qa_course_platform_github_pages/SQA_Algorithm/outputs/path_routing/benchmarks/formal_modes_suite_01/runs/baseline_warm_start/d0800_dynwe12/seed_044,/Users/tsun-yuanku/local/qa_course_platform_github_pages/SQA_Algorithm/outputs/path_routing/benchmarks/formal_modes_suite_01/logs/baseline_warm_start/d0800_dynwe12__seed_044.log,True,0.0,True,sqa,tie,skipped,tie
baseline_warm_start,SQA with Dijkstra warm start,sqa,d0800_dynwe12,d0800,800,799.1359807833297,179,246,dynwe12,weekend,12,3,45,200,32,20,30.379,True,1422.419,1136.8139999999999,True,1422.419,1136.8139999999999,20,True,0.0,,,,,,/Users/tsun-yuanku/local/qa_course_platform_github_pages/SQA_Algorithm/outputs/path_routing/benchmarks/formal_modes_suite_01/runs/baseline_warm_start/d0800_dynwe12/seed_045,/Users/tsun-yuanku/local/qa_course_platform_github_pages/SQA_Algorithm/outputs/path_routing/benchmarks/formal_modes_suite_01/logs/baseline_warm_start/d0800_dynwe12__seed_045.log,True,0.0,True,sqa,tie,skipped,tie
baseline_warm_start,SQA with Dijkstra warm start,sqa,d0800_dynwe12,d0800,800,799.1359807833297,179,246,dynwe12,weekend,12,4,46,200,32,20,30.163,True,1422.419,1136.8139999999999,True,1422.419,1136.8139999999999,20,True,0.0,,,,,,/Users/tsun-yuanku/local/qa_course_platform_github_pages/SQA_Algorithm/outputs/path_routing/benchmarks/formal_modes_suite_01/runs/baseline_warm_start/d0800_dynwe12/seed_046,/Users/tsun-yuanku/local/qa_course_platform_github_pages/SQA_Algorithm/outputs/path_routing/benchmarks/formal_modes_suite_01/logs/baseline_warm_start/d0800_dynwe12__seed_046.log,True,0.0,True,sqa,tie,skipped,tie
baseline_warm_start,SQA with Dijkstra warm start,sqa,d0800_dynwe17,d0800,800,799.1359807833297,179,246,dynwe17,weekend,17,0,42,200,32,20,37.903,True,1427.919,1136.8139999999999,True,1427.919,1136.8139999999999,20,True,0.0,,,,,,/Users/tsun-yuanku/local/qa_course_platform_github_pages/SQA_Algorithm/outputs/path_routing/benchmarks/formal_modes_suite_01/runs/baseline_warm_start/d0800_dynwe17/seed_042,/Users/tsun-yuanku/local/qa_course_platform_github_pages/SQA_Algorithm/outputs/path_routing/benchmarks/formal_modes_suite_01/logs/baseline_warm_start/d0800_dynwe17__seed_042.log,True,0.0,True,sqa,tie,skipped,tie
baseline_warm_start,SQA with Dijkstra warm start,sqa,d0800_dynwe17,d0800,800,799.1359807833297,179,246,dynwe17,weekend,17,1,43,200,32,20,37.77,True,1427.919,1136.8139999999999,True,1427.919,1136.8139999999999,20,True,0.0,,,,,,/Users/tsun-yuanku/local/qa_course_platform_github_pages/SQA_Algorithm/outputs/path_routing/benchmarks/formal_modes_suite_01/runs/baseline_warm_start/d0800_dynwe17/seed_043,/Users/tsun-yuanku/local/qa_course_platform_github_pages/SQA_Algorithm/outputs/path_routing/benchmarks/formal_modes_suite_01/logs/baseline_warm_start/d0800_dynwe17__seed_043.log,True,0.0,True,sqa,tie,skipped,tie
baseline_warm_start,SQA with Dijkstra warm start,sqa,d0800_dynwe17,d0800,800,799.1359807833297,179,246,dynwe17,weekend,17,2,44,200,32,20,38.243,True,1427.919,1136.8139999999999,True,1427.919,1136.8139999999999,20,True,0.0,,,,,,/Users/tsun-yuanku/local/qa_course_platform_github_pages/SQA_Algorithm/outputs/path_routing/benchmarks/formal_modes_suite_01/runs/baseline_warm_start/d0800_dynwe17/seed_044,/Users/tsun-yuanku/local/qa_course_platform_github_pages/SQA_Algorithm/outputs/path_routing/benchmarks/formal_modes_suite_01/logs/baseline_warm_start/d0800_dynwe17__seed_044.log,True,0.0,True,sqa,tie,skipped,tie
baseline_warm_start,SQA with Dijkstra warm start,sqa,d0800_dynwe17,d0800,800,799.1359807833297,179,246,dynwe17,weekend,17,3,45,200,32,20,38.19,True,1427.919,1136.8139999999999,True,1427.919,1136.8139999999999,20,True,0.0,,,,,,/Users/tsun-yuanku/local/qa_course_platform_github_pages/SQA_Algorithm/outputs/path_routing/benchmarks/formal_modes_suite_01/runs/baseline_warm_start/d0800_dynwe17/seed_045,/Users/tsun-yuanku/local/qa_course_platform_github_pages/SQA_Algorithm/outputs/path_routing/benchmarks/formal_modes_suite_01/logs/baseline_warm_start/d0800_dynwe17__seed_045.log,True,0.0,True,sqa,tie,skipped,tie
baseline_warm_start,SQA with Dijkstra warm start,sqa,d0800_dynwe17,d0800,800,799.1359807833297,179,246,dynwe17,weekend,17,4,46,200,32,20,38.152,True,1427.919,1136.8139999999999,True,1427.919,1136.8139999999999,20,True,0.0,,,,,,/Users/tsun-yuanku/local/qa_course_platform_github_pages/SQA_Algorithm/outputs/path_routing/benchmarks/formal_modes_suite_01/runs/baseline_warm_start/d0800_dynwe17/seed_046,/Users/tsun-yuanku/local/qa_course_platform_github_pages/SQA_Algorithm/outputs/path_routing/benchmarks/formal_modes_suite_01/logs/baseline_warm_start/d0800_dynwe17__seed_046.log,True,0.0,True,sqa,tie,skipped,tie
baseline_warm_start,SQA with Dijkstra warm start,sqa,d0800_dynwe21,d0800,800,799.1359807833297,179,246,dynwe21,weekend,21,0,42,200,32,20,38.371,True,1432.669,1136.8139999999999,True,1432.669,1136.8139999999999,20,True,0.0,,,,,,/Users/tsun-yuanku/local/qa_course_platform_github_pages/SQA_Algorithm/outputs/path_routing/benchmarks/formal_modes_suite_01/runs/baseline_warm_start/d0800_dynwe21/seed_042,/Users/tsun-yuanku/local/qa_course_platform_github_pages/SQA_Algorithm/outputs/path_routing/benchmarks/formal_modes_suite_01/logs/baseline_warm_start/d0800_dynwe21__seed_042.log,True,0.0,True,sqa,tie,skipped,tie
baseline_warm_start,SQA with Dijkstra warm start,sqa,d0800_dynwe21,d0800,800,799.1359807833297,179,246,dynwe21,weekend,21,1,43,200,32,20,32.304,True,1432.669,1136.8139999999999,True,1432.669,1136.8139999999999,20,True,0.0,,,,,,/Users/tsun-yuanku/local/qa_course_platform_github_pages/SQA_Algorithm/outputs/path_routing/benchmarks/formal_modes_suite_01/runs/baseline_warm_start/d0800_dynwe21/seed_043,/Users/tsun-yuanku/local/qa_course_platform_github_pages/SQA_Algorithm/outputs/path_routing/benchmarks/formal_modes_suite_01/logs/baseline_warm_start/d0800_dynwe21__seed_043.log,True,0.0,True,sqa,tie,skipped,tie
baseline_warm_start,SQA with Dijkstra warm start,sqa,d0800_dynwe21,d0800,800,799.1359807833297,179,246,dynwe21,weekend,21,2,44,200,32,20,32.957,True,1432.669,1136.8139999999999,True,1432.669,1136.8139999999999,20,True,0.0,,,,,,/Users/tsun-yuanku/local/qa_course_platform_github_pages/SQA_Algorithm/outputs/path_routing/benchmarks/formal_modes_suite_01/runs/baseline_warm_start/d0800_dynwe21/seed_044,/Users/tsun-yuanku/local/qa_course_platform_github_pages/SQA_Algorithm/outputs/path_routing/benchmarks/formal_modes_suite_01/logs/baseline_warm_start/d0800_dynwe21__seed_044.log,True,0.0,True,sqa,tie,skipped,tie
baseline_warm_start,SQA with Dijkstra warm start,sqa,d0800_dynwe21,d0800,800,799.1359807833297,179,246,dynwe21,weekend,21,3,45,200,32,20,32.705,True,1432.669,1136.8139999999999,True,1432.669,1136.8139999999999,20,True,0.0,,,,,,/Users/tsun-yuanku/local/qa_course_platform_github_pages/SQA_Algorithm/outputs/path_routing/benchmarks/formal_modes_suite_01/runs/baseline_warm_start/d0800_dynwe21/seed_045,/Users/tsun-yuanku/local/qa_course_platform_github_pages/SQA_Algorithm/outputs/path_routing/benchmarks/formal_modes_suite_01/logs/baseline_warm_start/d0800_dynwe21__seed_045.log,True,0.0,True,sqa,tie,skipped,tie
baseline_warm_start,SQA with Dijkstra warm start,sqa,d0800_dynwe21,d0800,800,799.1359807833297,179,246,dynwe21,weekend,21,4,46,200,32,20,32.712,True,1432.669,1136.8139999999999,True,1432.669,1136.8139999999999,20,True,0.0,,,,,,/Users/tsun-yuanku/local/qa_course_platform_github_pages/SQA_Algorithm/outputs/path_routing/benchmarks/formal_modes_suite_01/runs/baseline_warm_start/d0800_dynwe21/seed_046,/Users/tsun-yuanku/local/qa_course_platform_github_pages/SQA_Algorithm/outputs/path_routing/benchmarks/formal_modes_suite_01/logs/baseline_warm_start/d0800_dynwe21__seed_046.log,True,0.0,True,sqa,tie,skipped,tie
baseline_warm_start,SQA with Dijkstra warm start,sqa,d1200_dynwd05,d1200,1200,1202.828070248327,80,314,dynwd05,weekday,05,0,42,200,32,20,32.0,True,2137.818892892451,1765.743892892451,True,2137.818892892451,1765.743892892451,26,True,0.0,,,,,,/Users/tsun-yuanku/local/qa_course_platform_github_pages/SQA_Algorithm/outputs/path_routing/benchmarks/formal_modes_suite_01/runs/baseline_warm_start/d1200_dynwd05/seed_042,/Users/tsun-yuanku/local/qa_course_platform_github_pages/SQA_Algorithm/outputs/path_routing/benchmarks/formal_modes_suite_01/logs/baseline_warm_start/d1200_dynwd05__seed_042.log,True,0.0,True,sqa,tie,skipped,tie
baseline_warm_start,SQA with Dijkstra warm start,sqa,d1200_dynwd05,d1200,1200,1202.828070248327,80,314,dynwd05,weekday,05,1,43,200,32,20,32.313,True,2137.818892892451,1765.743892892451,True,2137.818892892451,1765.743892892451,28,True,0.0,,,,,,/Users/tsun-yuanku/local/qa_course_platform_github_pages/SQA_Algorithm/outputs/path_routing/benchmarks/formal_modes_suite_01/runs/baseline_warm_start/d1200_dynwd05/seed_043,/Users/tsun-yuanku/local/qa_course_platform_github_pages/SQA_Algorithm/outputs/path_routing/benchmarks/formal_modes_suite_01/logs/baseline_warm_start/d1200_dynwd05__seed_043.log,True,0.0,True,sqa,tie,skipped,tie
baseline_warm_start,SQA with Dijkstra warm start,sqa,d1200_dynwd05,d1200,1200,1202.828070248327,80,314,dynwd05,weekday,05,2,44,200,32,20,31.411,True,2137.818892892451,1765.743892892451,True,2137.818892892451,1765.743892892451,26,True,0.0,,,,,,/Users/tsun-yuanku/local/qa_course_platform_github_pages/SQA_Algorithm/outputs/path_routing/benchmarks/formal_modes_suite_01/runs/baseline_warm_start/d1200_dynwd05/seed_044,/Users/tsun-yuanku/local/qa_course_platform_github_pages/SQA_Algorithm/outputs/path_routing/benchmarks/formal_modes_suite_01/logs/baseline_warm_start/d1200_dynwd05__seed_044.log,True,0.0,True,sqa,tie,skipped,tie
baseline_warm_start,SQA with Dijkstra warm start,sqa,d1200_dynwd05,d1200,1200,1202.828070248327,80,314,dynwd05,weekday,05,3,45,200,32,20,31.392,True,2137.818892892451,1765.743892892451,True,2137.818892892451,1765.743892892451,26,True,0.0,,,,,,/Users/tsun-yuanku/local/qa_course_platform_github_pages/SQA_Algorithm/outputs/path_routing/benchmarks/formal_modes_suite_01/runs/baseline_warm_start/d1200_dynwd05/seed_045,/Users/tsun-yuanku/local/qa_course_platform_github_pages/SQA_Algorithm/outputs/path_routing/benchmarks/formal_modes_suite_01/logs/baseline_warm_start/d1200_dynwd05__seed_045.log,True,0.0,True,sqa,tie,skipped,tie
baseline_warm_start,SQA with Dijkstra warm start,sqa,d1200_dynwd05,d1200,1200,1202.828070248327,80,314,dynwd05,weekday,05,4,46,200,32,20,31.035,True,2137.818892892451,1765.743892892451,True,2137.818892892451,1765.743892892451,26,True,0.0,,,,,,/Users/tsun-yuanku/local/qa_course_platform_github_pages/SQA_Algorithm/outputs/path_routing/benchmarks/formal_modes_suite_01/runs/baseline_warm_start/d1200_dynwd05/seed_046,/Users/tsun-yuanku/local/qa_course_platform_github_pages/SQA_Algorithm/outputs/path_routing/benchmarks/formal_modes_suite_01/logs/baseline_warm_start/d1200_dynwd05__seed_046.log,True,0.0,True,sqa,tie,skipped,tie
baseline_warm_start,SQA with Dijkstra warm start,sqa,d1200_dynwd08,d1200,1200,1202.828070248327,80,314,dynwd08,weekday,08,0,42,200,32,20,31.022,True,2126.3558928924513,1766.065892892451,True,2126.3558928924513,1766.065892892451,26,True,0.0,,,,,,/Users/tsun-yuanku/local/qa_course_platform_github_pages/SQA_Algorithm/outputs/path_routing/benchmarks/formal_modes_suite_01/runs/baseline_warm_start/d1200_dynwd08/seed_042,/Users/tsun-yuanku/local/qa_course_platform_github_pages/SQA_Algorithm/outputs/path_routing/benchmarks/formal_modes_suite_01/logs/baseline_warm_start/d1200_dynwd08__seed_042.log,True,0.0,True,sqa,tie,skipped,tie
baseline_warm_start,SQA with Dijkstra warm start,sqa,d1200_dynwd08,d1200,1200,1202.828070248327,80,314,dynwd08,weekday,08,1,43,200,32,20,30.82,True,2126.3558928924513,1766.065892892451,True,2126.3558928924513,1766.065892892451,28,True,0.0,,,,,,/Users/tsun-yuanku/local/qa_course_platform_github_pages/SQA_Algorithm/outputs/path_routing/benchmarks/formal_modes_suite_01/runs/baseline_warm_start/d1200_dynwd08/seed_043,/Users/tsun-yuanku/local/qa_course_platform_github_pages/SQA_Algorithm/outputs/path_routing/benchmarks/formal_modes_suite_01/logs/baseline_warm_start/d1200_dynwd08__seed_043.log,True,0.0,True,sqa,tie,skipped,tie
baseline_warm_start,SQA with Dijkstra warm start,sqa,d1200_dynwd08,d1200,1200,1202.828070248327,80,314,dynwd08,weekday,08,2,44,200,32,20,31.214,True,2126.3558928924513,1766.065892892451,True,2126.3558928924513,1766.065892892451,26,True,0.0,,,,,,/Users/tsun-yuanku/local/qa_course_platform_github_pages/SQA_Algorithm/outputs/path_routing/benchmarks/formal_modes_suite_01/runs/baseline_warm_start/d1200_dynwd08/seed_044,/Users/tsun-yuanku/local/qa_course_platform_github_pages/SQA_Algorithm/outputs/path_routing/benchmarks/formal_modes_suite_01/logs/baseline_warm_start/d1200_dynwd08__seed_044.log,True,0.0,True,sqa,tie,skipped,tie
baseline_warm_start,SQA with Dijkstra warm start,sqa,d1200_dynwd08,d1200,1200,1202.828070248327,80,314,dynwd08,weekday,08,3,45,200,32,20,32.336,True,2126.3558928924513,1766.065892892451,True,2126.3558928924513,1766.065892892451,26,True,0.0,,,,,,/Users/tsun-yuanku/local/qa_course_platform_github_pages/SQA_Algorithm/outputs/path_routing/benchmarks/formal_modes_suite_01/runs/baseline_warm_start/d1200_dynwd08/seed_045,/Users/tsun-yuanku/local/qa_course_platform_github_pages/SQA_Algorithm/outputs/path_routing/benchmarks/formal_modes_suite_01/logs/baseline_warm_start/d1200_dynwd08__seed_045.log,True,0.0,True,sqa,tie,skipped,tie
baseline_warm_start,SQA with Dijkstra warm start,sqa,d1200_dynwd08,d1200,1200,1202.828070248327,80,314,dynwd08,weekday,08,4,46,200,32,20,32.153,True,2126.3558928924513,1766.065892892451,True,2126.3558928924513,1766.065892892451,26,True,0.0,,,,,,/Users/tsun-yuanku/local/qa_course_platform_github_pages/SQA_Algorithm/outputs/path_routing/benchmarks/formal_modes_suite_01/runs/baseline_warm_start/d1200_dynwd08/seed_046,/Users/tsun-yuanku/local/qa_course_platform_github_pages/SQA_Algorithm/outputs/path_routing/benchmarks/formal_modes_suite_01/logs/baseline_warm_start/d1200_dynwd08__seed_046.log,True,0.0,True,sqa,tie,skipped,tie
baseline_warm_start,SQA with Dijkstra warm start,sqa,d1200_dynwd12,d1200,1200,1202.828070248327,80,314,dynwd12,weekday,12,0,42,200,32,20,32.074,True,2123.063892892451,1765.743892892451,True,2123.063892892451,1765.743892892451,26,True,0.0,,,,,,/Users/tsun-yuanku/local/qa_course_platform_github_pages/SQA_Algorithm/outputs/path_routing/benchmarks/formal_modes_suite_01/runs/baseline_warm_start/d1200_dynwd12/seed_042,/Users/tsun-yuanku/local/qa_course_platform_github_pages/SQA_Algorithm/outputs/path_routing/benchmarks/formal_modes_suite_01/logs/baseline_warm_start/d1200_dynwd12__seed_042.log,True,0.0,True,sqa,tie,skipped,tie
baseline_warm_start,SQA with Dijkstra warm start,sqa,d1200_dynwd12,d1200,1200,1202.828070248327,80,314,dynwd12,weekday,12,1,43,200,32,20,32.109,True,2123.063892892451,1765.743892892451,True,2123.063892892451,1765.743892892451,28,True,0.0,,,,,,/Users/tsun-yuanku/local/qa_course_platform_github_pages/SQA_Algorithm/outputs/path_routing/benchmarks/formal_modes_suite_01/runs/baseline_warm_start/d1200_dynwd12/seed_043,/Users/tsun-yuanku/local/qa_course_platform_github_pages/SQA_Algorithm/outputs/path_routing/benchmarks/formal_modes_suite_01/logs/baseline_warm_start/d1200_dynwd12__seed_043.log,True,0.0,True,sqa,tie,skipped,tie
baseline_warm_start,SQA with Dijkstra warm start,sqa,d1200_dynwd12,d1200,1200,1202.828070248327,80,314,dynwd12,weekday,12,2,44,200,32,20,32.329,True,2123.063892892451,1765.743892892451,True,2123.063892892451,1765.743892892451,26,True,0.0,,,,,,/Users/tsun-yuanku/local/qa_course_platform_github_pages/SQA_Algorithm/outputs/path_routing/benchmarks/formal_modes_suite_01/runs/baseline_warm_start/d1200_dynwd12/seed_044,/Users/tsun-yuanku/local/qa_course_platform_github_pages/SQA_Algorithm/outputs/path_routing/benchmarks/formal_modes_suite_01/logs/baseline_warm_start/d1200_dynwd12__seed_044.log,True,0.0,True,sqa,tie,skipped,tie
baseline_warm_start,SQA with Dijkstra warm start,sqa,d1200_dynwd12,d1200,1200,1202.828070248327,80,314,dynwd12,weekday,12,3,45,200,32,20,32.206,True,2123.063892892451,1765.743892892451,True,2123.063892892451,1765.743892892451,26,True,0.0,,,,,,/Users/tsun-yuanku/local/qa_course_platform_github_pages/SQA_Algorithm/outputs/path_routing/benchmarks/formal_modes_suite_01/runs/baseline_warm_start/d1200_dynwd12/seed_045,/Users/tsun-yuanku/local/qa_course_platform_github_pages/SQA_Algorithm/outputs/path_routing/benchmarks/formal_modes_suite_01/logs/baseline_warm_start/d1200_dynwd12__seed_045.log,True,0.0,True,sqa,tie,skipped,tie
baseline_warm_start,SQA with Dijkstra warm start,sqa,d1200_dynwd12,d1200,1200,1202.828070248327,80,314,dynwd12,weekday,12,4,46,200,32,20,33.237,True,2123.063892892451,1765.743892892451,True,2123.063892892451,1765.743892892451,26,True,0.0,,,,,,/Users/tsun-yuanku/local/qa_course_platform_github_pages/SQA_Algorithm/outputs/path_routing/benchmarks/formal_modes_suite_01/runs/baseline_warm_start/d1200_dynwd12/seed_046,/Users/tsun-yuanku/local/qa_course_platform_github_pages/SQA_Algorithm/outputs/path_routing/benchmarks/formal_modes_suite_01/logs/baseline_warm_start/d1200_dynwd12__seed_046.log,True,0.0,True,sqa,tie,skipped,tie
baseline_warm_start,SQA with Dijkstra warm start,sqa,d1200_dynwd17,d1200,1200,1202.828070248327,80,314,dynwd17,weekday,17,0,42,200,32,20,32.812,True,2126.063892892451,1765.743892892451,True,2126.063892892451,1765.743892892451,26,True,0.0,,,,,,/Users/tsun-yuanku/local/qa_course_platform_github_pages/SQA_Algorithm/outputs/path_routing/benchmarks/formal_modes_suite_01/runs/baseline_warm_start/d1200_dynwd17/seed_042,/Users/tsun-yuanku/local/qa_course_platform_github_pages/SQA_Algorithm/outputs/path_routing/benchmarks/formal_modes_suite_01/logs/baseline_warm_start/d1200_dynwd17__seed_042.log,True,0.0,True,sqa,tie,skipped,tie
baseline_warm_start,SQA with Dijkstra warm start,sqa,d1200_dynwd17,d1200,1200,1202.828070248327,80,314,dynwd17,weekday,17,1,43,200,32,20,32.947,True,2126.063892892451,1765.743892892451,True,2126.063892892451,1765.743892892451,28,True,0.0,,,,,,/Users/tsun-yuanku/local/qa_course_platform_github_pages/SQA_Algorithm/outputs/path_routing/benchmarks/formal_modes_suite_01/runs/baseline_warm_start/d1200_dynwd17/seed_043,/Users/tsun-yuanku/local/qa_course_platform_github_pages/SQA_Algorithm/outputs/path_routing/benchmarks/formal_modes_suite_01/logs/baseline_warm_start/d1200_dynwd17__seed_043.log,True,0.0,True,sqa,tie,skipped,tie
baseline_warm_start,SQA with Dijkstra warm start,sqa,d1200_dynwd17,d1200,1200,1202.828070248327,80,314,dynwd17,weekday,17,2,44,200,32,20,32.946,True,2126.063892892451,1765.743892892451,True,2126.063892892451,1765.743892892451,26,True,0.0,,,,,,/Users/tsun-yuanku/local/qa_course_platform_github_pages/SQA_Algorithm/outputs/path_routing/benchmarks/formal_modes_suite_01/runs/baseline_warm_start/d1200_dynwd17/seed_044,/Users/tsun-yuanku/local/qa_course_platform_github_pages/SQA_Algorithm/outputs/path_routing/benchmarks/formal_modes_suite_01/logs/baseline_warm_start/d1200_dynwd17__seed_044.log,True,0.0,True,sqa,tie,skipped,tie
baseline_warm_start,SQA with Dijkstra warm start,sqa,d1200_dynwd17,d1200,1200,1202.828070248327,80,314,dynwd17,weekday,17,3,45,200,32,20,32.901,True,2126.063892892451,1765.743892892451,True,2126.063892892451,1765.743892892451,26,True,0.0,,,,,,/Users/tsun-yuanku/local/qa_course_platform_github_pages/SQA_Algorithm/outputs/path_routing/benchmarks/formal_modes_suite_01/runs/baseline_warm_start/d1200_dynwd17/seed_045,/Users/tsun-yuanku/local/qa_course_platform_github_pages/SQA_Algorithm/outputs/path_routing/benchmarks/formal_modes_suite_01/logs/baseline_warm_start/d1200_dynwd17__seed_045.log,True,0.0,True,sqa,tie,skipped,tie
baseline_warm_start,SQA with Dijkstra warm start,sqa,d1200_dynwd17,d1200,1200,1202.828070248327,80,314,dynwd17,weekday,17,4,46,200,32,20,33.451,True,2126.063892892451,1765.743892892451,True,2126.063892892451,1765.743892892451,26,True,0.0,,,,,,/Users/tsun-yuanku/local/qa_course_platform_github_pages/SQA_Algorithm/outputs/path_routing/benchmarks/formal_modes_suite_01/runs/baseline_warm_start/d1200_dynwd17/seed_046,/Users/tsun-yuanku/local/qa_course_platform_github_pages/SQA_Algorithm/outputs/path_routing/benchmarks/formal_modes_suite_01/logs/baseline_warm_start/d1200_dynwd17__seed_046.log,True,0.0,True,sqa,tie,skipped,tie
baseline_warm_start,SQA with Dijkstra warm start,sqa,d1200_dynwd21,d1200,1200,1202.828070248327,80,314,dynwd21,weekday,21,0,42,200,32,20,36.335,True,2137.818892892451,1765.743892892451,True,2137.818892892451,1765.743892892451,26,True,0.0,,,,,,/Users/tsun-yuanku/local/qa_course_platform_github_pages/SQA_Algorithm/outputs/path_routing/benchmarks/formal_modes_suite_01/runs/baseline_warm_start/d1200_dynwd21/seed_042,/Users/tsun-yuanku/local/qa_course_platform_github_pages/SQA_Algorithm/outputs/path_routing/benchmarks/formal_modes_suite_01/logs/baseline_warm_start/d1200_dynwd21__seed_042.log,True,0.0,True,sqa,tie,skipped,tie
baseline_warm_start,SQA with Dijkstra warm start,sqa,d1200_dynwd21,d1200,1200,1202.828070248327,80,314,dynwd21,weekday,21,1,43,200,32,20,36.316,True,2137.818892892451,1765.743892892451,True,2137.818892892451,1765.743892892451,28,True,0.0,,,,,,/Users/tsun-yuanku/local/qa_course_platform_github_pages/SQA_Algorithm/outputs/path_routing/benchmarks/formal_modes_suite_01/runs/baseline_warm_start/d1200_dynwd21/seed_043,/Users/tsun-yuanku/local/qa_course_platform_github_pages/SQA_Algorithm/outputs/path_routing/benchmarks/formal_modes_suite_01/logs/baseline_warm_start/d1200_dynwd21__seed_043.log,True,0.0,True,sqa,tie,skipped,tie
baseline_warm_start,SQA with Dijkstra warm start,sqa,d1200_dynwd21,d1200,1200,1202.828070248327,80,314,dynwd21,weekday,21,2,44,200,32,20,36.668,True,2137.818892892451,1765.743892892451,True,2137.818892892451,1765.743892892451,26,True,0.0,,,,,,/Users/tsun-yuanku/local/qa_course_platform_github_pages/SQA_Algorithm/outputs/path_routing/benchmarks/formal_modes_suite_01/runs/baseline_warm_start/d1200_dynwd21/seed_044,/Users/tsun-yuanku/local/qa_course_platform_github_pages/SQA_Algorithm/outputs/path_routing/benchmarks/formal_modes_suite_01/logs/baseline_warm_start/d1200_dynwd21__seed_044.log,True,0.0,True,sqa,tie,skipped,tie
baseline_warm_start,SQA with Dijkstra warm start,sqa,d1200_dynwd21,d1200,1200,1202.828070248327,80,314,dynwd21,weekday,21,3,45,200,32,20,36.225,True,2137.818892892451,1765.743892892451,True,2137.818892892451,1765.743892892451,26,True,0.0,,,,,,/Users/tsun-yuanku/local/qa_course_platform_github_pages/SQA_Algorithm/outputs/path_routing/benchmarks/formal_modes_suite_01/runs/baseline_warm_start/d1200_dynwd21/seed_045,/Users/tsun-yuanku/local/qa_course_platform_github_pages/SQA_Algorithm/outputs/path_routing/benchmarks/formal_modes_suite_01/logs/baseline_warm_start/d1200_dynwd21__seed_045.log,True,0.0,True,sqa,tie,skipped,tie
baseline_warm_start,SQA with Dijkstra warm start,sqa,d1200_dynwd21,d1200,1200,1202.828070248327,80,314,dynwd21,weekday,21,4,46,200,32,20,36.42,True,2137.818892892451,1765.743892892451,True,2137.818892892451,1765.743892892451,26,True,0.0,,,,,,/Users/tsun-yuanku/local/qa_course_platform_github_pages/SQA_Algorithm/outputs/path_routing/benchmarks/formal_modes_suite_01/runs/baseline_warm_start/d1200_dynwd21/seed_046,/Users/tsun-yuanku/local/qa_course_platform_github_pages/SQA_Algorithm/outputs/path_routing/benchmarks/formal_modes_suite_01/logs/baseline_warm_start/d1200_dynwd21__seed_046.log,True,0.0,True,sqa,tie,skipped,tie
baseline_warm_start,SQA with Dijkstra warm start,sqa,d1200_dynwe05,d1200,1200,1202.828070248327,80,314,dynwe05,weekend,05,0,42,200,32,20,35.977,True,2137.818892892451,1765.743892892451,True,2137.818892892451,1765.743892892451,26,True,0.0,,,,,,/Users/tsun-yuanku/local/qa_course_platform_github_pages/SQA_Algorithm/outputs/path_routing/benchmarks/formal_modes_suite_01/runs/baseline_warm_start/d1200_dynwe05/seed_042,/Users/tsun-yuanku/local/qa_course_platform_github_pages/SQA_Algorithm/outputs/path_routing/benchmarks/formal_modes_suite_01/logs/baseline_warm_start/d1200_dynwe05__seed_042.log,True,0.0,True,sqa,tie,skipped,tie
baseline_warm_start,SQA with Dijkstra warm start,sqa,d1200_dynwe05,d1200,1200,1202.828070248327,80,314,dynwe05,weekend,05,1,43,200,32,20,38.323,True,2137.818892892451,1765.743892892451,True,2137.818892892451,1765.743892892451,28,True,0.0,,,,,,/Users/tsun-yuanku/local/qa_course_platform_github_pages/SQA_Algorithm/outputs/path_routing/benchmarks/formal_modes_suite_01/runs/baseline_warm_start/d1200_dynwe05/seed_043,/Users/tsun-yuanku/local/qa_course_platform_github_pages/SQA_Algorithm/outputs/path_routing/benchmarks/formal_modes_suite_01/logs/baseline_warm_start/d1200_dynwe05__seed_043.log,True,0.0,True,sqa,tie,skipped,tie
baseline_warm_start,SQA with Dijkstra warm start,sqa,d1200_dynwe05,d1200,1200,1202.828070248327,80,314,dynwe05,weekend,05,2,44,200,32,20,38.809,True,2137.818892892451,1765.743892892451,True,2137.818892892451,1765.743892892451,26,True,0.0,,,,,,/Users/tsun-yuanku/local/qa_course_platform_github_pages/SQA_Algorithm/outputs/path_routing/benchmarks/formal_modes_suite_01/runs/baseline_warm_start/d1200_dynwe05/seed_044,/Users/tsun-yuanku/local/qa_course_platform_github_pages/SQA_Algorithm/outputs/path_routing/benchmarks/formal_modes_suite_01/logs/baseline_warm_start/d1200_dynwe05__seed_044.log,True,0.0,True,sqa,tie,skipped,tie
baseline_warm_start,SQA with Dijkstra warm start,sqa,d1200_dynwe05,d1200,1200,1202.828070248327,80,314,dynwe05,weekend,05,3,45,200,32,20,38.117,True,2137.818892892451,1765.743892892451,True,2137.818892892451,1765.743892892451,26,True,0.0,,,,,,/Users/tsun-yuanku/local/qa_course_platform_github_pages/SQA_Algorithm/outputs/path_routing/benchmarks/formal_modes_suite_01/runs/baseline_warm_start/d1200_dynwe05/seed_045,/Users/tsun-yuanku/local/qa_course_platform_github_pages/SQA_Algorithm/outputs/path_routing/benchmarks/formal_modes_suite_01/logs/baseline_warm_start/d1200_dynwe05__seed_045.log,True,0.0,True,sqa,tie,skipped,tie
baseline_warm_start,SQA with Dijkstra warm start,sqa,d1200_dynwe05,d1200,1200,1202.828070248327,80,314,dynwe05,weekend,05,4,46,200,32,20,37.703,True,2137.818892892451,1765.743892892451,True,2137.818892892451,1765.743892892451,26,True,0.0,,,,,,/Users/tsun-yuanku/local/qa_course_platform_github_pages/SQA_Algorithm/outputs/path_routing/benchmarks/formal_modes_suite_01/runs/baseline_warm_start/d1200_dynwe05/seed_046,/Users/tsun-yuanku/local/qa_course_platform_github_pages/SQA_Algorithm/outputs/path_routing/benchmarks/formal_modes_suite_01/logs/baseline_warm_start/d1200_dynwe05__seed_046.log,True,0.0,True,sqa,tie,skipped,tie
baseline_warm_start,SQA with Dijkstra warm start,sqa,d1200_dynwe08,d1200,1200,1202.828070248327,80,314,dynwe08,weekend,08,0,42,200,32,20,38.132,True,2136.2088928924513,1766.573892892451,True,2136.2088928924513,1766.573892892451,26,True,0.0,,,,,,/Users/tsun-yuanku/local/qa_course_platform_github_pages/SQA_Algorithm/outputs/path_routing/benchmarks/formal_modes_suite_01/runs/baseline_warm_start/d1200_dynwe08/seed_042,/Users/tsun-yuanku/local/qa_course_platform_github_pages/SQA_Algorithm/outputs/path_routing/benchmarks/formal_modes_suite_01/logs/baseline_warm_start/d1200_dynwe08__seed_042.log,True,0.0,True,sqa,tie,skipped,tie
baseline_warm_start,SQA with Dijkstra warm start,sqa,d1200_dynwe08,d1200,1200,1202.828070248327,80,314,dynwe08,weekend,08,1,43,200,32,20,37.951,True,2136.2088928924513,1766.573892892451,True,2136.2088928924513,1766.573892892451,26,True,0.0,,,,,,/Users/tsun-yuanku/local/qa_course_platform_github_pages/SQA_Algorithm/outputs/path_routing/benchmarks/formal_modes_suite_01/runs/baseline_warm_start/d1200_dynwe08/seed_043,/Users/tsun-yuanku/local/qa_course_platform_github_pages/SQA_Algorithm/outputs/path_routing/benchmarks/formal_modes_suite_01/logs/baseline_warm_start/d1200_dynwe08__seed_043.log,True,0.0,True,sqa,tie,skipped,tie
baseline_warm_start,SQA with Dijkstra warm start,sqa,d1200_dynwe08,d1200,1200,1202.828070248327,80,314,dynwe08,weekend,08,2,44,200,32,20,39.026,True,2136.2088928924513,1766.573892892451,True,2136.2088928924513,1766.573892892451,26,True,0.0,,,,,,/Users/tsun-yuanku/local/qa_course_platform_github_pages/SQA_Algorithm/outputs/path_routing/benchmarks/formal_modes_suite_01/runs/baseline_warm_start/d1200_dynwe08/seed_044,/Users/tsun-yuanku/local/qa_course_platform_github_pages/SQA_Algorithm/outputs/path_routing/benchmarks/formal_modes_suite_01/logs/baseline_warm_start/d1200_dynwe08__seed_044.log,True,0.0,True,sqa,tie,skipped,tie
baseline_warm_start,SQA with Dijkstra warm start,sqa,d1200_dynwe08,d1200,1200,1202.828070248327,80,314,dynwe08,weekend,08,3,45,200,32,20,39.347,True,2136.2088928924513,1766.573892892451,True,2136.2088928924513,1766.573892892451,26,True,0.0,,,,,,/Users/tsun-yuanku/local/qa_course_platform_github_pages/SQA_Algorithm/outputs/path_routing/benchmarks/formal_modes_suite_01/runs/baseline_warm_start/d1200_dynwe08/seed_045,/Users/tsun-yuanku/local/qa_course_platform_github_pages/SQA_Algorithm/outputs/path_routing/benchmarks/formal_modes_suite_01/logs/baseline_warm_start/d1200_dynwe08__seed_045.log,True,0.0,True,sqa,tie,skipped,tie
baseline_warm_start,SQA with Dijkstra warm start,sqa,d1200_dynwe08,d1200,1200,1202.828070248327,80,314,dynwe08,weekend,08,4,46,200,32,20,39.291,True,2136.2088928924513,1766.573892892451,True,2136.2088928924513,1766.573892892451,26,True,0.0,,,,,,/Users/tsun-yuanku/local/qa_course_platform_github_pages/SQA_Algorithm/outputs/path_routing/benchmarks/formal_modes_suite_01/runs/baseline_warm_start/d1200_dynwe08/seed_046,/Users/tsun-yuanku/local/qa_course_platform_github_pages/SQA_Algorithm/outputs/path_routing/benchmarks/formal_modes_suite_01/logs/baseline_warm_start/d1200_dynwe08__seed_046.log,True,0.0,True,sqa,tie,skipped,tie
baseline_warm_start,SQA with Dijkstra warm start,sqa,d1200_dynwe12,d1200,1200,1202.828070248327,80,314,dynwe12,weekend,12,0,42,200,32,20,38.883,True,2127.166892892451,1766.251892892451,True,2127.166892892451,1766.251892892451,26,True,0.0,,,,,,/Users/tsun-yuanku/local/qa_course_platform_github_pages/SQA_Algorithm/outputs/path_routing/benchmarks/formal_modes_suite_01/runs/baseline_warm_start/d1200_dynwe12/seed_042,/Users/tsun-yuanku/local/qa_course_platform_github_pages/SQA_Algorithm/outputs/path_routing/benchmarks/formal_modes_suite_01/logs/baseline_warm_start/d1200_dynwe12__seed_042.log,True,0.0,True,sqa,tie,skipped,tie
baseline_warm_start,SQA with Dijkstra warm start,sqa,d1200_dynwe12,d1200,1200,1202.828070248327,80,314,dynwe12,weekend,12,1,43,200,32,20,39.043,True,2127.166892892451,1766.251892892451,True,2127.166892892451,1766.251892892451,28,True,0.0,,,,,,/Users/tsun-yuanku/local/qa_course_platform_github_pages/SQA_Algorithm/outputs/path_routing/benchmarks/formal_modes_suite_01/runs/baseline_warm_start/d1200_dynwe12/seed_043,/Users/tsun-yuanku/local/qa_course_platform_github_pages/SQA_Algorithm/outputs/path_routing/benchmarks/formal_modes_suite_01/logs/baseline_warm_start/d1200_dynwe12__seed_043.log,True,0.0,True,sqa,tie,skipped,tie
baseline_warm_start,SQA with Dijkstra warm start,sqa,d1200_dynwe12,d1200,1200,1202.828070248327,80,314,dynwe12,weekend,12,2,44,200,32,20,38.85,True,2127.166892892451,1766.251892892451,True,2127.166892892451,1766.251892892451,26,True,0.0,,,,,,/Users/tsun-yuanku/local/qa_course_platform_github_pages/SQA_Algorithm/outputs/path_routing/benchmarks/formal_modes_suite_01/runs/baseline_warm_start/d1200_dynwe12/seed_044,/Users/tsun-yuanku/local/qa_course_platform_github_pages/SQA_Algorithm/outputs/path_routing/benchmarks/formal_modes_suite_01/logs/baseline_warm_start/d1200_dynwe12__seed_044.log,True,0.0,True,sqa,tie,skipped,tie
baseline_warm_start,SQA with Dijkstra warm start,sqa,d1200_dynwe12,d1200,1200,1202.828070248327,80,314,dynwe12,weekend,12,3,45,200,32,20,38.051,True,2127.166892892451,1766.251892892451,True,2127.166892892451,1766.251892892451,26,True,0.0,,,,,,/Users/tsun-yuanku/local/qa_course_platform_github_pages/SQA_Algorithm/outputs/path_routing/benchmarks/formal_modes_suite_01/runs/baseline_warm_start/d1200_dynwe12/seed_045,/Users/tsun-yuanku/local/qa_course_platform_github_pages/SQA_Algorithm/outputs/path_routing/benchmarks/formal_modes_suite_01/logs/baseline_warm_start/d1200_dynwe12__seed_045.log,True,0.0,True,sqa,tie,skipped,tie
baseline_warm_start,SQA with Dijkstra warm start,sqa,d1200_dynwe12,d1200,1200,1202.828070248327,80,314,dynwe12,weekend,12,4,46,200,32,20,37.551,True,2127.166892892451,1766.251892892451,True,2127.166892892451,1766.251892892451,26,True,0.0,,,,,,/Users/tsun-yuanku/local/qa_course_platform_github_pages/SQA_Algorithm/outputs/path_routing/benchmarks/formal_modes_suite_01/runs/baseline_warm_start/d1200_dynwe12/seed_046,/Users/tsun-yuanku/local/qa_course_platform_github_pages/SQA_Algorithm/outputs/path_routing/benchmarks/formal_modes_suite_01/logs/baseline_warm_start/d1200_dynwe12__seed_046.log,True,0.0,True,sqa,tie,skipped,tie
baseline_warm_start,SQA with Dijkstra warm start,sqa,d1200_dynwe17,d1200,1200,1202.828070248327,80,314,dynwe17,weekend,17,0,42,200,32,20,37.615,True,2133.313892892451,1765.743892892451,True,2133.313892892451,1765.743892892451,26,True,0.0,,,,,,/Users/tsun-yuanku/local/qa_course_platform_github_pages/SQA_Algorithm/outputs/path_routing/benchmarks/formal_modes_suite_01/runs/baseline_warm_start/d1200_dynwe17/seed_042,/Users/tsun-yuanku/local/qa_course_platform_github_pages/SQA_Algorithm/outputs/path_routing/benchmarks/formal_modes_suite_01/logs/baseline_warm_start/d1200_dynwe17__seed_042.log,True,0.0,True,sqa,tie,skipped,tie
baseline_warm_start,SQA with Dijkstra warm start,sqa,d1200_dynwe17,d1200,1200,1202.828070248327,80,314,dynwe17,weekend,17,1,43,200,32,20,37.691,True,2133.313892892451,1765.743892892451,True,2133.313892892451,1765.743892892451,28,True,0.0,,,,,,/Users/tsun-yuanku/local/qa_course_platform_github_pages/SQA_Algorithm/outputs/path_routing/benchmarks/formal_modes_suite_01/runs/baseline_warm_start/d1200_dynwe17/seed_043,/Users/tsun-yuanku/local/qa_course_platform_github_pages/SQA_Algorithm/outputs/path_routing/benchmarks/formal_modes_suite_01/logs/baseline_warm_start/d1200_dynwe17__seed_043.log,True,0.0,True,sqa,tie,skipped,tie
baseline_warm_start,SQA with Dijkstra warm start,sqa,d1200_dynwe17,d1200,1200,1202.828070248327,80,314,dynwe17,weekend,17,2,44,200,32,20,37.263,True,2133.313892892451,1765.743892892451,True,2133.313892892451,1765.743892892451,26,True,0.0,,,,,,/Users/tsun-yuanku/local/qa_course_platform_github_pages/SQA_Algorithm/outputs/path_routing/benchmarks/formal_modes_suite_01/runs/baseline_warm_start/d1200_dynwe17/seed_044,/Users/tsun-yuanku/local/qa_course_platform_github_pages/SQA_Algorithm/outputs/path_routing/benchmarks/formal_modes_suite_01/logs/baseline_warm_start/d1200_dynwe17__seed_044.log,True,0.0,True,sqa,tie,skipped,tie
baseline_warm_start,SQA with Dijkstra warm start,sqa,d1200_dynwe17,d1200,1200,1202.828070248327,80,314,dynwe17,weekend,17,3,45,200,32,20,37.504,True,2133.313892892451,1765.743892892451,True,2133.313892892451,1765.743892892451,26,True,0.0,,,,,,/Users/tsun-yuanku/local/qa_course_platform_github_pages/SQA_Algorithm/outputs/path_routing/benchmarks/formal_modes_suite_01/runs/baseline_warm_start/d1200_dynwe17/seed_045,/Users/tsun-yuanku/local/qa_course_platform_github_pages/SQA_Algorithm/outputs/path_routing/benchmarks/formal_modes_suite_01/logs/baseline_warm_start/d1200_dynwe17__seed_045.log,True,0.0,True,sqa,tie,skipped,tie
baseline_warm_start,SQA with Dijkstra warm start,sqa,d1200_dynwe17,d1200,1200,1202.828070248327,80,314,dynwe17,weekend,17,4,46,200,32,20,46.67,True,2133.313892892451,1765.743892892451,True,2133.313892892451,1765.743892892451,26,True,0.0,,,,,,/Users/tsun-yuanku/local/qa_course_platform_github_pages/SQA_Algorithm/outputs/path_routing/benchmarks/formal_modes_suite_01/runs/baseline_warm_start/d1200_dynwe17/seed_046,/Users/tsun-yuanku/local/qa_course_platform_github_pages/SQA_Algorithm/outputs/path_routing/benchmarks/formal_modes_suite_01/logs/baseline_warm_start/d1200_dynwe17__seed_046.log,True,0.0,True,sqa,tie,skipped,tie
baseline_warm_start,SQA with Dijkstra warm start,sqa,d1200_dynwe21,d1200,1200,1202.828070248327,80,314,dynwe21,weekend,21,0,42,200,32,20,46.445,True,2137.818892892451,1765.743892892451,True,2137.818892892451,1765.743892892451,26,True,0.0,,,,,,/Users/tsun-yuanku/local/qa_course_platform_github_pages/SQA_Algorithm/outputs/path_routing/benchmarks/formal_modes_suite_01/runs/baseline_warm_start/d1200_dynwe21/seed_042,/Users/tsun-yuanku/local/qa_course_platform_github_pages/SQA_Algorithm/outputs/path_routing/benchmarks/formal_modes_suite_01/logs/baseline_warm_start/d1200_dynwe21__seed_042.log,True,0.0,True,sqa,tie,skipped,tie
baseline_warm_start,SQA with Dijkstra warm start,sqa,d1200_dynwe21,d1200,1200,1202.828070248327,80,314,dynwe21,weekend,21,1,43,200,32,20,46.358,True,2137.818892892451,1765.743892892451,True,2137.818892892451,1765.743892892451,28,True,0.0,,,,,,/Users/tsun-yuanku/local/qa_course_platform_github_pages/SQA_Algorithm/outputs/path_routing/benchmarks/formal_modes_suite_01/runs/baseline_warm_start/d1200_dynwe21/seed_043,/Users/tsun-yuanku/local/qa_course_platform_github_pages/SQA_Algorithm/outputs/path_routing/benchmarks/formal_modes_suite_01/logs/baseline_warm_start/d1200_dynwe21__seed_043.log,True,0.0,True,sqa,tie,skipped,tie
baseline_warm_start,SQA with Dijkstra warm start,sqa,d1200_dynwe21,d1200,1200,1202.828070248327,80,314,dynwe21,weekend,21,2,44,200,32,20,46.339,True,2137.818892892451,1765.743892892451,True,2137.818892892451,1765.743892892451,26,True,0.0,,,,,,/Users/tsun-yuanku/local/qa_course_platform_github_pages/SQA_Algorithm/outputs/path_routing/benchmarks/formal_modes_suite_01/runs/baseline_warm_start/d1200_dynwe21/seed_044,/Users/tsun-yuanku/local/qa_course_platform_github_pages/SQA_Algorithm/outputs/path_routing/benchmarks/formal_modes_suite_01/logs/baseline_warm_start/d1200_dynwe21__seed_044.log,True,0.0,True,sqa,tie,skipped,tie
baseline_warm_start,SQA with Dijkstra warm start,sqa,d1200_dynwe21,d1200,1200,1202.828070248327,80,314,dynwe21,weekend,21,3,45,200,32,20,46.332,True,2137.818892892451,1765.743892892451,True,2137.818892892451,1765.743892892451,26,True,0.0,,,,,,/Users/tsun-yuanku/local/qa_course_platform_github_pages/SQA_Algorithm/outputs/path_routing/benchmarks/formal_modes_suite_01/runs/baseline_warm_start/d1200_dynwe21/seed_045,/Users/tsun-yuanku/local/qa_course_platform_github_pages/SQA_Algorithm/outputs/path_routing/benchmarks/formal_modes_suite_01/logs/baseline_warm_start/d1200_dynwe21__seed_045.log,True,0.0,True,sqa,tie,skipped,tie
baseline_warm_start,SQA with Dijkstra warm start,sqa,d1200_dynwe21,d1200,1200,1202.828070248327,80,314,dynwe21,weekend,21,4,46,200,32,20,46.174,True,2137.818892892451,1765.743892892451,True,2137.818892892451,1765.743892892451,26,True,0.0,,,,,,/Users/tsun-yuanku/local/qa_course_platform_github_pages/SQA_Algorithm/outputs/path_routing/benchmarks/formal_modes_suite_01/runs/baseline_warm_start/d1200_dynwe21/seed_046,/Users/tsun-yuanku/local/qa_course_platform_github_pages/SQA_Algorithm/outputs/path_routing/benchmarks/formal_modes_suite_01/logs/baseline_warm_start/d1200_dynwe21__seed_046.log,True,0.0,True,sqa,tie,skipped,tie
pure_sqa,Random initialized SQA only,sqa,d0400_dynwd05,d0400,400,399.89096238073773,24,318,dynwd05,weekday,05,0,42,200,32,20,33.774,True,911.886,703.126,False,,,6,False,,,,,,,/Users/tsun-yuanku/local/qa_course_platform_github_pages/SQA_Algorithm/outputs/path_routing/benchmarks/formal_modes_suite_01/runs/pure_sqa/d0400_dynwd05/seed_042,/Users/tsun-yuanku/local/qa_course_platform_github_pages/SQA_Algorithm/outputs/path_routing/benchmarks/formal_modes_suite_01/logs/pure_sqa/d0400_dynwd05__seed_042.log,False,,False,sqa,no_route,skipped,no_route
pure_sqa,Random initialized SQA only,sqa,d0400_dynwd05,d0400,400,399.89096238073773,24,318,dynwd05,weekday,05,1,43,200,32,20,33.392,True,911.886,703.126,False,,,6,False,,,,,,,/Users/tsun-yuanku/local/qa_course_platform_github_pages/SQA_Algorithm/outputs/path_routing/benchmarks/formal_modes_suite_01/runs/pure_sqa/d0400_dynwd05/seed_043,/Users/tsun-yuanku/local/qa_course_platform_github_pages/SQA_Algorithm/outputs/path_routing/benchmarks/formal_modes_suite_01/logs/pure_sqa/d0400_dynwd05__seed_043.log,False,,False,sqa,no_route,skipped,no_route
pure_sqa,Random initialized SQA only,sqa,d0400_dynwd05,d0400,400,399.89096238073773,24,318,dynwd05,weekday,05,2,44,200,32,20,33.561,True,911.886,703.126,False,,,6,False,,,,,,,/Users/tsun-yuanku/local/qa_course_platform_github_pages/SQA_Algorithm/outputs/path_routing/benchmarks/formal_modes_suite_01/runs/pure_sqa/d0400_dynwd05/seed_044,/Users/tsun-yuanku/local/qa_course_platform_github_pages/SQA_Algorithm/outputs/path_routing/benchmarks/formal_modes_suite_01/logs/pure_sqa/d0400_dynwd05__seed_044.log,False,,False,sqa,no_route,skipped,no_route
pure_sqa,Random initialized SQA only,sqa,d0400_dynwd05,d0400,400,399.89096238073773,24,318,dynwd05,weekday,05,3,45,200,32,20,33.269,True,911.886,703.126,False,,,6,False,,,,,,,/Users/tsun-yuanku/local/qa_course_platform_github_pages/SQA_Algorithm/outputs/path_routing/benchmarks/formal_modes_suite_01/runs/pure_sqa/d0400_dynwd05/seed_045,/Users/tsun-yuanku/local/qa_course_platform_github_pages/SQA_Algorithm/outputs/path_routing/benchmarks/formal_modes_suite_01/logs/pure_sqa/d0400_dynwd05__seed_045.log,False,,False,sqa,no_route,skipped,no_route
pure_sqa,Random initialized SQA only,sqa,d0400_dynwd05,d0400,400,399.89096238073773,24,318,dynwd05,weekday,05,4,46,200,32,20,33.765,True,911.886,703.126,False,,,6,False,,,,,,,/Users/tsun-yuanku/local/qa_course_platform_github_pages/SQA_Algorithm/outputs/path_routing/benchmarks/formal_modes_suite_01/runs/pure_sqa/d0400_dynwd05/seed_046,/Users/tsun-yuanku/local/qa_course_platform_github_pages/SQA_Algorithm/outputs/path_routing/benchmarks/formal_modes_suite_01/logs/pure_sqa/d0400_dynwd05__seed_046.log,False,,False,sqa,no_route,skipped,no_route
pure_sqa,Random initialized SQA only,sqa,d0400_dynwd08,d0400,400,399.89096238073773,24,318,dynwd08,weekday,08,0,42,200,32,20,33.189,True,904.673,703.448,False,,,6,False,,,,,,,/Users/tsun-yuanku/local/qa_course_platform_github_pages/SQA_Algorithm/outputs/path_routing/benchmarks/formal_modes_suite_01/runs/pure_sqa/d0400_dynwd08/seed_042,/Users/tsun-yuanku/local/qa_course_platform_github_pages/SQA_Algorithm/outputs/path_routing/benchmarks/formal_modes_suite_01/logs/pure_sqa/d0400_dynwd08__seed_042.log,False,,False,sqa,no_route,skipped,no_route
pure_sqa,Random initialized SQA only,sqa,d0400_dynwd08,d0400,400,399.89096238073773,24,318,dynwd08,weekday,08,1,43,200,32,20,42.007,True,904.673,703.448,False,,,6,False,,,,,,,/Users/tsun-yuanku/local/qa_course_platform_github_pages/SQA_Algorithm/outputs/path_routing/benchmarks/formal_modes_suite_01/runs/pure_sqa/d0400_dynwd08/seed_043,/Users/tsun-yuanku/local/qa_course_platform_github_pages/SQA_Algorithm/outputs/path_routing/benchmarks/formal_modes_suite_01/logs/pure_sqa/d0400_dynwd08__seed_043.log,False,,False,sqa,no_route,skipped,no_route
pure_sqa,Random initialized SQA only,sqa,d0400_dynwd08,d0400,400,399.89096238073773,24,318,dynwd08,weekday,08,2,44,200,32,20,41.738,True,904.673,703.448,False,,,6,False,,,,,,,/Users/tsun-yuanku/local/qa_course_platform_github_pages/SQA_Algorithm/outputs/path_routing/benchmarks/formal_modes_suite_01/runs/pure_sqa/d0400_dynwd08/seed_044,/Users/tsun-yuanku/local/qa_course_platform_github_pages/SQA_Algorithm/outputs/path_routing/benchmarks/formal_modes_suite_01/logs/pure_sqa/d0400_dynwd08__seed_044.log,False,,False,sqa,no_route,skipped,no_route
pure_sqa,Random initialized SQA only,sqa,d0400_dynwd08,d0400,400,399.89096238073773,24,318,dynwd08,weekday,08,3,45,200,32,20,41.607,True,904.673,703.448,False,,,9,False,,,,,,,/Users/tsun-yuanku/local/qa_course_platform_github_pages/SQA_Algorithm/outputs/path_routing/benchmarks/formal_modes_suite_01/runs/pure_sqa/d0400_dynwd08/seed_045,/Users/tsun-yuanku/local/qa_course_platform_github_pages/SQA_Algorithm/outputs/path_routing/benchmarks/formal_modes_suite_01/logs/pure_sqa/d0400_dynwd08__seed_045.log,False,,False,sqa,no_route,skipped,no_route
pure_sqa,Random initialized SQA only,sqa,d0400_dynwd08,d0400,400,399.89096238073773,24,318,dynwd08,weekday,08,4,46,200,32,20,41.748,True,904.673,703.448,False,,,6,False,,,,,,,/Users/tsun-yuanku/local/qa_course_platform_github_pages/SQA_Algorithm/outputs/path_routing/benchmarks/formal_modes_suite_01/runs/pure_sqa/d0400_dynwd08/seed_046,/Users/tsun-yuanku/local/qa_course_platform_github_pages/SQA_Algorithm/outputs/path_routing/benchmarks/formal_modes_suite_01/logs/pure_sqa/d0400_dynwd08__seed_046.log,False,,False,sqa,no_route,skipped,no_route
pure_sqa,Random initialized SQA only,sqa,d0400_dynwd12,d0400,400,399.89096238073773,24,318,dynwd12,weekday,12,0,42,200,32,20,41.617,True,904.131,703.126,False,,,6,False,,,,,,,/Users/tsun-yuanku/local/qa_course_platform_github_pages/SQA_Algorithm/outputs/path_routing/benchmarks/formal_modes_suite_01/runs/pure_sqa/d0400_dynwd12/seed_042,/Users/tsun-yuanku/local/qa_course_platform_github_pages/SQA_Algorithm/outputs/path_routing/benchmarks/formal_modes_suite_01/logs/pure_sqa/d0400_dynwd12__seed_042.log,False,,False,sqa,no_route,skipped,no_route
pure_sqa,Random initialized SQA only,sqa,d0400_dynwd12,d0400,400,399.89096238073773,24,318,dynwd12,weekday,12,1,43,200,32,20,41.616,True,904.131,703.126,False,,,6,False,,,,,,,/Users/tsun-yuanku/local/qa_course_platform_github_pages/SQA_Algorithm/outputs/path_routing/benchmarks/formal_modes_suite_01/runs/pure_sqa/d0400_dynwd12/seed_043,/Users/tsun-yuanku/local/qa_course_platform_github_pages/SQA_Algorithm/outputs/path_routing/benchmarks/formal_modes_suite_01/logs/pure_sqa/d0400_dynwd12__seed_043.log,False,,False,sqa,no_route,skipped,no_route
pure_sqa,Random initialized SQA only,sqa,d0400_dynwd12,d0400,400,399.89096238073773,24,318,dynwd12,weekday,12,2,44,200,32,20,33.602,True,904.131,703.126,False,,,6,False,,,,,,,/Users/tsun-yuanku/local/qa_course_platform_github_pages/SQA_Algorithm/outputs/path_routing/benchmarks/formal_modes_suite_01/runs/pure_sqa/d0400_dynwd12/seed_044,/Users/tsun-yuanku/local/qa_course_platform_github_pages/SQA_Algorithm/outputs/path_routing/benchmarks/formal_modes_suite_01/logs/pure_sqa/d0400_dynwd12__seed_044.log,False,,False,sqa,no_route,skipped,no_route
pure_sqa,Random initialized SQA only,sqa,d0400_dynwd12,d0400,400,399.89096238073773,24,318,dynwd12,weekday,12,3,45,200,32,20,33.838,True,904.131,703.126,False,,,9,False,,,,,,,/Users/tsun-yuanku/local/qa_course_platform_github_pages/SQA_Algorithm/outputs/path_routing/benchmarks/formal_modes_suite_01/runs/pure_sqa/d0400_dynwd12/seed_045,/Users/tsun-yuanku/local/qa_course_platform_github_pages/SQA_Algorithm/outputs/path_routing/benchmarks/formal_modes_suite_01/logs/pure_sqa/d0400_dynwd12__seed_045.log,False,,False,sqa,no_route,skipped,no_route
pure_sqa,Random initialized SQA only,sqa,d0400_dynwd12,d0400,400,399.89096238073773,24,318,dynwd12,weekday,12,4,46,200,32,20,33.7,True,904.131,703.126,False,,,6,False,,,,,,,/Users/tsun-yuanku/local/qa_course_platform_github_pages/SQA_Algorithm/outputs/path_routing/benchmarks/formal_modes_suite_01/runs/pure_sqa/d0400_dynwd12/seed_046,/Users/tsun-yuanku/local/qa_course_platform_github_pages/SQA_Algorithm/outputs/path_routing/benchmarks/formal_modes_suite_01/logs/pure_sqa/d0400_dynwd12__seed_046.log,False,,False,sqa,no_route,skipped,no_route
pure_sqa,Random initialized SQA only,sqa,d0400_dynwd17,d0400,400,399.89096238073773,24,318,dynwd17,weekday,17,0,42,200,32,20,33.77,True,905.131,703.126,False,,,6,False,,,,,,,/Users/tsun-yuanku/local/qa_course_platform_github_pages/SQA_Algorithm/outputs/path_routing/benchmarks/formal_modes_suite_01/runs/pure_sqa/d0400_dynwd17/seed_042,/Users/tsun-yuanku/local/qa_course_platform_github_pages/SQA_Algorithm/outputs/path_routing/benchmarks/formal_modes_suite_01/logs/pure_sqa/d0400_dynwd17__seed_042.log,False,,False,sqa,no_route,skipped,no_route
pure_sqa,Random initialized SQA only,sqa,d0400_dynwd17,d0400,400,399.89096238073773,24,318,dynwd17,weekday,17,1,43,200,32,20,33.713,True,905.131,703.126,False,,,6,False,,,,,,,/Users/tsun-yuanku/local/qa_course_platform_github_pages/SQA_Algorithm/outputs/path_routing/benchmarks/formal_modes_suite_01/runs/pure_sqa/d0400_dynwd17/seed_043,/Users/tsun-yuanku/local/qa_course_platform_github_pages/SQA_Algorithm/outputs/path_routing/benchmarks/formal_modes_suite_01/logs/pure_sqa/d0400_dynwd17__seed_043.log,False,,False,sqa,no_route,skipped,no_route
pure_sqa,Random initialized SQA only,sqa,d0400_dynwd17,d0400,400,399.89096238073773,24,318,dynwd17,weekday,17,2,44,200,32,20,33.31,True,905.131,703.126,False,,,6,False,,,,,,,/Users/tsun-yuanku/local/qa_course_platform_github_pages/SQA_Algorithm/outputs/path_routing/benchmarks/formal_modes_suite_01/runs/pure_sqa/d0400_dynwd17/seed_044,/Users/tsun-yuanku/local/qa_course_platform_github_pages/SQA_Algorithm/outputs/path_routing/benchmarks/formal_modes_suite_01/logs/pure_sqa/d0400_dynwd17__seed_044.log,False,,False,sqa,no_route,skipped,no_route
pure_sqa,Random initialized SQA only,sqa,d0400_dynwd17,d0400,400,399.89096238073773,24,318,dynwd17,weekday,17,3,45,200,32,20,37.695,True,905.131,703.126,False,,,9,False,,,,,,,/Users/tsun-yuanku/local/qa_course_platform_github_pages/SQA_Algorithm/outputs/path_routing/benchmarks/formal_modes_suite_01/runs/pure_sqa/d0400_dynwd17/seed_045,/Users/tsun-yuanku/local/qa_course_platform_github_pages/SQA_Algorithm/outputs/path_routing/benchmarks/formal_modes_suite_01/logs/pure_sqa/d0400_dynwd17__seed_045.log,False,,False,sqa,no_route,skipped,no_route
pure_sqa,Random initialized SQA only,sqa,d0400_dynwd17,d0400,400,399.89096238073773,24,318,dynwd17,weekday,17,4,46,200,32,20,38.29,True,905.131,703.126,False,,,6,False,,,,,,,/Users/tsun-yuanku/local/qa_course_platform_github_pages/SQA_Algorithm/outputs/path_routing/benchmarks/formal_modes_suite_01/runs/pure_sqa/d0400_dynwd17/seed_046,/Users/tsun-yuanku/local/qa_course_platform_github_pages/SQA_Algorithm/outputs/path_routing/benchmarks/formal_modes_suite_01/logs/pure_sqa/d0400_dynwd17__seed_046.log,False,,False,sqa,no_route,skipped,no_route
pure_sqa,Random initialized SQA only,sqa,d0400_dynwd21,d0400,400,399.89096238073773,24,318,dynwd21,weekday,21,0,42,200,32,20,37.473,True,911.886,703.126,False,,,6,False,,,,,,,/Users/tsun-yuanku/local/qa_course_platform_github_pages/SQA_Algorithm/outputs/path_routing/benchmarks/formal_modes_suite_01/runs/pure_sqa/d0400_dynwd21/seed_042,/Users/tsun-yuanku/local/qa_course_platform_github_pages/SQA_Algorithm/outputs/path_routing/benchmarks/formal_modes_suite_01/logs/pure_sqa/d0400_dynwd21__seed_042.log,False,,False,sqa,no_route,skipped,no_route
pure_sqa,Random initialized SQA only,sqa,d0400_dynwd21,d0400,400,399.89096238073773,24,318,dynwd21,weekday,21,1,43,200,32,20,38.192,True,911.886,703.126,False,,,6,False,,,,,,,/Users/tsun-yuanku/local/qa_course_platform_github_pages/SQA_Algorithm/outputs/path_routing/benchmarks/formal_modes_suite_01/runs/pure_sqa/d0400_dynwd21/seed_043,/Users/tsun-yuanku/local/qa_course_platform_github_pages/SQA_Algorithm/outputs/path_routing/benchmarks/formal_modes_suite_01/logs/pure_sqa/d0400_dynwd21__seed_043.log,False,,False,sqa,no_route,skipped,no_route
pure_sqa,Random initialized SQA only,sqa,d0400_dynwd21,d0400,400,399.89096238073773,24,318,dynwd21,weekday,21,2,44,200,32,20,38.645,True,911.886,703.126,False,,,6,False,,,,,,,/Users/tsun-yuanku/local/qa_course_platform_github_pages/SQA_Algorithm/outputs/path_routing/benchmarks/formal_modes_suite_01/runs/pure_sqa/d0400_dynwd21/seed_044,/Users/tsun-yuanku/local/qa_course_platform_github_pages/SQA_Algorithm/outputs/path_routing/benchmarks/formal_modes_suite_01/logs/pure_sqa/d0400_dynwd21__seed_044.log,False,,False,sqa,no_route,skipped,no_route
pure_sqa,Random initialized SQA only,sqa,d0400_dynwd21,d0400,400,399.89096238073773,24,318,dynwd21,weekday,21,3,45,200,32,20,38.349,True,911.886,703.126,False,,,6,False,,,,,,,/Users/tsun-yuanku/local/qa_course_platform_github_pages/SQA_Algorithm/outputs/path_routing/benchmarks/formal_modes_suite_01/runs/pure_sqa/d0400_dynwd21/seed_045,/Users/tsun-yuanku/local/qa_course_platform_github_pages/SQA_Algorithm/outputs/path_routing/benchmarks/formal_modes_suite_01/logs/pure_sqa/d0400_dynwd21__seed_045.log,False,,False,sqa,no_route,skipped,no_route
pure_sqa,Random initialized SQA only,sqa,d0400_dynwd21,d0400,400,399.89096238073773,24,318,dynwd21,weekday,21,4,46,200,32,20,36.588,True,911.886,703.126,False,,,6,False,,,,,,,/Users/tsun-yuanku/local/qa_course_platform_github_pages/SQA_Algorithm/outputs/path_routing/benchmarks/formal_modes_suite_01/runs/pure_sqa/d0400_dynwd21/seed_046,/Users/tsun-yuanku/local/qa_course_platform_github_pages/SQA_Algorithm/outputs/path_routing/benchmarks/formal_modes_suite_01/logs/pure_sqa/d0400_dynwd21__seed_046.log,False,,False,sqa,no_route,skipped,no_route
pure_sqa,Random initialized SQA only,sqa,d0400_dynwe05,d0400,400,399.89096238073773,24,318,dynwe05,weekend,05,0,42,200,32,20,36.445,True,911.886,703.126,False,,,6,False,,,,,,,/Users/tsun-yuanku/local/qa_course_platform_github_pages/SQA_Algorithm/outputs/path_routing/benchmarks/formal_modes_suite_01/runs/pure_sqa/d0400_dynwe05/seed_042,/Users/tsun-yuanku/local/qa_course_platform_github_pages/SQA_Algorithm/outputs/path_routing/benchmarks/formal_modes_suite_01/logs/pure_sqa/d0400_dynwe05__seed_042.log,False,,False,sqa,no_route,skipped,no_route
pure_sqa,Random initialized SQA only,sqa,d0400_dynwe05,d0400,400,399.89096238073773,24,318,dynwe05,weekend,05,1,43,200,32,20,35.887,True,911.886,703.126,False,,,6,False,,,,,,,/Users/tsun-yuanku/local/qa_course_platform_github_pages/SQA_Algorithm/outputs/path_routing/benchmarks/formal_modes_suite_01/runs/pure_sqa/d0400_dynwe05/seed_043,/Users/tsun-yuanku/local/qa_course_platform_github_pages/SQA_Algorithm/outputs/path_routing/benchmarks/formal_modes_suite_01/logs/pure_sqa/d0400_dynwe05__seed_043.log,False,,False,sqa,no_route,skipped,no_route
pure_sqa,Random initialized SQA only,sqa,d0400_dynwe05,d0400,400,399.89096238073773,24,318,dynwe05,weekend,05,2,44,200,32,20,35.589,True,911.886,703.126,False,,,6,False,,,,,,,/Users/tsun-yuanku/local/qa_course_platform_github_pages/SQA_Algorithm/outputs/path_routing/benchmarks/formal_modes_suite_01/runs/pure_sqa/d0400_dynwe05/seed_044,/Users/tsun-yuanku/local/qa_course_platform_github_pages/SQA_Algorithm/outputs/path_routing/benchmarks/formal_modes_suite_01/logs/pure_sqa/d0400_dynwe05__seed_044.log,False,,False,sqa,no_route,skipped,no_route
pure_sqa,Random initialized SQA only,sqa,d0400_dynwe05,d0400,400,399.89096238073773,24,318,dynwe05,weekend,05,3,45,200,32,20,35.441,True,911.886,703.126,False,,,6,False,,,,,,,/Users/tsun-yuanku/local/qa_course_platform_github_pages/SQA_Algorithm/outputs/path_routing/benchmarks/formal_modes_suite_01/runs/pure_sqa/d0400_dynwe05/seed_045,/Users/tsun-yuanku/local/qa_course_platform_github_pages/SQA_Algorithm/outputs/path_routing/benchmarks/formal_modes_suite_01/logs/pure_sqa/d0400_dynwe05__seed_045.log,False,,False,sqa,no_route,skipped,no_route
pure_sqa,Random initialized SQA only,sqa,d0400_dynwe05,d0400,400,399.89096238073773,24,318,dynwe05,weekend,05,4,46,200,32,20,35.343,True,911.886,703.126,False,,,6,False,,,,,,,/Users/tsun-yuanku/local/qa_course_platform_github_pages/SQA_Algorithm/outputs/path_routing/benchmarks/formal_modes_suite_01/runs/pure_sqa/d0400_dynwe05/seed_046,/Users/tsun-yuanku/local/qa_course_platform_github_pages/SQA_Algorithm/outputs/path_routing/benchmarks/formal_modes_suite_01/logs/pure_sqa/d0400_dynwe05__seed_046.log,False,,False,sqa,no_route,skipped,no_route
pure_sqa,Random initialized SQA only,sqa,d0400_dynwe08,d0400,400,399.89096238073773,24,318,dynwe08,weekend,08,0,42,200,32,20,46.645,True,909.673,703.448,False,,,6,False,,,,,,,/Users/tsun-yuanku/local/qa_course_platform_github_pages/SQA_Algorithm/outputs/path_routing/benchmarks/formal_modes_suite_01/runs/pure_sqa/d0400_dynwe08/seed_042,/Users/tsun-yuanku/local/qa_course_platform_github_pages/SQA_Algorithm/outputs/path_routing/benchmarks/formal_modes_suite_01/logs/pure_sqa/d0400_dynwe08__seed_042.log,False,,False,sqa,no_route,skipped,no_route
pure_sqa,Random initialized SQA only,sqa,d0400_dynwe08,d0400,400,399.89096238073773,24,318,dynwe08,weekend,08,1,43,200,32,20,46.131,True,909.673,703.448,False,,,4,False,,,,,,,/Users/tsun-yuanku/local/qa_course_platform_github_pages/SQA_Algorithm/outputs/path_routing/benchmarks/formal_modes_suite_01/runs/pure_sqa/d0400_dynwe08/seed_043,/Users/tsun-yuanku/local/qa_course_platform_github_pages/SQA_Algorithm/outputs/path_routing/benchmarks/formal_modes_suite_01/logs/pure_sqa/d0400_dynwe08__seed_043.log,False,,False,sqa,no_route,skipped,no_route
pure_sqa,Random initialized SQA only,sqa,d0400_dynwe08,d0400,400,399.89096238073773,24,318,dynwe08,weekend,08,2,44,200,32,20,46.21,True,909.673,703.448,False,,,6,False,,,,,,,/Users/tsun-yuanku/local/qa_course_platform_github_pages/SQA_Algorithm/outputs/path_routing/benchmarks/formal_modes_suite_01/runs/pure_sqa/d0400_dynwe08/seed_044,/Users/tsun-yuanku/local/qa_course_platform_github_pages/SQA_Algorithm/outputs/path_routing/benchmarks/formal_modes_suite_01/logs/pure_sqa/d0400_dynwe08__seed_044.log,False,,False,sqa,no_route,skipped,no_route
pure_sqa,Random initialized SQA only,sqa,d0400_dynwe08,d0400,400,399.89096238073773,24,318,dynwe08,weekend,08,3,45,200,32,20,46.179,True,909.673,703.448,False,,,6,False,,,,,,,/Users/tsun-yuanku/local/qa_course_platform_github_pages/SQA_Algorithm/outputs/path_routing/benchmarks/formal_modes_suite_01/runs/pure_sqa/d0400_dynwe08/seed_045,/Users/tsun-yuanku/local/qa_course_platform_github_pages/SQA_Algorithm/outputs/path_routing/benchmarks/formal_modes_suite_01/logs/pure_sqa/d0400_dynwe08__seed_045.log,False,,False,sqa,no_route,skipped,no_route
pure_sqa,Random initialized SQA only,sqa,d0400_dynwe08,d0400,400,399.89096238073773,24,318,dynwe08,weekend,08,4,46,200,32,20,45.917,True,909.673,703.448,False,,,6,False,,,,,,,/Users/tsun-yuanku/local/qa_course_platform_github_pages/SQA_Algorithm/outputs/path_routing/benchmarks/formal_modes_suite_01/runs/pure_sqa/d0400_dynwe08/seed_046,/Users/tsun-yuanku/local/qa_course_platform_github_pages/SQA_Algorithm/outputs/path_routing/benchmarks/formal_modes_suite_01/logs/pure_sqa/d0400_dynwe08__seed_046.log,False,,False,sqa,no_route,skipped,no_route
pure_sqa,Random initialized SQA only,sqa,d0400_dynwe12,d0400,400,399.89096238073773,24,318,dynwe12,weekend,12,0,42,200,32,20,46.189,True,906.131,703.126,False,,,6,False,,,,,,,/Users/tsun-yuanku/local/qa_course_platform_github_pages/SQA_Algorithm/outputs/path_routing/benchmarks/formal_modes_suite_01/runs/pure_sqa/d0400_dynwe12/seed_042,/Users/tsun-yuanku/local/qa_course_platform_github_pages/SQA_Algorithm/outputs/path_routing/benchmarks/formal_modes_suite_01/logs/pure_sqa/d0400_dynwe12__seed_042.log,False,,False,sqa,no_route,skipped,no_route
pure_sqa,Random initialized SQA only,sqa,d0400_dynwe12,d0400,400,399.89096238073773,24,318,dynwe12,weekend,12,1,43,200,32,20,42.377,True,906.131,703.126,False,,,6,False,,,,,,,/Users/tsun-yuanku/local/qa_course_platform_github_pages/SQA_Algorithm/outputs/path_routing/benchmarks/formal_modes_suite_01/runs/pure_sqa/d0400_dynwe12/seed_043,/Users/tsun-yuanku/local/qa_course_platform_github_pages/SQA_Algorithm/outputs/path_routing/benchmarks/formal_modes_suite_01/logs/pure_sqa/d0400_dynwe12__seed_043.log,False,,False,sqa,no_route,skipped,no_route
pure_sqa,Random initialized SQA only,sqa,d0400_dynwe12,d0400,400,399.89096238073773,24,318,dynwe12,weekend,12,2,44,200,32,20,41.827,True,906.131,703.126,False,,,6,False,,,,,,,/Users/tsun-yuanku/local/qa_course_platform_github_pages/SQA_Algorithm/outputs/path_routing/benchmarks/formal_modes_suite_01/runs/pure_sqa/d0400_dynwe12/seed_044,/Users/tsun-yuanku/local/qa_course_platform_github_pages/SQA_Algorithm/outputs/path_routing/benchmarks/formal_modes_suite_01/logs/pure_sqa/d0400_dynwe12__seed_044.log,False,,False,sqa,no_route,skipped,no_route
pure_sqa,Random initialized SQA only,sqa,d0400_dynwe12,d0400,400,399.89096238073773,24,318,dynwe12,weekend,12,3,45,200,32,20,41.476,True,906.131,703.126,False,,,9,False,,,,,,,/Users/tsun-yuanku/local/qa_course_platform_github_pages/SQA_Algorithm/outputs/path_routing/benchmarks/formal_modes_suite_01/runs/pure_sqa/d0400_dynwe12/seed_045,/Users/tsun-yuanku/local/qa_course_platform_github_pages/SQA_Algorithm/outputs/path_routing/benchmarks/formal_modes_suite_01/logs/pure_sqa/d0400_dynwe12__seed_045.log,False,,False,sqa,no_route,skipped,no_route
pure_sqa,Random initialized SQA only,sqa,d0400_dynwe12,d0400,400,399.89096238073773,24,318,dynwe12,weekend,12,4,46,200,32,20,41.441,True,906.131,703.126,False,,,6,False,,,,,,,/Users/tsun-yuanku/local/qa_course_platform_github_pages/SQA_Algorithm/outputs/path_routing/benchmarks/formal_modes_suite_01/runs/pure_sqa/d0400_dynwe12/seed_046,/Users/tsun-yuanku/local/qa_course_platform_github_pages/SQA_Algorithm/outputs/path_routing/benchmarks/formal_modes_suite_01/logs/pure_sqa/d0400_dynwe12__seed_046.log,False,,False,sqa,no_route,skipped,no_route
pure_sqa,Random initialized SQA only,sqa,d0400_dynwe17,d0400,400,399.89096238073773,24,318,dynwe17,weekend,17,0,42,200,32,20,41.621,True,908.881,703.126,False,,,6,False,,,,,,,/Users/tsun-yuanku/local/qa_course_platform_github_pages/SQA_Algorithm/outputs/path_routing/benchmarks/formal_modes_suite_01/runs/pure_sqa/d0400_dynwe17/seed_042,/Users/tsun-yuanku/local/qa_course_platform_github_pages/SQA_Algorithm/outputs/path_routing/benchmarks/formal_modes_suite_01/logs/pure_sqa/d0400_dynwe17__seed_042.log,False,,False,sqa,no_route,skipped,no_route
pure_sqa,Random initialized SQA only,sqa,d0400_dynwe17,d0400,400,399.89096238073773,24,318,dynwe17,weekend,17,1,43,200,32,20,41.49,True,908.881,703.126,False,,,6,False,,,,,,,/Users/tsun-yuanku/local/qa_course_platform_github_pages/SQA_Algorithm/outputs/path_routing/benchmarks/formal_modes_suite_01/runs/pure_sqa/d0400_dynwe17/seed_043,/Users/tsun-yuanku/local/qa_course_platform_github_pages/SQA_Algorithm/outputs/path_routing/benchmarks/formal_modes_suite_01/logs/pure_sqa/d0400_dynwe17__seed_043.log,False,,False,sqa,no_route,skipped,no_route
pure_sqa,Random initialized SQA only,sqa,d0400_dynwe17,d0400,400,399.89096238073773,24,318,dynwe17,weekend,17,2,44,200,32,20,45.684,True,908.881,703.126,False,,,6,False,,,,,,,/Users/tsun-yuanku/local/qa_course_platform_github_pages/SQA_Algorithm/outputs/path_routing/benchmarks/formal_modes_suite_01/runs/pure_sqa/d0400_dynwe17/seed_044,/Users/tsun-yuanku/local/qa_course_platform_github_pages/SQA_Algorithm/outputs/path_routing/benchmarks/formal_modes_suite_01/logs/pure_sqa/d0400_dynwe17__seed_044.log,False,,False,sqa,no_route,skipped,no_route
pure_sqa,Random initialized SQA only,sqa,d0400_dynwe17,d0400,400,399.89096238073773,24,318,dynwe17,weekend,17,3,45,200,32,20,45.656,True,908.881,703.126,False,,,6,False,,,,,,,/Users/tsun-yuanku/local/qa_course_platform_github_pages/SQA_Algorithm/outputs/path_routing/benchmarks/formal_modes_suite_01/runs/pure_sqa/d0400_dynwe17/seed_045,/Users/tsun-yuanku/local/qa_course_platform_github_pages/SQA_Algorithm/outputs/path_routing/benchmarks/formal_modes_suite_01/logs/pure_sqa/d0400_dynwe17__seed_045.log,False,,False,sqa,no_route,skipped,no_route
pure_sqa,Random initialized SQA only,sqa,d0400_dynwe17,d0400,400,399.89096238073773,24,318,dynwe17,weekend,17,4,46,200,32,20,45.491,True,908.881,703.126,False,,,6,False,,,,,,,/Users/tsun-yuanku/local/qa_course_platform_github_pages/SQA_Algorithm/outputs/path_routing/benchmarks/formal_modes_suite_01/runs/pure_sqa/d0400_dynwe17/seed_046,/Users/tsun-yuanku/local/qa_course_platform_github_pages/SQA_Algorithm/outputs/path_routing/benchmarks/formal_modes_suite_01/logs/pure_sqa/d0400_dynwe17__seed_046.log,False,,False,sqa,no_route,skipped,no_route
pure_sqa,Random initialized SQA only,sqa,d0400_dynwe21,d0400,400,399.89096238073773,24,318,dynwe21,weekend,21,0,42,200,32,20,45.388,True,911.886,703.126,False,,,6,False,,,,,,,/Users/tsun-yuanku/local/qa_course_platform_github_pages/SQA_Algorithm/outputs/path_routing/benchmarks/formal_modes_suite_01/runs/pure_sqa/d0400_dynwe21/seed_042,/Users/tsun-yuanku/local/qa_course_platform_github_pages/SQA_Algorithm/outputs/path_routing/benchmarks/formal_modes_suite_01/logs/pure_sqa/d0400_dynwe21__seed_042.log,False,,False,sqa,no_route,skipped,no_route
pure_sqa,Random initialized SQA only,sqa,d0400_dynwe21,d0400,400,399.89096238073773,24,318,dynwe21,weekend,21,1,43,200,32,20,45.34,True,911.886,703.126,False,,,6,False,,,,,,,/Users/tsun-yuanku/local/qa_course_platform_github_pages/SQA_Algorithm/outputs/path_routing/benchmarks/formal_modes_suite_01/runs/pure_sqa/d0400_dynwe21/seed_043,/Users/tsun-yuanku/local/qa_course_platform_github_pages/SQA_Algorithm/outputs/path_routing/benchmarks/formal_modes_suite_01/logs/pure_sqa/d0400_dynwe21__seed_043.log,False,,False,sqa,no_route,skipped,no_route
pure_sqa,Random initialized SQA only,sqa,d0400_dynwe21,d0400,400,399.89096238073773,24,318,dynwe21,weekend,21,2,44,200,32,20,44.994,True,911.886,703.126,False,,,6,False,,,,,,,/Users/tsun-yuanku/local/qa_course_platform_github_pages/SQA_Algorithm/outputs/path_routing/benchmarks/formal_modes_suite_01/runs/pure_sqa/d0400_dynwe21/seed_044,/Users/tsun-yuanku/local/qa_course_platform_github_pages/SQA_Algorithm/outputs/path_routing/benchmarks/formal_modes_suite_01/logs/pure_sqa/d0400_dynwe21__seed_044.log,False,,False,sqa,no_route,skipped,no_route
pure_sqa,Random initialized SQA only,sqa,d0400_dynwe21,d0400,400,399.89096238073773,24,318,dynwe21,weekend,21,3,45,200,32,20,36.942,True,911.886,703.126,False,,,6,False,,,,,,,/Users/tsun-yuanku/local/qa_course_platform_github_pages/SQA_Algorithm/outputs/path_routing/benchmarks/formal_modes_suite_01/runs/pure_sqa/d0400_dynwe21/seed_045,/Users/tsun-yuanku/local/qa_course_platform_github_pages/SQA_Algorithm/outputs/path_routing/benchmarks/formal_modes_suite_01/logs/pure_sqa/d0400_dynwe21__seed_045.log,False,,False,sqa,no_route,skipped,no_route
pure_sqa,Random initialized SQA only,sqa,d0400_dynwe21,d0400,400,399.89096238073773,24,318,dynwe21,weekend,21,4,46,200,32,20,36.895,True,911.886,703.126,False,,,6,False,,,,,,,/Users/tsun-yuanku/local/qa_course_platform_github_pages/SQA_Algorithm/outputs/path_routing/benchmarks/formal_modes_suite_01/runs/pure_sqa/d0400_dynwe21/seed_046,/Users/tsun-yuanku/local/qa_course_platform_github_pages/SQA_Algorithm/outputs/path_routing/benchmarks/formal_modes_suite_01/logs/pure_sqa/d0400_dynwe21__seed_046.log,False,,False,sqa,no_route,skipped,no_route
pure_sqa,Random initialized SQA only,sqa,d0800_dynwd05,d0800,800,799.1359807833297,179,246,dynwd05,weekday,05,0,42,200,32,20,36.865,True,1432.669,1136.8139999999999,False,,,6,False,,,,,,,/Users/tsun-yuanku/local/qa_course_platform_github_pages/SQA_Algorithm/outputs/path_routing/benchmarks/formal_modes_suite_01/runs/pure_sqa/d0800_dynwd05/seed_042,/Users/tsun-yuanku/local/qa_course_platform_github_pages/SQA_Algorithm/outputs/path_routing/benchmarks/formal_modes_suite_01/logs/pure_sqa/d0800_dynwd05__seed_042.log,False,,False,sqa,no_route,skipped,no_route
pure_sqa,Random initialized SQA only,sqa,d0800_dynwd05,d0800,800,799.1359807833297,179,246,dynwd05,weekday,05,1,43,200,32,20,37.055,True,1432.669,1136.8139999999999,False,,,6,False,,,,,,,/Users/tsun-yuanku/local/qa_course_platform_github_pages/SQA_Algorithm/outputs/path_routing/benchmarks/formal_modes_suite_01/runs/pure_sqa/d0800_dynwd05/seed_043,/Users/tsun-yuanku/local/qa_course_platform_github_pages/SQA_Algorithm/outputs/path_routing/benchmarks/formal_modes_suite_01/logs/pure_sqa/d0800_dynwd05__seed_043.log,False,,False,sqa,no_route,skipped,no_route
pure_sqa,Random initialized SQA only,sqa,d0800_dynwd05,d0800,800,799.1359807833297,179,246,dynwd05,weekday,05,2,44,200,32,20,36.747,True,1432.669,1136.8139999999999,False,,,6,False,,,,,,,/Users/tsun-yuanku/local/qa_course_platform_github_pages/SQA_Algorithm/outputs/path_routing/benchmarks/formal_modes_suite_01/runs/pure_sqa/d0800_dynwd05/seed_044,/Users/tsun-yuanku/local/qa_course_platform_github_pages/SQA_Algorithm/outputs/path_routing/benchmarks/formal_modes_suite_01/logs/pure_sqa/d0800_dynwd05__seed_044.log,False,,False,sqa,no_route,skipped,no_route
pure_sqa,Random initialized SQA only,sqa,d0800_dynwd05,d0800,800,799.1359807833297,179,246,dynwd05,weekday,05,3,45,200,32,20,36.961,True,1432.669,1136.8139999999999,False,,,6,False,,,,,,,/Users/tsun-yuanku/local/qa_course_platform_github_pages/SQA_Algorithm/outputs/path_routing/benchmarks/formal_modes_suite_01/runs/pure_sqa/d0800_dynwd05/seed_045,/Users/tsun-yuanku/local/qa_course_platform_github_pages/SQA_Algorithm/outputs/path_routing/benchmarks/formal_modes_suite_01/logs/pure_sqa/d0800_dynwd05__seed_045.log,False,,False,sqa,no_route,skipped,no_route
pure_sqa,Random initialized SQA only,sqa,d0800_dynwd05,d0800,800,799.1359807833297,179,246,dynwd05,weekday,05,4,46,200,32,20,33.204,True,1432.669,1136.8139999999999,False,,,4,False,,,,,,,/Users/tsun-yuanku/local/qa_course_platform_github_pages/SQA_Algorithm/outputs/path_routing/benchmarks/formal_modes_suite_01/runs/pure_sqa/d0800_dynwd05/seed_046,/Users/tsun-yuanku/local/qa_course_platform_github_pages/SQA_Algorithm/outputs/path_routing/benchmarks/formal_modes_suite_01/logs/pure_sqa/d0800_dynwd05__seed_046.log,False,,False,sqa,no_route,skipped,no_route
pure_sqa,Random initialized SQA only,sqa,d0800_dynwd08,d0800,800,799.1359807833297,179,246,dynwd08,weekday,08,0,42,200,32,20,33.668,True,1421.669,1136.8139999999999,False,,,6,False,,,,,,,/Users/tsun-yuanku/local/qa_course_platform_github_pages/SQA_Algorithm/outputs/path_routing/benchmarks/formal_modes_suite_01/runs/pure_sqa/d0800_dynwd08/seed_042,/Users/tsun-yuanku/local/qa_course_platform_github_pages/SQA_Algorithm/outputs/path_routing/benchmarks/formal_modes_suite_01/logs/pure_sqa/d0800_dynwd08__seed_042.log,False,,False,sqa,no_route,skipped,no_route
pure_sqa,Random initialized SQA only,sqa,d0800_dynwd08,d0800,800,799.1359807833297,179,246,dynwd08,weekday,08,1,43,200,32,20,33.417,True,1421.669,1136.8139999999999,False,,,6,False,,,,,,,/Users/tsun-yuanku/local/qa_course_platform_github_pages/SQA_Algorithm/outputs/path_routing/benchmarks/formal_modes_suite_01/runs/pure_sqa/d0800_dynwd08/seed_043,/Users/tsun-yuanku/local/qa_course_platform_github_pages/SQA_Algorithm/outputs/path_routing/benchmarks/formal_modes_suite_01/logs/pure_sqa/d0800_dynwd08__seed_043.log,False,,False,sqa,no_route,skipped,no_route
pure_sqa,Random initialized SQA only,sqa,d0800_dynwd08,d0800,800,799.1359807833297,179,246,dynwd08,weekday,08,2,44,200,32,20,33.075,True,1421.669,1136.8139999999999,False,,,6,False,,,,,,,/Users/tsun-yuanku/local/qa_course_platform_github_pages/SQA_Algorithm/outputs/path_routing/benchmarks/formal_modes_suite_01/runs/pure_sqa/d0800_dynwd08/seed_044,/Users/tsun-yuanku/local/qa_course_platform_github_pages/SQA_Algorithm/outputs/path_routing/benchmarks/formal_modes_suite_01/logs/pure_sqa/d0800_dynwd08__seed_044.log,False,,False,sqa,no_route,skipped,no_route
pure_sqa,Random initialized SQA only,sqa,d0800_dynwd08,d0800,800,799.1359807833297,179,246,dynwd08,weekday,08,3,45,200,32,20,33.133,True,1421.669,1136.8139999999999,False,,,6,False,,,,,,,/Users/tsun-yuanku/local/qa_course_platform_github_pages/SQA_Algorithm/outputs/path_routing/benchmarks/formal_modes_suite_01/runs/pure_sqa/d0800_dynwd08/seed_045,/Users/tsun-yuanku/local/qa_course_platform_github_pages/SQA_Algorithm/outputs/path_routing/benchmarks/formal_modes_suite_01/logs/pure_sqa/d0800_dynwd08__seed_045.log,False,,False,sqa,no_route,skipped,no_route
pure_sqa,Random initialized SQA only,sqa,d0800_dynwd08,d0800,800,799.1359807833297,179,246,dynwd08,weekday,08,4,46,200,32,20,32.914,True,1421.669,1136.8139999999999,False,,,6,False,,,,,,,/Users/tsun-yuanku/local/qa_course_platform_github_pages/SQA_Algorithm/outputs/path_routing/benchmarks/formal_modes_suite_01/runs/pure_sqa/d0800_dynwd08/seed_046,/Users/tsun-yuanku/local/qa_course_platform_github_pages/SQA_Algorithm/outputs/path_routing/benchmarks/formal_modes_suite_01/logs/pure_sqa/d0800_dynwd08__seed_046.log,False,,False,sqa,no_route,skipped,no_route
pure_sqa,Random initialized SQA only,sqa,d0800_dynwd12,d0800,800,799.1359807833297,179,246,dynwd12,weekday,12,0,42,200,32,20,37.498,True,1419.919,1136.8139999999999,False,,,6,False,,,,,,,/Users/tsun-yuanku/local/qa_course_platform_github_pages/SQA_Algorithm/outputs/path_routing/benchmarks/formal_modes_suite_01/runs/pure_sqa/d0800_dynwd12/seed_042,/Users/tsun-yuanku/local/qa_course_platform_github_pages/SQA_Algorithm/outputs/path_routing/benchmarks/formal_modes_suite_01/logs/pure_sqa/d0800_dynwd12__seed_042.log,False,,False,sqa,no_route,skipped,no_route
pure_sqa,Random initialized SQA only,sqa,d0800_dynwd12,d0800,800,799.1359807833297,179,246,dynwd12,weekday,12,1,43,200,32,20,37.684,True,1419.919,1136.8139999999999,False,,,6,False,,,,,,,/Users/tsun-yuanku/local/qa_course_platform_github_pages/SQA_Algorithm/outputs/path_routing/benchmarks/formal_modes_suite_01/runs/pure_sqa/d0800_dynwd12/seed_043,/Users/tsun-yuanku/local/qa_course_platform_github_pages/SQA_Algorithm/outputs/path_routing/benchmarks/formal_modes_suite_01/logs/pure_sqa/d0800_dynwd12__seed_043.log,False,,False,sqa,no_route,skipped,no_route
pure_sqa,Random initialized SQA only,sqa,d0800_dynwd12,d0800,800,799.1359807833297,179,246,dynwd12,weekday,12,2,44,200,32,20,37.711,True,1419.919,1136.8139999999999,False,,,6,False,,,,,,,/Users/tsun-yuanku/local/qa_course_platform_github_pages/SQA_Algorithm/outputs/path_routing/benchmarks/formal_modes_suite_01/runs/pure_sqa/d0800_dynwd12/seed_044,/Users/tsun-yuanku/local/qa_course_platform_github_pages/SQA_Algorithm/outputs/path_routing/benchmarks/formal_modes_suite_01/logs/pure_sqa/d0800_dynwd12__seed_044.log,False,,False,sqa,no_route,skipped,no_route
pure_sqa,Random initialized SQA only,sqa,d0800_dynwd12,d0800,800,799.1359807833297,179,246,dynwd12,weekday,12,3,45,200,32,20,37.359,True,1419.919,1136.8139999999999,False,,,6,False,,,,,,,/Users/tsun-yuanku/local/qa_course_platform_github_pages/SQA_Algorithm/outputs/path_routing/benchmarks/formal_modes_suite_01/runs/pure_sqa/d0800_dynwd12/seed_045,/Users/tsun-yuanku/local/qa_course_platform_github_pages/SQA_Algorithm/outputs/path_routing/benchmarks/formal_modes_suite_01/logs/pure_sqa/d0800_dynwd12__seed_045.log,False,,False,sqa,no_route,skipped,no_route
pure_sqa,Random initialized SQA only,sqa,d0800_dynwd12,d0800,800,799.1359807833297,179,246,dynwd12,weekday,12,4,46,200,32,20,37.297,True,1419.919,1136.8139999999999,False,,,6,False,,,,,,,/Users/tsun-yuanku/local/qa_course_platform_github_pages/SQA_Algorithm/outputs/path_routing/benchmarks/formal_modes_suite_01/runs/pure_sqa/d0800_dynwd12/seed_046,/Users/tsun-yuanku/local/qa_course_platform_github_pages/SQA_Algorithm/outputs/path_routing/benchmarks/formal_modes_suite_01/logs/pure_sqa/d0800_dynwd12__seed_046.log,False,,False,sqa,no_route,skipped,no_route
pure_sqa,Random initialized SQA only,sqa,d0800_dynwd17,d0800,800,799.1359807833297,179,246,dynwd17,weekday,17,0,42,200,32,20,37.131,True,1419.919,1136.8139999999999,False,,,6,False,,,,,,,/Users/tsun-yuanku/local/qa_course_platform_github_pages/SQA_Algorithm/outputs/path_routing/benchmarks/formal_modes_suite_01/runs/pure_sqa/d0800_dynwd17/seed_042,/Users/tsun-yuanku/local/qa_course_platform_github_pages/SQA_Algorithm/outputs/path_routing/benchmarks/formal_modes_suite_01/logs/pure_sqa/d0800_dynwd17__seed_042.log,False,,False,sqa,no_route,skipped,no_route
pure_sqa,Random initialized SQA only,sqa,d0800_dynwd17,d0800,800,799.1359807833297,179,246,dynwd17,weekday,17,1,43,200,32,20,38.882,True,1419.919,1136.8139999999999,False,,,6,False,,,,,,,/Users/tsun-yuanku/local/qa_course_platform_github_pages/SQA_Algorithm/outputs/path_routing/benchmarks/formal_modes_suite_01/runs/pure_sqa/d0800_dynwd17/seed_043,/Users/tsun-yuanku/local/qa_course_platform_github_pages/SQA_Algorithm/outputs/path_routing/benchmarks/formal_modes_suite_01/logs/pure_sqa/d0800_dynwd17__seed_043.log,False,,False,sqa,no_route,skipped,no_route
pure_sqa,Random initialized SQA only,sqa,d0800_dynwd17,d0800,800,799.1359807833297,179,246,dynwd17,weekday,17,2,44,200,32,20,38.74,True,1419.919,1136.8139999999999,False,,,6,False,,,,,,,/Users/tsun-yuanku/local/qa_course_platform_github_pages/SQA_Algorithm/outputs/path_routing/benchmarks/formal_modes_suite_01/runs/pure_sqa/d0800_dynwd17/seed_044,/Users/tsun-yuanku/local/qa_course_platform_github_pages/SQA_Algorithm/outputs/path_routing/benchmarks/formal_modes_suite_01/logs/pure_sqa/d0800_dynwd17__seed_044.log,False,,False,sqa,no_route,skipped,no_route
pure_sqa,Random initialized SQA only,sqa,d0800_dynwd17,d0800,800,799.1359807833297,179,246,dynwd17,weekday,17,3,45,200,32,20,38.741,True,1419.919,1136.8139999999999,False,,,6,False,,,,,,,/Users/tsun-yuanku/local/qa_course_platform_github_pages/SQA_Algorithm/outputs/path_routing/benchmarks/formal_modes_suite_01/runs/pure_sqa/d0800_dynwd17/seed_045,/Users/tsun-yuanku/local/qa_course_platform_github_pages/SQA_Algorithm/outputs/path_routing/benchmarks/formal_modes_suite_01/logs/pure_sqa/d0800_dynwd17__seed_045.log,False,,False,sqa,no_route,skipped,no_route
pure_sqa,Random initialized SQA only,sqa,d0800_dynwd17,d0800,800,799.1359807833297,179,246,dynwd17,weekday,17,4,46,200,32,20,38.966,True,1419.919,1136.8139999999999,False,,,4,False,,,,,,,/Users/tsun-yuanku/local/qa_course_platform_github_pages/SQA_Algorithm/outputs/path_routing/benchmarks/formal_modes_suite_01/runs/pure_sqa/d0800_dynwd17/seed_046,/Users/tsun-yuanku/local/qa_course_platform_github_pages/SQA_Algorithm/outputs/path_routing/benchmarks/formal_modes_suite_01/logs/pure_sqa/d0800_dynwd17__seed_046.log,False,,False,sqa,no_route,skipped,no_route
pure_sqa,Random initialized SQA only,sqa,d0800_dynwd21,d0800,800,799.1359807833297,179,246,dynwd21,weekday,21,0,42,200,32,20,38.534,True,1432.669,1136.8139999999999,False,,,6,False,,,,,,,/Users/tsun-yuanku/local/qa_course_platform_github_pages/SQA_Algorithm/outputs/path_routing/benchmarks/formal_modes_suite_01/runs/pure_sqa/d0800_dynwd21/seed_042,/Users/tsun-yuanku/local/qa_course_platform_github_pages/SQA_Algorithm/outputs/path_routing/benchmarks/formal_modes_suite_01/logs/pure_sqa/d0800_dynwd21__seed_042.log,False,,False,sqa,no_route,skipped,no_route
pure_sqa,Random initialized SQA only,sqa,d0800_dynwd21,d0800,800,799.1359807833297,179,246,dynwd21,weekday,21,1,43,200,32,20,38.492,True,1432.669,1136.8139999999999,False,,,6,False,,,,,,,/Users/tsun-yuanku/local/qa_course_platform_github_pages/SQA_Algorithm/outputs/path_routing/benchmarks/formal_modes_suite_01/runs/pure_sqa/d0800_dynwd21/seed_043,/Users/tsun-yuanku/local/qa_course_platform_github_pages/SQA_Algorithm/outputs/path_routing/benchmarks/formal_modes_suite_01/logs/pure_sqa/d0800_dynwd21__seed_043.log,False,,False,sqa,no_route,skipped,no_route
pure_sqa,Random initialized SQA only,sqa,d0800_dynwd21,d0800,800,799.1359807833297,179,246,dynwd21,weekday,21,2,44,200,32,20,33.895,True,1432.669,1136.8139999999999,False,,,6,False,,,,,,,/Users/tsun-yuanku/local/qa_course_platform_github_pages/SQA_Algorithm/outputs/path_routing/benchmarks/formal_modes_suite_01/runs/pure_sqa/d0800_dynwd21/seed_044,/Users/tsun-yuanku/local/qa_course_platform_github_pages/SQA_Algorithm/outputs/path_routing/benchmarks/formal_modes_suite_01/logs/pure_sqa/d0800_dynwd21__seed_044.log,False,,False,sqa,no_route,skipped,no_route
pure_sqa,Random initialized SQA only,sqa,d0800_dynwd21,d0800,800,799.1359807833297,179,246,dynwd21,weekday,21,3,45,200,32,20,33.597,True,1432.669,1136.8139999999999,False,,,6,False,,,,,,,/Users/tsun-yuanku/local/qa_course_platform_github_pages/SQA_Algorithm/outputs/path_routing/benchmarks/formal_modes_suite_01/runs/pure_sqa/d0800_dynwd21/seed_045,/Users/tsun-yuanku/local/qa_course_platform_github_pages/SQA_Algorithm/outputs/path_routing/benchmarks/formal_modes_suite_01/logs/pure_sqa/d0800_dynwd21__seed_045.log,False,,False,sqa,no_route,skipped,no_route
pure_sqa,Random initialized SQA only,sqa,d0800_dynwd21,d0800,800,799.1359807833297,179,246,dynwd21,weekday,21,4,46,200,32,20,33.591,True,1432.669,1136.8139999999999,False,,,4,False,,,,,,,/Users/tsun-yuanku/local/qa_course_platform_github_pages/SQA_Algorithm/outputs/path_routing/benchmarks/formal_modes_suite_01/runs/pure_sqa/d0800_dynwd21/seed_046,/Users/tsun-yuanku/local/qa_course_platform_github_pages/SQA_Algorithm/outputs/path_routing/benchmarks/formal_modes_suite_01/logs/pure_sqa/d0800_dynwd21__seed_046.log,False,,False,sqa,no_route,skipped,no_route
pure_sqa,Random initialized SQA only,sqa,d0800_dynwe05,d0800,800,799.1359807833297,179,246,dynwe05,weekend,05,0,42,200,32,20,33.485,True,1432.669,1136.8139999999999,False,,,6,False,,,,,,,/Users/tsun-yuanku/local/qa_course_platform_github_pages/SQA_Algorithm/outputs/path_routing/benchmarks/formal_modes_suite_01/runs/pure_sqa/d0800_dynwe05/seed_042,/Users/tsun-yuanku/local/qa_course_platform_github_pages/SQA_Algorithm/outputs/path_routing/benchmarks/formal_modes_suite_01/logs/pure_sqa/d0800_dynwe05__seed_042.log,False,,False,sqa,no_route,skipped,no_route
pure_sqa,Random initialized SQA only,sqa,d0800_dynwe05,d0800,800,799.1359807833297,179,246,dynwe05,weekend,05,1,43,200,32,20,33.695,True,1432.669,1136.8139999999999,False,,,6,False,,,,,,,/Users/tsun-yuanku/local/qa_course_platform_github_pages/SQA_Algorithm/outputs/path_routing/benchmarks/formal_modes_suite_01/runs/pure_sqa/d0800_dynwe05/seed_043,/Users/tsun-yuanku/local/qa_course_platform_github_pages/SQA_Algorithm/outputs/path_routing/benchmarks/formal_modes_suite_01/logs/pure_sqa/d0800_dynwe05__seed_043.log,False,,False,sqa,no_route,skipped,no_route
pure_sqa,Random initialized SQA only,sqa,d0800_dynwe05,d0800,800,799.1359807833297,179,246,dynwe05,weekend,05,2,44,200,32,20,33.454,True,1432.669,1136.8139999999999,False,,,6,False,,,,,,,/Users/tsun-yuanku/local/qa_course_platform_github_pages/SQA_Algorithm/outputs/path_routing/benchmarks/formal_modes_suite_01/runs/pure_sqa/d0800_dynwe05/seed_044,/Users/tsun-yuanku/local/qa_course_platform_github_pages/SQA_Algorithm/outputs/path_routing/benchmarks/formal_modes_suite_01/logs/pure_sqa/d0800_dynwe05__seed_044.log,False,,False,sqa,no_route,skipped,no_route
pure_sqa,Random initialized SQA only,sqa,d0800_dynwe05,d0800,800,799.1359807833297,179,246,dynwe05,weekend,05,3,45,200,32,20,31.809,True,1432.669,1136.8139999999999,False,,,6,False,,,,,,,/Users/tsun-yuanku/local/qa_course_platform_github_pages/SQA_Algorithm/outputs/path_routing/benchmarks/formal_modes_suite_01/runs/pure_sqa/d0800_dynwe05/seed_045,/Users/tsun-yuanku/local/qa_course_platform_github_pages/SQA_Algorithm/outputs/path_routing/benchmarks/formal_modes_suite_01/logs/pure_sqa/d0800_dynwe05__seed_045.log,False,,False,sqa,no_route,skipped,no_route
pure_sqa,Random initialized SQA only,sqa,d0800_dynwe05,d0800,800,799.1359807833297,179,246,dynwe05,weekend,05,4,46,200,32,20,32.004,True,1432.669,1136.8139999999999,False,,,4,False,,,,,,,/Users/tsun-yuanku/local/qa_course_platform_github_pages/SQA_Algorithm/outputs/path_routing/benchmarks/formal_modes_suite_01/runs/pure_sqa/d0800_dynwe05/seed_046,/Users/tsun-yuanku/local/qa_course_platform_github_pages/SQA_Algorithm/outputs/path_routing/benchmarks/formal_modes_suite_01/logs/pure_sqa/d0800_dynwe05__seed_046.log,False,,False,sqa,no_route,skipped,no_route
pure_sqa,Random initialized SQA only,sqa,d0800_dynwe08,d0800,800,799.1359807833297,179,246,dynwe08,weekend,08,0,42,200,32,20,31.915,True,1425.6740000000002,1136.8139999999999,False,,,6,False,,,,,,,/Users/tsun-yuanku/local/qa_course_platform_github_pages/SQA_Algorithm/outputs/path_routing/benchmarks/formal_modes_suite_01/runs/pure_sqa/d0800_dynwe08/seed_042,/Users/tsun-yuanku/local/qa_course_platform_github_pages/SQA_Algorithm/outputs/path_routing/benchmarks/formal_modes_suite_01/logs/pure_sqa/d0800_dynwe08__seed_042.log,False,,False,sqa,no_route,skipped,no_route
pure_sqa,Random initialized SQA only,sqa,d0800_dynwe08,d0800,800,799.1359807833297,179,246,dynwe08,weekend,08,1,43,200,32,20,31.657,True,1425.6740000000002,1136.8139999999999,False,,,6,False,,,,,,,/Users/tsun-yuanku/local/qa_course_platform_github_pages/SQA_Algorithm/outputs/path_routing/benchmarks/formal_modes_suite_01/runs/pure_sqa/d0800_dynwe08/seed_043,/Users/tsun-yuanku/local/qa_course_platform_github_pages/SQA_Algorithm/outputs/path_routing/benchmarks/formal_modes_suite_01/logs/pure_sqa/d0800_dynwe08__seed_043.log,False,,False,sqa,no_route,skipped,no_route
pure_sqa,Random initialized SQA only,sqa,d0800_dynwe08,d0800,800,799.1359807833297,179,246,dynwe08,weekend,08,2,44,200,32,20,30.998,True,1425.6740000000002,1136.8139999999999,False,,,6,False,,,,,,,/Users/tsun-yuanku/local/qa_course_platform_github_pages/SQA_Algorithm/outputs/path_routing/benchmarks/formal_modes_suite_01/runs/pure_sqa/d0800_dynwe08/seed_044,/Users/tsun-yuanku/local/qa_course_platform_github_pages/SQA_Algorithm/outputs/path_routing/benchmarks/formal_modes_suite_01/logs/pure_sqa/d0800_dynwe08__seed_044.log,False,,False,sqa,no_route,skipped,no_route
pure_sqa,Random initialized SQA only,sqa,d0800_dynwe08,d0800,800,799.1359807833297,179,246,dynwe08,weekend,08,3,45,200,32,20,31.458,True,1425.6740000000002,1136.8139999999999,False,,,6,False,,,,,,,/Users/tsun-yuanku/local/qa_course_platform_github_pages/SQA_Algorithm/outputs/path_routing/benchmarks/formal_modes_suite_01/runs/pure_sqa/d0800_dynwe08/seed_045,/Users/tsun-yuanku/local/qa_course_platform_github_pages/SQA_Algorithm/outputs/path_routing/benchmarks/formal_modes_suite_01/logs/pure_sqa/d0800_dynwe08__seed_045.log,False,,False,sqa,no_route,skipped,no_route
pure_sqa,Random initialized SQA only,sqa,d0800_dynwe08,d0800,800,799.1359807833297,179,246,dynwe08,weekend,08,4,46,200,32,20,30.789,True,1425.6740000000002,1136.8139999999999,False,,,6,False,,,,,,,/Users/tsun-yuanku/local/qa_course_platform_github_pages/SQA_Algorithm/outputs/path_routing/benchmarks/formal_modes_suite_01/runs/pure_sqa/d0800_dynwe08/seed_046,/Users/tsun-yuanku/local/qa_course_platform_github_pages/SQA_Algorithm/outputs/path_routing/benchmarks/formal_modes_suite_01/logs/pure_sqa/d0800_dynwe08__seed_046.log,False,,False,sqa,no_route,skipped,no_route
pure_sqa,Random initialized SQA only,sqa,d0800_dynwe12,d0800,800,799.1359807833297,179,246,dynwe12,weekend,12,0,42,200,32,20,30.556,True,1422.419,1136.8139999999999,False,,,6,False,,,,,,,/Users/tsun-yuanku/local/qa_course_platform_github_pages/SQA_Algorithm/outputs/path_routing/benchmarks/formal_modes_suite_01/runs/pure_sqa/d0800_dynwe12/seed_042,/Users/tsun-yuanku/local/qa_course_platform_github_pages/SQA_Algorithm/outputs/path_routing/benchmarks/formal_modes_suite_01/logs/pure_sqa/d0800_dynwe12__seed_042.log,False,,False,sqa,no_route,skipped,no_route
pure_sqa,Random initialized SQA only,sqa,d0800_dynwe12,d0800,800,799.1359807833297,179,246,dynwe12,weekend,12,1,43,200,32,20,31.146,True,1422.419,1136.8139999999999,False,,,6,False,,,,,,,/Users/tsun-yuanku/local/qa_course_platform_github_pages/SQA_Algorithm/outputs/path_routing/benchmarks/formal_modes_suite_01/runs/pure_sqa/d0800_dynwe12/seed_043,/Users/tsun-yuanku/local/qa_course_platform_github_pages/SQA_Algorithm/outputs/path_routing/benchmarks/formal_modes_suite_01/logs/pure_sqa/d0800_dynwe12__seed_043.log,False,,False,sqa,no_route,skipped,no_route
pure_sqa,Random initialized SQA only,sqa,d0800_dynwe12,d0800,800,799.1359807833297,179,246,dynwe12,weekend,12,2,44,200,32,20,30.807,True,1422.419,1136.8139999999999,False,,,6,False,,,,,,,/Users/tsun-yuanku/local/qa_course_platform_github_pages/SQA_Algorithm/outputs/path_routing/benchmarks/formal_modes_suite_01/runs/pure_sqa/d0800_dynwe12/seed_044,/Users/tsun-yuanku/local/qa_course_platform_github_pages/SQA_Algorithm/outputs/path_routing/benchmarks/formal_modes_suite_01/logs/pure_sqa/d0800_dynwe12__seed_044.log,False,,False,sqa,no_route,skipped,no_route
pure_sqa,Random initialized SQA only,sqa,d0800_dynwe12,d0800,800,799.1359807833297,179,246,dynwe12,weekend,12,3,45,200,32,20,30.615,True,1422.419,1136.8139999999999,False,,,6,False,,,,,,,/Users/tsun-yuanku/local/qa_course_platform_github_pages/SQA_Algorithm/outputs/path_routing/benchmarks/formal_modes_suite_01/runs/pure_sqa/d0800_dynwe12/seed_045,/Users/tsun-yuanku/local/qa_course_platform_github_pages/SQA_Algorithm/outputs/path_routing/benchmarks/formal_modes_suite_01/logs/pure_sqa/d0800_dynwe12__seed_045.log,False,,False,sqa,no_route,skipped,no_route
pure_sqa,Random initialized SQA only,sqa,d0800_dynwe12,d0800,800,799.1359807833297,179,246,dynwe12,weekend,12,4,46,200,32,20,30.682,True,1422.419,1136.8139999999999,False,,,6,False,,,,,,,/Users/tsun-yuanku/local/qa_course_platform_github_pages/SQA_Algorithm/outputs/path_routing/benchmarks/formal_modes_suite_01/runs/pure_sqa/d0800_dynwe12/seed_046,/Users/tsun-yuanku/local/qa_course_platform_github_pages/SQA_Algorithm/outputs/path_routing/benchmarks/formal_modes_suite_01/logs/pure_sqa/d0800_dynwe12__seed_046.log,False,,False,sqa,no_route,skipped,no_route
pure_sqa,Random initialized SQA only,sqa,d0800_dynwe17,d0800,800,799.1359807833297,179,246,dynwe17,weekend,17,0,42,200,32,20,35.866,True,1427.919,1136.8139999999999,False,,,6,False,,,,,,,/Users/tsun-yuanku/local/qa_course_platform_github_pages/SQA_Algorithm/outputs/path_routing/benchmarks/formal_modes_suite_01/runs/pure_sqa/d0800_dynwe17/seed_042,/Users/tsun-yuanku/local/qa_course_platform_github_pages/SQA_Algorithm/outputs/path_routing/benchmarks/formal_modes_suite_01/logs/pure_sqa/d0800_dynwe17__seed_042.log,False,,False,sqa,no_route,skipped,no_route
pure_sqa,Random initialized SQA only,sqa,d0800_dynwe17,d0800,800,799.1359807833297,179,246,dynwe17,weekend,17,1,43,200,32,20,35.805,True,1427.919,1136.8139999999999,False,,,6,False,,,,,,,/Users/tsun-yuanku/local/qa_course_platform_github_pages/SQA_Algorithm/outputs/path_routing/benchmarks/formal_modes_suite_01/runs/pure_sqa/d0800_dynwe17/seed_043,/Users/tsun-yuanku/local/qa_course_platform_github_pages/SQA_Algorithm/outputs/path_routing/benchmarks/formal_modes_suite_01/logs/pure_sqa/d0800_dynwe17__seed_043.log,False,,False,sqa,no_route,skipped,no_route
pure_sqa,Random initialized SQA only,sqa,d0800_dynwe17,d0800,800,799.1359807833297,179,246,dynwe17,weekend,17,2,44,200,32,20,35.806,True,1427.919,1136.8139999999999,False,,,6,False,,,,,,,/Users/tsun-yuanku/local/qa_course_platform_github_pages/SQA_Algorithm/outputs/path_routing/benchmarks/formal_modes_suite_01/runs/pure_sqa/d0800_dynwe17/seed_044,/Users/tsun-yuanku/local/qa_course_platform_github_pages/SQA_Algorithm/outputs/path_routing/benchmarks/formal_modes_suite_01/logs/pure_sqa/d0800_dynwe17__seed_044.log,False,,False,sqa,no_route,skipped,no_route
pure_sqa,Random initialized SQA only,sqa,d0800_dynwe17,d0800,800,799.1359807833297,179,246,dynwe17,weekend,17,3,45,200,32,20,35.693,True,1427.919,1136.8139999999999,False,,,6,False,,,,,,,/Users/tsun-yuanku/local/qa_course_platform_github_pages/SQA_Algorithm/outputs/path_routing/benchmarks/formal_modes_suite_01/runs/pure_sqa/d0800_dynwe17/seed_045,/Users/tsun-yuanku/local/qa_course_platform_github_pages/SQA_Algorithm/outputs/path_routing/benchmarks/formal_modes_suite_01/logs/pure_sqa/d0800_dynwe17__seed_045.log,False,,False,sqa,no_route,skipped,no_route
pure_sqa,Random initialized SQA only,sqa,d0800_dynwe17,d0800,800,799.1359807833297,179,246,dynwe17,weekend,17,4,46,200,32,20,36.071,True,1427.919,1136.8139999999999,False,,,6,False,,,,,,,/Users/tsun-yuanku/local/qa_course_platform_github_pages/SQA_Algorithm/outputs/path_routing/benchmarks/formal_modes_suite_01/runs/pure_sqa/d0800_dynwe17/seed_046,/Users/tsun-yuanku/local/qa_course_platform_github_pages/SQA_Algorithm/outputs/path_routing/benchmarks/formal_modes_suite_01/logs/pure_sqa/d0800_dynwe17__seed_046.log,False,,False,sqa,no_route,skipped,no_route
pure_sqa,Random initialized SQA only,sqa,d0800_dynwe21,d0800,800,799.1359807833297,179,246,dynwe21,weekend,21,0,42,200,32,20,35.587,True,1432.669,1136.8139999999999,False,,,6,False,,,,,,,/Users/tsun-yuanku/local/qa_course_platform_github_pages/SQA_Algorithm/outputs/path_routing/benchmarks/formal_modes_suite_01/runs/pure_sqa/d0800_dynwe21/seed_042,/Users/tsun-yuanku/local/qa_course_platform_github_pages/SQA_Algorithm/outputs/path_routing/benchmarks/formal_modes_suite_01/logs/pure_sqa/d0800_dynwe21__seed_042.log,False,,False,sqa,no_route,skipped,no_route
pure_sqa,Random initialized SQA only,sqa,d0800_dynwe21,d0800,800,799.1359807833297,179,246,dynwe21,weekend,21,1,43,200,32,20,33.648,True,1432.669,1136.8139999999999,False,,,6,False,,,,,,,/Users/tsun-yuanku/local/qa_course_platform_github_pages/SQA_Algorithm/outputs/path_routing/benchmarks/formal_modes_suite_01/runs/pure_sqa/d0800_dynwe21/seed_043,/Users/tsun-yuanku/local/qa_course_platform_github_pages/SQA_Algorithm/outputs/path_routing/benchmarks/formal_modes_suite_01/logs/pure_sqa/d0800_dynwe21__seed_043.log,False,,False,sqa,no_route,skipped,no_route
pure_sqa,Random initialized SQA only,sqa,d0800_dynwe21,d0800,800,799.1359807833297,179,246,dynwe21,weekend,21,2,44,200,32,20,33.34,True,1432.669,1136.8139999999999,False,,,6,False,,,,,,,/Users/tsun-yuanku/local/qa_course_platform_github_pages/SQA_Algorithm/outputs/path_routing/benchmarks/formal_modes_suite_01/runs/pure_sqa/d0800_dynwe21/seed_044,/Users/tsun-yuanku/local/qa_course_platform_github_pages/SQA_Algorithm/outputs/path_routing/benchmarks/formal_modes_suite_01/logs/pure_sqa/d0800_dynwe21__seed_044.log,False,,False,sqa,no_route,skipped,no_route
pure_sqa,Random initialized SQA only,sqa,d0800_dynwe21,d0800,800,799.1359807833297,179,246,dynwe21,weekend,21,3,45,200,32,20,33.013,True,1432.669,1136.8139999999999,False,,,6,False,,,,,,,/Users/tsun-yuanku/local/qa_course_platform_github_pages/SQA_Algorithm/outputs/path_routing/benchmarks/formal_modes_suite_01/runs/pure_sqa/d0800_dynwe21/seed_045,/Users/tsun-yuanku/local/qa_course_platform_github_pages/SQA_Algorithm/outputs/path_routing/benchmarks/formal_modes_suite_01/logs/pure_sqa/d0800_dynwe21__seed_045.log,False,,False,sqa,no_route,skipped,no_route
pure_sqa,Random initialized SQA only,sqa,d0800_dynwe21,d0800,800,799.1359807833297,179,246,dynwe21,weekend,21,4,46,200,32,20,33.088,True,1432.669,1136.8139999999999,False,,,4,False,,,,,,,/Users/tsun-yuanku/local/qa_course_platform_github_pages/SQA_Algorithm/outputs/path_routing/benchmarks/formal_modes_suite_01/runs/pure_sqa/d0800_dynwe21/seed_046,/Users/tsun-yuanku/local/qa_course_platform_github_pages/SQA_Algorithm/outputs/path_routing/benchmarks/formal_modes_suite_01/logs/pure_sqa/d0800_dynwe21__seed_046.log,False,,False,sqa,no_route,skipped,no_route
pure_sqa,Random initialized SQA only,sqa,d1200_dynwd05,d1200,1200,1202.828070248327,80,314,dynwd05,weekday,05,0,42,200,32,20,32.902,True,2137.818892892451,1765.743892892451,False,,,7,False,,,,,,,/Users/tsun-yuanku/local/qa_course_platform_github_pages/SQA_Algorithm/outputs/path_routing/benchmarks/formal_modes_suite_01/runs/pure_sqa/d1200_dynwd05/seed_042,/Users/tsun-yuanku/local/qa_course_platform_github_pages/SQA_Algorithm/outputs/path_routing/benchmarks/formal_modes_suite_01/logs/pure_sqa/d1200_dynwd05__seed_042.log,False,,False,sqa,no_route,skipped,no_route
pure_sqa,Random initialized SQA only,sqa,d1200_dynwd05,d1200,1200,1202.828070248327,80,314,dynwd05,weekday,05,1,43,200,32,20,32.902,True,2137.818892892451,1765.743892892451,False,,,6,False,,,,,,,/Users/tsun-yuanku/local/qa_course_platform_github_pages/SQA_Algorithm/outputs/path_routing/benchmarks/formal_modes_suite_01/runs/pure_sqa/d1200_dynwd05/seed_043,/Users/tsun-yuanku/local/qa_course_platform_github_pages/SQA_Algorithm/outputs/path_routing/benchmarks/formal_modes_suite_01/logs/pure_sqa/d1200_dynwd05__seed_043.log,False,,False,sqa,no_route,skipped,no_route
pure_sqa,Random initialized SQA only,sqa,d1200_dynwd05,d1200,1200,1202.828070248327,80,314,dynwd05,weekday,05,2,44,200,32,20,32.809,True,2137.818892892451,1765.743892892451,False,,,4,False,,,,,,,/Users/tsun-yuanku/local/qa_course_platform_github_pages/SQA_Algorithm/outputs/path_routing/benchmarks/formal_modes_suite_01/runs/pure_sqa/d1200_dynwd05/seed_044,/Users/tsun-yuanku/local/qa_course_platform_github_pages/SQA_Algorithm/outputs/path_routing/benchmarks/formal_modes_suite_01/logs/pure_sqa/d1200_dynwd05__seed_044.log,False,,False,sqa,no_route,skipped,no_route
pure_sqa,Random initialized SQA only,sqa,d1200_dynwd05,d1200,1200,1202.828070248327,80,314,dynwd05,weekday,05,3,45,200,32,20,32.398,True,2137.818892892451,1765.743892892451,False,,,6,False,,,,,,,/Users/tsun-yuanku/local/qa_course_platform_github_pages/SQA_Algorithm/outputs/path_routing/benchmarks/formal_modes_suite_01/runs/pure_sqa/d1200_dynwd05/seed_045,/Users/tsun-yuanku/local/qa_course_platform_github_pages/SQA_Algorithm/outputs/path_routing/benchmarks/formal_modes_suite_01/logs/pure_sqa/d1200_dynwd05__seed_045.log,False,,False,sqa,no_route,skipped,no_route
pure_sqa,Random initialized SQA only,sqa,d1200_dynwd05,d1200,1200,1202.828070248327,80,314,dynwd05,weekday,05,4,46,200,32,20,32.447,True,2137.818892892451,1765.743892892451,False,,,7,False,,,,,,,/Users/tsun-yuanku/local/qa_course_platform_github_pages/SQA_Algorithm/outputs/path_routing/benchmarks/formal_modes_suite_01/runs/pure_sqa/d1200_dynwd05/seed_046,/Users/tsun-yuanku/local/qa_course_platform_github_pages/SQA_Algorithm/outputs/path_routing/benchmarks/formal_modes_suite_01/logs/pure_sqa/d1200_dynwd05__seed_046.log,False,,False,sqa,no_route,skipped,no_route
pure_sqa,Random initialized SQA only,sqa,d1200_dynwd08,d1200,1200,1202.828070248327,80,314,dynwd08,weekday,08,0,42,200,32,20,32.227,True,2126.3558928924513,1766.065892892451,False,,,8,False,,,,,,,/Users/tsun-yuanku/local/qa_course_platform_github_pages/SQA_Algorithm/outputs/path_routing/benchmarks/formal_modes_suite_01/runs/pure_sqa/d1200_dynwd08/seed_042,/Users/tsun-yuanku/local/qa_course_platform_github_pages/SQA_Algorithm/outputs/path_routing/benchmarks/formal_modes_suite_01/logs/pure_sqa/d1200_dynwd08__seed_042.log,False,,False,sqa,no_route,skipped,no_route
pure_sqa,Random initialized SQA only,sqa,d1200_dynwd08,d1200,1200,1202.828070248327,80,314,dynwd08,weekday,08,1,43,200,32,20,32.161,True,2126.3558928924513,1766.065892892451,False,,,6,False,,,,,,,/Users/tsun-yuanku/local/qa_course_platform_github_pages/SQA_Algorithm/outputs/path_routing/benchmarks/formal_modes_suite_01/runs/pure_sqa/d1200_dynwd08/seed_043,/Users/tsun-yuanku/local/qa_course_platform_github_pages/SQA_Algorithm/outputs/path_routing/benchmarks/formal_modes_suite_01/logs/pure_sqa/d1200_dynwd08__seed_043.log,False,,False,sqa,no_route,skipped,no_route
pure_sqa,Random initialized SQA only,sqa,d1200_dynwd08,d1200,1200,1202.828070248327,80,314,dynwd08,weekday,08,2,44,200,32,20,32.573,True,2126.3558928924513,1766.065892892451,False,,,4,False,,,,,,,/Users/tsun-yuanku/local/qa_course_platform_github_pages/SQA_Algorithm/outputs/path_routing/benchmarks/formal_modes_suite_01/runs/pure_sqa/d1200_dynwd08/seed_044,/Users/tsun-yuanku/local/qa_course_platform_github_pages/SQA_Algorithm/outputs/path_routing/benchmarks/formal_modes_suite_01/logs/pure_sqa/d1200_dynwd08__seed_044.log,False,,False,sqa,no_route,skipped,no_route
pure_sqa,Random initialized SQA only,sqa,d1200_dynwd08,d1200,1200,1202.828070248327,80,314,dynwd08,weekday,08,3,45,200,32,20,31.695,True,2126.3558928924513,1766.065892892451,False,,,6,False,,,,,,,/Users/tsun-yuanku/local/qa_course_platform_github_pages/SQA_Algorithm/outputs/path_routing/benchmarks/formal_modes_suite_01/runs/pure_sqa/d1200_dynwd08/seed_045,/Users/tsun-yuanku/local/qa_course_platform_github_pages/SQA_Algorithm/outputs/path_routing/benchmarks/formal_modes_suite_01/logs/pure_sqa/d1200_dynwd08__seed_045.log,False,,False,sqa,no_route,skipped,no_route
pure_sqa,Random initialized SQA only,sqa,d1200_dynwd08,d1200,1200,1202.828070248327,80,314,dynwd08,weekday,08,4,46,200,32,20,32.277,True,2126.3558928924513,1766.065892892451,False,,,7,False,,,,,,,/Users/tsun-yuanku/local/qa_course_platform_github_pages/SQA_Algorithm/outputs/path_routing/benchmarks/formal_modes_suite_01/runs/pure_sqa/d1200_dynwd08/seed_046,/Users/tsun-yuanku/local/qa_course_platform_github_pages/SQA_Algorithm/outputs/path_routing/benchmarks/formal_modes_suite_01/logs/pure_sqa/d1200_dynwd08__seed_046.log,False,,False,sqa,no_route,skipped,no_route
pure_sqa,Random initialized SQA only,sqa,d1200_dynwd12,d1200,1200,1202.828070248327,80,314,dynwd12,weekday,12,0,42,200,32,20,32.966,True,2123.063892892451,1765.743892892451,False,,,4,False,,,,,,,/Users/tsun-yuanku/local/qa_course_platform_github_pages/SQA_Algorithm/outputs/path_routing/benchmarks/formal_modes_suite_01/runs/pure_sqa/d1200_dynwd12/seed_042,/Users/tsun-yuanku/local/qa_course_platform_github_pages/SQA_Algorithm/outputs/path_routing/benchmarks/formal_modes_suite_01/logs/pure_sqa/d1200_dynwd12__seed_042.log,False,,False,sqa,no_route,skipped,no_route
pure_sqa,Random initialized SQA only,sqa,d1200_dynwd12,d1200,1200,1202.828070248327,80,314,dynwd12,weekday,12,1,43,200,32,20,32.262,True,2123.063892892451,1765.743892892451,False,,,6,False,,,,,,,/Users/tsun-yuanku/local/qa_course_platform_github_pages/SQA_Algorithm/outputs/path_routing/benchmarks/formal_modes_suite_01/runs/pure_sqa/d1200_dynwd12/seed_043,/Users/tsun-yuanku/local/qa_course_platform_github_pages/SQA_Algorithm/outputs/path_routing/benchmarks/formal_modes_suite_01/logs/pure_sqa/d1200_dynwd12__seed_043.log,False,,False,sqa,no_route,skipped,no_route
pure_sqa,Random initialized SQA only,sqa,d1200_dynwd12,d1200,1200,1202.828070248327,80,314,dynwd12,weekday,12,2,44,200,32,20,31.59,True,2123.063892892451,1765.743892892451,False,,,4,False,,,,,,,/Users/tsun-yuanku/local/qa_course_platform_github_pages/SQA_Algorithm/outputs/path_routing/benchmarks/formal_modes_suite_01/runs/pure_sqa/d1200_dynwd12/seed_044,/Users/tsun-yuanku/local/qa_course_platform_github_pages/SQA_Algorithm/outputs/path_routing/benchmarks/formal_modes_suite_01/logs/pure_sqa/d1200_dynwd12__seed_044.log,False,,False,sqa,no_route,skipped,no_route
pure_sqa,Random initialized SQA only,sqa,d1200_dynwd12,d1200,1200,1202.828070248327,80,314,dynwd12,weekday,12,3,45,200,32,20,32.193,True,2123.063892892451,1765.743892892451,False,,,6,False,,,,,,,/Users/tsun-yuanku/local/qa_course_platform_github_pages/SQA_Algorithm/outputs/path_routing/benchmarks/formal_modes_suite_01/runs/pure_sqa/d1200_dynwd12/seed_045,/Users/tsun-yuanku/local/qa_course_platform_github_pages/SQA_Algorithm/outputs/path_routing/benchmarks/formal_modes_suite_01/logs/pure_sqa/d1200_dynwd12__seed_045.log,False,,False,sqa,no_route,skipped,no_route
pure_sqa,Random initialized SQA only,sqa,d1200_dynwd12,d1200,1200,1202.828070248327,80,314,dynwd12,weekday,12,4,46,200,32,20,32.228,True,2123.063892892451,1765.743892892451,False,,,7,False,,,,,,,/Users/tsun-yuanku/local/qa_course_platform_github_pages/SQA_Algorithm/outputs/path_routing/benchmarks/formal_modes_suite_01/runs/pure_sqa/d1200_dynwd12/seed_046,/Users/tsun-yuanku/local/qa_course_platform_github_pages/SQA_Algorithm/outputs/path_routing/benchmarks/formal_modes_suite_01/logs/pure_sqa/d1200_dynwd12__seed_046.log,False,,False,sqa,no_route,skipped,no_route
pure_sqa,Random initialized SQA only,sqa,d1200_dynwd17,d1200,1200,1202.828070248327,80,314,dynwd17,weekday,17,0,42,200,32,20,32.248,True,2126.063892892451,1765.743892892451,False,,,8,False,,,,,,,/Users/tsun-yuanku/local/qa_course_platform_github_pages/SQA_Algorithm/outputs/path_routing/benchmarks/formal_modes_suite_01/runs/pure_sqa/d1200_dynwd17/seed_042,/Users/tsun-yuanku/local/qa_course_platform_github_pages/SQA_Algorithm/outputs/path_routing/benchmarks/formal_modes_suite_01/logs/pure_sqa/d1200_dynwd17__seed_042.log,False,,False,sqa,no_route,skipped,no_route
pure_sqa,Random initialized SQA only,sqa,d1200_dynwd17,d1200,1200,1202.828070248327,80,314,dynwd17,weekday,17,1,43,200,32,20,31.831,True,2126.063892892451,1765.743892892451,False,,,6,False,,,,,,,/Users/tsun-yuanku/local/qa_course_platform_github_pages/SQA_Algorithm/outputs/path_routing/benchmarks/formal_modes_suite_01/runs/pure_sqa/d1200_dynwd17/seed_043,/Users/tsun-yuanku/local/qa_course_platform_github_pages/SQA_Algorithm/outputs/path_routing/benchmarks/formal_modes_suite_01/logs/pure_sqa/d1200_dynwd17__seed_043.log,False,,False,sqa,no_route,skipped,no_route
pure_sqa,Random initialized SQA only,sqa,d1200_dynwd17,d1200,1200,1202.828070248327,80,314,dynwd17,weekday,17,2,44,200,32,20,32.116,True,2126.063892892451,1765.743892892451,False,,,4,False,,,,,,,/Users/tsun-yuanku/local/qa_course_platform_github_pages/SQA_Algorithm/outputs/path_routing/benchmarks/formal_modes_suite_01/runs/pure_sqa/d1200_dynwd17/seed_044,/Users/tsun-yuanku/local/qa_course_platform_github_pages/SQA_Algorithm/outputs/path_routing/benchmarks/formal_modes_suite_01/logs/pure_sqa/d1200_dynwd17__seed_044.log,False,,False,sqa,no_route,skipped,no_route
pure_sqa,Random initialized SQA only,sqa,d1200_dynwd17,d1200,1200,1202.828070248327,80,314,dynwd17,weekday,17,3,45,200,32,20,31.704,True,2126.063892892451,1765.743892892451,False,,,6,False,,,,,,,/Users/tsun-yuanku/local/qa_course_platform_github_pages/SQA_Algorithm/outputs/path_routing/benchmarks/formal_modes_suite_01/runs/pure_sqa/d1200_dynwd17/seed_045,/Users/tsun-yuanku/local/qa_course_platform_github_pages/SQA_Algorithm/outputs/path_routing/benchmarks/formal_modes_suite_01/logs/pure_sqa/d1200_dynwd17__seed_045.log,False,,False,sqa,no_route,skipped,no_route
pure_sqa,Random initialized SQA only,sqa,d1200_dynwd17,d1200,1200,1202.828070248327,80,314,dynwd17,weekday,17,4,46,200,32,20,31.683,True,2126.063892892451,1765.743892892451,False,,,7,False,,,,,,,/Users/tsun-yuanku/local/qa_course_platform_github_pages/SQA_Algorithm/outputs/path_routing/benchmarks/formal_modes_suite_01/runs/pure_sqa/d1200_dynwd17/seed_046,/Users/tsun-yuanku/local/qa_course_platform_github_pages/SQA_Algorithm/outputs/path_routing/benchmarks/formal_modes_suite_01/logs/pure_sqa/d1200_dynwd17__seed_046.log,False,,False,sqa,no_route,skipped,no_route
pure_sqa,Random initialized SQA only,sqa,d1200_dynwd21,d1200,1200,1202.828070248327,80,314,dynwd21,weekday,21,0,42,200,32,20,31.065,True,2137.818892892451,1765.743892892451,False,,,7,False,,,,,,,/Users/tsun-yuanku/local/qa_course_platform_github_pages/SQA_Algorithm/outputs/path_routing/benchmarks/formal_modes_suite_01/runs/pure_sqa/d1200_dynwd21/seed_042,/Users/tsun-yuanku/local/qa_course_platform_github_pages/SQA_Algorithm/outputs/path_routing/benchmarks/formal_modes_suite_01/logs/pure_sqa/d1200_dynwd21__seed_042.log,False,,False,sqa,no_route,skipped,no_route
pure_sqa,Random initialized SQA only,sqa,d1200_dynwd21,d1200,1200,1202.828070248327,80,314,dynwd21,weekday,21,1,43,200,32,20,30.862,True,2137.818892892451,1765.743892892451,False,,,6,False,,,,,,,/Users/tsun-yuanku/local/qa_course_platform_github_pages/SQA_Algorithm/outputs/path_routing/benchmarks/formal_modes_suite_01/runs/pure_sqa/d1200_dynwd21/seed_043,/Users/tsun-yuanku/local/qa_course_platform_github_pages/SQA_Algorithm/outputs/path_routing/benchmarks/formal_modes_suite_01/logs/pure_sqa/d1200_dynwd21__seed_043.log,False,,False,sqa,no_route,skipped,no_route
pure_sqa,Random initialized SQA only,sqa,d1200_dynwd21,d1200,1200,1202.828070248327,80,314,dynwd21,weekday,21,2,44,200,32,20,30.513,True,2137.818892892451,1765.743892892451,False,,,4,False,,,,,,,/Users/tsun-yuanku/local/qa_course_platform_github_pages/SQA_Algorithm/outputs/path_routing/benchmarks/formal_modes_suite_01/runs/pure_sqa/d1200_dynwd21/seed_044,/Users/tsun-yuanku/local/qa_course_platform_github_pages/SQA_Algorithm/outputs/path_routing/benchmarks/formal_modes_suite_01/logs/pure_sqa/d1200_dynwd21__seed_044.log,False,,False,sqa,no_route,skipped,no_route
pure_sqa,Random initialized SQA only,sqa,d1200_dynwd21,d1200,1200,1202.828070248327,80,314,dynwd21,weekday,21,3,45,200,32,20,30.94,True,2137.818892892451,1765.743892892451,False,,,6,False,,,,,,,/Users/tsun-yuanku/local/qa_course_platform_github_pages/SQA_Algorithm/outputs/path_routing/benchmarks/formal_modes_suite_01/runs/pure_sqa/d1200_dynwd21/seed_045,/Users/tsun-yuanku/local/qa_course_platform_github_pages/SQA_Algorithm/outputs/path_routing/benchmarks/formal_modes_suite_01/logs/pure_sqa/d1200_dynwd21__seed_045.log,False,,False,sqa,no_route,skipped,no_route
pure_sqa,Random initialized SQA only,sqa,d1200_dynwd21,d1200,1200,1202.828070248327,80,314,dynwd21,weekday,21,4,46,200,32,20,30.277,True,2137.818892892451,1765.743892892451,False,,,7,False,,,,,,,/Users/tsun-yuanku/local/qa_course_platform_github_pages/SQA_Algorithm/outputs/path_routing/benchmarks/formal_modes_suite_01/runs/pure_sqa/d1200_dynwd21/seed_046,/Users/tsun-yuanku/local/qa_course_platform_github_pages/SQA_Algorithm/outputs/path_routing/benchmarks/formal_modes_suite_01/logs/pure_sqa/d1200_dynwd21__seed_046.log,False,,False,sqa,no_route,skipped,no_route
pure_sqa,Random initialized SQA only,sqa,d1200_dynwe05,d1200,1200,1202.828070248327,80,314,dynwe05,weekend,05,0,42,200,32,20,30.639,True,2137.818892892451,1765.743892892451,False,,,7,False,,,,,,,/Users/tsun-yuanku/local/qa_course_platform_github_pages/SQA_Algorithm/outputs/path_routing/benchmarks/formal_modes_suite_01/runs/pure_sqa/d1200_dynwe05/seed_042,/Users/tsun-yuanku/local/qa_course_platform_github_pages/SQA_Algorithm/outputs/path_routing/benchmarks/formal_modes_suite_01/logs/pure_sqa/d1200_dynwe05__seed_042.log,False,,False,sqa,no_route,skipped,no_route
pure_sqa,Random initialized SQA only,sqa,d1200_dynwe05,d1200,1200,1202.828070248327,80,314,dynwe05,weekend,05,1,43,200,32,20,31.269,True,2137.818892892451,1765.743892892451,False,,,6,False,,,,,,,/Users/tsun-yuanku/local/qa_course_platform_github_pages/SQA_Algorithm/outputs/path_routing/benchmarks/formal_modes_suite_01/runs/pure_sqa/d1200_dynwe05/seed_043,/Users/tsun-yuanku/local/qa_course_platform_github_pages/SQA_Algorithm/outputs/path_routing/benchmarks/formal_modes_suite_01/logs/pure_sqa/d1200_dynwe05__seed_043.log,False,,False,sqa,no_route,skipped,no_route
pure_sqa,Random initialized SQA only,sqa,d1200_dynwe05,d1200,1200,1202.828070248327,80,314,dynwe05,weekend,05,2,44,200,32,20,31.146,True,2137.818892892451,1765.743892892451,False,,,4,False,,,,,,,/Users/tsun-yuanku/local/qa_course_platform_github_pages/SQA_Algorithm/outputs/path_routing/benchmarks/formal_modes_suite_01/runs/pure_sqa/d1200_dynwe05/seed_044,/Users/tsun-yuanku/local/qa_course_platform_github_pages/SQA_Algorithm/outputs/path_routing/benchmarks/formal_modes_suite_01/logs/pure_sqa/d1200_dynwe05__seed_044.log,False,,False,sqa,no_route,skipped,no_route
pure_sqa,Random initialized SQA only,sqa,d1200_dynwe05,d1200,1200,1202.828070248327,80,314,dynwe05,weekend,05,3,45,200,32,20,30.977,True,2137.818892892451,1765.743892892451,False,,,6,False,,,,,,,/Users/tsun-yuanku/local/qa_course_platform_github_pages/SQA_Algorithm/outputs/path_routing/benchmarks/formal_modes_suite_01/runs/pure_sqa/d1200_dynwe05/seed_045,/Users/tsun-yuanku/local/qa_course_platform_github_pages/SQA_Algorithm/outputs/path_routing/benchmarks/formal_modes_suite_01/logs/pure_sqa/d1200_dynwe05__seed_045.log,False,,False,sqa,no_route,skipped,no_route
pure_sqa,Random initialized SQA only,sqa,d1200_dynwe05,d1200,1200,1202.828070248327,80,314,dynwe05,weekend,05,4,46,200,32,20,30.54,True,2137.818892892451,1765.743892892451,False,,,7,False,,,,,,,/Users/tsun-yuanku/local/qa_course_platform_github_pages/SQA_Algorithm/outputs/path_routing/benchmarks/formal_modes_suite_01/runs/pure_sqa/d1200_dynwe05/seed_046,/Users/tsun-yuanku/local/qa_course_platform_github_pages/SQA_Algorithm/outputs/path_routing/benchmarks/formal_modes_suite_01/logs/pure_sqa/d1200_dynwe05__seed_046.log,False,,False,sqa,no_route,skipped,no_route
pure_sqa,Random initialized SQA only,sqa,d1200_dynwe08,d1200,1200,1202.828070248327,80,314,dynwe08,weekend,08,0,42,200,32,20,30.939,True,2136.2088928924513,1766.573892892451,False,,,8,False,,,,,,,/Users/tsun-yuanku/local/qa_course_platform_github_pages/SQA_Algorithm/outputs/path_routing/benchmarks/formal_modes_suite_01/runs/pure_sqa/d1200_dynwe08/seed_042,/Users/tsun-yuanku/local/qa_course_platform_github_pages/SQA_Algorithm/outputs/path_routing/benchmarks/formal_modes_suite_01/logs/pure_sqa/d1200_dynwe08__seed_042.log,False,,False,sqa,no_route,skipped,no_route
pure_sqa,Random initialized SQA only,sqa,d1200_dynwe08,d1200,1200,1202.828070248327,80,314,dynwe08,weekend,08,1,43,200,32,20,30.844,True,2136.2088928924513,1766.573892892451,False,,,6,False,,,,,,,/Users/tsun-yuanku/local/qa_course_platform_github_pages/SQA_Algorithm/outputs/path_routing/benchmarks/formal_modes_suite_01/runs/pure_sqa/d1200_dynwe08/seed_043,/Users/tsun-yuanku/local/qa_course_platform_github_pages/SQA_Algorithm/outputs/path_routing/benchmarks/formal_modes_suite_01/logs/pure_sqa/d1200_dynwe08__seed_043.log,False,,False,sqa,no_route,skipped,no_route
pure_sqa,Random initialized SQA only,sqa,d1200_dynwe08,d1200,1200,1202.828070248327,80,314,dynwe08,weekend,08,2,44,200,32,20,31.519,True,2136.2088928924513,1766.573892892451,False,,,4,False,,,,,,,/Users/tsun-yuanku/local/qa_course_platform_github_pages/SQA_Algorithm/outputs/path_routing/benchmarks/formal_modes_suite_01/runs/pure_sqa/d1200_dynwe08/seed_044,/Users/tsun-yuanku/local/qa_course_platform_github_pages/SQA_Algorithm/outputs/path_routing/benchmarks/formal_modes_suite_01/logs/pure_sqa/d1200_dynwe08__seed_044.log,False,,False,sqa,no_route,skipped,no_route
pure_sqa,Random initialized SQA only,sqa,d1200_dynwe08,d1200,1200,1202.828070248327,80,314,dynwe08,weekend,08,3,45,200,32,20,31.064,True,2136.2088928924513,1766.573892892451,False,,,6,False,,,,,,,/Users/tsun-yuanku/local/qa_course_platform_github_pages/SQA_Algorithm/outputs/path_routing/benchmarks/formal_modes_suite_01/runs/pure_sqa/d1200_dynwe08/seed_045,/Users/tsun-yuanku/local/qa_course_platform_github_pages/SQA_Algorithm/outputs/path_routing/benchmarks/formal_modes_suite_01/logs/pure_sqa/d1200_dynwe08__seed_045.log,False,,False,sqa,no_route,skipped,no_route
pure_sqa,Random initialized SQA only,sqa,d1200_dynwe08,d1200,1200,1202.828070248327,80,314,dynwe08,weekend,08,4,46,200,32,20,31.602,True,2136.2088928924513,1766.573892892451,False,,,4,False,,,,,,,/Users/tsun-yuanku/local/qa_course_platform_github_pages/SQA_Algorithm/outputs/path_routing/benchmarks/formal_modes_suite_01/runs/pure_sqa/d1200_dynwe08/seed_046,/Users/tsun-yuanku/local/qa_course_platform_github_pages/SQA_Algorithm/outputs/path_routing/benchmarks/formal_modes_suite_01/logs/pure_sqa/d1200_dynwe08__seed_046.log,False,,False,sqa,no_route,skipped,no_route
pure_sqa,Random initialized SQA only,sqa,d1200_dynwe12,d1200,1200,1202.828070248327,80,314,dynwe12,weekend,12,0,42,200,32,20,31.012,True,2127.166892892451,1766.251892892451,False,,,7,False,,,,,,,/Users/tsun-yuanku/local/qa_course_platform_github_pages/SQA_Algorithm/outputs/path_routing/benchmarks/formal_modes_suite_01/runs/pure_sqa/d1200_dynwe12/seed_042,/Users/tsun-yuanku/local/qa_course_platform_github_pages/SQA_Algorithm/outputs/path_routing/benchmarks/formal_modes_suite_01/logs/pure_sqa/d1200_dynwe12__seed_042.log,False,,False,sqa,no_route,skipped,no_route
pure_sqa,Random initialized SQA only,sqa,d1200_dynwe12,d1200,1200,1202.828070248327,80,314,dynwe12,weekend,12,1,43,200,32,20,31.284,True,2127.166892892451,1766.251892892451,False,,,6,False,,,,,,,/Users/tsun-yuanku/local/qa_course_platform_github_pages/SQA_Algorithm/outputs/path_routing/benchmarks/formal_modes_suite_01/runs/pure_sqa/d1200_dynwe12/seed_043,/Users/tsun-yuanku/local/qa_course_platform_github_pages/SQA_Algorithm/outputs/path_routing/benchmarks/formal_modes_suite_01/logs/pure_sqa/d1200_dynwe12__seed_043.log,False,,False,sqa,no_route,skipped,no_route
pure_sqa,Random initialized SQA only,sqa,d1200_dynwe12,d1200,1200,1202.828070248327,80,314,dynwe12,weekend,12,2,44,200,32,20,31.063,True,2127.166892892451,1766.251892892451,False,,,4,False,,,,,,,/Users/tsun-yuanku/local/qa_course_platform_github_pages/SQA_Algorithm/outputs/path_routing/benchmarks/formal_modes_suite_01/runs/pure_sqa/d1200_dynwe12/seed_044,/Users/tsun-yuanku/local/qa_course_platform_github_pages/SQA_Algorithm/outputs/path_routing/benchmarks/formal_modes_suite_01/logs/pure_sqa/d1200_dynwe12__seed_044.log,False,,False,sqa,no_route,skipped,no_route
pure_sqa,Random initialized SQA only,sqa,d1200_dynwe12,d1200,1200,1202.828070248327,80,314,dynwe12,weekend,12,3,45,200,32,20,31.064,True,2127.166892892451,1766.251892892451,False,,,6,False,,,,,,,/Users/tsun-yuanku/local/qa_course_platform_github_pages/SQA_Algorithm/outputs/path_routing/benchmarks/formal_modes_suite_01/runs/pure_sqa/d1200_dynwe12/seed_045,/Users/tsun-yuanku/local/qa_course_platform_github_pages/SQA_Algorithm/outputs/path_routing/benchmarks/formal_modes_suite_01/logs/pure_sqa/d1200_dynwe12__seed_045.log,False,,False,sqa,no_route,skipped,no_route
pure_sqa,Random initialized SQA only,sqa,d1200_dynwe12,d1200,1200,1202.828070248327,80,314,dynwe12,weekend,12,4,46,200,32,20,30.747,True,2127.166892892451,1766.251892892451,False,,,7,False,,,,,,,/Users/tsun-yuanku/local/qa_course_platform_github_pages/SQA_Algorithm/outputs/path_routing/benchmarks/formal_modes_suite_01/runs/pure_sqa/d1200_dynwe12/seed_046,/Users/tsun-yuanku/local/qa_course_platform_github_pages/SQA_Algorithm/outputs/path_routing/benchmarks/formal_modes_suite_01/logs/pure_sqa/d1200_dynwe12__seed_046.log,False,,False,sqa,no_route,skipped,no_route
pure_sqa,Random initialized SQA only,sqa,d1200_dynwe17,d1200,1200,1202.828070248327,80,314,dynwe17,weekend,17,0,42,200,32,20,30.828,True,2133.313892892451,1765.743892892451,False,,,7,False,,,,,,,/Users/tsun-yuanku/local/qa_course_platform_github_pages/SQA_Algorithm/outputs/path_routing/benchmarks/formal_modes_suite_01/runs/pure_sqa/d1200_dynwe17/seed_042,/Users/tsun-yuanku/local/qa_course_platform_github_pages/SQA_Algorithm/outputs/path_routing/benchmarks/formal_modes_suite_01/logs/pure_sqa/d1200_dynwe17__seed_042.log,False,,False,sqa,no_route,skipped,no_route
pure_sqa,Random initialized SQA only,sqa,d1200_dynwe17,d1200,1200,1202.828070248327,80,314,dynwe17,weekend,17,1,43,200,32,20,30.908,True,2133.313892892451,1765.743892892451,False,,,6,False,,,,,,,/Users/tsun-yuanku/local/qa_course_platform_github_pages/SQA_Algorithm/outputs/path_routing/benchmarks/formal_modes_suite_01/runs/pure_sqa/d1200_dynwe17/seed_043,/Users/tsun-yuanku/local/qa_course_platform_github_pages/SQA_Algorithm/outputs/path_routing/benchmarks/formal_modes_suite_01/logs/pure_sqa/d1200_dynwe17__seed_043.log,False,,False,sqa,no_route,skipped,no_route
pure_sqa,Random initialized SQA only,sqa,d1200_dynwe17,d1200,1200,1202.828070248327,80,314,dynwe17,weekend,17,2,44,200,32,20,30.728,True,2133.313892892451,1765.743892892451,False,,,4,False,,,,,,,/Users/tsun-yuanku/local/qa_course_platform_github_pages/SQA_Algorithm/outputs/path_routing/benchmarks/formal_modes_suite_01/runs/pure_sqa/d1200_dynwe17/seed_044,/Users/tsun-yuanku/local/qa_course_platform_github_pages/SQA_Algorithm/outputs/path_routing/benchmarks/formal_modes_suite_01/logs/pure_sqa/d1200_dynwe17__seed_044.log,False,,False,sqa,no_route,skipped,no_route
pure_sqa,Random initialized SQA only,sqa,d1200_dynwe17,d1200,1200,1202.828070248327,80,314,dynwe17,weekend,17,3,45,200,32,20,31.026,True,2133.313892892451,1765.743892892451,False,,,6,False,,,,,,,/Users/tsun-yuanku/local/qa_course_platform_github_pages/SQA_Algorithm/outputs/path_routing/benchmarks/formal_modes_suite_01/runs/pure_sqa/d1200_dynwe17/seed_045,/Users/tsun-yuanku/local/qa_course_platform_github_pages/SQA_Algorithm/outputs/path_routing/benchmarks/formal_modes_suite_01/logs/pure_sqa/d1200_dynwe17__seed_045.log,False,,False,sqa,no_route,skipped,no_route
pure_sqa,Random initialized SQA only,sqa,d1200_dynwe17,d1200,1200,1202.828070248327,80,314,dynwe17,weekend,17,4,46,200,32,20,31.002,True,2133.313892892451,1765.743892892451,False,,,7,False,,,,,,,/Users/tsun-yuanku/local/qa_course_platform_github_pages/SQA_Algorithm/outputs/path_routing/benchmarks/formal_modes_suite_01/runs/pure_sqa/d1200_dynwe17/seed_046,/Users/tsun-yuanku/local/qa_course_platform_github_pages/SQA_Algorithm/outputs/path_routing/benchmarks/formal_modes_suite_01/logs/pure_sqa/d1200_dynwe17__seed_046.log,False,,False,sqa,no_route,skipped,no_route
pure_sqa,Random initialized SQA only,sqa,d1200_dynwe21,d1200,1200,1202.828070248327,80,314,dynwe21,weekend,21,0,42,200,32,20,31.144,True,2137.818892892451,1765.743892892451,False,,,7,False,,,,,,,/Users/tsun-yuanku/local/qa_course_platform_github_pages/SQA_Algorithm/outputs/path_routing/benchmarks/formal_modes_suite_01/runs/pure_sqa/d1200_dynwe21/seed_042,/Users/tsun-yuanku/local/qa_course_platform_github_pages/SQA_Algorithm/outputs/path_routing/benchmarks/formal_modes_suite_01/logs/pure_sqa/d1200_dynwe21__seed_042.log,False,,False,sqa,no_route,skipped,no_route
pure_sqa,Random initialized SQA only,sqa,d1200_dynwe21,d1200,1200,1202.828070248327,80,314,dynwe21,weekend,21,1,43,200,32,20,31.147,True,2137.818892892451,1765.743892892451,False,,,6,False,,,,,,,/Users/tsun-yuanku/local/qa_course_platform_github_pages/SQA_Algorithm/outputs/path_routing/benchmarks/formal_modes_suite_01/runs/pure_sqa/d1200_dynwe21/seed_043,/Users/tsun-yuanku/local/qa_course_platform_github_pages/SQA_Algorithm/outputs/path_routing/benchmarks/formal_modes_suite_01/logs/pure_sqa/d1200_dynwe21__seed_043.log,False,,False,sqa,no_route,skipped,no_route
pure_sqa,Random initialized SQA only,sqa,d1200_dynwe21,d1200,1200,1202.828070248327,80,314,dynwe21,weekend,21,2,44,200,32,20,31.113,True,2137.818892892451,1765.743892892451,False,,,4,False,,,,,,,/Users/tsun-yuanku/local/qa_course_platform_github_pages/SQA_Algorithm/outputs/path_routing/benchmarks/formal_modes_suite_01/runs/pure_sqa/d1200_dynwe21/seed_044,/Users/tsun-yuanku/local/qa_course_platform_github_pages/SQA_Algorithm/outputs/path_routing/benchmarks/formal_modes_suite_01/logs/pure_sqa/d1200_dynwe21__seed_044.log,False,,False,sqa,no_route,skipped,no_route
pure_sqa,Random initialized SQA only,sqa,d1200_dynwe21,d1200,1200,1202.828070248327,80,314,dynwe21,weekend,21,3,45,200,32,20,31.567,True,2137.818892892451,1765.743892892451,False,,,6,False,,,,,,,/Users/tsun-yuanku/local/qa_course_platform_github_pages/SQA_Algorithm/outputs/path_routing/benchmarks/formal_modes_suite_01/runs/pure_sqa/d1200_dynwe21/seed_045,/Users/tsun-yuanku/local/qa_course_platform_github_pages/SQA_Algorithm/outputs/path_routing/benchmarks/formal_modes_suite_01/logs/pure_sqa/d1200_dynwe21__seed_045.log,False,,False,sqa,no_route,skipped,no_route
pure_sqa,Random initialized SQA only,sqa,d1200_dynwe21,d1200,1200,1202.828070248327,80,314,dynwe21,weekend,21,4,46,200,32,20,31.237,True,2137.818892892451,1765.743892892451,False,,,7,False,,,,,,,/Users/tsun-yuanku/local/qa_course_platform_github_pages/SQA_Algorithm/outputs/path_routing/benchmarks/formal_modes_suite_01/runs/pure_sqa/d1200_dynwe21/seed_046,/Users/tsun-yuanku/local/qa_course_platform_github_pages/SQA_Algorithm/outputs/path_routing/benchmarks/formal_modes_suite_01/logs/pure_sqa/d1200_dynwe21__seed_046.log,False,,False,sqa,no_route,skipped,no_route
