id,isw,is,WIEH,wPSQ,wSE,wSW,wCRw,wEoS,wEoO,wEoP,wETV,wEuF,wSLQ,wDIS,wSLP,wSTR,wCTV,shdwd12,shdwd17,dynwd12,dynwd17,tempwd12,tempwd17,humwd12,humwd17,shdwd21,shdwd08,shdwd05,shdwe05,shdwe08,shdwe12,shdwe17,shdwe21,lgtwd05,lgtwd08,lgtwd12,lgtwd17,lgtwd21,lgtwe05,lgtwe08,lgtwe12,lgtwe17,lgtwe21,aqiwd05,aqiwd08,aqiwd12,aqiwd17,aqiwd21,aqiwe05,aqiwe08,aqiwe12,aqiwe17,aqiwe21,tempwd05,humwd05,tempwd08,humwd08,temwd12,huwd12,temwd17,huwd17,temwd21,huwd21,tempwe05,humwe05,termpwe08,humwe08,tempwe12,humwe12,tempwe17,humwe17,tempwe21,humwe21,trfwd05,trfwd08,trfwd12,trfwd17,trfwd21,trfwe05,trfwe08,trfwe12,trfwe17,trfwe21,dynwd05,dynwd08,dynwd21,dynwe08,dynwe05,dynwe12,dynwe17,dynwe21,cdynwd05,cdynwd08,cdynwd12,cdynwd17,cdynwd21,cdynwe05,cdynwe08,cdynwe12,cdynwe17,cdynwe21,cWIEH,urbantype,length,segment_id,part_idx,direction,source_node,target_node,segment_length,cost_dynwd12,cost_dynwd17,cost_dynwd05,cost_dynwd08,cost_dynwd21,cost_dynwe08,cost_dynwe05,cost_dynwe12,cost_dynwe17,cost_dynwe21,component_id
1,2.56,1.0,2.56,3,3.0,3.0,3,3,3,1.5,1,1,2,3,1,1,3,3,1,2.542,2.367,3.0,3.0,2.0,3.0,3,3,3,3,3,3,1,3,1,3,3,2,1,1,3,3,2,1,3,3,3,3,3,2,2,2,1,2,2,1,2,1,2,2,2,1,2,1,2,1,2,1,2,2,2,2,2,1,3,3,2,2,1,3,2,3,2,3,2.467,2.617,2.467,2.467,2.467,2.592,2.292,2.467,Reasonably age-friendly,Reasonably age-friendly,Reasonably age-friendly,Less age-friendly,Reasonably age-friendly,Reasonably age-friendly,Reasonably age-friendly,Reasonably age-friendly,Less age-friendly,Reasonably age-friendly,Less age-friendly,residential,43.259,1:0,0,forward,0,1,43.259,55.549,56.424,55.924,55.174,55.924,55.924,55.924,55.299,56.799,55.924,0
1,2.56,1.0,2.56,3,3.0,3.0,3,3,3,1.5,1,1,2,3,1,1,3,3,1,2.542,2.367,3.0,3.0,2.0,3.0,3,3,3,3,3,3,1,3,1,3,3,2,1,1,3,3,2,1,3,3,3,3,3,2,2,2,1,2,2,1,2,1,2,2,2,1,2,1,2,1,2,1,2,2,2,2,2,1,3,3,2,2,1,3,2,3,2,3,2.467,2.617,2.467,2.467,2.467,2.592,2.292,2.467,Reasonably age-friendly,Reasonably age-friendly,Reasonably age-friendly,Less age-friendly,Reasonably age-friendly,Reasonably age-friendly,Reasonably age-friendly,Reasonably age-friendly,Less age-friendly,Reasonably age-friendly,Less age-friendly,residential,43.259,1:0,0,backward,1,0,43.259,55.549,56.424,55.924,55.174,55.924,55.924,55.924,55.299,56.799,55.924,0
2,1.92,1.5,1.28,3,1.0,3.0,3,3,1,1.0,1,1,2,3,2,1,1,1,3,1.546,1.571,3.0,3.0,2.0,3.0,3,2,3,3,2,1,3,3,1,3,3,2,1,1,3,3,2,1,3,3,3,3,3,2,2,2,1,2,2,1,2,1,2,2,2,1,2,1,2,1,2,1,2,2,2,2,2,1,3,1,2,2,1,2,2,3,2,3,1.571,1.471,1.571,1.521,1.571,1.596,1.496,1.571,Reasonably age-friendly,Less age-friendly,Reasonably age-friendly,Reasonably age-friendly,Reasonably age-friendly,Reasonably age-friendly,Reasonably age-friendly,Reasonably age-friendly,Less age-friendly,Reasonably age-friendly,Less age-friendly,residential,20.086,2:0,0,forward,1,2,20.086,37.355999999999995,37.231,37.231,37.730999999999995,37.231,37.480999999999995,37.231,37.105999999999995,37.605999999999995,37.231,0
2,1.92,1.5,1.28,3,1.0,3.0,3,3,1,1.0,1,1,2,3,2,1,1,1,3,1.546,1.571,3.0,3.0,2.0,3.0,3,2,3,3,2,1,3,3,1,3,3,2,1,1,3,3,2,1,3,3,3,3,3,2,2,2,1,2,2,1,2,1,2,2,2,1,2,1,2,1,2,1,2,2,2,2,2,1,3,1,2,2,1,2,2,3,2,3,1.571,1.471,1.571,1.521,1.571,1.596,1.496,1.571,Reasonably age-friendly,Less age-friendly,Reasonably age-friendly,Reasonably age-friendly,Reasonably age-friendly,Reasonably age-friendly,Reasonably age-friendly,Reasonably age-friendly,Less age-friendly,Reasonably age-friendly,Less age-friendly,residential,20.086,2:0,0,backward,2,1,20.086,37.355999999999995,37.231,37.231,37.730999999999995,37.231,37.480999999999995,37.231,37.105999999999995,37.605999999999995,37.231,0
3,1.92,1.5,1.28,3,1.0,3.0,3,3,1,1.0,1,1,2,3,2,1,1,2,3,1.596,1.571,3.0,3.0,2.0,3.0,3,1,3,3,1,2,3,3,1,3,3,2,1,1,3,3,2,1,3,3,3,3,3,2,2,2,1,2,2,1,2,1,2,2,2,1,2,1,2,1,2,1,2,2,2,2,2,1,3,1,2,2,1,2,2,3,2,3,1.571,1.421,1.571,1.471,1.571,1.646,1.496,1.571,Reasonably age-friendly,Less age-friendly,Reasonably age-friendly,Reasonably age-friendly,Reasonably age-friendly,Reasonably age-friendly,Less age-friendly,Reasonably age-friendly,Less age-friendly,Reasonably age-friendly,Less age-friendly,uncategorized,35.079,3:0,0,forward,1,3,35.079,52.099000000000004,52.224000000000004,52.224000000000004,52.974000000000004,52.224000000000004,52.724000000000004,52.224000000000004,51.849000000000004,52.599000000000004,52.224000000000004,0
3,1.92,1.5,1.28,3,1.0,3.0,3,3,1,1.0,1,1,2,3,2,1,1,2,3,1.596,1.571,3.0,3.0,2.0,3.0,3,1,3,3,1,2,3,3,1,3,3,2,1,1,3,3,2,1,3,3,3,3,3,2,2,2,1,2,2,1,2,1,2,2,2,1,2,1,2,1,2,1,2,2,2,2,2,1,3,1,2,2,1,2,2,3,2,3,1.571,1.421,1.571,1.471,1.571,1.646,1.496,1.571,Reasonably age-friendly,Less age-friendly,Reasonably age-friendly,Reasonably age-friendly,Reasonably age-friendly,Reasonably age-friendly,Less age-friendly,Reasonably age-friendly,Less age-friendly,Reasonably age-friendly,Less age-friendly,uncategorized,35.079,3:0,0,backward,3,1,35.079,52.099000000000004,52.224000000000004,52.224000000000004,52.974000000000004,52.224000000000004,52.724000000000004,52.224000000000004,51.849000000000004,52.599000000000004,52.224000000000004,0
4,1.92,1.5,1.28,3,1.0,3.0,3,3,1,1.0,1,1,2,3,2,1,1,2,3,1.596,1.571,3.0,3.0,2.0,3.0,3,1,3,3,1,2,3,3,1,3,3,2,1,1,3,3,2,1,3,3,3,3,3,2,2,2,1,2,2,1,2,1,2,2,2,1,2,1,2,1,2,1,2,2,2,2,2,1,3,1,2,2,1,2,2,3,2,3,1.571,1.421,1.571,1.471,1.571,1.646,1.496,1.571,Reasonably age-friendly,Less age-friendly,Reasonably age-friendly,Reasonably age-friendly,Reasonably age-friendly,Reasonably age-friendly,Less age-friendly,Reasonably age-friendly,Less age-friendly,Reasonably age-friendly,Less age-friendly,uncategorized,28.353,4:0,0,forward,3,2,28.353,45.373000000000005,45.498000000000005,45.498000000000005,46.248000000000005,45.498000000000005,45.998000000000005,45.498000000000005,45.123000000000005,45.873000000000005,45.498000000000005,0
4,1.92,1.5,1.28,3,1.0,3.0,3,3,1,1.0,1,1,2,3,2,1,1,2,3,1.596,1.571,3.0,3.0,2.0,3.0,3,1,3,3,1,2,3,3,1,3,3,2,1,1,3,3,2,1,3,3,3,3,3,2,2,2,1,2,2,1,2,1,2,2,2,1,2,1,2,1,2,1,2,2,2,2,2,1,3,1,2,2,1,2,2,3,2,3,1.571,1.421,1.571,1.471,1.571,1.646,1.496,1.571,Reasonably age-friendly,Less age-friendly,Reasonably age-friendly,Reasonably age-friendly,Reasonably age-friendly,Reasonably age-friendly,Less age-friendly,Reasonably age-friendly,Less age-friendly,Reasonably age-friendly,Less age-friendly,uncategorized,28.353,4:0,0,backward,2,3,28.353,45.373000000000005,45.498000000000005,45.498000000000005,46.248000000000005,45.498000000000005,45.998000000000005,45.498000000000005,45.123000000000005,45.873000000000005,45.498000000000005,0
5,2.16,1.5,1.44,3,1.0,3.0,3,3,2,1.0,1,1,2,3,2,1,2,2,3,1.708,1.683,3.0,3.0,2.0,3.0,3,3,3,3,3,2,3,3,1,3,3,2,1,1,3,3,2,1,3,3,3,3,3,2,2,2,1,2,2,1,2,1,2,2,2,1,2,1,2,1,2,1,2,2,2,2,2,1,3,1,2,2,1,2,2,3,2,3,1.683,1.633,1.683,1.683,1.683,1.758,1.608,1.683,Reasonably age-friendly,Less age-friendly,Less age-friendly,Less age-friendly,Reasonably age-friendly,Reasonably age-friendly,Less age-friendly,Reasonably age-friendly,Less age-friendly,Reasonably age-friendly,Less age-friendly,uncategorized,20.48,5:0,0,forward,3,4,20.48,36.94,37.065,37.065,37.315,37.065,37.065,37.065,36.69,37.44,37.065,0
5,2.16,1.5,1.44,3,1.0,3.0,3,3,2,1.0,1,1,2,3,2,1,2,2,3,1.708,1.683,3.0,3.0,2.0,3.0,3,3,3,3,3,2,3,3,1,3,3,2,1,1,3,3,2,1,3,3,3,3,3,2,2,2,1,2,2,1,2,1,2,2,2,1,2,1,2,1,2,1,2,2,2,2,2,1,3,1,2,2,1,2,2,3,2,3,1.683,1.633,1.683,1.683,1.683,1.758,1.608,1.683,Reasonably age-friendly,Less age-friendly,Less age-friendly,Less age-friendly,Reasonably age-friendly,Reasonably age-friendly,Less age-friendly,Reasonably age-friendly,Less age-friendly,Reasonably age-friendly,Less age-friendly,uncategorized,20.48,5:0,0,backward,4,3,20.48,36.94,37.065,37.065,37.315,37.065,37.065,37.065,36.69,37.44,37.065,0
6,1.89,1.0,1.89,3,3.0,2.5,2,3,2,1.0,1,1,2,2,1,1,1,1,3,1.973,1.998,3.0,3.0,2.0,3.0,3,1,3,3,1,1,3,3,1,3,3,2,1,1,3,3,2,1,3,3,3,3,3,2,2,2,1,2,2,1,2,1,2,2,2,1,2,1,2,1,2,1,2,2,2,2,2,1,3,3,2,2,1,2,2,3,2,3,1.998,2.048,1.998,1.898,1.998,2.023,1.923,1.998,Reasonably age-friendly,Reasonably age-friendly,Reasonably age-friendly,Reasonably age-friendly,Reasonably age-friendly,Reasonably age-friendly,Reasonably age-friendly,Reasonably age-friendly,Reasonably age-friendly,Reasonably age-friendly,Reasonably age-friendly,uncategorized,28.909,6:0,0,forward,4,1,28.909,44.044,43.919,43.919,43.669,43.919,44.419,43.919,43.794,44.294,43.919,0
6,1.89,1.0,1.89,3,3.0,2.5,2,3,2,1.0,1,1,2,2,1,1,1,1,3,1.973,1.998,3.0,3.0,2.0,3.0,3,1,3,3,1,1,3,3,1,3,3,2,1,1,3,3,2,1,3,3,3,3,3,2,2,2,1,2,2,1,2,1,2,2,2,1,2,1,2,1,2,1,2,2,2,2,2,1,3,3,2,2,1,2,2,3,2,3,1.998,2.048,1.998,1.898,1.998,2.023,1.923,1.998,Reasonably age-friendly,Reasonably age-friendly,Reasonably age-friendly,Reasonably age-friendly,Reasonably age-friendly,Reasonably age-friendly,Reasonably age-friendly,Reasonably age-friendly,Reasonably age-friendly,Reasonably age-friendly,Reasonably age-friendly,uncategorized,28.909,6:0,0,backward,1,4,28.909,44.044,43.919,43.919,43.669,43.919,44.419,43.919,43.794,44.294,43.919,0
7,2.8,1.0,2.8,3,3.0,3.0,3,3,3,1.5,3,2,2,3,1,1,3,2,3,2.76,2.635,3.0,3.0,2.0,3.0,3,1,3,3,1,2,3,3,1,3,3,2,1,1,3,3,2,1,3,3,3,3,3,2,2,2,1,2,2,1,2,1,2,2,2,1,2,1,2,1,2,1,2,2,2,2,2,1,3,3,3,2,3,3,3,3,3,3,2.635,2.685,2.635,2.635,2.635,2.71,2.66,2.635,More age-friendly,Reasonably age-friendly,Reasonably age-friendly,Reasonably age-friendly,More age-friendly,More age-friendly,Reasonably age-friendly,Reasonably age-friendly,Reasonably age-friendly,More age-friendly,Less age-friendly,campus,133.004,7:0,0,forward,3,5,133.004,144.20399999999998,144.82899999999998,144.82899999999998,144.57899999999998,144.82899999999998,144.82899999999998,144.82899999999998,144.45399999999998,144.70399999999998,144.82899999999998,0
7,2.8,1.0,2.8,3,3.0,3.0,3,3,3,1.5,3,2,2,3,1,1,3,2,3,2.76,2.635,3.0,3.0,2.0,3.0,3,1,3,3,1,2,3,3,1,3,3,2,1,1,3,3,2,1,3,3,3,3,3,2,2,2,1,2,2,1,2,1,2,2,2,1,2,1,2,1,2,1,2,2,2,2,2,1,3,3,3,2,3,3,3,3,3,3,2.635,2.685,2.635,2.635,2.635,2.71,2.66,2.635,More age-friendly,Reasonably age-friendly,Reasonably age-friendly,Reasonably age-friendly,More age-friendly,More age-friendly,Reasonably age-friendly,Reasonably age-friendly,Reasonably age-friendly,More age-friendly,Less age-friendly,campus,133.004,7:0,0,backward,5,3,133.004,144.20399999999998,144.82899999999998,144.82899999999998,144.57899999999998,144.82899999999998,144.82899999999998,144.82899999999998,144.45399999999998,144.70399999999998,144.82899999999998,0
8,2.44,1.0,2.44,3,3.0,3.0,2,3,3,3.0,1,1,2,3,1,1,2,3,3,2.558,2.383,3.0,3.0,2.0,3.0,3,2,3,3,2,3,3,3,1,3,3,2,1,1,3,3,2,1,3,3,3,3,3,2,2,2,1,2,2,1,2,1,2,2,2,1,2,1,2,1,2,1,2,2,2,2,2,1,3,3,3,2,3,3,3,3,3,3,2.383,2.483,2.383,2.433,2.383,2.508,2.408,2.383,Reasonably age-friendly,Reasonably age-friendly,Reasonably age-friendly,Reasonably age-friendly,Reasonably age-friendly,Reasonably age-friendly,Reasonably age-friendly,Reasonably age-friendly,Reasonably age-friendly,Reasonably age-friendly,Less age-friendly,residential,115.081,8:0,0,forward,2,6,115.081,127.291,128.166,128.166,127.666,128.166,127.916,128.166,127.541,128.041,128.166,0
8,2.44,1.0,2.44,3,3.0,3.0,2,3,3,3.0,1,1,2,3,1,1,2,3,3,2.558,2.383,3.0,3.0,2.0,3.0,3,2,3,3,2,3,3,3,1,3,3,2,1,1,3,3,2,1,3,3,3,3,3,2,2,2,1,2,2,1,2,1,2,2,2,1,2,1,2,1,2,1,2,2,2,2,2,1,3,3,3,2,3,3,3,3,3,3,2.383,2.483,2.383,2.433,2.383,2.508,2.408,2.383,Reasonably age-friendly,Reasonably age-friendly,Reasonably age-friendly,Reasonably age-friendly,Reasonably age-friendly,Reasonably age-friendly,Reasonably age-friendly,Reasonably age-friendly,Reasonably age-friendly,Reasonably age-friendly,Less age-friendly,residential,115.081,8:0,0,backward,6,2,115.081,127.291,128.166,128.166,127.666,128.166,127.916,128.166,127.541,128.041,128.166,0
9,1.92,2.0,0.96,3,1.0,3.0,2,3,1,1.0,1,1,2,3,2,2,2,1,3,1.422,1.347,3.0,3.0,2.0,3.0,3,1,3,3,1,1,3,3,1,3,3,2,1,1,3,3,2,1,3,3,3,3,3,2,2,2,1,2,2,1,2,1,2,2,2,1,2,1,2,1,2,1,2,2,2,2,2,1,1,3,3,2,3,3,2,3,3,3,1.347,1.397,1.347,1.247,1.347,1.372,1.372,1.347,Reasonably age-friendly,Less age-friendly,Less age-friendly,Less age-friendly,Reasonably age-friendly,Reasonably age-friendly,Less age-friendly,Less age-friendly,Less age-friendly,Reasonably age-friendly,Less age-friendly,residential,19.422,9:0,0,forward,6,7,19.422,37.312,37.687,37.687,37.437,37.687,38.187,37.687,37.562,37.562,37.687,0
9,1.92,2.0,0.96,3,1.0,3.0,2,3,1,1.0,1,1,2,3,2,2,2,1,3,1.422,1.347,3.0,3.0,2.0,3.0,3,1,3,3,1,1,3,3,1,3,3,2,1,1,3,3,2,1,3,3,3,3,3,2,2,2,1,2,2,1,2,1,2,2,2,1,2,1,2,1,2,1,2,2,2,2,2,1,1,3,3,2,3,3,2,3,3,3,1.347,1.397,1.347,1.247,1.347,1.372,1.372,1.347,Reasonably age-friendly,Less age-friendly,Less age-friendly,Less age-friendly,Reasonably age-friendly,Reasonably age-friendly,Less age-friendly,Less age-friendly,Less age-friendly,Reasonably age-friendly,Less age-friendly,residential,19.422,9:0,0,backward,7,6,19.422,37.312,37.687,37.687,37.437,37.687,38.187,37.687,37.562,37.562,37.687,0
10,2.04,1.5,1.36,3,1.0,3.0,3,3,1,1.0,1,1,2,3,2,1,2,1,3,1.702,1.627,3.0,3.0,2.0,3.0,3,1,3,3,1,1,3,3,1,3,3,2,1,1,3,3,2,1,3,3,3,3,3,2,2,2,1,2,2,1,2,1,2,2,2,1,2,1,2,1,2,1,2,2,2,2,2,1,3,3,3,2,3,1,2,3,3,3,1.627,1.677,1.627,1.527,1.627,1.652,1.652,1.627,Reasonably age-friendly,Less age-friendly,Less age-friendly,Less age-friendly,Reasonably age-friendly,Reasonably age-friendly,Less age-friendly,Less age-friendly,Less age-friendly,Reasonably age-friendly,Less age-friendly,uncategorized,19.483,10:0,0,forward,5,7,19.483,35.973,36.348,36.348,36.098,36.348,36.848,36.348,36.223,36.223,36.348,0
10,2.04,1.5,1.36,3,1.0,3.0,3,3,1,1.0,1,1,2,3,2,1,2,1,3,1.702,1.627,3.0,3.0,2.0,3.0,3,1,3,3,1,1,3,3,1,3,3,2,1,1,3,3,2,1,3,3,3,3,3,2,2,2,1,2,2,1,2,1,2,2,2,1,2,1,2,1,2,1,2,2,2,2,2,1,3,3,3,2,3,1,2,3,3,3,1.627,1.677,1.627,1.527,1.627,1.652,1.652,1.627,Reasonably age-friendly,Less age-friendly,Less age-friendly,Less age-friendly,Reasonably age-friendly,Reasonably age-friendly,Less age-friendly,Less age-friendly,Less age-friendly,Reasonably age-friendly,Less age-friendly,uncategorized,19.483,10:0,0,backward,7,5,19.483,35.973,36.348,36.348,36.098,36.348,36.848,36.348,36.223,36.223,36.348,0
11,2.44,1.0,2.44,3,3.0,3.0,3,3,3,2.0,3,3,2,1,1,1,1,3,3,2.558,2.383,3.0,3.0,2.0,3.0,3,2,3,3,2,3,3,3,1,3,3,2,1,1,3,3,2,1,3,3,3,3,3,2,2,2,1,2,2,1,2,1,2,2,2,1,2,1,2,1,2,1,2,2,2,2,2,1,3,3,3,2,3,3,3,3,3,3,2.383,2.483,2.383,2.433,2.383,2.508,2.408,2.383,Reasonably age-friendly,Reasonably age-friendly,More age-friendly,Reasonably age-friendly,Reasonably age-friendly,Reasonably age-friendly,Reasonably age-friendly,More age-friendly,Reasonably age-friendly,Reasonably age-friendly,Reasonably age-friendly,residential,38.312,11:0,0,forward,7,8,38.312,50.522,51.397,51.397,50.897,51.397,51.147,51.397,50.772,51.272,51.397,0
11,2.44,1.0,2.44,3,3.0,3.0,3,3,3,2.0,3,3,2,1,1,1,1,3,3,2.558,2.383,3.0,3.0,2.0,3.0,3,2,3,3,2,3,3,3,1,3,3,2,1,1,3,3,2,1,3,3,3,3,3,2,2,2,1,2,2,1,2,1,2,2,2,1,2,1,2,1,2,1,2,2,2,2,2,1,3,3,3,2,3,3,3,3,3,3,2.383,2.483,2.383,2.433,2.383,2.508,2.408,2.383,Reasonably age-friendly,Reasonably age-friendly,More age-friendly,Reasonably age-friendly,Reasonably age-friendly,Reasonably age-friendly,Reasonably age-friendly,More age-friendly,Reasonably age-friendly,Reasonably age-friendly,Reasonably age-friendly,residential,38.312,11:0,0,backward,8,7,38.312,50.522,51.397,51.397,50.897,51.397,51.147,51.397,50.772,51.272,51.397,0
12,1.98,1.0,1.98,3,2.5,2.5,3,3,2,1.0,1,1,1,1,1,1,2,3,3,2.236,2.011,3.0,3.0,2.0,3.0,3,3,3,3,3,3,3,3,1,3,3,1,1,1,3,3,1,1,3,3,3,3,3,2,2,2,1,2,2,1,2,1,2,2,2,1,2,1,2,1,2,1,2,2,2,2,2,1,3,3,3,2,3,3,3,3,3,3,2.061,2.211,2.061,2.161,2.061,2.186,2.036,2.061,Reasonably age-friendly,Reasonably age-friendly,Reasonably age-friendly,Reasonably age-friendly,Reasonably age-friendly,Reasonably age-friendly,Reasonably age-friendly,Reasonably age-friendly,Reasonably age-friendly,Reasonably age-friendly,Less age-friendly,residential,26.09,12:0,0,forward,8,9,26.09,39.91,41.035,40.785,40.035,40.785,40.285,40.785,40.16,40.91,40.785,0
12,1.98,1.0,1.98,3,2.5,2.5,3,3,2,1.0,1,1,1,1,1,1,2,3,3,2.236,2.011,3.0,3.0,2.0,3.0,3,3,3,3,3,3,3,3,1,3,3,1,1,1,3,3,1,1,3,3,3,3,3,2,2,2,1,2,2,1,2,1,2,2,2,1,2,1,2,1,2,1,2,2,2,2,2,1,3,3,3,2,3,3,3,3,3,3,2.061,2.211,2.061,2.161,2.061,2.186,2.036,2.061,Reasonably age-friendly,Reasonably age-friendly,Reasonably age-friendly,Reasonably age-friendly,Reasonably age-friendly,Reasonably age-friendly,Reasonably age-friendly,Reasonably age-friendly,Reasonably age-friendly,Reasonably age-friendly,Less age-friendly,residential,26.09,12:0,0,backward,9,8,26.09,39.91,41.035,40.785,40.035,40.785,40.285,40.785,40.16,40.91,40.785,0
13,2.08,1.0,2.08,3,3.0,3.0,3,3,2,1.5,1,1,2,2,1,1,1,1,3,2.206,2.131,3.0,3.0,2.0,3.0,3,1,3,3,1,1,3,3,1,3,3,2,1,1,3,3,2,1,3,3,3,3,3,2,2,2,1,2,2,1,2,1,2,2,2,1,2,1,2,1,2,1,2,2,2,2,2,1,3,3,3,2,3,3,3,3,3,3,2.131,2.181,2.131,2.131,2.131,2.156,2.156,2.131,Reasonably age-friendly,Reasonably age-friendly,Reasonably age-friendly,Reasonably age-friendly,Reasonably age-friendly,Reasonably age-friendly,Reasonably age-friendly,Reasonably age-friendly,Reasonably age-friendly,Reasonably age-friendly,Reasonably age-friendly,residential,20.23,13:0,0,forward,9,10,20.23,34.2,34.575,34.575,34.325,34.575,34.575,34.575,34.45,34.45,34.575,0
13,2.08,1.0,2.08,3,3.0,3.0,3,3,2,1.5,1,1,2,2,1,1,1,1,3,2.206,2.131,3.0,3.0,2.0,3.0,3,1,3,3,1,1,3,3,1,3,3,2,1,1,3,3,2,1,3,3,3,3,3,2,2,2,1,2,2,1,2,1,2,2,2,1,2,1,2,1,2,1,2,2,2,2,2,1,3,3,3,2,3,3,3,3,3,3,2.131,2.181,2.131,2.131,2.131,2.156,2.156,2.131,Reasonably age-friendly,Reasonably age-friendly,Reasonably age-friendly,Reasonably age-friendly,Reasonably age-friendly,Reasonably age-friendly,Reasonably age-friendly,Reasonably age-friendly,Reasonably age-friendly,Reasonably age-friendly,Reasonably age-friendly,residential,20.23,13:0,0,backward,10,9,20.23,34.2,34.575,34.575,34.325,34.575,34.575,34.575,34.45,34.45,34.575,0
14,2.6,1.0,2.6,3,3.0,3.0,3,3,3,2.0,3,2,2,1,1,1,3,2,3,2.52,2.495,3.0,3.0,2.0,3.0,3,1,3,3,1,2,3,3,1,3,3,2,1,1,3,3,2,1,3,3,3,3,3,2,2,2,1,2,2,1,2,1,2,2,2,1,2,1,2,1,2,1,2,2,2,2,2,1,3,2,2,2,3,3,3,2,1,3,2.495,2.445,2.495,2.495,2.495,2.47,2.32,2.495,Reasonably age-friendly,Reasonably age-friendly,Reasonably age-friendly,Reasonably age-friendly,Reasonably age-friendly,Reasonably age-friendly,Reasonably age-friendly,Reasonably age-friendly,Less age-friendly,Reasonably age-friendly,Less age-friendly,campus,159.801,14:0,0,forward,5,11,159.801,172.201,172.326,172.326,172.576,172.326,172.326,172.326,172.451,173.201,172.326,0
14,2.6,1.0,2.6,3,3.0,3.0,3,3,3,2.0,3,2,2,1,1,1,3,2,3,2.52,2.495,3.0,3.0,2.0,3.0,3,1,3,3,1,2,3,3,1,3,3,2,1,1,3,3,2,1,3,3,3,3,3,2,2,2,1,2,2,1,2,1,2,2,2,1,2,1,2,1,2,1,2,2,2,2,2,1,3,2,2,2,3,3,3,2,1,3,2.495,2.445,2.495,2.495,2.495,2.47,2.32,2.495,Reasonably age-friendly,Reasonably age-friendly,Reasonably age-friendly,Reasonably age-friendly,Reasonably age-friendly,Reasonably age-friendly,Reasonably age-friendly,Reasonably age-friendly,Less age-friendly,Reasonably age-friendly,Less age-friendly,campus,159.801,14:0,0,backward,11,5,159.801,172.201,172.326,172.326,172.576,172.326,172.326,172.326,172.451,173.201,172.326,0
15,2.04,1.5,1.36,3,1.0,3.0,3,3,1,1.0,1,1,3,3,2,1,2,1,3,1.502,1.677,3.0,3.0,2.0,3.0,3,1,3,3,1,1,3,3,2,3,3,3,2,2,3,3,3,2,3,3,3,3,3,2,2,2,1,2,2,1,2,1,2,2,2,1,2,1,2,1,2,1,2,2,2,2,2,1,3,3,1,2,2,3,3,2,1,3,1.677,1.677,1.677,1.627,1.677,1.552,1.502,1.677,Reasonably age-friendly,Less age-friendly,Less age-friendly,Less age-friendly,Reasonably age-friendly,Reasonably age-friendly,Less age-friendly,Less age-friendly,Less age-friendly,Reasonably age-friendly,Less age-friendly,residential,12.161,15:0,0,forward,10,12,12.161,29.651000000000003,28.775999999999996,28.775999999999996,28.775999999999996,28.775999999999996,29.026000000000003,28.775999999999996,29.400999999999996,29.651000000000003,28.775999999999996,0
15,2.04,1.5,1.36,3,1.0,3.0,3,3,1,1.0,1,1,3,3,2,1,2,1,3,1.502,1.677,3.0,3.0,2.0,3.0,3,1,3,3,1,1,3,3,2,3,3,3,2,2,3,3,3,2,3,3,3,3,3,2,2,2,1,2,2,1,2,1,2,2,2,1,2,1,2,1,2,1,2,2,2,2,2,1,3,3,1,2,2,3,3,2,1,3,1.677,1.677,1.677,1.627,1.677,1.552,1.502,1.677,Reasonably age-friendly,Less age-friendly,Less age-friendly,Less age-friendly,Reasonably age-friendly,Reasonably age-friendly,Less age-friendly,Less age-friendly,Less age-friendly,Reasonably age-friendly,Less age-friendly,residential,12.161,15:0,0,backward,12,10,12.161,29.651000000000003,28.775999999999996,28.775999999999996,28.775999999999996,28.775999999999996,29.026000000000003,28.775999999999996,29.400999999999996,29.651000000000003,28.775999999999996,0
16,2.15,1.0,2.15,3,2.0,2.5,3,3,2,2.0,1,1,3,2,1,1,2,1,3,2.055,2.33,3.0,3.0,2.0,3.0,3,1,3,3,1,1,3,3,2,3,3,3,2,2,3,3,3,2,3,3,3,3,3,2,2,2,1,2,2,1,2,1,2,2,2,1,2,1,2,1,2,1,2,2,2,2,2,1,3,3,1,3,2,3,3,3,3,3,2.23,2.23,2.23,2.18,2.23,2.205,2.255,2.23,Reasonably age-friendly,Reasonably age-friendly,Reasonably age-friendly,Reasonably age-friendly,Reasonably age-friendly,Reasonably age-friendly,Reasonably age-friendly,Reasonably age-friendly,Reasonably age-friendly,Reasonably age-friendly,Less age-friendly,residential,67.603,16:0,0,forward,12,13,67.603,82.32799999999999,80.95299999999999,81.45299999999999,81.45299999999999,81.45299999999999,81.70299999999999,81.45299999999999,81.57799999999999,81.328,81.45299999999999,0
16,2.15,1.0,2.15,3,2.0,2.5,3,3,2,2.0,1,1,3,2,1,1,2,1,3,2.055,2.33,3.0,3.0,2.0,3.0,3,1,3,3,1,1,3,3,2,3,3,3,2,2,3,3,3,2,3,3,3,3,3,2,2,2,1,2,2,1,2,1,2,2,2,1,2,1,2,1,2,1,2,2,2,2,2,1,3,3,1,3,2,3,3,3,3,3,2.23,2.23,2.23,2.18,2.23,2.205,2.255,2.23,Reasonably age-friendly,Reasonably age-friendly,Reasonably age-friendly,Reasonably age-friendly,Reasonably age-friendly,Reasonably age-friendly,Reasonably age-friendly,Reasonably age-friendly,Reasonably age-friendly,Reasonably age-friendly,Less age-friendly,residential,67.603,16:0,0,backward,13,12,67.603,82.32799999999999,80.95299999999999,81.45299999999999,81.45299999999999,81.45299999999999,81.70299999999999,81.45299999999999,81.57799999999999,81.328,81.45299999999999,0
17,2.13,1.0,2.13,3,3.0,2.5,3,3,2,1.5,2,1,2,1,1,1,2,1,3,2.041,2.266,3.0,3.0,2.0,3.0,3,1,3,3,1,1,3,3,1,3,3,2,1,1,3,3,2,1,3,3,3,3,3,2,2,2,1,2,2,1,2,1,2,2,2,1,2,1,2,1,2,1,2,2,2,2,2,1,3,3,1,3,2,3,3,3,3,3,2.166,2.216,2.166,2.166,2.166,2.191,2.191,2.166,Reasonably age-friendly,Less age-friendly,Less age-friendly,Reasonably age-friendly,Reasonably age-friendly,Reasonably age-friendly,Less age-friendly,Less age-friendly,Less age-friendly,Reasonably age-friendly,Less age-friendly,residential,28.956,17:0,0,forward,13,14,28.956,43.751,42.626,43.126,42.876,43.126,43.126,43.126,43.001000000000005,43.001000000000005,43.126,0
17,2.13,1.0,2.13,3,3.0,2.5,3,3,2,1.5,2,1,2,1,1,1,2,1,3,2.041,2.266,3.0,3.0,2.0,3.0,3,1,3,3,1,1,3,3,1,3,3,2,1,1,3,3,2,1,3,3,3,3,3,2,2,2,1,2,2,1,2,1,2,2,2,1,2,1,2,1,2,1,2,2,2,2,2,1,3,3,1,3,2,3,3,3,3,3,2.166,2.216,2.166,2.166,2.166,2.191,2.191,2.166,Reasonably age-friendly,Less age-friendly,Less age-friendly,Reasonably age-friendly,Reasonably age-friendly,Reasonably age-friendly,Less age-friendly,Less age-friendly,Less age-friendly,Reasonably age-friendly,Less age-friendly,residential,28.956,17:0,0,backward,14,13,28.956,43.751,42.626,43.126,42.876,43.126,43.126,43.126,43.001000000000005,43.001000000000005,43.126,0
18,2.2,1.0,2.2,3,3.0,3.0,3,3,3,2.0,2,1,2,1,1,1,1,3,3,2.29,2.215,3.0,3.0,2.0,3.0,3,2,3,3,2,3,3,3,1,3,3,2,1,1,3,3,2,1,3,3,3,3,3,2,2,2,1,2,2,1,2,1,2,2,2,1,2,1,2,1,2,1,2,2,2,2,2,1,3,2,2,2,3,3,3,2,1,3,2.215,2.215,2.215,2.265,2.215,2.24,2.04,2.215,Reasonably age-friendly,Reasonably age-friendly,Reasonably age-friendly,Reasonably age-friendly,Reasonably age-friendly,Reasonably age-friendly,Reasonably age-friendly,Reasonably age-friendly,Reasonably age-friendly,Reasonably age-friendly,Reasonably age-friendly,residential,63.705,18:0,0,forward,12,15,63.705,77.255,77.63,77.63,77.63,77.63,77.38,77.63,77.505,78.505,77.63,0
18,2.2,1.0,2.2,3,3.0,3.0,3,3,3,2.0,2,1,2,1,1,1,1,3,3,2.29,2.215,3.0,3.0,2.0,3.0,3,2,3,3,2,3,3,3,1,3,3,2,1,1,3,3,2,1,3,3,3,3,3,2,2,2,1,2,2,1,2,1,2,2,2,1,2,1,2,1,2,1,2,2,2,2,2,1,3,2,2,2,3,3,3,2,1,3,2.215,2.215,2.215,2.265,2.215,2.24,2.04,2.215,Reasonably age-friendly,Reasonably age-friendly,Reasonably age-friendly,Reasonably age-friendly,Reasonably age-friendly,Reasonably age-friendly,Reasonably age-friendly,Reasonably age-friendly,Reasonably age-friendly,Reasonably age-friendly,Reasonably age-friendly,residential,63.705,18:0,0,backward,15,12,63.705,77.255,77.63,77.63,77.63,77.63,77.38,77.63,77.505,78.505,77.63,0
19,2.04,1.5,1.36,3,1.0,3.0,3,3,1,1.0,1,1,3,3,2,1,2,1,3,1.602,1.677,3.0,3.0,2.0,3.0,3,1,3,3,1,1,3,3,2,3,3,3,2,2,3,3,3,2,3,3,3,3,3,2,2,2,1,2,2,1,2,1,2,2,2,1,2,1,2,1,2,1,2,2,2,2,2,1,3,2,2,2,3,1,3,2,1,3,1.677,1.577,1.677,1.627,1.677,1.552,1.502,1.677,Reasonably age-friendly,Less age-friendly,Less age-friendly,Less age-friendly,Reasonably age-friendly,Reasonably age-friendly,Less age-friendly,Less age-friendly,Less age-friendly,Reasonably age-friendly,Less age-friendly,uncategorized,21.149,19:0,0,forward,15,11,21.149,38.138999999999996,37.763999999999996,37.763999999999996,38.264,37.763999999999996,38.014,37.763999999999996,38.388999999999996,38.639,37.763999999999996,0
19,2.04,1.5,1.36,3,1.0,3.0,3,3,1,1.0,1,1,3,3,2,1,2,1,3,1.602,1.677,3.0,3.0,2.0,3.0,3,1,3,3,1,1,3,3,2,3,3,3,2,2,3,3,3,2,3,3,3,3,3,2,2,2,1,2,2,1,2,1,2,2,2,1,2,1,2,1,2,1,2,2,2,2,2,1,3,2,2,2,3,1,3,2,1,3,1.677,1.577,1.677,1.627,1.677,1.552,1.502,1.677,Reasonably age-friendly,Less age-friendly,Less age-friendly,Less age-friendly,Reasonably age-friendly,Reasonably age-friendly,Less age-friendly,Less age-friendly,Less age-friendly,Reasonably age-friendly,Less age-friendly,uncategorized,21.149,19:0,0,backward,11,15,21.149,38.138999999999996,37.763999999999996,37.763999999999996,38.264,37.763999999999996,38.014,37.763999999999996,38.388999999999996,38.639,37.763999999999996,0
20,2.2,1.5,1.467,3,3.0,3.0,3,3,2,1.5,1,1,3,3,2,1,1,1,3,1.677,1.752,3.0,3.0,2.0,3.0,3,1,3,3,1,1,3,3,2,3,3,3,2,2,3,3,3,2,3,3,3,3,3,2,2,2,1,2,2,1,2,1,2,2,2,1,2,1,2,1,2,1,2,2,2,2,2,1,3,2,2,2,3,1,3,2,1,3,1.752,1.652,1.752,1.702,1.752,1.627,1.577,1.752,Reasonably age-friendly,Reasonably age-friendly,Reasonably age-friendly,Reasonably age-friendly,Reasonably age-friendly,Reasonably age-friendly,Reasonably age-friendly,Reasonably age-friendly,Reasonably age-friendly,Reasonably age-friendly,Less age-friendly,residential,26.622,20:0,0,forward,15,16,26.622,43.236999999999995,42.862,42.862,43.361999999999995,42.862,43.112,42.862,43.487,43.737,42.862,0
20,2.2,1.5,1.467,3,3.0,3.0,3,3,2,1.5,1,1,3,3,2,1,1,1,3,1.677,1.752,3.0,3.0,2.0,3.0,3,1,3,3,1,1,3,3,2,3,3,3,2,2,3,3,3,2,3,3,3,3,3,2,2,2,1,2,2,1,2,1,2,2,2,1,2,1,2,1,2,1,2,2,2,2,2,1,3,2,2,2,3,1,3,2,1,3,1.752,1.652,1.752,1.702,1.752,1.627,1.577,1.752,Reasonably age-friendly,Reasonably age-friendly,Reasonably age-friendly,Reasonably age-friendly,Reasonably age-friendly,Reasonably age-friendly,Reasonably age-friendly,Reasonably age-friendly,Reasonably age-friendly,Reasonably age-friendly,Less age-friendly,residential,26.622,20:0,0,backward,16,15,26.622,43.236999999999995,42.862,42.862,43.361999999999995,42.862,43.112,42.862,43.487,43.737,42.862,0
21,2.04,1.5,1.36,3,1.0,3.0,3,3,1,1.0,1,1,3,3,2,1,2,1,3,1.602,1.677,3.0,3.0,2.0,3.0,3,1,3,3,1,1,3,3,2,3,3,3,2,2,3,3,3,2,3,3,3,3,3,2,2,2,1,2,2,1,2,1,2,2,2,1,2,1,2,1,2,1,2,2,2,2,2,1,3,2,2,2,3,1,3,2,1,3,1.677,1.577,1.677,1.627,1.677,1.552,1.502,1.677,Reasonably age-friendly,Less age-friendly,Less age-friendly,Less age-friendly,Reasonably age-friendly,Reasonably age-friendly,Less age-friendly,Less age-friendly,Less age-friendly,Reasonably age-friendly,Less age-friendly,uncategorized,20.428,21:0,0,forward,16,17,20.428,37.418,37.043,37.043,37.543000000000006,37.043,37.293000000000006,37.043,37.668,37.918000000000006,37.043,0
21,2.04,1.5,1.36,3,1.0,3.0,3,3,1,1.0,1,1,3,3,2,1,2,1,3,1.602,1.677,3.0,3.0,2.0,3.0,3,1,3,3,1,1,3,3,2,3,3,3,2,2,3,3,3,2,3,3,3,3,3,2,2,2,1,2,2,1,2,1,2,2,2,1,2,1,2,1,2,1,2,2,2,2,2,1,3,2,2,2,3,1,3,2,1,3,1.677,1.577,1.677,1.627,1.677,1.552,1.502,1.677,Reasonably age-friendly,Less age-friendly,Less age-friendly,Less age-friendly,Reasonably age-friendly,Reasonably age-friendly,Less age-friendly,Less age-friendly,Less age-friendly,Reasonably age-friendly,Less age-friendly,uncategorized,20.428,21:0,0,backward,17,16,20.428,37.418,37.043,37.043,37.543000000000006,37.043,37.293000000000006,37.043,37.668,37.918000000000006,37.043,0
22,2.04,1.5,1.36,3,1.0,3.0,3,3,1,1.0,1,1,3,3,2,1,2,1,3,1.602,1.677,3.0,3.0,2.0,3.0,3,1,3,3,1,1,3,3,2,3,3,3,2,2,3,3,3,2,3,3,3,3,3,2,2,2,1,2,2,1,2,1,2,2,2,1,2,1,2,1,2,1,2,2,2,2,2,1,3,2,2,2,3,1,3,2,1,3,1.677,1.577,1.677,1.627,1.677,1.552,1.502,1.677,Reasonably age-friendly,Less age-friendly,Less age-friendly,Less age-friendly,Reasonably age-friendly,Reasonably age-friendly,Less age-friendly,Less age-friendly,Less age-friendly,Reasonably age-friendly,Less age-friendly,campus,26.431,22:0,0,forward,11,17,26.431,43.421,43.046,43.046,43.54600000000001,43.046,43.29600000000001,43.046,43.671,43.92100000000001,43.046,0
22,2.04,1.5,1.36,3,1.0,3.0,3,3,1,1.0,1,1,3,3,2,1,2,1,3,1.602,1.677,3.0,3.0,2.0,3.0,3,1,3,3,1,1,3,3,2,3,3,3,2,2,3,3,3,2,3,3,3,3,3,2,2,2,1,2,2,1,2,1,2,2,2,1,2,1,2,1,2,1,2,2,2,2,2,1,3,2,2,2,3,1,3,2,1,3,1.677,1.577,1.677,1.627,1.677,1.552,1.502,1.677,Reasonably age-friendly,Less age-friendly,Less age-friendly,Less age-friendly,Reasonably age-friendly,Reasonably age-friendly,Less age-friendly,Less age-friendly,Less age-friendly,Reasonably age-friendly,Less age-friendly,campus,26.431,22:0,0,backward,17,11,26.431,43.421,43.046,43.046,43.54600000000001,43.046,43.29600000000001,43.046,43.671,43.92100000000001,43.046,0
23,2.16,1.5,1.44,3,3.0,3.0,3,3,1,1.0,1,1,3,3,2,1,2,1,3,1.658,1.733,3.0,3.0,2.0,3.0,3,1,3,3,1,1,3,3,2,3,3,3,2,2,3,3,3,2,3,3,3,3,3,2,2,2,1,2,2,1,2,1,2,2,2,1,2,1,2,1,2,1,2,2,2,2,2,1,3,2,2,2,3,1,3,2,1,3,1.733,1.633,1.733,1.683,1.733,1.608,1.558,1.733,Reasonably age-friendly,Less age-friendly,Less age-friendly,Less age-friendly,Reasonably age-friendly,Reasonably age-friendly,Less age-friendly,Less age-friendly,Less age-friendly,Reasonably age-friendly,Less age-friendly,uncategorized,34.066,23:0,0,forward,11,16,34.066,50.776,50.401,50.401,50.901,50.401,50.651,50.401,51.026,51.276,50.401,0
23,2.16,1.5,1.44,3,3.0,3.0,3,3,1,1.0,1,1,3,3,2,1,2,1,3,1.658,1.733,3.0,3.0,2.0,3.0,3,1,3,3,1,1,3,3,2,3,3,3,2,2,3,3,3,2,3,3,3,3,3,2,2,2,1,2,2,1,2,1,2,2,2,1,2,1,2,1,2,1,2,2,2,2,2,1,3,2,2,2,3,1,3,2,1,3,1.733,1.633,1.733,1.683,1.733,1.608,1.558,1.733,Reasonably age-friendly,Less age-friendly,Less age-friendly,Less age-friendly,Reasonably age-friendly,Reasonably age-friendly,Less age-friendly,Less age-friendly,Less age-friendly,Reasonably age-friendly,Less age-friendly,uncategorized,34.066,23:0,0,backward,16,11,34.066,50.776,50.401,50.401,50.901,50.401,50.651,50.401,51.026,51.276,50.401,0
24,2.04,1.5,1.36,3,1.0,3.0,3,3,1,1.0,1,1,3,3,2,1,2,1,3,1.602,1.677,3.0,3.0,2.0,3.0,3,1,3,3,1,1,3,3,2,3,3,3,2,2,3,3,3,2,3,3,3,3,3,2,2,2,1,2,2,1,2,1,2,2,2,1,2,1,2,1,2,1,2,2,2,2,2,1,3,2,2,2,3,1,3,2,1,3,1.677,1.577,1.677,1.627,1.677,1.552,1.502,1.677,Reasonably age-friendly,Less age-friendly,Less age-friendly,Less age-friendly,Reasonably age-friendly,Reasonably age-friendly,Less age-friendly,Less age-friendly,Less age-friendly,Reasonably age-friendly,Less age-friendly,uncategorized,33.331,24:0,0,forward,15,17,33.331,50.321,49.946,49.946,50.446000000000005,49.946,50.196000000000005,49.946,50.571,50.821000000000005,49.946,0
24,2.04,1.5,1.36,3,1.0,3.0,3,3,1,1.0,1,1,3,3,2,1,2,1,3,1.602,1.677,3.0,3.0,2.0,3.0,3,1,3,3,1,1,3,3,2,3,3,3,2,2,3,3,3,2,3,3,3,3,3,2,2,2,1,2,2,1,2,1,2,2,2,1,2,1,2,1,2,1,2,2,2,2,2,1,3,2,2,2,3,1,3,2,1,3,1.677,1.577,1.677,1.627,1.677,1.552,1.502,1.677,Reasonably age-friendly,Less age-friendly,Less age-friendly,Less age-friendly,Reasonably age-friendly,Reasonably age-friendly,Less age-friendly,Less age-friendly,Less age-friendly,Reasonably age-friendly,Less age-friendly,uncategorized,33.331,24:0,0,backward,17,15,33.331,50.321,49.946,49.946,50.446000000000005,49.946,50.196000000000005,49.946,50.571,50.821000000000005,49.946,0
25,2.02,2.0,1.01,3,2.5,2.5,2,2,2,1.5,1,2,3,1,2,2,3,3,3,1.457,1.532,3.0,3.0,2.0,3.0,3,3,3,3,3,3,3,3,2,3,3,3,2,2,3,3,3,2,3,3,3,3,3,2,2,2,1,2,2,1,2,1,2,2,2,1,2,1,2,1,2,1,2,2,2,2,2,1,3,3,2,3,3,3,3,2,1,3,1.432,1.532,1.432,1.482,1.432,1.407,1.257,1.432,Reasonably age-friendly,Less age-friendly,Less age-friendly,Less age-friendly,Reasonably age-friendly,Reasonably age-friendly,Less age-friendly,Less age-friendly,Less age-friendly,Reasonably age-friendly,Less age-friendly,residential,21.64,25:0,0,forward,16,18,21.64,39.355000000000004,38.980000000000004,39.480000000000004,38.980000000000004,39.480000000000004,39.230000000000004,39.480000000000004,39.605000000000004,40.355000000000004,39.480000000000004,0
25,2.02,2.0,1.01,3,2.5,2.5,2,2,2,1.5,1,2,3,1,2,2,3,3,3,1.457,1.532,3.0,3.0,2.0,3.0,3,3,3,3,3,3,3,3,2,3,3,3,2,2,3,3,3,2,3,3,3,3,3,2,2,2,1,2,2,1,2,1,2,2,2,1,2,1,2,1,2,1,2,2,2,2,2,1,3,3,2,3,3,3,3,2,1,3,1.432,1.532,1.432,1.482,1.432,1.407,1.257,1.432,Reasonably age-friendly,Less age-friendly,Less age-friendly,Less age-friendly,Reasonably age-friendly,Reasonably age-friendly,Less age-friendly,Less age-friendly,Less age-friendly,Reasonably age-friendly,Less age-friendly,residential,21.64,25:0,0,backward,18,16,21.64,39.355000000000004,38.980000000000004,39.480000000000004,38.980000000000004,39.480000000000004,39.230000000000004,39.480000000000004,39.605000000000004,40.355000000000004,39.480000000000004,0
26,1.8,2.0,0.9,3,1.0,3.0,2,3,1,1.0,1,1,3,1,2,2,3,1,3,1.28,1.255,3.0,3.0,2.0,3.0,3,1,3,3,1,1,3,3,2,3,3,3,2,2,3,3,3,2,3,3,3,3,3,2,2,2,1,2,2,1,2,1,2,2,2,1,2,1,2,1,2,1,2,2,2,2,2,1,2,1,2,1,3,3,3,2,1,3,1.355,1.155,1.355,1.305,1.355,1.23,1.18,1.355,Reasonably age-friendly,Less age-friendly,Less age-friendly,Less age-friendly,Reasonably age-friendly,Reasonably age-friendly,Less age-friendly,Less age-friendly,Less age-friendly,Reasonably age-friendly,Less age-friendly,residential,11.428,26:0,0,forward,18,19,11.428,30.028,30.153000000000002,29.653000000000002,30.653,29.653000000000002,29.903000000000002,29.653000000000002,30.278000000000002,30.528000000000002,29.653000000000002,0
26,1.8,2.0,0.9,3,1.0,3.0,2,3,1,1.0,1,1,3,1,2,2,3,1,3,1.28,1.255,3.0,3.0,2.0,3.0,3,1,3,3,1,1,3,3,2,3,3,3,2,2,3,3,3,2,3,3,3,3,3,2,2,2,1,2,2,1,2,1,2,2,2,1,2,1,2,1,2,1,2,2,2,2,2,1,2,1,2,1,3,3,3,2,1,3,1.355,1.155,1.355,1.305,1.355,1.23,1.18,1.355,Reasonably age-friendly,Less age-friendly,Less age-friendly,Less age-friendly,Reasonably age-friendly,Reasonably age-friendly,Less age-friendly,Less age-friendly,Less age-friendly,Reasonably age-friendly,Less age-friendly,residential,11.428,26:0,0,backward,19,18,11.428,30.028,30.153000000000002,29.653000000000002,30.653,29.653000000000002,29.903000000000002,29.653000000000002,30.278000000000002,30.528000000000002,29.653000000000002,0
27,1.79,1.5,1.193,3,1.5,1.0,2,2,1,3.0,1,1,2,1,2,1,3,1,3,1.485,1.41,3.0,3.0,2.0,3.0,3,1,3,3,1,1,3,3,1,3,3,2,1,1,3,3,2,1,3,3,3,3,3,2,2,2,1,2,2,1,2,1,2,2,2,1,2,1,2,1,2,1,2,2,2,2,2,1,2,1,2,1,3,3,3,2,2,1,1.31,1.36,1.31,1.51,1.31,1.435,1.435,1.31,Reasonably age-friendly,Less age-friendly,Less age-friendly,Less age-friendly,Reasonably age-friendly,Reasonably age-friendly,Less age-friendly,Less age-friendly,Less age-friendly,Reasonably age-friendly,Less age-friendly,residential,84.941,27:0,0,forward,19,20,84.941,102.516,102.891,103.391,103.141,103.391,102.391,103.391,102.766,102.766,103.391,0
27,1.79,1.5,1.193,3,1.5,1.0,2,2,1,3.0,1,1,2,1,2,1,3,1,3,1.485,1.41,3.0,3.0,2.0,3.0,3,1,3,3,1,1,3,3,1,3,3,2,1,1,3,3,2,1,3,3,3,3,3,2,2,2,1,2,2,1,2,1,2,2,2,1,2,1,2,1,2,1,2,2,2,2,2,1,2,1,2,1,3,3,3,2,2,1,1.31,1.36,1.31,1.51,1.31,1.435,1.435,1.31,Reasonably age-friendly,Less age-friendly,Less age-friendly,Less age-friendly,Reasonably age-friendly,Reasonably age-friendly,Less age-friendly,Less age-friendly,Less age-friendly,Reasonably age-friendly,Less age-friendly,residential,84.941,27:0,0,backward,20,19,84.941,102.516,102.891,103.391,103.141,103.391,102.391,103.391,102.766,102.766,103.391,0
28,1.98,2.0,0.99,3,2.5,2.5,2,1,2,3.0,1,1,2,1,1,3,3,3,3,1.543,1.468,3.0,3.0,2.0,3.0,3,3,3,3,3,3,3,3,1,3,3,2,1,1,3,3,2,1,3,3,3,3,3,2,2,2,1,2,2,1,2,1,2,2,2,1,2,1,2,1,2,1,2,2,2,2,2,1,3,2,3,3,3,3,3,2,3,3,1.368,1.418,1.368,1.468,1.368,1.393,1.393,1.368,Reasonably age-friendly,Less age-friendly,Reasonably age-friendly,Less age-friendly,Reasonably age-friendly,Reasonably age-friendly,Less age-friendly,Less age-friendly,Less age-friendly,Reasonably age-friendly,Less age-friendly,residential,93.669,28:0,0,forward,19,21,93.669,110.954,111.329,111.829,111.579,111.829,111.329,111.829,111.704,111.704,111.829,0
28,1.98,2.0,0.99,3,2.5,2.5,2,1,2,3.0,1,1,2,1,1,3,3,3,3,1.543,1.468,3.0,3.0,2.0,3.0,3,3,3,3,3,3,3,3,1,3,3,2,1,1,3,3,2,1,3,3,3,3,3,2,2,2,1,2,2,1,2,1,2,2,2,1,2,1,2,1,2,1,2,2,2,2,2,1,3,2,3,3,3,3,3,2,3,3,1.368,1.418,1.368,1.468,1.368,1.393,1.393,1.368,Reasonably age-friendly,Less age-friendly,Reasonably age-friendly,Less age-friendly,Reasonably age-friendly,Reasonably age-friendly,Less age-friendly,Less age-friendly,Less age-friendly,Reasonably age-friendly,Less age-friendly,residential,93.669,28:0,0,backward,21,19,93.669,110.954,111.329,111.829,111.579,111.829,111.329,111.829,111.704,111.704,111.829,0
29,3.0,1.0,3.0,3,3.0,3.0,3,3,3,3.0,3,3,2,3,1,1,3,2,3,2.9,2.875,3.0,3.0,2.0,3.0,3,2,3,3,2,2,3,3,1,3,3,2,1,1,3,3,2,1,3,3,3,3,3,2,2,2,1,2,2,1,2,1,2,2,2,1,2,1,2,1,2,1,2,2,2,2,2,1,3,2,3,3,3,3,3,2,3,3,2.775,2.775,2.775,2.825,2.775,2.75,2.8,2.775,More age-friendly,Reasonably age-friendly,Reasonably age-friendly,Reasonably age-friendly,More age-friendly,More age-friendly,Reasonably age-friendly,Reasonably age-friendly,Reasonably age-friendly,More age-friendly,Less age-friendly,campus,126.577,29:0,0,forward,17,22,126.577,137.077,137.202,137.702,137.702,137.702,137.452,137.702,137.827,137.577,137.702,0
29,3.0,1.0,3.0,3,3.0,3.0,3,3,3,3.0,3,3,2,3,1,1,3,2,3,2.9,2.875,3.0,3.0,2.0,3.0,3,2,3,3,2,2,3,3,1,3,3,2,1,1,3,3,2,1,3,3,3,3,3,2,2,2,1,2,2,1,2,1,2,2,2,1,2,1,2,1,2,1,2,2,2,2,2,1,3,2,3,3,3,3,3,2,3,3,2.775,2.775,2.775,2.825,2.775,2.75,2.8,2.775,More age-friendly,Reasonably age-friendly,Reasonably age-friendly,Reasonably age-friendly,More age-friendly,More age-friendly,Reasonably age-friendly,Reasonably age-friendly,Reasonably age-friendly,More age-friendly,Less age-friendly,campus,126.577,29:0,0,backward,22,17,126.577,137.077,137.202,137.702,137.702,137.702,137.452,137.702,137.827,137.577,137.702,0
30,2.16,1.5,1.44,3,1.0,3.0,3,3,1,1.0,1,1,3,3,2,1,3,1,3,1.758,1.833,3.0,3.0,2.0,3.0,3,1,3,3,1,1,3,3,2,3,3,3,2,2,3,3,3,2,3,3,3,3,3,2,2,2,1,2,2,1,2,1,2,2,2,1,2,1,2,1,2,1,2,2,2,2,2,1,3,2,3,3,3,3,3,2,3,3,1.733,1.633,1.733,1.683,1.733,1.608,1.758,1.733,Reasonably age-friendly,Less age-friendly,Less age-friendly,Less age-friendly,Reasonably age-friendly,Reasonably age-friendly,Less age-friendly,Less age-friendly,Less age-friendly,Reasonably age-friendly,Less age-friendly,uncategorized,20.408,30:0,0,forward,22,21,20.408,36.618,36.243,36.743,37.243,36.743,36.993,36.743,37.368,36.618,36.743,0
30,2.16,1.5,1.44,3,1.0,3.0,3,3,1,1.0,1,1,3,3,2,1,3,1,3,1.758,1.833,3.0,3.0,2.0,3.0,3,1,3,3,1,1,3,3,2,3,3,3,2,2,3,3,3,2,3,3,3,3,3,2,2,2,1,2,2,1,2,1,2,2,2,1,2,1,2,1,2,1,2,2,2,2,2,1,3,2,3,3,3,3,3,2,3,3,1.733,1.633,1.733,1.683,1.733,1.608,1.758,1.733,Reasonably age-friendly,Less age-friendly,Less age-friendly,Less age-friendly,Reasonably age-friendly,Reasonably age-friendly,Less age-friendly,Less age-friendly,Less age-friendly,Reasonably age-friendly,Less age-friendly,uncategorized,20.408,30:0,0,backward,21,22,20.408,36.618,36.243,36.743,37.243,36.743,36.993,36.743,37.368,36.618,36.743,0
31,2.16,1.5,1.44,3,1.0,3.0,3,3,1,1.0,1,1,3,3,2,1,3,3,3,1.858,1.733,3.0,3.0,2.0,3.0,3,3,3,3,3,3,3,3,2,3,3,3,2,2,3,3,3,2,3,3,3,3,3,2,2,2,1,2,2,1,2,1,2,2,2,1,2,1,2,1,2,1,2,2,2,2,2,1,3,3,3,2,3,3,3,2,3,3,1.733,1.833,1.733,1.783,1.733,1.708,1.758,1.733,Reasonably age-friendly,Less age-friendly,Less age-friendly,Less age-friendly,Reasonably age-friendly,Reasonably age-friendly,Less age-friendly,Less age-friendly,Less age-friendly,Reasonably age-friendly,Less age-friendly,campus,21.494,31:0,0,forward,22,23,21.494,37.204,37.829,37.829,37.329,37.829,37.579,37.829,37.954,37.704,37.829,0
31,2.16,1.5,1.44,3,1.0,3.0,3,3,1,1.0,1,1,3,3,2,1,3,3,3,1.858,1.733,3.0,3.0,2.0,3.0,3,3,3,3,3,3,3,3,2,3,3,3,2,2,3,3,3,2,3,3,3,3,3,2,2,2,1,2,2,1,2,1,2,2,2,1,2,1,2,1,2,1,2,2,2,2,2,1,3,3,3,2,3,3,3,2,3,3,1.733,1.833,1.733,1.783,1.733,1.708,1.758,1.733,Reasonably age-friendly,Less age-friendly,Less age-friendly,Less age-friendly,Reasonably age-friendly,Reasonably age-friendly,Less age-friendly,Less age-friendly,Less age-friendly,Reasonably age-friendly,Less age-friendly,campus,21.494,31:0,0,backward,23,22,21.494,37.204,37.829,37.829,37.329,37.829,37.579,37.829,37.954,37.704,37.829,0
32,2.16,1.5,1.44,3,1.0,3.0,3,3,1,1.0,1,1,3,3,2,1,3,2,3,1.808,1.733,3.0,3.0,2.0,3.0,3,2,3,3,2,2,3,3,2,3,3,3,2,2,3,3,3,2,3,3,3,3,3,2,2,2,1,2,2,1,2,1,2,2,2,1,2,1,2,1,2,1,2,2,2,2,2,1,3,3,3,2,3,3,3,2,3,3,1.733,1.783,1.733,1.733,1.733,1.658,1.758,1.733,Reasonably age-friendly,Less age-friendly,Less age-friendly,Less age-friendly,Reasonably age-friendly,Reasonably age-friendly,Less age-friendly,Less age-friendly,Less age-friendly,Reasonably age-friendly,Less age-friendly,uncategorized,30.368,32:0,0,forward,21,23,30.368,46.328,46.703,46.703,46.453,46.703,46.703,46.703,47.078,46.578,46.703,0
32,2.16,1.5,1.44,3,1.0,3.0,3,3,1,1.0,1,1,3,3,2,1,3,2,3,1.808,1.733,3.0,3.0,2.0,3.0,3,2,3,3,2,2,3,3,2,3,3,3,2,2,3,3,3,2,3,3,3,3,3,2,2,2,1,2,2,1,2,1,2,2,2,1,2,1,2,1,2,1,2,2,2,2,2,1,3,3,3,2,3,3,3,2,3,3,1.733,1.783,1.733,1.733,1.733,1.658,1.758,1.733,Reasonably age-friendly,Less age-friendly,Less age-friendly,Less age-friendly,Reasonably age-friendly,Reasonably age-friendly,Less age-friendly,Less age-friendly,Less age-friendly,Reasonably age-friendly,Less age-friendly,uncategorized,30.368,32:0,0,backward,23,21,30.368,46.328,46.703,46.703,46.453,46.703,46.703,46.703,47.078,46.578,46.703,0
33,2.16,1.5,1.44,3,1.0,3.0,3,3,1,1.0,1,1,3,3,2,1,3,1,3,1.758,1.833,3.0,3.0,2.0,3.0,3,1,3,3,1,1,3,3,2,3,3,3,2,2,3,3,3,2,3,3,3,3,3,2,2,2,1,2,2,1,2,1,2,2,2,1,2,1,2,1,2,1,2,2,2,2,2,1,3,3,3,3,3,3,3,2,3,3,1.733,1.733,1.733,1.683,1.733,1.608,1.758,1.733,Reasonably age-friendly,Less age-friendly,Less age-friendly,Less age-friendly,Reasonably age-friendly,Reasonably age-friendly,Less age-friendly,Less age-friendly,Less age-friendly,Reasonably age-friendly,Less age-friendly,residential,24.36,33:0,0,forward,21,24,24.36,40.57,40.195,40.695,40.695,40.695,40.945,40.695,41.32,40.57,40.695,0
33,2.16,1.5,1.44,3,1.0,3.0,3,3,1,1.0,1,1,3,3,2,1,3,1,3,1.758,1.833,3.0,3.0,2.0,3.0,3,1,3,3,1,1,3,3,2,3,3,3,2,2,3,3,3,2,3,3,3,3,3,2,2,2,1,2,2,1,2,1,2,2,2,1,2,1,2,1,2,1,2,2,2,2,2,1,3,3,3,3,3,3,3,2,3,3,1.733,1.733,1.733,1.683,1.733,1.608,1.758,1.733,Reasonably age-friendly,Less age-friendly,Less age-friendly,Less age-friendly,Reasonably age-friendly,Reasonably age-friendly,Less age-friendly,Less age-friendly,Less age-friendly,Reasonably age-friendly,Less age-friendly,residential,24.36,33:0,0,backward,24,21,24.36,40.57,40.195,40.695,40.695,40.695,40.945,40.695,41.32,40.57,40.695,0
34,2.16,1.5,1.44,3,1.0,3.0,3,3,1,1.0,1,1,3,3,2,1,3,2,3,1.808,1.833,3.0,3.0,2.0,3.0,3,2,3,3,2,2,3,3,2,3,3,3,2,2,3,3,3,2,3,3,3,3,3,2,2,2,1,2,2,1,2,1,2,2,2,1,2,1,2,1,2,1,2,2,2,2,2,1,3,3,3,3,3,3,3,2,3,3,1.733,1.783,1.733,1.733,1.733,1.658,1.758,1.733,Reasonably age-friendly,Less age-friendly,Less age-friendly,Less age-friendly,Reasonably age-friendly,Reasonably age-friendly,Less age-friendly,Less age-friendly,Less age-friendly,Reasonably age-friendly,Less age-friendly,uncategorized,19.635,34:0,0,forward,23,24,19.635,35.595,35.47,35.97,35.72,35.97,35.97,35.97,36.345,35.845,35.97,0
34,2.16,1.5,1.44,3,1.0,3.0,3,3,1,1.0,1,1,3,3,2,1,3,2,3,1.808,1.833,3.0,3.0,2.0,3.0,3,2,3,3,2,2,3,3,2,3,3,3,2,2,3,3,3,2,3,3,3,3,3,2,2,2,1,2,2,1,2,1,2,2,2,1,2,1,2,1,2,1,2,2,2,2,2,1,3,3,3,3,3,3,3,2,3,3,1.733,1.783,1.733,1.733,1.733,1.658,1.758,1.733,Reasonably age-friendly,Less age-friendly,Less age-friendly,Less age-friendly,Reasonably age-friendly,Reasonably age-friendly,Less age-friendly,Less age-friendly,Less age-friendly,Reasonably age-friendly,Less age-friendly,uncategorized,19.635,34:0,0,backward,24,23,19.635,35.595,35.47,35.97,35.72,35.97,35.97,35.97,36.345,35.845,35.97,0
35,2.16,1.5,1.44,3,1.0,3.0,3,3,1,1.0,1,1,3,3,2,1,3,1,3,1.758,1.733,3.0,3.0,2.0,3.0,3,2,3,3,2,1,3,3,2,3,3,3,2,2,3,3,3,2,3,3,3,3,3,2,2,2,1,2,2,1,2,1,2,2,2,1,2,1,2,1,2,1,2,2,2,2,2,1,3,3,3,2,3,3,3,2,3,3,1.733,1.783,1.733,1.733,1.733,1.608,1.758,1.733,Reasonably age-friendly,Less age-friendly,Less age-friendly,Less age-friendly,Reasonably age-friendly,Reasonably age-friendly,Less age-friendly,Less age-friendly,Less age-friendly,Reasonably age-friendly,Less age-friendly,uncategorized,30.437,35:0,0,forward,22,24,30.437,46.647000000000006,46.772000000000006,46.772000000000006,46.522000000000006,46.772000000000006,46.772000000000006,46.772000000000006,47.397000000000006,46.647000000000006,46.772000000000006,0
35,2.16,1.5,1.44,3,1.0,3.0,3,3,1,1.0,1,1,3,3,2,1,3,1,3,1.758,1.733,3.0,3.0,2.0,3.0,3,2,3,3,2,1,3,3,2,3,3,3,2,2,3,3,3,2,3,3,3,3,3,2,2,2,1,2,2,1,2,1,2,2,2,1,2,1,2,1,2,1,2,2,2,2,2,1,3,3,3,2,3,3,3,2,3,3,1.733,1.783,1.733,1.733,1.733,1.608,1.758,1.733,Reasonably age-friendly,Less age-friendly,Less age-friendly,Less age-friendly,Reasonably age-friendly,Reasonably age-friendly,Less age-friendly,Less age-friendly,Less age-friendly,Reasonably age-friendly,Less age-friendly,uncategorized,30.437,35:0,0,backward,24,22,30.437,46.647000000000006,46.772000000000006,46.772000000000006,46.522000000000006,46.772000000000006,46.772000000000006,46.772000000000006,47.397000000000006,46.647000000000006,46.772000000000006,0
36,1.72,2.0,0.86,2,2.5,1.5,1,1,2,3.0,1,1,2,1,1,3,3,3,3,1.452,1.377,3.0,3.0,2.0,3.0,3,3,3,3,3,3,3,3,1,3,3,2,1,1,3,3,2,1,3,3,3,3,3,2,2,2,1,2,2,1,2,1,2,2,2,1,2,1,2,1,2,1,2,2,2,2,2,1,3,2,3,3,3,3,3,2,1,3,1.277,1.327,1.277,1.377,1.277,1.302,1.102,1.277,Reasonably age-friendly,Less age-friendly,Less age-friendly,Less age-friendly,Reasonably age-friendly,Reasonably age-friendly,Less age-friendly,Less age-friendly,Less age-friendly,Reasonably age-friendly,Less age-friendly,residential,83.648,36:0,0,forward,21,25,83.648,101.388,101.763,102.26299999999999,102.013,102.26299999999999,101.763,102.26299999999999,102.13799999999999,103.13799999999999,102.26299999999999,0
36,1.72,2.0,0.86,2,2.5,1.5,1,1,2,3.0,1,1,2,1,1,3,3,3,3,1.452,1.377,3.0,3.0,2.0,3.0,3,3,3,3,3,3,3,3,1,3,3,2,1,1,3,3,2,1,3,3,3,3,3,2,2,2,1,2,2,1,2,1,2,2,2,1,2,1,2,1,2,1,2,2,2,2,2,1,3,2,3,3,3,3,3,2,1,3,1.277,1.327,1.277,1.377,1.277,1.302,1.102,1.277,Reasonably age-friendly,Less age-friendly,Less age-friendly,Less age-friendly,Reasonably age-friendly,Reasonably age-friendly,Less age-friendly,Less age-friendly,Less age-friendly,Reasonably age-friendly,Less age-friendly,residential,83.648,36:0,0,backward,25,21,83.648,101.388,101.763,102.26299999999999,102.013,102.26299999999999,101.763,102.26299999999999,102.13799999999999,103.13799999999999,102.26299999999999,0
37,2.72,1.0,2.72,3,3.0,3.0,3,3,3,3.0,3,1,3,2,1,1,3,1,2,2.654,2.679,3.0,3.0,2.0,3.0,3,2,3,3,2,1,2,3,2,3,3,3,2,2,3,3,3,2,3,3,3,3,3,2,2,2,1,2,2,1,2,1,2,2,2,1,2,1,2,1,2,1,2,2,2,2,2,1,3,2,3,3,3,3,3,2,1,3,2.629,2.579,2.629,2.629,2.629,2.504,2.404,2.629,More age-friendly,Reasonably age-friendly,Reasonably age-friendly,Reasonably age-friendly,More age-friendly,More age-friendly,Reasonably age-friendly,Reasonably age-friendly,Less age-friendly,More age-friendly,Less age-friendly,residential,96.309,37:0,0,forward,24,26,96.309,108.039,107.914,108.164,108.414,108.164,108.164,108.164,108.789,109.289,108.164,0
37,2.72,1.0,2.72,3,3.0,3.0,3,3,3,3.0,3,1,3,2,1,1,3,1,2,2.654,2.679,3.0,3.0,2.0,3.0,3,2,3,3,2,1,2,3,2,3,3,3,2,2,3,3,3,2,3,3,3,3,3,2,2,2,1,2,2,1,2,1,2,2,2,1,2,1,2,1,2,1,2,2,2,2,2,1,3,2,3,3,3,3,3,2,1,3,2.629,2.579,2.629,2.629,2.629,2.504,2.404,2.629,More age-friendly,Reasonably age-friendly,Reasonably age-friendly,Reasonably age-friendly,More age-friendly,More age-friendly,Reasonably age-friendly,Reasonably age-friendly,Less age-friendly,More age-friendly,Less age-friendly,residential,96.309,37:0,0,backward,26,24,96.309,108.039,107.914,108.164,108.414,108.164,108.164,108.164,108.789,109.289,108.164,0
38,2.29,2.0,1.145,3,3.0,2.5,2,2,2,3.0,3,3,2,2,2,2,1,2,1,1.602,1.477,3.0,3.0,2.0,3.0,3,2,3,3,2,2,1,3,1,3,3,2,1,1,3,3,2,1,3,3,3,3,3,2,2,2,1,2,2,1,2,1,2,2,2,1,2,1,2,1,2,1,2,2,2,2,2,1,3,3,3,3,3,3,3,2,3,3,1.477,1.577,1.477,1.527,1.477,1.452,1.402,1.477,Reasonably age-friendly,Reasonably age-friendly,Reasonably age-friendly,Reasonably age-friendly,Reasonably age-friendly,Reasonably age-friendly,Reasonably age-friendly,Reasonably age-friendly,Reasonably age-friendly,Reasonably age-friendly,Reasonably age-friendly,residential,87.892,38:0,0,forward,24,27,87.892,104.88199999999999,105.50699999999999,105.50699999999999,105.007,105.50699999999999,105.25699999999999,105.50699999999999,105.632,105.88199999999999,105.50699999999999,0
38,2.29,2.0,1.145,3,3.0,2.5,2,2,2,3.0,3,3,2,2,2,2,1,2,1,1.602,1.477,3.0,3.0,2.0,3.0,3,2,3,3,2,2,1,3,1,3,3,2,1,1,3,3,2,1,3,3,3,3,3,2,2,2,1,2,2,1,2,1,2,2,2,1,2,1,2,1,2,1,2,2,2,2,2,1,3,3,3,3,3,3,3,2,3,3,1.477,1.577,1.477,1.527,1.477,1.452,1.402,1.477,Reasonably age-friendly,Reasonably age-friendly,Reasonably age-friendly,Reasonably age-friendly,Reasonably age-friendly,Reasonably age-friendly,Reasonably age-friendly,Reasonably age-friendly,Reasonably age-friendly,Reasonably age-friendly,Reasonably age-friendly,residential,87.892,38:0,0,backward,27,24,87.892,104.88199999999999,105.50699999999999,105.50699999999999,105.007,105.50699999999999,105.25699999999999,105.50699999999999,105.632,105.88199999999999,105.50699999999999,0
39,1.76,1.5,1.173,3,1.0,3.0,2,3,1,2.0,1,1,3,2,2,1,1,1,3,1.571,1.646,3.0,3.0,2.0,3.0,3,2,3,3,2,1,3,3,2,3,3,3,2,2,3,3,3,2,3,3,3,3,3,2,2,2,1,2,2,1,2,1,2,2,2,1,2,1,2,1,2,1,2,2,2,2,2,1,2,3,3,3,3,3,3,3,3,3,1.546,1.596,1.546,1.546,1.546,1.521,1.571,1.546,Reasonably age-friendly,Reasonably age-friendly,Reasonably age-friendly,Reasonably age-friendly,Reasonably age-friendly,Reasonably age-friendly,Reasonably age-friendly,Reasonably age-friendly,Reasonably age-friendly,Reasonably age-friendly,Less age-friendly,residential,20.546,39:0,0,forward,28,29,20.546,37.691,37.316,37.816,37.566,37.816,37.816,37.816,37.941,37.691,37.816,0
39,1.76,1.5,1.173,3,1.0,3.0,2,3,1,2.0,1,1,3,2,2,1,1,1,3,1.571,1.646,3.0,3.0,2.0,3.0,3,2,3,3,2,1,3,3,2,3,3,3,2,2,3,3,3,2,3,3,3,3,3,2,2,2,1,2,2,1,2,1,2,2,2,1,2,1,2,1,2,1,2,2,2,2,2,1,2,3,3,3,3,3,3,3,3,3,1.546,1.596,1.546,1.546,1.546,1.521,1.571,1.546,Reasonably age-friendly,Reasonably age-friendly,Reasonably age-friendly,Reasonably age-friendly,Reasonably age-friendly,Reasonably age-friendly,Reasonably age-friendly,Reasonably age-friendly,Reasonably age-friendly,Reasonably age-friendly,Less age-friendly,residential,20.546,39:0,0,backward,29,28,20.546,37.691,37.316,37.816,37.566,37.816,37.816,37.816,37.941,37.691,37.816,0
40,2.64,1.0,2.64,3,3.0,3.0,3,3,3,2.0,3,1,2,2,1,1,3,3,3,2.698,2.623,3.0,3.0,2.0,3.0,3,2,3,3,2,3,3,3,1,3,3,2,1,1,3,3,2,1,3,3,3,3,3,2,2,2,1,2,2,1,2,1,2,2,2,1,2,1,2,1,2,1,2,2,2,2,2,1,2,3,3,3,3,3,3,3,3,3,2.523,2.623,2.523,2.573,2.523,2.648,2.548,2.523,More age-friendly,Reasonably age-friendly,Reasonably age-friendly,Reasonably age-friendly,More age-friendly,More age-friendly,Reasonably age-friendly,Reasonably age-friendly,Reasonably age-friendly,More age-friendly,Less age-friendly,residential,34.782,40:0,0,forward,29,30,34.782,46.291999999999994,46.666999999999994,47.166999999999994,46.666999999999994,47.166999999999994,46.916999999999994,47.166999999999994,46.541999999999994,47.041999999999994,47.166999999999994,0
40,2.64,1.0,2.64,3,3.0,3.0,3,3,3,2.0,3,1,2,2,1,1,3,3,3,2.698,2.623,3.0,3.0,2.0,3.0,3,2,3,3,2,3,3,3,1,3,3,2,1,1,3,3,2,1,3,3,3,3,3,2,2,2,1,2,2,1,2,1,2,2,2,1,2,1,2,1,2,1,2,2,2,2,2,1,2,3,3,3,3,3,3,3,3,3,2.523,2.623,2.523,2.573,2.523,2.648,2.548,2.523,More age-friendly,Reasonably age-friendly,Reasonably age-friendly,Reasonably age-friendly,More age-friendly,More age-friendly,Reasonably age-friendly,Reasonably age-friendly,Reasonably age-friendly,More age-friendly,Less age-friendly,residential,34.782,40:0,0,backward,30,29,34.782,46.291999999999994,46.666999999999994,47.166999999999994,46.666999999999994,47.166999999999994,46.916999999999994,47.166999999999994,46.541999999999994,47.041999999999994,47.166999999999994,0
41,2.16,1.5,1.44,3,1.0,3.0,3,3,1,1.0,1,1,3,3,2,1,3,1,3,1.758,1.833,3.0,3.0,2.0,3.0,3,2,3,3,2,1,3,3,2,3,3,3,2,2,3,3,3,2,3,3,3,3,3,2,2,2,1,2,2,1,2,1,2,2,2,1,2,1,2,1,2,1,2,2,2,2,2,1,3,3,3,3,3,3,3,3,3,3,1.733,1.783,1.733,1.733,1.733,1.708,1.758,1.733,Reasonably age-friendly,Less age-friendly,Less age-friendly,Less age-friendly,Reasonably age-friendly,Reasonably age-friendly,Less age-friendly,Less age-friendly,Less age-friendly,Reasonably age-friendly,Less age-friendly,residential,9.509,41:0,0,forward,30,31,9.509,25.719,25.344,25.844,25.594,25.844,25.844,25.844,25.969,25.719,25.844,0
41,2.16,1.5,1.44,3,1.0,3.0,3,3,1,1.0,1,1,3,3,2,1,3,1,3,1.758,1.833,3.0,3.0,2.0,3.0,3,2,3,3,2,1,3,3,2,3,3,3,2,2,3,3,3,2,3,3,3,3,3,2,2,2,1,2,2,1,2,1,2,2,2,1,2,1,2,1,2,1,2,2,2,2,2,1,3,3,3,3,3,3,3,3,3,3,1.733,1.783,1.733,1.733,1.733,1.708,1.758,1.733,Reasonably age-friendly,Less age-friendly,Less age-friendly,Less age-friendly,Reasonably age-friendly,Reasonably age-friendly,Less age-friendly,Less age-friendly,Less age-friendly,Reasonably age-friendly,Less age-friendly,residential,9.509,41:0,0,backward,31,30,9.509,25.719,25.344,25.844,25.594,25.844,25.844,25.844,25.969,25.719,25.844,0
42,1.78,1.5,1.187,3,2.5,2.5,2,2,2,1.0,1,1,2,1,1,2,2,3,3,1.681,1.606,3.0,3.0,2.0,3.0,3,3,3,3,3,3,3,3,1,3,3,2,1,1,3,3,2,1,3,3,3,3,3,2,2,2,1,2,2,1,2,1,2,2,2,1,2,1,2,1,2,1,2,2,2,2,2,1,3,3,3,3,3,3,1,3,3,3,1.506,1.656,1.506,1.406,1.506,1.631,1.531,1.506,Reasonably age-friendly,Reasonably age-friendly,Reasonably age-friendly,Reasonably age-friendly,Reasonably age-friendly,Reasonably age-friendly,Less age-friendly,Reasonably age-friendly,Reasonably age-friendly,Reasonably age-friendly,Less age-friendly,residential,28.893,42:0,0,forward,31,32,28.893,45.488,45.863,46.363,45.613,46.363,46.863,46.363,45.738,46.238,46.363,0
42,1.78,1.5,1.187,3,2.5,2.5,2,2,2,1.0,1,1,2,1,1,2,2,3,3,1.681,1.606,3.0,3.0,2.0,3.0,3,3,3,3,3,3,3,3,1,3,3,2,1,1,3,3,2,1,3,3,3,3,3,2,2,2,1,2,2,1,2,1,2,2,2,1,2,1,2,1,2,1,2,2,2,2,2,1,3,3,3,3,3,3,1,3,3,3,1.506,1.656,1.506,1.406,1.506,1.631,1.531,1.506,Reasonably age-friendly,Reasonably age-friendly,Reasonably age-friendly,Reasonably age-friendly,Reasonably age-friendly,Reasonably age-friendly,Less age-friendly,Reasonably age-friendly,Reasonably age-friendly,Reasonably age-friendly,Less age-friendly,residential,28.893,42:0,0,backward,32,31,28.893,45.488,45.863,46.363,45.613,46.363,46.863,46.363,45.738,46.238,46.363,0
43,2.1,1.5,1.4,3,1.0,2.0,3,3,1,1.0,1,1,3,3,2,1,3,1,3,1.73,1.705,3.0,3.0,2.0,3.0,3,1,3,3,1,1,3,3,2,3,3,3,2,2,3,3,3,2,3,3,3,3,3,2,2,2,1,2,2,1,2,1,2,2,2,1,2,1,2,1,2,1,2,2,2,2,2,1,1,2,3,2,2,3,1,3,2,1,1.505,1.605,1.505,1.455,1.505,1.68,1.63,1.505,Reasonably age-friendly,Less age-friendly,Less age-friendly,Less age-friendly,Reasonably age-friendly,Reasonably age-friendly,Less age-friendly,Less age-friendly,Less age-friendly,Reasonably age-friendly,Less age-friendly,residential,27.77,43:0,0,forward,33,34,27.77,44.120000000000005,44.245000000000005,45.245000000000005,44.745000000000005,45.245000000000005,45.495000000000005,45.245000000000005,44.370000000000005,44.620000000000005,45.245000000000005,0
43,2.1,1.5,1.4,3,1.0,2.0,3,3,1,1.0,1,1,3,3,2,1,3,1,3,1.73,1.705,3.0,3.0,2.0,3.0,3,1,3,3,1,1,3,3,2,3,3,3,2,2,3,3,3,2,3,3,3,3,3,2,2,2,1,2,2,1,2,1,2,2,2,1,2,1,2,1,2,1,2,2,2,2,2,1,1,2,3,2,2,3,1,3,2,1,1.505,1.605,1.505,1.455,1.505,1.68,1.63,1.505,Reasonably age-friendly,Less age-friendly,Less age-friendly,Less age-friendly,Reasonably age-friendly,Reasonably age-friendly,Less age-friendly,Less age-friendly,Less age-friendly,Reasonably age-friendly,Less age-friendly,residential,27.77,43:0,0,backward,34,33,27.77,44.120000000000005,44.245000000000005,45.245000000000005,44.745000000000005,45.245000000000005,45.495000000000005,45.245000000000005,44.370000000000005,44.620000000000005,45.245000000000005,0
44,2.65,1.0,2.65,3,3.0,2.5,3,3,3,3.0,3,2,2,1,1,1,3,3,3,2.705,2.53,3.0,3.0,2.0,3.0,3,2,3,3,2,3,3,3,1,3,3,2,1,1,3,3,2,1,3,3,3,3,3,2,2,2,1,2,2,1,2,1,2,2,2,1,2,1,2,1,2,1,2,2,2,2,2,1,3,3,3,2,3,3,1,3,2,3,2.53,2.63,2.53,2.38,2.53,2.655,2.455,2.53,More age-friendly,Reasonably age-friendly,Reasonably age-friendly,Reasonably age-friendly,More age-friendly,More age-friendly,Less age-friendly,Reasonably age-friendly,Reasonably age-friendly,More age-friendly,Less age-friendly,residential,81.842,44:0,0,forward,34,35,81.842,93.317,94.19200000000001,94.19200000000001,93.69200000000001,94.19200000000001,94.94200000000001,94.19200000000001,93.56700000000001,94.567,94.19200000000001,0
44,2.65,1.0,2.65,3,3.0,2.5,3,3,3,3.0,3,2,2,1,1,1,3,3,3,2.705,2.53,3.0,3.0,2.0,3.0,3,2,3,3,2,3,3,3,1,3,3,2,1,1,3,3,2,1,3,3,3,3,3,2,2,2,1,2,2,1,2,1,2,2,2,1,2,1,2,1,2,1,2,2,2,2,2,1,3,3,3,2,3,3,1,3,2,3,2.53,2.63,2.53,2.38,2.53,2.655,2.455,2.53,More age-friendly,Reasonably age-friendly,Reasonably age-friendly,Reasonably age-friendly,More age-friendly,More age-friendly,Less age-friendly,Reasonably age-friendly,Reasonably age-friendly,More age-friendly,Less age-friendly,residential,81.842,44:0,0,backward,35,34,81.842,93.317,94.19200000000001,94.19200000000001,93.69200000000001,94.19200000000001,94.94200000000001,94.19200000000001,93.56700000000001,94.567,94.19200000000001,0
45,2.58,1.0,2.58,2,3.0,2.0,3,3,3,3.0,3,1,3,2,1,1,3,3,3,2.656,2.631,3.0,3.0,2.0,3.0,3,2,3,3,2,3,3,3,2,3,3,3,2,2,3,3,3,2,3,3,3,3,3,2,2,2,1,2,2,1,2,1,2,2,2,1,2,1,2,1,2,1,2,2,2,2,2,1,3,3,3,3,3,3,3,3,2,3,2.531,2.581,2.531,2.531,2.531,2.606,2.456,2.531,More age-friendly,Reasonably age-friendly,Reasonably age-friendly,Reasonably age-friendly,More age-friendly,More age-friendly,Reasonably age-friendly,Reasonably age-friendly,Reasonably age-friendly,More age-friendly,Less age-friendly,residential,67.323,45:0,0,forward,34,36,67.323,79.04299999999999,79.16799999999999,79.66799999999999,79.41799999999999,79.66799999999999,79.66799999999999,79.66799999999999,79.29299999999999,80.04299999999999,79.66799999999999,0
45,2.58,1.0,2.58,2,3.0,2.0,3,3,3,3.0,3,1,3,2,1,1,3,3,3,2.656,2.631,3.0,3.0,2.0,3.0,3,2,3,3,2,3,3,3,2,3,3,3,2,2,3,3,3,2,3,3,3,3,3,2,2,2,1,2,2,1,2,1,2,2,2,1,2,1,2,1,2,1,2,2,2,2,2,1,3,3,3,3,3,3,3,3,2,3,2.531,2.581,2.531,2.531,2.531,2.606,2.456,2.531,More age-friendly,Reasonably age-friendly,Reasonably age-friendly,Reasonably age-friendly,More age-friendly,More age-friendly,Reasonably age-friendly,Reasonably age-friendly,Reasonably age-friendly,More age-friendly,Less age-friendly,residential,67.323,45:0,0,backward,36,34,67.323,79.04299999999999,79.16799999999999,79.66799999999999,79.41799999999999,79.66799999999999,79.66799999999999,79.66799999999999,79.29299999999999,80.04299999999999,79.66799999999999,0
46,2.49,1.0,2.49,2,3.0,2.5,3,3,3,3.0,3,1,3,1,1,1,3,2,3,2.543,2.568,3.0,3.0,2.0,3.0,3,2,3,3,2,2,3,3,2,3,3,3,2,2,3,3,3,2,3,3,3,3,3,2,2,2,1,2,2,1,2,1,2,2,2,1,2,1,2,1,2,1,2,2,2,2,2,1,3,3,3,3,3,3,3,3,2,3,2.468,2.518,2.468,2.468,2.468,2.493,2.393,2.468,Reasonably age-friendly,Reasonably age-friendly,Reasonably age-friendly,Reasonably age-friendly,Reasonably age-friendly,Reasonably age-friendly,Reasonably age-friendly,Reasonably age-friendly,Reasonably age-friendly,Reasonably age-friendly,Less age-friendly,campus,67.149,46:0,0,forward,37,38,67.149,79.434,79.309,79.809,79.559,79.809,79.809,79.809,79.684,80.184,79.809,0
46,2.49,1.0,2.49,2,3.0,2.5,3,3,3,3.0,3,1,3,1,1,1,3,2,3,2.543,2.568,3.0,3.0,2.0,3.0,3,2,3,3,2,2,3,3,2,3,3,3,2,2,3,3,3,2,3,3,3,3,3,2,2,2,1,2,2,1,2,1,2,2,2,1,2,1,2,1,2,1,2,2,2,2,2,1,3,3,3,3,3,3,3,3,2,3,2.468,2.518,2.468,2.468,2.468,2.493,2.393,2.468,Reasonably age-friendly,Reasonably age-friendly,Reasonably age-friendly,Reasonably age-friendly,Reasonably age-friendly,Reasonably age-friendly,Reasonably age-friendly,Reasonably age-friendly,Reasonably age-friendly,Reasonably age-friendly,Less age-friendly,campus,67.149,46:0,0,backward,38,37,67.149,79.434,79.309,79.809,79.559,79.809,79.809,79.809,79.684,80.184,79.809,0
47,2.16,1.5,1.44,3,1.0,3.0,3,3,1,1.0,1,1,3,3,2,1,3,1,3,1.758,1.733,3.0,3.0,2.0,3.0,3,1,3,3,1,1,3,3,2,3,3,3,2,2,3,3,3,2,3,3,3,3,3,2,2,2,1,2,2,1,2,1,2,2,2,1,2,1,2,1,2,1,2,2,2,2,2,1,1,3,3,2,2,3,1,3,2,1,1.533,1.733,1.533,1.483,1.533,1.708,1.658,1.533,Reasonably age-friendly,Less age-friendly,Less age-friendly,Less age-friendly,Reasonably age-friendly,Reasonably age-friendly,Less age-friendly,Less age-friendly,Less age-friendly,Reasonably age-friendly,Less age-friendly,uncategorized,18.645,47:0,0,forward,38,34,18.645,34.855000000000004,34.980000000000004,35.980000000000004,34.980000000000004,35.980000000000004,36.230000000000004,35.980000000000004,35.105000000000004,35.355000000000004,35.980000000000004,0
47,2.16,1.5,1.44,3,1.0,3.0,3,3,1,1.0,1,1,3,3,2,1,3,1,3,1.758,1.733,3.0,3.0,2.0,3.0,3,1,3,3,1,1,3,3,2,3,3,3,2,2,3,3,3,2,3,3,3,3,3,2,2,2,1,2,2,1,2,1,2,2,2,1,2,1,2,1,2,1,2,2,2,2,2,1,1,3,3,2,2,3,1,3,2,1,1.533,1.733,1.533,1.483,1.533,1.708,1.658,1.533,Reasonably age-friendly,Less age-friendly,Less age-friendly,Less age-friendly,Reasonably age-friendly,Reasonably age-friendly,Less age-friendly,Less age-friendly,Less age-friendly,Reasonably age-friendly,Less age-friendly,uncategorized,18.645,47:0,0,backward,34,38,18.645,34.855000000000004,34.980000000000004,35.980000000000004,34.980000000000004,35.980000000000004,36.230000000000004,35.980000000000004,35.105000000000004,35.355000000000004,35.980000000000004,0
48,2.16,1.5,1.44,3,1.0,3.0,3,3,1,1.0,1,1,3,3,2,1,3,1,3,1.758,1.833,3.0,3.0,2.0,3.0,3,1,3,3,1,1,3,3,2,3,3,3,2,2,3,3,3,2,3,3,3,3,3,2,2,2,1,2,2,1,2,1,2,2,2,1,2,1,2,1,2,1,2,2,2,2,2,1,1,2,3,3,2,3,1,3,2,1,1.533,1.633,1.533,1.483,1.533,1.708,1.658,1.533,Reasonably age-friendly,Less age-friendly,Less age-friendly,Less age-friendly,Reasonably age-friendly,Reasonably age-friendly,Less age-friendly,Less age-friendly,Less age-friendly,Reasonably age-friendly,Less age-friendly,uncategorized,20.154,48:0,0,forward,33,39,20.154,36.364000000000004,35.989,37.489000000000004,36.989000000000004,37.489000000000004,37.739000000000004,37.489000000000004,36.614000000000004,36.864000000000004,37.489000000000004,0
48,2.16,1.5,1.44,3,1.0,3.0,3,3,1,1.0,1,1,3,3,2,1,3,1,3,1.758,1.833,3.0,3.0,2.0,3.0,3,1,3,3,1,1,3,3,2,3,3,3,2,2,3,3,3,2,3,3,3,3,3,2,2,2,1,2,2,1,2,1,2,2,2,1,2,1,2,1,2,1,2,2,2,2,2,1,1,2,3,3,2,3,1,3,2,1,1.533,1.633,1.533,1.483,1.533,1.708,1.658,1.533,Reasonably age-friendly,Less age-friendly,Less age-friendly,Less age-friendly,Reasonably age-friendly,Reasonably age-friendly,Less age-friendly,Less age-friendly,Less age-friendly,Reasonably age-friendly,Less age-friendly,uncategorized,20.154,48:0,0,backward,39,33,20.154,36.364000000000004,35.989,37.489000000000004,36.989000000000004,37.489000000000004,37.739000000000004,37.489000000000004,36.614000000000004,36.864000000000004,37.489000000000004,0
49,2.16,1.5,1.44,3,1.0,3.0,3,3,1,1.0,1,1,3,3,2,1,3,1,3,1.758,1.833,3.0,3.0,2.0,3.0,3,1,3,3,1,1,3,3,2,3,3,3,2,2,3,3,3,2,3,3,3,3,3,2,2,2,1,2,2,1,2,1,2,2,2,1,2,1,2,1,2,1,2,2,2,2,2,1,1,3,3,3,2,3,1,3,2,1,1.533,1.733,1.533,1.483,1.533,1.708,1.658,1.533,Reasonably age-friendly,Less age-friendly,Less age-friendly,Less age-friendly,Reasonably age-friendly,Reasonably age-friendly,Less age-friendly,Less age-friendly,Less age-friendly,Reasonably age-friendly,Less age-friendly,campus,26.539,49:0,0,forward,39,38,26.539,42.749,42.374,43.874,42.874,43.874,44.124,43.874,42.999,43.249,43.874,0
49,2.16,1.5,1.44,3,1.0,3.0,3,3,1,1.0,1,1,3,3,2,1,3,1,3,1.758,1.833,3.0,3.0,2.0,3.0,3,1,3,3,1,1,3,3,2,3,3,3,2,2,3,3,3,2,3,3,3,3,3,2,2,2,1,2,2,1,2,1,2,2,2,1,2,1,2,1,2,1,2,2,2,2,2,1,1,3,3,3,2,3,1,3,2,1,1.533,1.733,1.533,1.483,1.533,1.708,1.658,1.533,Reasonably age-friendly,Less age-friendly,Less age-friendly,Less age-friendly,Reasonably age-friendly,Reasonably age-friendly,Less age-friendly,Less age-friendly,Less age-friendly,Reasonably age-friendly,Less age-friendly,campus,26.539,49:0,0,backward,38,39,26.539,42.749,42.374,43.874,42.874,43.874,44.124,43.874,42.999,43.249,43.874,0
50,2.16,1.5,1.44,3,1.0,3.0,3,3,1,1.0,1,1,3,3,2,1,3,1,3,1.758,1.733,3.0,3.0,2.0,3.0,3,1,3,3,1,1,3,3,2,3,3,3,2,2,3,3,3,2,3,3,3,3,3,2,2,2,1,2,2,1,2,1,2,2,2,1,2,1,2,1,2,1,2,2,2,2,2,1,1,2,3,2,2,3,1,3,2,1,1.533,1.633,1.533,1.483,1.533,1.708,1.658,1.533,Reasonably age-friendly,Less age-friendly,Less age-friendly,Less age-friendly,Reasonably age-friendly,Reasonably age-friendly,Less age-friendly,Less age-friendly,Less age-friendly,Reasonably age-friendly,Less age-friendly,uncategorized,32.566,50:0,0,forward,38,33,32.566,48.776,48.901,49.901,49.401,49.901,50.151,49.901,49.026,49.276,49.901,0
50,2.16,1.5,1.44,3,1.0,3.0,3,3,1,1.0,1,1,3,3,2,1,3,1,3,1.758,1.733,3.0,3.0,2.0,3.0,3,1,3,3,1,1,3,3,2,3,3,3,2,2,3,3,3,2,3,3,3,3,3,2,2,2,1,2,2,1,2,1,2,2,2,1,2,1,2,1,2,1,2,2,2,2,2,1,1,2,3,2,2,3,1,3,2,1,1.533,1.633,1.533,1.483,1.533,1.708,1.658,1.533,Reasonably age-friendly,Less age-friendly,Less age-friendly,Less age-friendly,Reasonably age-friendly,Reasonably age-friendly,Less age-friendly,Less age-friendly,Less age-friendly,Reasonably age-friendly,Less age-friendly,uncategorized,32.566,50:0,0,backward,33,38,32.566,48.776,48.901,49.901,49.401,49.901,50.151,49.901,49.026,49.276,49.901,0
51,2.16,1.5,1.44,3,1.0,3.0,3,3,1,1.0,1,1,3,3,2,1,3,1,3,1.758,1.733,3.0,3.0,2.0,3.0,3,1,3,3,1,1,3,3,2,3,3,3,2,2,3,3,3,2,3,3,3,3,3,2,2,2,1,2,2,1,2,1,2,2,2,1,2,1,2,1,2,1,2,2,2,2,2,1,1,3,3,2,2,3,1,3,2,1,1.533,1.733,1.533,1.483,1.533,1.708,1.658,1.533,Reasonably age-friendly,Less age-friendly,Less age-friendly,Less age-friendly,Reasonably age-friendly,Reasonably age-friendly,Less age-friendly,Less age-friendly,Less age-friendly,Reasonably age-friendly,Less age-friendly,uncategorized,34.128,51:0,0,forward,39,34,34.128,50.338,50.463,51.463,50.463,51.463,51.713,51.463,50.588,50.838,51.463,0
51,2.16,1.5,1.44,3,1.0,3.0,3,3,1,1.0,1,1,3,3,2,1,3,1,3,1.758,1.733,3.0,3.0,2.0,3.0,3,1,3,3,1,1,3,3,2,3,3,3,2,2,3,3,3,2,3,3,3,3,3,2,2,2,1,2,2,1,2,1,2,2,2,1,2,1,2,1,2,1,2,2,2,2,2,1,1,3,3,2,2,3,1,3,2,1,1.533,1.733,1.533,1.483,1.533,1.708,1.658,1.533,Reasonably age-friendly,Less age-friendly,Less age-friendly,Less age-friendly,Reasonably age-friendly,Reasonably age-friendly,Less age-friendly,Less age-friendly,Less age-friendly,Reasonably age-friendly,Less age-friendly,uncategorized,34.128,51:0,0,backward,34,39,34.128,50.338,50.463,51.463,50.463,51.463,51.713,51.463,50.588,50.838,51.463,0
52,2.6,2.0,1.3,3,3.0,3.0,3,3,3,1.0,3,3,1,1,3,1,3,3,3,1.76,1.635,3.0,3.0,2.0,3.0,3,2,3,3,2,3,3,3,1,3,3,1,1,1,3,3,1,1,3,3,3,3,3,2,2,2,1,2,2,1,2,1,2,2,2,1,2,1,2,1,2,1,2,2,2,2,2,1,3,3,3,3,3,3,3,2,3,3,1.585,1.685,1.585,1.635,1.585,1.61,1.56,1.585,Reasonably age-friendly,Less age-friendly,Less age-friendly,Less age-friendly,Reasonably age-friendly,Reasonably age-friendly,Less age-friendly,Less age-friendly,Less age-friendly,Reasonably age-friendly,Less age-friendly,campus,67.019,52:0,0,forward,23,40,67.019,83.21900000000001,83.84400000000001,84.09400000000001,83.59400000000001,84.09400000000001,83.84400000000001,84.09400000000001,83.96900000000001,84.21900000000001,84.09400000000001,0
52,2.6,2.0,1.3,3,3.0,3.0,3,3,3,1.0,3,3,1,1,3,1,3,3,3,1.76,1.635,3.0,3.0,2.0,3.0,3,2,3,3,2,3,3,3,1,3,3,1,1,1,3,3,1,1,3,3,3,3,3,2,2,2,1,2,2,1,2,1,2,2,2,1,2,1,2,1,2,1,2,2,2,2,2,1,3,3,3,3,3,3,3,2,3,3,1.585,1.685,1.585,1.635,1.585,1.61,1.56,1.585,Reasonably age-friendly,Less age-friendly,Less age-friendly,Less age-friendly,Reasonably age-friendly,Reasonably age-friendly,Less age-friendly,Less age-friendly,Less age-friendly,Reasonably age-friendly,Less age-friendly,campus,67.019,52:0,0,backward,40,23,67.019,83.21900000000001,83.84400000000001,84.09400000000001,83.59400000000001,84.09400000000001,83.84400000000001,84.09400000000001,83.96900000000001,84.21900000000001,84.09400000000001,0
53,1.86,1.5,1.24,3,1.0,2.0,3,3,1,1.0,1,1,2,1,2,1,3,3,3,1.718,1.643,3.0,3.0,2.0,3.0,3,2,3,3,2,3,3,3,1,3,3,2,1,1,3,3,2,1,3,3,3,3,3,2,2,2,1,2,2,1,2,1,2,2,2,1,2,1,2,1,2,1,2,2,2,2,2,1,3,3,3,3,3,3,3,3,3,3,1.543,1.643,1.543,1.593,1.543,1.668,1.568,1.543,Reasonably age-friendly,Less age-friendly,Less age-friendly,Less age-friendly,Reasonably age-friendly,Reasonably age-friendly,Less age-friendly,Less age-friendly,Less age-friendly,Reasonably age-friendly,Less age-friendly,campus,7.775,53:0,0,forward,40,41,7.775,24.185000000000002,24.560000000000002,25.060000000000002,24.560000000000002,25.060000000000002,24.810000000000002,25.060000000000002,24.435000000000002,24.935000000000002,25.060000000000002,0
53,1.86,1.5,1.24,3,1.0,2.0,3,3,1,1.0,1,1,2,1,2,1,3,3,3,1.718,1.643,3.0,3.0,2.0,3.0,3,2,3,3,2,3,3,3,1,3,3,2,1,1,3,3,2,1,3,3,3,3,3,2,2,2,1,2,2,1,2,1,2,2,2,1,2,1,2,1,2,1,2,2,2,2,2,1,3,3,3,3,3,3,3,3,3,3,1.543,1.643,1.543,1.593,1.543,1.668,1.568,1.543,Reasonably age-friendly,Less age-friendly,Less age-friendly,Less age-friendly,Reasonably age-friendly,Reasonably age-friendly,Less age-friendly,Less age-friendly,Less age-friendly,Reasonably age-friendly,Less age-friendly,campus,7.775,53:0,0,backward,41,40,7.775,24.185000000000002,24.560000000000002,25.060000000000002,24.560000000000002,25.060000000000002,24.810000000000002,25.060000000000002,24.435000000000002,24.935000000000002,25.060000000000002,0
54,2.68,1.0,2.68,3,3.0,3.0,3,3,3,2.0,3,3,2,1,1,1,3,3,3,2.726,2.651,3.0,3.0,2.0,3.0,3,2,3,3,2,3,3,3,1,3,3,2,1,1,3,3,2,1,3,3,3,3,3,2,2,2,1,2,2,1,2,1,2,2,2,1,2,1,2,1,2,1,2,2,2,2,2,1,2,3,3,3,3,3,3,3,3,3,2.551,2.651,2.551,2.601,2.551,2.676,2.576,2.551,More age-friendly,Reasonably age-friendly,Reasonably age-friendly,Reasonably age-friendly,More age-friendly,More age-friendly,Reasonably age-friendly,Reasonably age-friendly,Reasonably age-friendly,More age-friendly,Less age-friendly,campus,52.428,54:0,0,forward,41,42,52.428,63.798,64.173,64.673,64.173,64.673,64.423,64.673,64.048,64.548,64.673,0
54,2.68,1.0,2.68,3,3.0,3.0,3,3,3,2.0,3,3,2,1,1,1,3,3,3,2.726,2.651,3.0,3.0,2.0,3.0,3,2,3,3,2,3,3,3,1,3,3,2,1,1,3,3,2,1,3,3,3,3,3,2,2,2,1,2,2,1,2,1,2,2,2,1,2,1,2,1,2,1,2,2,2,2,2,1,2,3,3,3,3,3,3,3,3,3,2.551,2.651,2.551,2.601,2.551,2.676,2.576,2.551,More age-friendly,Reasonably age-friendly,Reasonably age-friendly,Reasonably age-friendly,More age-friendly,More age-friendly,Reasonably age-friendly,Reasonably age-friendly,Reasonably age-friendly,More age-friendly,Less age-friendly,campus,52.428,54:0,0,backward,42,41,52.428,63.798,64.173,64.673,64.173,64.673,64.423,64.673,64.048,64.548,64.673,0
55,2.32,1.0,2.32,3,1.0,3.0,3,3,3,2.0,2,1,2,1,1,1,3,1,3,2.374,2.399,3.0,3.0,2.0,3.0,3,2,3,3,2,1,3,3,1,3,3,2,1,1,3,3,2,1,3,3,3,3,3,2,2,2,1,2,2,1,2,1,2,2,2,1,2,1,2,1,2,1,2,2,2,2,2,1,2,3,3,3,3,3,3,3,3,3,2.299,2.399,2.299,2.349,2.299,2.324,2.324,2.299,Reasonably age-friendly,Reasonably age-friendly,Reasonably age-friendly,Reasonably age-friendly,Reasonably age-friendly,Reasonably age-friendly,Reasonably age-friendly,Reasonably age-friendly,Reasonably age-friendly,Reasonably age-friendly,Less age-friendly,campus,16.532,55:0,0,forward,42,43,16.532,29.662,29.537,30.037,29.537,30.037,29.787,30.037,29.912,29.912,30.037,0
55,2.32,1.0,2.32,3,1.0,3.0,3,3,3,2.0,2,1,2,1,1,1,3,1,3,2.374,2.399,3.0,3.0,2.0,3.0,3,2,3,3,2,1,3,3,1,3,3,2,1,1,3,3,2,1,3,3,3,3,3,2,2,2,1,2,2,1,2,1,2,2,2,1,2,1,2,1,2,1,2,2,2,2,2,1,2,3,3,3,3,3,3,3,3,3,2.299,2.399,2.299,2.349,2.299,2.324,2.324,2.299,Reasonably age-friendly,Reasonably age-friendly,Reasonably age-friendly,Reasonably age-friendly,Reasonably age-friendly,Reasonably age-friendly,Reasonably age-friendly,Reasonably age-friendly,Reasonably age-friendly,Reasonably age-friendly,Less age-friendly,campus,16.532,55:0,0,backward,43,42,16.532,29.662,29.537,30.037,29.537,30.037,29.787,30.037,29.912,29.912,30.037,0
56,2.68,1.0,2.68,3,3.0,3.0,3,3,3,2.0,3,3,2,1,1,1,3,2,3,2.676,2.651,3.0,3.0,2.0,3.0,3,2,3,3,2,2,3,3,1,3,3,2,1,1,3,3,2,1,3,3,3,3,3,2,2,2,1,2,2,1,2,1,2,2,2,1,2,1,2,1,2,1,2,2,2,2,2,1,2,3,3,3,3,3,3,3,3,3,2.551,2.651,2.551,2.601,2.551,2.626,2.576,2.551,More age-friendly,Reasonably age-friendly,Reasonably age-friendly,Reasonably age-friendly,More age-friendly,More age-friendly,Reasonably age-friendly,Reasonably age-friendly,Reasonably age-friendly,More age-friendly,Less age-friendly,campus,36.357,56:0,0,forward,43,44,36.357,47.977,48.102000000000004,48.602,48.102000000000004,48.602,48.352000000000004,48.602,48.227000000000004,48.477,48.602,0
56,2.68,1.0,2.68,3,3.0,3.0,3,3,3,2.0,3,3,2,1,1,1,3,2,3,2.676,2.651,3.0,3.0,2.0,3.0,3,2,3,3,2,2,3,3,1,3,3,2,1,1,3,3,2,1,3,3,3,3,3,2,2,2,1,2,2,1,2,1,2,2,2,1,2,1,2,1,2,1,2,2,2,2,2,1,2,3,3,3,3,3,3,3,3,3,2.551,2.651,2.551,2.601,2.551,2.626,2.576,2.551,More age-friendly,Reasonably age-friendly,Reasonably age-friendly,Reasonably age-friendly,More age-friendly,More age-friendly,Reasonably age-friendly,Reasonably age-friendly,Reasonably age-friendly,More age-friendly,Less age-friendly,campus,36.357,56:0,0,backward,44,43,36.357,47.977,48.102000000000004,48.602,48.102000000000004,48.602,48.352000000000004,48.602,48.227000000000004,48.477,48.602,0
57,2.04,1.5,1.36,3,1.0,3.0,3,3,1,1.0,1,1,3,2,2,1,3,1,3,1.702,1.777,3.0,3.0,2.0,3.0,3,2,3,3,2,1,3,3,2,3,3,3,2,2,3,3,3,2,3,3,3,3,3,2,2,2,1,2,2,1,2,1,2,2,2,1,2,1,2,1,2,1,2,2,2,2,2,1,2,3,3,3,3,3,3,3,3,3,1.677,1.727,1.677,1.677,1.677,1.652,1.702,1.677,Reasonably age-friendly,Less age-friendly,Less age-friendly,Less age-friendly,Reasonably age-friendly,Reasonably age-friendly,Less age-friendly,Less age-friendly,Less age-friendly,Reasonably age-friendly,Less age-friendly,uncategorized,17.747,57:0,0,forward,44,30,17.747,34.237,33.861999999999995,34.361999999999995,34.111999999999995,34.361999999999995,34.361999999999995,34.361999999999995,34.486999999999995,34.237,34.361999999999995,0
57,2.04,1.5,1.36,3,1.0,3.0,3,3,1,1.0,1,1,3,2,2,1,3,1,3,1.702,1.777,3.0,3.0,2.0,3.0,3,2,3,3,2,1,3,3,2,3,3,3,2,2,3,3,3,2,3,3,3,3,3,2,2,2,1,2,2,1,2,1,2,2,2,1,2,1,2,1,2,1,2,2,2,2,2,1,2,3,3,3,3,3,3,3,3,3,1.677,1.727,1.677,1.677,1.677,1.652,1.702,1.677,Reasonably age-friendly,Less age-friendly,Less age-friendly,Less age-friendly,Reasonably age-friendly,Reasonably age-friendly,Less age-friendly,Less age-friendly,Less age-friendly,Reasonably age-friendly,Less age-friendly,uncategorized,17.747,57:0,0,backward,30,44,17.747,34.237,33.861999999999995,34.361999999999995,34.111999999999995,34.361999999999995,34.361999999999995,34.361999999999995,34.486999999999995,34.237,34.361999999999995,0
58,2.04,1.0,2.04,3,1.0,3.0,3,3,1,1.0,1,1,3,2,1,1,3,3,2,2.278,2.203,3.0,3.0,2.0,3.0,3,3,3,3,3,3,2,3,2,3,3,3,2,2,3,3,3,2,3,3,3,3,3,2,2,2,1,2,2,1,2,1,2,2,2,1,2,1,2,1,2,1,2,2,2,2,2,1,3,3,3,3,3,3,3,3,3,3,2.153,2.253,2.153,2.203,2.153,2.228,2.128,2.153,Reasonably age-friendly,Reasonably age-friendly,Reasonably age-friendly,Less age-friendly,Reasonably age-friendly,Reasonably age-friendly,Less age-friendly,Reasonably age-friendly,Less age-friendly,Reasonably age-friendly,Less age-friendly,campus,8.711,58:0,0,forward,44,45,8.711,22.320999999999998,22.696,22.945999999999998,22.445999999999998,22.945999999999998,22.696,22.945999999999998,22.570999999999998,23.070999999999998,22.945999999999998,0
58,2.04,1.0,2.04,3,1.0,3.0,3,3,1,1.0,1,1,3,2,1,1,3,3,2,2.278,2.203,3.0,3.0,2.0,3.0,3,3,3,3,3,3,2,3,2,3,3,3,2,2,3,3,3,2,3,3,3,3,3,2,2,2,1,2,2,1,2,1,2,2,2,1,2,1,2,1,2,1,2,2,2,2,2,1,3,3,3,3,3,3,3,3,3,3,2.153,2.253,2.153,2.203,2.153,2.228,2.128,2.153,Reasonably age-friendly,Reasonably age-friendly,Reasonably age-friendly,Less age-friendly,Reasonably age-friendly,Reasonably age-friendly,Less age-friendly,Reasonably age-friendly,Less age-friendly,Reasonably age-friendly,Less age-friendly,campus,8.711,58:0,0,backward,45,44,8.711,22.320999999999998,22.696,22.945999999999998,22.445999999999998,22.945999999999998,22.696,22.945999999999998,22.570999999999998,23.070999999999998,22.945999999999998,0
59,2.42,1.0,2.42,3,3.0,2.0,3,3,2,2.0,3,2,2,1,1,1,3,3,3,2.544,2.369,3.0,3.0,2.0,3.0,3,2,3,3,2,3,3,3,1,3,3,2,1,1,3,3,2,1,3,3,3,3,3,2,2,2,1,2,2,1,2,1,2,2,2,1,2,1,2,1,2,1,2,2,2,2,2,1,2,3,3,2,3,3,1,3,3,3,2.369,2.469,2.369,2.219,2.369,2.494,2.394,2.369,Reasonably age-friendly,Reasonably age-friendly,Reasonably age-friendly,Reasonably age-friendly,Reasonably age-friendly,Reasonably age-friendly,Less age-friendly,Reasonably age-friendly,Reasonably age-friendly,Reasonably age-friendly,Less age-friendly,campus,142.752,59:0,0,forward,46,39,142.752,155.032,155.907,155.907,155.407,155.907,156.657,155.907,155.282,155.782,155.907,0
59,2.42,1.0,2.42,3,3.0,2.0,3,3,2,2.0,3,2,2,1,1,1,3,3,3,2.544,2.369,3.0,3.0,2.0,3.0,3,2,3,3,2,3,3,3,1,3,3,2,1,1,3,3,2,1,3,3,3,3,3,2,2,2,1,2,2,1,2,1,2,2,2,1,2,1,2,1,2,1,2,2,2,2,2,1,2,3,3,2,3,3,1,3,3,3,2.369,2.469,2.369,2.219,2.369,2.494,2.394,2.369,Reasonably age-friendly,Reasonably age-friendly,Reasonably age-friendly,Reasonably age-friendly,Reasonably age-friendly,Reasonably age-friendly,Less age-friendly,Reasonably age-friendly,Reasonably age-friendly,Reasonably age-friendly,Less age-friendly,campus,142.752,59:0,0,backward,39,46,142.752,155.032,155.907,155.907,155.407,155.907,156.657,155.907,155.282,155.782,155.907,0
60,1.8,1.5,1.2,3,1.0,3.0,1,3,1,1.0,1,1,3,2,1,2,3,1,3,1.59,1.565,3.0,3.0,2.0,3.0,3,2,3,3,2,1,3,3,2,3,3,3,2,2,3,3,3,2,3,3,3,3,3,2,2,2,1,2,2,1,2,1,2,2,2,1,2,1,2,1,2,1,2,2,2,2,2,1,3,3,3,2,3,3,1,3,3,3,1.565,1.615,1.565,1.365,1.565,1.54,1.59,1.565,Reasonably age-friendly,Less age-friendly,Less age-friendly,Less age-friendly,Reasonably age-friendly,Reasonably age-friendly,Less age-friendly,Less age-friendly,Less age-friendly,Reasonably age-friendly,Less age-friendly,uncategorized,18.113,60:0,0,forward,46,32,18.113,35.163,35.288,35.288,35.038,35.288,36.288,35.288,35.413,35.163,35.288,0
60,1.8,1.5,1.2,3,1.0,3.0,1,3,1,1.0,1,1,3,2,1,2,3,1,3,1.59,1.565,3.0,3.0,2.0,3.0,3,2,3,3,2,1,3,3,2,3,3,3,2,2,3,3,3,2,3,3,3,3,3,2,2,2,1,2,2,1,2,1,2,2,2,1,2,1,2,1,2,1,2,2,2,2,2,1,3,3,3,2,3,3,1,3,3,3,1.565,1.615,1.565,1.365,1.565,1.54,1.59,1.565,Reasonably age-friendly,Less age-friendly,Less age-friendly,Less age-friendly,Reasonably age-friendly,Reasonably age-friendly,Less age-friendly,Less age-friendly,Less age-friendly,Reasonably age-friendly,Less age-friendly,uncategorized,18.113,60:0,0,backward,32,46,18.113,35.163,35.288,35.288,35.038,35.288,36.288,35.288,35.413,35.163,35.288,0
61,2.04,1.5,1.36,3,1.0,3.0,3,3,1,1.0,1,1,3,3,2,1,2,1,3,1.602,1.677,3.0,3.0,2.0,3.0,3,1,3,3,1,1,3,3,2,3,3,3,2,2,3,3,3,2,3,3,3,3,3,2,2,2,1,2,2,1,2,1,2,2,2,1,2,1,2,1,2,1,2,2,2,2,2,1,3,1,2,2,1,2,2,3,2,3,1.677,1.477,1.677,1.527,1.677,1.652,1.602,1.677,Reasonably age-friendly,Less age-friendly,Less age-friendly,Less age-friendly,Reasonably age-friendly,Reasonably age-friendly,Less age-friendly,Less age-friendly,Less age-friendly,Reasonably age-friendly,Less age-friendly,uncategorized,35.092,61:0,0,forward,2,4,35.092,52.081999999999994,51.706999999999994,51.706999999999994,52.706999999999994,51.706999999999994,52.456999999999994,51.706999999999994,51.831999999999994,52.081999999999994,51.706999999999994,0
61,2.04,1.5,1.36,3,1.0,3.0,3,3,1,1.0,1,1,3,3,2,1,2,1,3,1.602,1.677,3.0,3.0,2.0,3.0,3,1,3,3,1,1,3,3,2,3,3,3,2,2,3,3,3,2,3,3,3,3,3,2,2,2,1,2,2,1,2,1,2,2,2,1,2,1,2,1,2,1,2,2,2,2,2,1,3,1,2,2,1,2,2,3,2,3,1.677,1.477,1.677,1.527,1.677,1.652,1.602,1.677,Reasonably age-friendly,Less age-friendly,Less age-friendly,Less age-friendly,Reasonably age-friendly,Reasonably age-friendly,Less age-friendly,Less age-friendly,Less age-friendly,Reasonably age-friendly,Less age-friendly,uncategorized,35.092,61:0,0,backward,4,2,35.092,52.081999999999994,51.706999999999994,51.706999999999994,52.706999999999994,51.706999999999994,52.456999999999994,51.706999999999994,51.831999999999994,52.081999999999994,51.706999999999994,0
62,2.68,1.0,2.68,3,3.0,3.0,3,3,3,3.0,3,2,2,3,1,1,1,2,1,2.576,2.451,3.0,3.0,2.0,3.0,3,3,3,3,3,2,1,3,1,3,3,2,1,1,3,3,2,1,3,3,3,3,3,2,2,2,1,2,2,1,2,1,2,2,2,1,2,1,2,1,2,1,2,2,2,2,2,1,3,3,2,2,1,3,2,3,2,3,2.551,2.701,2.551,2.551,2.551,2.626,2.376,2.551,More age-friendly,More age-friendly,More age-friendly,Reasonably age-friendly,More age-friendly,More age-friendly,More age-friendly,More age-friendly,Reasonably age-friendly,More age-friendly,More age-friendly,residential,42.996,62:0,0,forward,2,47,42.996,55.116,55.741,55.241,54.491,55.241,55.241,55.241,54.866,56.116,55.241,0
62,2.68,1.0,2.68,3,3.0,3.0,3,3,3,3.0,3,2,2,3,1,1,1,2,1,2.576,2.451,3.0,3.0,2.0,3.0,3,3,3,3,3,2,1,3,1,3,3,2,1,1,3,3,2,1,3,3,3,3,3,2,2,2,1,2,2,1,2,1,2,2,2,1,2,1,2,1,2,1,2,2,2,2,2,1,3,3,2,2,1,3,2,3,2,3,2.551,2.701,2.551,2.551,2.551,2.626,2.376,2.551,More age-friendly,More age-friendly,More age-friendly,Reasonably age-friendly,More age-friendly,More age-friendly,More age-friendly,More age-friendly,Reasonably age-friendly,More age-friendly,More age-friendly,residential,42.996,62:0,0,backward,47,2,42.996,55.116,55.741,55.241,54.491,55.241,55.241,55.241,54.866,56.116,55.241,0
63,2.04,1.5,1.36,3,1.0,3.0,3,3,1,1.0,1,1,3,3,2,1,2,1,3,1.602,1.677,3.0,3.0,2.0,3.0,3,3,3,3,3,1,3,3,2,3,3,3,2,2,3,3,3,2,3,3,3,3,3,2,2,2,1,2,2,1,2,1,2,2,2,1,2,1,2,1,2,1,2,2,2,2,2,1,3,3,2,2,1,3,2,3,2,3,1.677,1.777,1.677,1.627,1.677,1.652,1.602,1.677,Reasonably age-friendly,Reasonably age-friendly,Less age-friendly,Less age-friendly,Reasonably age-friendly,Reasonably age-friendly,Less age-friendly,Less age-friendly,Less age-friendly,Reasonably age-friendly,Less age-friendly,residential,19.97,63:0,0,forward,0,47,19.97,36.959999999999994,36.584999999999994,36.584999999999994,36.084999999999994,36.584999999999994,36.835,36.584999999999994,36.709999999999994,36.959999999999994,36.584999999999994,0
63,2.04,1.5,1.36,3,1.0,3.0,3,3,1,1.0,1,1,3,3,2,1,2,1,3,1.602,1.677,3.0,3.0,2.0,3.0,3,3,3,3,3,1,3,3,2,3,3,3,2,2,3,3,3,2,3,3,3,3,3,2,2,2,1,2,2,1,2,1,2,2,2,1,2,1,2,1,2,1,2,2,2,2,2,1,3,3,2,2,1,3,2,3,2,3,1.677,1.777,1.677,1.627,1.677,1.652,1.602,1.677,Reasonably age-friendly,Reasonably age-friendly,Less age-friendly,Less age-friendly,Reasonably age-friendly,Reasonably age-friendly,Less age-friendly,Less age-friendly,Less age-friendly,Reasonably age-friendly,Less age-friendly,residential,19.97,63:0,0,backward,47,0,19.97,36.959999999999994,36.584999999999994,36.584999999999994,36.084999999999994,36.584999999999994,36.835,36.584999999999994,36.709999999999994,36.959999999999994,36.584999999999994,0
64,1.92,1.5,1.28,3,1.0,3.0,3,3,1,1.0,1,1,3,3,2,1,1,1,3,1.646,1.721,3.0,3.0,2.0,3.0,3,1,3,3,1,1,3,3,2,3,3,3,2,2,3,3,3,2,3,3,3,3,3,2,2,2,1,2,2,1,2,1,2,2,2,1,2,1,2,1,2,1,2,2,2,2,2,1,2,3,3,3,3,3,3,3,3,3,1.621,1.621,1.621,1.571,1.621,1.596,1.646,1.621,Reasonably age-friendly,Reasonably age-friendly,Reasonably age-friendly,Reasonably age-friendly,Reasonably age-friendly,Reasonably age-friendly,Reasonably age-friendly,Reasonably age-friendly,Reasonably age-friendly,Reasonably age-friendly,Less age-friendly,uncategorized,19.232,64:0,0,forward,42,28,19.232,36.001999999999995,35.626999999999995,36.126999999999995,36.126999999999995,36.126999999999995,36.377,36.126999999999995,36.251999999999995,36.001999999999995,36.126999999999995,0
64,1.92,1.5,1.28,3,1.0,3.0,3,3,1,1.0,1,1,3,3,2,1,1,1,3,1.646,1.721,3.0,3.0,2.0,3.0,3,1,3,3,1,1,3,3,2,3,3,3,2,2,3,3,3,2,3,3,3,3,3,2,2,2,1,2,2,1,2,1,2,2,2,1,2,1,2,1,2,1,2,2,2,2,2,1,2,3,3,3,3,3,3,3,3,3,1.621,1.621,1.621,1.571,1.621,1.596,1.646,1.621,Reasonably age-friendly,Reasonably age-friendly,Reasonably age-friendly,Reasonably age-friendly,Reasonably age-friendly,Reasonably age-friendly,Reasonably age-friendly,Reasonably age-friendly,Reasonably age-friendly,Reasonably age-friendly,Less age-friendly,uncategorized,19.232,64:0,0,backward,28,42,19.232,36.001999999999995,35.626999999999995,36.126999999999995,36.126999999999995,36.126999999999995,36.377,36.126999999999995,36.251999999999995,36.001999999999995,36.126999999999995,0
65,1.8,1.0,1.8,3,1.0,3.0,3,3,1,1.0,1,1,3,2,1,1,1,3,3,2.11,2.085,3.0,3.0,2.0,3.0,3,2,3,3,2,3,3,3,2,3,3,3,2,2,3,3,3,2,3,3,3,3,3,2,2,2,1,2,2,1,2,1,2,2,2,1,2,1,2,1,2,1,2,2,2,2,2,1,2,3,3,3,3,3,3,3,3,3,1.985,2.035,1.985,1.985,1.985,2.06,2.01,1.985,Reasonably age-friendly,Reasonably age-friendly,Reasonably age-friendly,Reasonably age-friendly,Reasonably age-friendly,Reasonably age-friendly,Reasonably age-friendly,Reasonably age-friendly,Reasonably age-friendly,Reasonably age-friendly,Reasonably age-friendly,uncategorized,18.583,65:0,0,forward,43,29,18.583,33.033,33.158,33.658,33.408,33.658,33.658,33.658,33.283,33.533,33.658,0
65,1.8,1.0,1.8,3,1.0,3.0,3,3,1,1.0,1,1,3,2,1,1,1,3,3,2.11,2.085,3.0,3.0,2.0,3.0,3,2,3,3,2,3,3,3,2,3,3,3,2,2,3,3,3,2,3,3,3,3,3,2,2,2,1,2,2,1,2,1,2,2,2,1,2,1,2,1,2,1,2,2,2,2,2,1,2,3,3,3,3,3,3,3,3,3,1.985,2.035,1.985,1.985,1.985,2.06,2.01,1.985,Reasonably age-friendly,Reasonably age-friendly,Reasonably age-friendly,Reasonably age-friendly,Reasonably age-friendly,Reasonably age-friendly,Reasonably age-friendly,Reasonably age-friendly,Reasonably age-friendly,Reasonably age-friendly,Reasonably age-friendly,uncategorized,18.583,65:0,0,backward,29,43,18.583,33.033,33.158,33.658,33.408,33.658,33.658,33.658,33.283,33.533,33.658,0
66,1.97,1.5,1.313,3,2.5,3.0,2,2,2,3.0,1,1,3,1,1,2,2,3,3,1.769,1.744,3.0,3.0,2.0,3.0,3,3,3,3,3,3,3,3,2,3,3,3,2,2,3,3,3,2,3,3,3,3,3,2,2,2,1,2,2,1,2,1,2,2,2,1,2,1,2,1,2,1,2,2,2,2,2,1,2,3,3,3,3,3,3,3,3,3,1.644,1.744,1.644,1.694,1.644,1.719,1.669,1.644,Reasonably age-friendly,Reasonably age-friendly,Reasonably age-friendly,Reasonably age-friendly,Reasonably age-friendly,Reasonably age-friendly,Reasonably age-friendly,Reasonably age-friendly,Reasonably age-friendly,Reasonably age-friendly,Less age-friendly,residential,80.474,66:0,0,forward,48,33,80.474,96.629,96.754,97.254,96.754,97.254,97.004,97.254,96.879,97.129,97.254,0
66,1.97,1.5,1.313,3,2.5,3.0,2,2,2,3.0,1,1,3,1,1,2,2,3,3,1.769,1.744,3.0,3.0,2.0,3.0,3,3,3,3,3,3,3,3,2,3,3,3,2,2,3,3,3,2,3,3,3,3,3,2,2,2,1,2,2,1,2,1,2,2,2,1,2,1,2,1,2,1,2,2,2,2,2,1,2,3,3,3,3,3,3,3,3,3,1.644,1.744,1.644,1.694,1.644,1.719,1.669,1.644,Reasonably age-friendly,Reasonably age-friendly,Reasonably age-friendly,Reasonably age-friendly,Reasonably age-friendly,Reasonably age-friendly,Reasonably age-friendly,Reasonably age-friendly,Reasonably age-friendly,Reasonably age-friendly,Less age-friendly,residential,80.474,66:0,0,backward,33,48,80.474,96.629,96.754,97.254,96.754,97.254,97.004,97.254,96.879,97.129,97.254,0
67,2.03,1.0,2.03,3,2.5,2.0,3,3,2,2.0,1,1,2,1,1,1,2,3,3,2.271,2.096,3.0,3.0,2.0,3.0,3,3,3,3,3,3,3,3,1,3,3,2,1,1,3,3,2,1,3,3,3,3,3,2,2,2,1,2,2,1,2,1,2,2,2,1,2,1,2,1,2,1,2,2,2,2,2,1,3,3,3,2,3,3,3,3,3,3,2.096,2.246,2.096,2.196,2.096,2.221,2.121,2.096,Reasonably age-friendly,Reasonably age-friendly,Reasonably age-friendly,Reasonably age-friendly,Reasonably age-friendly,Reasonably age-friendly,Reasonably age-friendly,Reasonably age-friendly,Reasonably age-friendly,Reasonably age-friendly,Less age-friendly,residential,16.72,67:0,0,forward,49,48,16.72,30.365,31.24,31.24,30.49,31.24,30.74,31.24,30.615,31.115,31.24,0
67,2.03,1.0,2.03,3,2.5,2.0,3,3,2,2.0,1,1,2,1,1,1,2,3,3,2.271,2.096,3.0,3.0,2.0,3.0,3,3,3,3,3,3,3,3,1,3,3,2,1,1,3,3,2,1,3,3,3,3,3,2,2,2,1,2,2,1,2,1,2,2,2,1,2,1,2,1,2,1,2,2,2,2,2,1,3,3,3,2,3,3,3,3,3,3,2.096,2.246,2.096,2.196,2.096,2.221,2.121,2.096,Reasonably age-friendly,Reasonably age-friendly,Reasonably age-friendly,Reasonably age-friendly,Reasonably age-friendly,Reasonably age-friendly,Reasonably age-friendly,Reasonably age-friendly,Reasonably age-friendly,Reasonably age-friendly,Less age-friendly,residential,16.72,67:0,0,backward,48,49,16.72,30.365,31.24,31.24,30.49,31.24,30.74,31.24,30.615,31.115,31.24,0
68,2.26,1.5,1.507,3,2.5,2.5,3,3,2,2.5,2,2,2,1,2,1,2,3,3,1.905,1.73,3.0,3.0,2.0,3.0,3,3,3,3,3,3,3,3,1,3,3,2,1,1,3,3,2,1,3,3,3,3,3,2,2,2,1,2,2,1,2,1,2,2,2,1,2,1,2,1,2,1,2,2,2,2,2,1,3,3,3,2,3,3,1,3,3,3,1.73,1.88,1.73,1.63,1.73,1.855,1.755,1.73,Reasonably age-friendly,Reasonably age-friendly,Reasonably age-friendly,Less age-friendly,Reasonably age-friendly,Reasonably age-friendly,Less age-friendly,Reasonably age-friendly,Less age-friendly,Reasonably age-friendly,Less age-friendly,residential,44.79,68:0,0,forward,50,49,44.79,60.265,61.14,61.14,60.39,61.14,61.64,61.14,60.515,61.015,61.14,0
68,2.26,1.5,1.507,3,2.5,2.5,3,3,2,2.5,2,2,2,1,2,1,2,3,3,1.905,1.73,3.0,3.0,2.0,3.0,3,3,3,3,3,3,3,3,1,3,3,2,1,1,3,3,2,1,3,3,3,3,3,2,2,2,1,2,2,1,2,1,2,2,2,1,2,1,2,1,2,1,2,2,2,2,2,1,3,3,3,2,3,3,1,3,3,3,1.73,1.88,1.73,1.63,1.73,1.855,1.755,1.73,Reasonably age-friendly,Reasonably age-friendly,Reasonably age-friendly,Less age-friendly,Reasonably age-friendly,Reasonably age-friendly,Less age-friendly,Reasonably age-friendly,Less age-friendly,Reasonably age-friendly,Less age-friendly,residential,44.79,68:0,0,backward,49,50,44.79,60.265,61.14,61.14,60.39,61.14,61.64,61.14,60.515,61.015,61.14,0
69,2.34,1.0,2.34,3,3.0,2.0,3,3,2,2.0,3,1,2,1,1,1,3,3,3,2.488,2.413,3.0,3.0,2.0,3.0,3,2,3,3,2,3,3,3,1,3,3,2,1,1,3,3,2,1,3,3,3,3,3,2,2,2,1,2,2,1,2,1,2,2,2,1,2,1,2,1,2,1,2,2,2,2,2,1,3,3,3,3,3,3,1,3,3,3,2.313,2.413,2.313,2.163,2.313,2.438,2.338,2.313,Reasonably age-friendly,Reasonably age-friendly,Reasonably age-friendly,Reasonably age-friendly,Reasonably age-friendly,Reasonably age-friendly,Less age-friendly,Reasonably age-friendly,Reasonably age-friendly,Reasonably age-friendly,Less age-friendly,campus,16.463,69:0,0,forward,51,46,16.463,29.023000000000003,29.398000000000003,29.898,29.398000000000003,29.898,30.648000000000003,29.898,29.273,29.773,29.898,0
69,2.34,1.0,2.34,3,3.0,2.0,3,3,2,2.0,3,1,2,1,1,1,3,3,3,2.488,2.413,3.0,3.0,2.0,3.0,3,2,3,3,2,3,3,3,1,3,3,2,1,1,3,3,2,1,3,3,3,3,3,2,2,2,1,2,2,1,2,1,2,2,2,1,2,1,2,1,2,1,2,2,2,2,2,1,3,3,3,3,3,3,1,3,3,3,2.313,2.413,2.313,2.163,2.313,2.438,2.338,2.313,Reasonably age-friendly,Reasonably age-friendly,Reasonably age-friendly,Reasonably age-friendly,Reasonably age-friendly,Reasonably age-friendly,Less age-friendly,Reasonably age-friendly,Reasonably age-friendly,Reasonably age-friendly,Less age-friendly,campus,16.463,69:0,0,backward,46,51,16.463,29.023000000000003,29.398000000000003,29.898,29.398000000000003,29.898,30.648000000000003,29.898,29.273,29.773,29.898,0
70,2.04,1.0,2.04,3,1.0,3.0,3,3,1,1.0,1,1,3,2,1,1,3,3,2,2.278,2.203,3.0,3.0,2.0,3.0,3,3,3,3,3,3,2,3,2,3,3,3,2,2,3,3,3,2,3,3,3,3,3,2,2,2,1,2,2,1,2,1,2,2,2,1,2,1,2,1,2,1,2,2,2,2,2,1,3,3,3,3,3,3,3,3,3,3,2.153,2.253,2.153,2.203,2.153,2.228,2.128,2.153,Reasonably age-friendly,Reasonably age-friendly,Reasonably age-friendly,Less age-friendly,Reasonably age-friendly,Reasonably age-friendly,Less age-friendly,Reasonably age-friendly,Less age-friendly,Reasonably age-friendly,Less age-friendly,campus,7.418,70:0,0,forward,52,51,7.418,21.028,21.403000000000002,21.653,21.153,21.653,21.403000000000002,21.653,21.278,21.778,21.653,0
70,2.04,1.0,2.04,3,1.0,3.0,3,3,1,1.0,1,1,3,2,1,1,3,3,2,2.278,2.203,3.0,3.0,2.0,3.0,3,3,3,3,3,3,2,3,2,3,3,3,2,2,3,3,3,2,3,3,3,3,3,2,2,2,1,2,2,1,2,1,2,2,2,1,2,1,2,1,2,1,2,2,2,2,2,1,3,3,3,3,3,3,3,3,3,3,2.153,2.253,2.153,2.203,2.153,2.228,2.128,2.153,Reasonably age-friendly,Reasonably age-friendly,Reasonably age-friendly,Less age-friendly,Reasonably age-friendly,Reasonably age-friendly,Less age-friendly,Reasonably age-friendly,Less age-friendly,Reasonably age-friendly,Less age-friendly,campus,7.418,70:0,0,backward,51,52,7.418,21.028,21.403000000000002,21.653,21.153,21.653,21.403000000000002,21.653,21.278,21.778,21.653,0
71,2.04,1.0,2.04,3,1.0,3.0,3,3,1,1.0,1,1,3,2,1,1,3,3,2,2.278,2.203,3.0,3.0,2.0,3.0,3,3,3,3,3,3,2,3,2,3,3,3,2,2,3,3,3,2,3,3,3,3,3,2,2,2,1,2,2,1,2,1,2,2,2,1,2,1,2,1,2,1,2,2,2,2,2,1,3,3,3,3,3,3,3,3,3,3,2.153,2.253,2.153,2.203,2.153,2.228,2.128,2.153,Reasonably age-friendly,Reasonably age-friendly,Reasonably age-friendly,Less age-friendly,Reasonably age-friendly,Reasonably age-friendly,Less age-friendly,Reasonably age-friendly,Less age-friendly,Reasonably age-friendly,Less age-friendly,campus,5.843,71:0,0,forward,45,52,5.843,19.453,19.828000000000003,20.078,19.578,20.078,19.828000000000003,20.078,19.703,20.203,20.078,0
71,2.04,1.0,2.04,3,1.0,3.0,3,3,1,1.0,1,1,3,2,1,1,3,3,2,2.278,2.203,3.0,3.0,2.0,3.0,3,3,3,3,3,3,2,3,2,3,3,3,2,2,3,3,3,2,3,3,3,3,3,2,2,2,1,2,2,1,2,1,2,2,2,1,2,1,2,1,2,1,2,2,2,2,2,1,3,3,3,3,3,3,3,3,3,3,2.153,2.253,2.153,2.203,2.153,2.228,2.128,2.153,Reasonably age-friendly,Reasonably age-friendly,Reasonably age-friendly,Less age-friendly,Reasonably age-friendly,Reasonably age-friendly,Less age-friendly,Reasonably age-friendly,Less age-friendly,Reasonably age-friendly,Less age-friendly,campus,5.843,71:0,0,backward,52,45,5.843,19.453,19.828000000000003,20.078,19.578,20.078,19.828000000000003,20.078,19.703,20.203,20.078,0
72,2.72,1.0,2.72,3,3.0,3.0,3,3,3,2.0,3,2,2,2,1,1,3,1,3,2.654,2.679,3.0,3.0,2.0,3.0,3,2,3,3,2,1,3,3,1,3,3,2,1,1,3,3,2,1,3,3,3,3,3,2,2,2,1,2,2,1,2,1,2,2,2,1,2,1,2,1,2,1,2,2,2,2,2,1,2,3,3,3,2,3,3,3,3,3,2.579,2.679,2.579,2.629,2.579,2.604,2.604,2.579,More age-friendly,Reasonably age-friendly,Reasonably age-friendly,Reasonably age-friendly,More age-friendly,More age-friendly,Reasonably age-friendly,Reasonably age-friendly,Reasonably age-friendly,More age-friendly,Less age-friendly,campus,69.491,72:0,0,forward,39,53,69.491,81.221,81.096,81.596,81.096,81.596,81.346,81.596,81.471,81.471,81.596,0
72,2.72,1.0,2.72,3,3.0,3.0,3,3,3,2.0,3,2,2,2,1,1,3,1,3,2.654,2.679,3.0,3.0,2.0,3.0,3,2,3,3,2,1,3,3,1,3,3,2,1,1,3,3,2,1,3,3,3,3,3,2,2,2,1,2,2,1,2,1,2,2,2,1,2,1,2,1,2,1,2,2,2,2,2,1,2,3,3,3,2,3,3,3,3,3,2.579,2.679,2.579,2.629,2.579,2.604,2.604,2.579,More age-friendly,Reasonably age-friendly,Reasonably age-friendly,Reasonably age-friendly,More age-friendly,More age-friendly,Reasonably age-friendly,Reasonably age-friendly,Reasonably age-friendly,More age-friendly,Less age-friendly,campus,69.491,72:0,0,backward,53,39,69.491,81.221,81.096,81.596,81.096,81.596,81.346,81.596,81.471,81.471,81.596,0
73,2.69,1.0,2.69,3,3.0,2.5,3,3,2,3.0,3,1,2,3,1,1,3,1,3,2.633,2.658,3.0,3.0,2.0,3.0,3,2,3,3,2,1,3,3,1,3,3,2,1,1,3,3,2,1,3,3,3,3,3,2,2,2,1,2,2,1,2,1,2,2,2,1,2,1,2,1,2,1,2,2,2,2,2,1,3,3,3,3,3,3,3,3,2,3,2.558,2.658,2.558,2.608,2.558,2.583,2.483,2.558,More age-friendly,Reasonably age-friendly,Reasonably age-friendly,Reasonably age-friendly,More age-friendly,More age-friendly,Reasonably age-friendly,Reasonably age-friendly,Reasonably age-friendly,More age-friendly,Less age-friendly,campus,97.686,73:0,0,forward,53,54,97.686,109.52100000000002,109.39600000000002,109.89600000000002,109.39600000000002,109.89600000000002,109.646,109.89600000000002,109.771,110.271,109.89600000000002,0
73,2.69,1.0,2.69,3,3.0,2.5,3,3,2,3.0,3,1,2,3,1,1,3,1,3,2.633,2.658,3.0,3.0,2.0,3.0,3,2,3,3,2,1,3,3,1,3,3,2,1,1,3,3,2,1,3,3,3,3,3,2,2,2,1,2,2,1,2,1,2,2,2,1,2,1,2,1,2,1,2,2,2,2,2,1,3,3,3,3,3,3,3,3,2,3,2.558,2.658,2.558,2.608,2.558,2.583,2.483,2.558,More age-friendly,Reasonably age-friendly,Reasonably age-friendly,Reasonably age-friendly,More age-friendly,More age-friendly,Reasonably age-friendly,Reasonably age-friendly,Reasonably age-friendly,More age-friendly,Less age-friendly,campus,97.686,73:0,0,backward,54,53,97.686,109.52100000000002,109.39600000000002,109.89600000000002,109.39600000000002,109.89600000000002,109.646,109.89600000000002,109.771,110.271,109.89600000000002,0
74,2.72,1.0,2.72,3,3.0,3.0,3,3,2,3.0,3,1,2,3,1,1,3,3,3,2.754,2.679,3.0,3.0,2.0,3.0,3,3,3,3,3,3,3,3,1,3,3,2,1,1,3,3,2,1,3,3,3,3,3,2,2,2,1,2,2,1,2,1,2,2,2,1,2,1,2,1,2,1,2,2,2,2,2,1,3,3,3,3,3,3,3,2,3,3,2.579,2.729,2.579,2.679,2.579,2.604,2.604,2.579,More age-friendly,Reasonably age-friendly,Reasonably age-friendly,Reasonably age-friendly,More age-friendly,More age-friendly,Reasonably age-friendly,Reasonably age-friendly,Reasonably age-friendly,More age-friendly,Less age-friendly,campus,15.295,74:0,0,forward,55,56,15.295,26.525,26.9,27.4,26.65,27.4,26.9,27.4,27.275,27.275,27.4,0
74,2.72,1.0,2.72,3,3.0,3.0,3,3,2,3.0,3,1,2,3,1,1,3,3,3,2.754,2.679,3.0,3.0,2.0,3.0,3,3,3,3,3,3,3,3,1,3,3,2,1,1,3,3,2,1,3,3,3,3,3,2,2,2,1,2,2,1,2,1,2,2,2,1,2,1,2,1,2,1,2,2,2,2,2,1,3,3,3,3,3,3,3,2,3,3,2.579,2.729,2.579,2.679,2.579,2.604,2.604,2.579,More age-friendly,Reasonably age-friendly,Reasonably age-friendly,Reasonably age-friendly,More age-friendly,More age-friendly,Reasonably age-friendly,Reasonably age-friendly,Reasonably age-friendly,More age-friendly,Less age-friendly,campus,15.295,74:0,0,backward,56,55,15.295,26.525,26.9,27.4,26.65,27.4,26.9,27.4,27.275,27.275,27.4,0
75,2.5,1.0,2.5,3,3.0,2.0,3,3,2,3.0,3,2,2,1,1,1,3,3,3,2.6,2.525,3.0,3.0,2.0,3.0,3,1,3,3,1,3,3,3,1,3,3,2,1,1,3,3,2,1,3,3,3,3,3,2,2,2,1,2,2,1,2,1,2,2,2,1,2,1,2,1,2,1,2,2,2,2,2,1,3,3,3,3,3,3,2,3,3,3,2.425,2.475,2.425,2.325,2.425,2.55,2.45,2.425,Reasonably age-friendly,Reasonably age-friendly,Reasonably age-friendly,Reasonably age-friendly,Reasonably age-friendly,Reasonably age-friendly,Less age-friendly,Reasonably age-friendly,Reasonably age-friendly,Reasonably age-friendly,Less age-friendly,campus,243.342,75:0,0,forward,57,58,243.342,255.342,255.717,256.217,255.967,256.217,256.717,256.217,255.592,256.092,256.217,0
75,2.5,1.0,2.5,3,3.0,2.0,3,3,2,3.0,3,2,2,1,1,1,3,3,3,2.6,2.525,3.0,3.0,2.0,3.0,3,1,3,3,1,3,3,3,1,3,3,2,1,1,3,3,2,1,3,3,3,3,3,2,2,2,1,2,2,1,2,1,2,2,2,1,2,1,2,1,2,1,2,2,2,2,2,1,3,3,3,3,3,3,2,3,3,3,2.425,2.475,2.425,2.325,2.425,2.55,2.45,2.425,Reasonably age-friendly,Reasonably age-friendly,Reasonably age-friendly,Reasonably age-friendly,Reasonably age-friendly,Reasonably age-friendly,Less age-friendly,Reasonably age-friendly,Reasonably age-friendly,Reasonably age-friendly,Less age-friendly,campus,243.342,75:0,0,backward,58,57,243.342,255.342,255.717,256.217,255.967,256.217,256.717,256.217,255.592,256.092,256.217,0
76,2.28,1.0,2.28,3,3.0,3.0,3,3,2,3.0,2,1,2,1,1,1,2,3,3,2.446,2.371,3.0,3.0,2.0,3.0,3,2,3,3,2,3,3,3,1,3,3,2,1,1,3,3,2,1,3,3,3,3,3,2,2,2,1,2,2,1,2,1,2,2,2,1,2,1,2,1,2,1,2,2,2,2,2,1,3,3,3,3,3,3,3,3,3,3,2.271,2.371,2.271,2.321,2.271,2.396,2.296,2.271,Reasonably age-friendly,Reasonably age-friendly,Reasonably age-friendly,Reasonably age-friendly,Reasonably age-friendly,Reasonably age-friendly,Reasonably age-friendly,Reasonably age-friendly,Reasonably age-friendly,Reasonably age-friendly,Reasonably age-friendly,campus,58.276,76:0,0,forward,58,59,58.276,71.046,71.421,71.921,71.421,71.921,71.671,71.921,71.296,71.796,71.921,0
76,2.28,1.0,2.28,3,3.0,3.0,3,3,2,3.0,2,1,2,1,1,1,2,3,3,2.446,2.371,3.0,3.0,2.0,3.0,3,2,3,3,2,3,3,3,1,3,3,2,1,1,3,3,2,1,3,3,3,3,3,2,2,2,1,2,2,1,2,1,2,2,2,1,2,1,2,1,2,1,2,2,2,2,2,1,3,3,3,3,3,3,3,3,3,3,2.271,2.371,2.271,2.321,2.271,2.396,2.296,2.271,Reasonably age-friendly,Reasonably age-friendly,Reasonably age-friendly,Reasonably age-friendly,Reasonably age-friendly,Reasonably age-friendly,Reasonably age-friendly,Reasonably age-friendly,Reasonably age-friendly,Reasonably age-friendly,Reasonably age-friendly,campus,58.276,76:0,0,backward,59,58,58.276,71.046,71.421,71.921,71.421,71.921,71.671,71.921,71.296,71.796,71.921,0
77,2.16,1.5,1.44,3,1.0,3.0,3,3,1,1.0,1,1,3,3,2,1,3,1,3,1.558,1.733,3.0,3.0,2.0,3.0,3,1,3,3,1,1,3,3,2,3,3,3,2,2,3,3,3,2,3,3,3,3,3,2,2,2,1,2,2,1,2,1,2,2,2,1,2,1,2,1,2,1,2,2,2,2,2,1,3,3,1,2,3,1,1,2,3,3,1.733,1.733,1.733,1.483,1.733,1.608,1.758,1.733,Reasonably age-friendly,Less age-friendly,Less age-friendly,Less age-friendly,Reasonably age-friendly,Reasonably age-friendly,Less age-friendly,Less age-friendly,Less age-friendly,Reasonably age-friendly,Less age-friendly,campus,27.601,77:0,0,forward,58,60,27.601,44.811,43.936,43.936,43.936,43.936,45.186,43.936,44.561,43.811,43.936,0
77,2.16,1.5,1.44,3,1.0,3.0,3,3,1,1.0,1,1,3,3,2,1,3,1,3,1.558,1.733,3.0,3.0,2.0,3.0,3,1,3,3,1,1,3,3,2,3,3,3,2,2,3,3,3,2,3,3,3,3,3,2,2,2,1,2,2,1,2,1,2,2,2,1,2,1,2,1,2,1,2,2,2,2,2,1,3,3,1,2,3,1,1,2,3,3,1.733,1.733,1.733,1.483,1.733,1.608,1.758,1.733,Reasonably age-friendly,Less age-friendly,Less age-friendly,Less age-friendly,Reasonably age-friendly,Reasonably age-friendly,Less age-friendly,Less age-friendly,Less age-friendly,Reasonably age-friendly,Less age-friendly,campus,27.601,77:0,0,backward,60,58,27.601,44.811,43.936,43.936,43.936,43.936,45.186,43.936,44.561,43.811,43.936,0
78,2.84,1.0,2.84,3,3.0,3.0,3,3,3,3.0,3,1,2,3,1,1,3,2,3,2.788,2.763,3.0,3.0,2.0,3.0,3,1,3,3,1,2,3,3,1,3,3,2,1,1,3,3,2,1,3,3,3,3,3,2,2,2,1,2,2,1,2,1,2,2,2,1,2,1,2,1,2,1,2,2,2,2,2,1,3,3,3,3,3,3,3,2,3,3,2.663,2.713,2.663,2.663,2.663,2.638,2.688,2.663,More age-friendly,Reasonably age-friendly,Reasonably age-friendly,Reasonably age-friendly,More age-friendly,More age-friendly,Reasonably age-friendly,Reasonably age-friendly,Reasonably age-friendly,More age-friendly,Less age-friendly,campus,53.149,78:0,0,forward,56,61,53.149,64.209,64.334,64.834,64.584,64.834,64.834,64.834,64.959,64.709,64.834,0
78,2.84,1.0,2.84,3,3.0,3.0,3,3,3,3.0,3,1,2,3,1,1,3,2,3,2.788,2.763,3.0,3.0,2.0,3.0,3,1,3,3,1,2,3,3,1,3,3,2,1,1,3,3,2,1,3,3,3,3,3,2,2,2,1,2,2,1,2,1,2,2,2,1,2,1,2,1,2,1,2,2,2,2,2,1,3,3,3,3,3,3,3,2,3,3,2.663,2.713,2.663,2.663,2.663,2.638,2.688,2.663,More age-friendly,Reasonably age-friendly,Reasonably age-friendly,Reasonably age-friendly,More age-friendly,More age-friendly,Reasonably age-friendly,Reasonably age-friendly,Reasonably age-friendly,More age-friendly,Less age-friendly,campus,53.149,78:0,0,backward,61,56,53.149,64.209,64.334,64.834,64.584,64.834,64.834,64.834,64.959,64.709,64.834,0
79,2.72,1.0,2.72,3,3.0,3.0,3,3,2,3.0,3,1,2,3,1,1,3,2,3,2.704,2.679,3.0,3.0,2.0,3.0,3,1,3,3,1,2,3,3,1,3,3,2,1,1,3,3,2,1,3,3,3,3,3,2,2,2,1,2,2,1,2,1,2,2,2,1,2,1,2,1,2,1,2,2,2,2,2,1,3,3,3,3,3,3,1,2,3,3,2.579,2.629,2.579,2.379,2.579,2.554,2.604,2.579,More age-friendly,Reasonably age-friendly,Reasonably age-friendly,Reasonably age-friendly,More age-friendly,More age-friendly,Less age-friendly,Reasonably age-friendly,Reasonably age-friendly,More age-friendly,Less age-friendly,campus,104.033,79:0,0,forward,62,60,104.033,115.513,115.638,116.138,115.888,116.138,117.138,116.138,116.263,116.013,116.138,0
79,2.72,1.0,2.72,3,3.0,3.0,3,3,2,3.0,3,1,2,3,1,1,3,2,3,2.704,2.679,3.0,3.0,2.0,3.0,3,1,3,3,1,2,3,3,1,3,3,2,1,1,3,3,2,1,3,3,3,3,3,2,2,2,1,2,2,1,2,1,2,2,2,1,2,1,2,1,2,1,2,2,2,2,2,1,3,3,3,3,3,3,1,2,3,3,2.579,2.629,2.579,2.379,2.579,2.554,2.604,2.579,More age-friendly,Reasonably age-friendly,Reasonably age-friendly,Reasonably age-friendly,More age-friendly,More age-friendly,Less age-friendly,Reasonably age-friendly,Reasonably age-friendly,More age-friendly,Less age-friendly,campus,104.033,79:0,0,backward,60,62,104.033,115.513,115.638,116.138,115.888,116.138,117.138,116.138,116.263,116.013,116.138,0
80,2.56,1.0,2.56,2,3.0,3.0,3,3,3,2.0,2,2,2,2,1,1,3,2,3,2.592,2.567,3.0,3.0,2.0,3.0,3,2,3,3,2,2,3,3,1,3,3,2,1,1,3,3,2,1,3,3,3,3,3,2,2,2,1,2,2,1,2,1,2,2,2,1,2,1,2,1,2,1,2,2,2,2,2,1,3,3,3,3,3,3,3,3,3,3,2.467,2.567,2.467,2.517,2.467,2.542,2.492,2.467,Reasonably age-friendly,Less age-friendly,Reasonably age-friendly,Less age-friendly,Reasonably age-friendly,Reasonably age-friendly,Less age-friendly,Less age-friendly,Less age-friendly,Reasonably age-friendly,Less age-friendly,campus,153.282,80:0,0,forward,60,63,153.282,165.322,165.447,165.947,165.447,165.947,165.697,165.947,165.572,165.822,165.947,0
80,2.56,1.0,2.56,2,3.0,3.0,3,3,3,2.0,2,2,2,2,1,1,3,2,3,2.592,2.567,3.0,3.0,2.0,3.0,3,2,3,3,2,2,3,3,1,3,3,2,1,1,3,3,2,1,3,3,3,3,3,2,2,2,1,2,2,1,2,1,2,2,2,1,2,1,2,1,2,1,2,2,2,2,2,1,3,3,3,3,3,3,3,3,3,3,2.467,2.567,2.467,2.517,2.467,2.542,2.492,2.467,Reasonably age-friendly,Less age-friendly,Reasonably age-friendly,Less age-friendly,Reasonably age-friendly,Reasonably age-friendly,Less age-friendly,Less age-friendly,Less age-friendly,Reasonably age-friendly,Less age-friendly,campus,153.282,80:0,0,backward,63,60,153.282,165.322,165.447,165.947,165.447,165.947,165.697,165.947,165.572,165.822,165.947,0
81,2.16,1.5,1.44,3,1.0,3.0,3,3,2,1.0,1,1,2,2,2,1,3,3,3,1.858,1.783,3.0,3.0,2.0,3.0,3,2,3,3,2,3,3,3,1,3,3,2,1,1,3,3,2,1,3,3,3,3,3,2,2,2,1,2,2,1,2,1,2,2,2,1,2,1,2,1,2,1,2,2,2,2,2,1,3,3,3,3,3,2,3,3,3,3,1.683,1.783,1.683,1.733,1.683,1.808,1.708,1.683,Reasonably age-friendly,Less age-friendly,Less age-friendly,Less age-friendly,Reasonably age-friendly,Reasonably age-friendly,Less age-friendly,Less age-friendly,Less age-friendly,Reasonably age-friendly,Less age-friendly,campus,20.12,81:0,0,forward,63,64,20.12,35.83,36.205,36.705,36.205,36.705,36.455,36.705,36.08,36.58,36.705,0
81,2.16,1.5,1.44,3,1.0,3.0,3,3,2,1.0,1,1,2,2,2,1,3,3,3,1.858,1.783,3.0,3.0,2.0,3.0,3,2,3,3,2,3,3,3,1,3,3,2,1,1,3,3,2,1,3,3,3,3,3,2,2,2,1,2,2,1,2,1,2,2,2,1,2,1,2,1,2,1,2,2,2,2,2,1,3,3,3,3,3,2,3,3,3,3,1.683,1.783,1.683,1.733,1.683,1.808,1.708,1.683,Reasonably age-friendly,Less age-friendly,Less age-friendly,Less age-friendly,Reasonably age-friendly,Reasonably age-friendly,Less age-friendly,Less age-friendly,Less age-friendly,Reasonably age-friendly,Less age-friendly,campus,20.12,81:0,0,backward,64,63,20.12,35.83,36.205,36.705,36.205,36.705,36.455,36.705,36.08,36.58,36.705,0
82,2.72,1.0,2.72,2,3.0,3.0,3,3,2,3.0,3,2,2,3,1,1,3,2,3,2.704,2.679,3.0,3.0,2.0,3.0,3,2,3,3,2,2,3,3,1,3,3,2,1,1,3,3,2,1,3,3,3,3,3,2,2,2,1,2,2,1,2,1,2,2,2,1,2,1,2,1,2,1,2,2,2,2,2,1,3,3,3,3,3,3,3,3,3,3,2.579,2.679,2.579,2.629,2.579,2.654,2.604,2.579,More age-friendly,Reasonably age-friendly,Reasonably age-friendly,Reasonably age-friendly,More age-friendly,More age-friendly,Reasonably age-friendly,Reasonably age-friendly,Reasonably age-friendly,More age-friendly,Less age-friendly,campus,186.942,82:0,0,forward,64,65,186.942,198.422,198.547,199.047,198.547,199.047,198.797,199.047,198.672,198.922,199.047,0
82,2.72,1.0,2.72,2,3.0,3.0,3,3,2,3.0,3,2,2,3,1,1,3,2,3,2.704,2.679,3.0,3.0,2.0,3.0,3,2,3,3,2,2,3,3,1,3,3,2,1,1,3,3,2,1,3,3,3,3,3,2,2,2,1,2,2,1,2,1,2,2,2,1,2,1,2,1,2,1,2,2,2,2,2,1,3,3,3,3,3,3,3,3,3,3,2.579,2.679,2.579,2.629,2.579,2.654,2.604,2.579,More age-friendly,Reasonably age-friendly,Reasonably age-friendly,Reasonably age-friendly,More age-friendly,More age-friendly,Reasonably age-friendly,Reasonably age-friendly,Reasonably age-friendly,More age-friendly,Less age-friendly,campus,186.942,82:0,0,backward,65,64,186.942,198.422,198.547,199.047,198.547,199.047,198.797,199.047,198.672,198.922,199.047,0
83,2.16,1.5,1.44,3,1.0,3.0,3,3,1,1.0,1,1,3,3,2,1,3,1,3,1.558,1.733,3.0,3.0,2.0,3.0,3,1,3,3,1,1,3,3,2,3,3,3,2,2,3,3,3,2,3,3,3,3,3,2,2,2,1,2,2,1,2,1,2,2,2,1,2,1,2,1,2,1,2,2,2,2,2,1,3,2,1,2,3,1,1,3,3,3,1.733,1.633,1.733,1.483,1.733,1.708,1.758,1.733,Reasonably age-friendly,Less age-friendly,Less age-friendly,Less age-friendly,Reasonably age-friendly,Reasonably age-friendly,Less age-friendly,Less age-friendly,Less age-friendly,Reasonably age-friendly,Less age-friendly,uncategorized,38.036,83:0,0,forward,58,66,38.036,55.246,54.371,54.371,54.871,54.371,55.621,54.371,54.496,54.246,54.371,0
83,2.16,1.5,1.44,3,1.0,3.0,3,3,1,1.0,1,1,3,3,2,1,3,1,3,1.558,1.733,3.0,3.0,2.0,3.0,3,1,3,3,1,1,3,3,2,3,3,3,2,2,3,3,3,2,3,3,3,3,3,2,2,2,1,2,2,1,2,1,2,2,2,1,2,1,2,1,2,1,2,2,2,2,2,1,3,2,1,2,3,1,1,3,3,3,1.733,1.633,1.733,1.483,1.733,1.708,1.758,1.733,Reasonably age-friendly,Less age-friendly,Less age-friendly,Less age-friendly,Reasonably age-friendly,Reasonably age-friendly,Less age-friendly,Less age-friendly,Less age-friendly,Reasonably age-friendly,Less age-friendly,uncategorized,38.036,83:0,0,backward,66,58,38.036,55.246,54.371,54.371,54.871,54.371,55.621,54.371,54.496,54.246,54.371,0
84,2.48,1.0,2.48,3,3.0,3.0,3,3,3,3.0,3,1,1,1,1,1,2,3,1,2.486,2.361,3.0,3.0,2.0,3.0,3,1,3,3,1,3,1,3,1,3,3,1,1,1,3,3,1,1,3,3,3,3,3,2,2,2,1,2,2,1,2,1,2,2,2,1,2,1,2,1,2,1,2,2,2,2,2,1,3,3,2,3,3,3,2,3,3,3,2.411,2.461,2.411,2.311,2.411,2.536,2.286,2.411,Reasonably age-friendly,Reasonably age-friendly,Reasonably age-friendly,Reasonably age-friendly,Reasonably age-friendly,Reasonably age-friendly,Reasonably age-friendly,Reasonably age-friendly,Reasonably age-friendly,Reasonably age-friendly,Reasonably age-friendly,residential,69.648,84:0,0,forward,66,67,69.648,82.21799999999999,82.84299999999999,82.59299999999999,82.34299999999999,82.59299999999999,83.09299999999999,82.59299999999999,81.96799999999999,83.21799999999999,82.59299999999999,0
84,2.48,1.0,2.48,3,3.0,3.0,3,3,3,3.0,3,1,1,1,1,1,2,3,1,2.486,2.361,3.0,3.0,2.0,3.0,3,1,3,3,1,3,1,3,1,3,3,1,1,1,3,3,1,1,3,3,3,3,3,2,2,2,1,2,2,1,2,1,2,2,2,1,2,1,2,1,2,1,2,2,2,2,2,1,3,3,2,3,3,3,2,3,3,3,2.411,2.461,2.411,2.311,2.411,2.536,2.286,2.411,Reasonably age-friendly,Reasonably age-friendly,Reasonably age-friendly,Reasonably age-friendly,Reasonably age-friendly,Reasonably age-friendly,Reasonably age-friendly,Reasonably age-friendly,Reasonably age-friendly,Reasonably age-friendly,Reasonably age-friendly,residential,69.648,84:0,0,backward,67,66,69.648,82.21799999999999,82.84299999999999,82.59299999999999,82.34299999999999,82.59299999999999,83.09299999999999,82.59299999999999,81.96799999999999,83.21799999999999,82.59299999999999,0
85,2.16,1.5,1.44,3,1.0,3.0,3,3,1,1.0,1,1,3,3,2,1,3,1,3,1.558,1.733,3.0,3.0,2.0,3.0,3,1,3,3,1,1,3,3,2,3,3,3,2,2,3,3,3,2,3,3,3,3,3,2,2,2,1,2,2,1,2,1,2,2,2,1,2,1,2,1,2,1,2,2,2,2,2,1,3,2,1,2,3,1,1,3,3,3,1.733,1.633,1.733,1.483,1.733,1.708,1.758,1.733,Reasonably age-friendly,Less age-friendly,Less age-friendly,Less age-friendly,Reasonably age-friendly,Reasonably age-friendly,Less age-friendly,Less age-friendly,Less age-friendly,Reasonably age-friendly,Less age-friendly,uncategorized,26.389,85:0,0,forward,66,68,26.389,43.599000000000004,42.724000000000004,42.724000000000004,43.224000000000004,42.724000000000004,43.974000000000004,42.724000000000004,42.849000000000004,42.599000000000004,42.724000000000004,0
85,2.16,1.5,1.44,3,1.0,3.0,3,3,1,1.0,1,1,3,3,2,1,3,1,3,1.558,1.733,3.0,3.0,2.0,3.0,3,1,3,3,1,1,3,3,2,3,3,3,2,2,3,3,3,2,3,3,3,3,3,2,2,2,1,2,2,1,2,1,2,2,2,1,2,1,2,1,2,1,2,2,2,2,2,1,3,2,1,2,3,1,1,3,3,3,1.733,1.633,1.733,1.483,1.733,1.708,1.758,1.733,Reasonably age-friendly,Less age-friendly,Less age-friendly,Less age-friendly,Reasonably age-friendly,Reasonably age-friendly,Less age-friendly,Less age-friendly,Less age-friendly,Reasonably age-friendly,Less age-friendly,uncategorized,26.389,85:0,0,backward,68,66,26.389,43.599000000000004,42.724000000000004,42.724000000000004,43.224000000000004,42.724000000000004,43.974000000000004,42.724000000000004,42.849000000000004,42.599000000000004,42.724000000000004,0
86,2.16,1.5,1.44,3,1.0,3.0,3,3,1,1.0,1,1,3,3,2,1,3,1,3,1.758,1.733,3.0,3.0,2.0,3.0,3,1,3,3,1,1,3,3,2,3,3,3,2,2,3,3,3,2,3,3,3,3,3,2,2,2,1,2,2,1,2,1,2,2,2,1,2,1,2,1,2,1,2,2,2,2,2,1,1,3,3,2,3,1,1,2,3,3,1.733,1.733,1.733,1.483,1.733,1.608,1.758,1.733,Reasonably age-friendly,Less age-friendly,Less age-friendly,Less age-friendly,Reasonably age-friendly,Reasonably age-friendly,Less age-friendly,Less age-friendly,Less age-friendly,Reasonably age-friendly,Less age-friendly,uncategorized,38.278,86:0,0,forward,68,60,38.278,54.488,54.613,54.613,54.613,54.613,55.863,54.613,55.238,54.488,54.613,0
86,2.16,1.5,1.44,3,1.0,3.0,3,3,1,1.0,1,1,3,3,2,1,3,1,3,1.758,1.733,3.0,3.0,2.0,3.0,3,1,3,3,1,1,3,3,2,3,3,3,2,2,3,3,3,2,3,3,3,3,3,2,2,2,1,2,2,1,2,1,2,2,2,1,2,1,2,1,2,1,2,2,2,2,2,1,1,3,3,2,3,1,1,2,3,3,1.733,1.733,1.733,1.483,1.733,1.608,1.758,1.733,Reasonably age-friendly,Less age-friendly,Less age-friendly,Less age-friendly,Reasonably age-friendly,Reasonably age-friendly,Less age-friendly,Less age-friendly,Less age-friendly,Reasonably age-friendly,Less age-friendly,uncategorized,38.278,86:0,0,backward,60,68,38.278,54.488,54.613,54.613,54.613,54.613,55.863,54.613,55.238,54.488,54.613,0
87,2.92,1.0,2.92,3,3.0,3.0,3,3,3,3.0,3,2,2,3,1,1,3,1,3,2.794,2.719,3.0,3.0,2.0,3.0,3,2,3,3,2,1,3,3,1,3,3,2,1,1,3,3,2,1,3,3,3,3,3,2,2,2,1,2,2,1,2,1,2,2,2,1,2,1,2,1,2,1,2,2,2,2,2,1,3,3,3,2,2,2,3,3,3,3,2.719,2.819,2.719,2.769,2.719,2.744,2.744,2.719,More age-friendly,Reasonably age-friendly,Reasonably age-friendly,Reasonably age-friendly,More age-friendly,More age-friendly,Reasonably age-friendly,Reasonably age-friendly,Reasonably age-friendly,More age-friendly,Less age-friendly,hospital,82.145,87:0,0,forward,68,69,82.145,93.175,93.55,93.55,93.05,93.55,93.3,93.55,93.425,93.425,93.55,0
87,2.92,1.0,2.92,3,3.0,3.0,3,3,3,3.0,3,2,2,3,1,1,3,1,3,2.794,2.719,3.0,3.0,2.0,3.0,3,2,3,3,2,1,3,3,1,3,3,2,1,1,3,3,2,1,3,3,3,3,3,2,2,2,1,2,2,1,2,1,2,2,2,1,2,1,2,1,2,1,2,2,2,2,2,1,3,3,3,2,2,2,3,3,3,3,2.719,2.819,2.719,2.769,2.719,2.744,2.744,2.719,More age-friendly,Reasonably age-friendly,Reasonably age-friendly,Reasonably age-friendly,More age-friendly,More age-friendly,Reasonably age-friendly,Reasonably age-friendly,Reasonably age-friendly,More age-friendly,Less age-friendly,hospital,82.145,87:0,0,backward,69,68,82.145,93.175,93.55,93.55,93.05,93.55,93.3,93.55,93.425,93.425,93.55,0
88,2.34,1.0,2.34,2,3.0,2.0,3,3,2,3.0,2,2,2,1,1,1,3,2,3,2.438,2.413,3.0,3.0,2.0,3.0,3,1,3,3,1,2,3,3,1,3,3,2,1,1,3,3,2,1,3,3,3,3,3,2,2,2,1,2,2,1,2,1,2,2,2,1,2,1,2,1,2,1,2,2,2,2,2,1,3,3,3,3,3,1,2,3,3,3,2.313,2.363,2.313,2.213,2.313,2.388,2.338,2.313,Reasonably age-friendly,Reasonably age-friendly,Reasonably age-friendly,Reasonably age-friendly,Reasonably age-friendly,Reasonably age-friendly,Less age-friendly,Reasonably age-friendly,Reasonably age-friendly,Reasonably age-friendly,Less age-friendly,hospital,153.106,88:0,0,forward,68,70,153.106,165.916,166.041,166.541,166.291,166.541,167.041,166.541,166.166,166.416,166.541,0
88,2.34,1.0,2.34,2,3.0,2.0,3,3,2,3.0,2,2,2,1,1,1,3,2,3,2.438,2.413,3.0,3.0,2.0,3.0,3,1,3,3,1,2,3,3,1,3,3,2,1,1,3,3,2,1,3,3,3,3,3,2,2,2,1,2,2,1,2,1,2,2,2,1,2,1,2,1,2,1,2,2,2,2,2,1,3,3,3,3,3,1,2,3,3,3,2.313,2.363,2.313,2.213,2.313,2.388,2.338,2.313,Reasonably age-friendly,Reasonably age-friendly,Reasonably age-friendly,Reasonably age-friendly,Reasonably age-friendly,Reasonably age-friendly,Less age-friendly,Reasonably age-friendly,Reasonably age-friendly,Reasonably age-friendly,Less age-friendly,hospital,153.106,88:0,0,backward,70,68,153.106,165.916,166.041,166.541,166.291,166.541,167.041,166.541,166.166,166.416,166.541,0
89,2.16,1.5,1.44,3,1.0,3.0,3,3,1,1.0,1,1,3,3,2,1,3,1,3,1.758,1.833,3.0,3.0,2.0,3.0,3,1,3,3,1,1,3,3,2,3,3,3,2,2,3,3,3,2,3,3,3,3,3,2,2,2,1,2,2,1,2,1,2,2,2,1,2,1,2,1,2,1,2,2,2,2,2,1,3,3,3,3,3,2,2,3,3,3,1.733,1.733,1.733,1.583,1.733,1.708,1.758,1.733,Reasonably age-friendly,Less age-friendly,Less age-friendly,Less age-friendly,Reasonably age-friendly,Reasonably age-friendly,Less age-friendly,Less age-friendly,Less age-friendly,Reasonably age-friendly,Less age-friendly,uncategorized,36.515,89:0,0,forward,70,63,36.515,52.725,52.35,52.85,52.85,52.85,53.6,52.85,52.975,52.725,52.85,0
89,2.16,1.5,1.44,3,1.0,3.0,3,3,1,1.0,1,1,3,3,2,1,3,1,3,1.758,1.833,3.0,3.0,2.0,3.0,3,1,3,3,1,1,3,3,2,3,3,3,2,2,3,3,3,2,3,3,3,3,3,2,2,2,1,2,2,1,2,1,2,2,2,1,2,1,2,1,2,1,2,2,2,2,2,1,3,3,3,3,3,2,2,3,3,3,1.733,1.733,1.733,1.583,1.733,1.708,1.758,1.733,Reasonably age-friendly,Less age-friendly,Less age-friendly,Less age-friendly,Reasonably age-friendly,Reasonably age-friendly,Less age-friendly,Less age-friendly,Less age-friendly,Reasonably age-friendly,Less age-friendly,uncategorized,36.515,89:0,0,backward,63,70,36.515,52.725,52.35,52.85,52.85,52.85,53.6,52.85,52.975,52.725,52.85,0
90,2.16,1.5,1.44,3,1.0,3.0,3,3,1,1.0,1,1,3,3,2,1,3,1,3,1.758,1.833,3.0,3.0,2.0,3.0,3,1,3,3,1,1,3,3,2,3,3,3,2,2,3,3,3,2,3,3,3,3,3,2,2,2,1,2,2,1,2,1,2,2,2,1,2,1,2,1,2,1,2,2,2,2,2,1,3,3,3,3,3,2,2,3,3,3,1.733,1.733,1.733,1.583,1.733,1.708,1.758,1.733,Reasonably age-friendly,Less age-friendly,Less age-friendly,Less age-friendly,Reasonably age-friendly,Reasonably age-friendly,Less age-friendly,Less age-friendly,Less age-friendly,Reasonably age-friendly,Less age-friendly,uncategorized,35.895,90:0,0,forward,64,71,35.895,52.105000000000004,51.730000000000004,52.230000000000004,52.230000000000004,52.230000000000004,52.980000000000004,52.230000000000004,52.355000000000004,52.105000000000004,52.230000000000004,0
90,2.16,1.5,1.44,3,1.0,3.0,3,3,1,1.0,1,1,3,3,2,1,3,1,3,1.758,1.833,3.0,3.0,2.0,3.0,3,1,3,3,1,1,3,3,2,3,3,3,2,2,3,3,3,2,3,3,3,3,3,2,2,2,1,2,2,1,2,1,2,2,2,1,2,1,2,1,2,1,2,2,2,2,2,1,3,3,3,3,3,2,2,3,3,3,1.733,1.733,1.733,1.583,1.733,1.708,1.758,1.733,Reasonably age-friendly,Less age-friendly,Less age-friendly,Less age-friendly,Reasonably age-friendly,Reasonably age-friendly,Less age-friendly,Less age-friendly,Less age-friendly,Reasonably age-friendly,Less age-friendly,uncategorized,35.895,90:0,0,backward,71,64,35.895,52.105000000000004,51.730000000000004,52.230000000000004,52.230000000000004,52.230000000000004,52.980000000000004,52.230000000000004,52.355000000000004,52.105000000000004,52.230000000000004,0
91,2.2,1.5,1.467,3,1.0,3.0,3,3,1,3.0,1,1,3,2,2,1,3,1,3,1.777,1.852,3.0,3.0,2.0,3.0,3,1,3,3,1,1,3,3,2,3,3,3,2,2,3,3,3,2,3,3,3,3,3,2,2,2,1,2,2,1,2,1,2,2,2,1,2,1,2,1,2,1,2,2,2,2,2,1,3,3,3,3,3,2,2,2,2,2,1.652,1.752,1.652,1.602,1.652,1.627,1.677,1.652,Reasonably age-friendly,Less age-friendly,Less age-friendly,Less age-friendly,Reasonably age-friendly,Reasonably age-friendly,Less age-friendly,Less age-friendly,Less age-friendly,Reasonably age-friendly,Less age-friendly,hospital,20.232,91:0,0,forward,71,70,20.232,36.346999999999994,35.971999999999994,36.971999999999994,36.472,36.971999999999994,37.221999999999994,36.971999999999994,37.097,36.846999999999994,36.971999999999994,0
91,2.2,1.5,1.467,3,1.0,3.0,3,3,1,3.0,1,1,3,2,2,1,3,1,3,1.777,1.852,3.0,3.0,2.0,3.0,3,1,3,3,1,1,3,3,2,3,3,3,2,2,3,3,3,2,3,3,3,3,3,2,2,2,1,2,2,1,2,1,2,2,2,1,2,1,2,1,2,1,2,2,2,2,2,1,3,3,3,3,3,2,2,2,2,2,1.652,1.752,1.652,1.602,1.652,1.627,1.677,1.652,Reasonably age-friendly,Less age-friendly,Less age-friendly,Less age-friendly,Reasonably age-friendly,Reasonably age-friendly,Less age-friendly,Less age-friendly,Less age-friendly,Reasonably age-friendly,Less age-friendly,hospital,20.232,91:0,0,backward,70,71,20.232,36.346999999999994,35.971999999999994,36.971999999999994,36.472,36.971999999999994,37.221999999999994,36.971999999999994,37.097,36.846999999999994,36.971999999999994,0
92,2.49,1.0,2.49,2,3.0,2.5,3,3,2,3.0,3,1,2,2,1,1,3,1,3,2.493,2.518,3.0,3.0,2.0,3.0,3,2,3,3,2,1,3,3,1,3,3,2,1,1,3,3,2,1,3,3,3,3,3,2,2,2,1,2,2,1,2,1,2,2,2,1,2,1,2,1,2,1,2,2,2,2,2,1,3,3,3,3,3,2,2,2,2,2,2.318,2.518,2.318,2.368,2.318,2.343,2.343,2.318,Reasonably age-friendly,Reasonably age-friendly,Reasonably age-friendly,Reasonably age-friendly,Reasonably age-friendly,Reasonably age-friendly,Reasonably age-friendly,Less age-friendly,Less age-friendly,Reasonably age-friendly,Less age-friendly,hospital,137.223,92:0,0,forward,71,72,137.223,149.758,149.633,150.633,149.633,150.633,150.383,150.633,150.508,150.508,150.633,0
92,2.49,1.0,2.49,2,3.0,2.5,3,3,2,3.0,3,1,2,2,1,1,3,1,3,2.493,2.518,3.0,3.0,2.0,3.0,3,2,3,3,2,1,3,3,1,3,3,2,1,1,3,3,2,1,3,3,3,3,3,2,2,2,1,2,2,1,2,1,2,2,2,1,2,1,2,1,2,1,2,2,2,2,2,1,3,3,3,3,3,2,2,2,2,2,2.318,2.518,2.318,2.368,2.318,2.343,2.343,2.318,Reasonably age-friendly,Reasonably age-friendly,Reasonably age-friendly,Reasonably age-friendly,Reasonably age-friendly,Reasonably age-friendly,Reasonably age-friendly,Less age-friendly,Less age-friendly,Reasonably age-friendly,Less age-friendly,hospital,137.223,92:0,0,backward,72,71,137.223,149.758,149.633,150.633,149.633,150.633,150.383,150.633,150.508,150.508,150.633,0
93,1.96,1.5,1.307,3,1.0,3.0,3,3,1,3.0,1,1,3,2,2,1,1,1,2,1.665,1.69,3.0,3.0,2.0,3.0,3,1,3,3,1,1,2,3,2,3,3,3,2,2,3,3,3,2,3,3,3,3,3,2,2,2,1,2,2,1,2,1,2,2,2,1,2,1,2,1,2,1,2,2,2,2,2,1,3,3,3,3,3,2,2,2,2,2,1.54,1.64,1.54,1.49,1.54,1.515,1.515,1.54,Reasonably age-friendly,Reasonably age-friendly,Reasonably age-friendly,Reasonably age-friendly,Reasonably age-friendly,Reasonably age-friendly,Less age-friendly,Reasonably age-friendly,Reasonably age-friendly,Reasonably age-friendly,Less age-friendly,hospital,13.334,93:0,0,forward,72,73,13.334,30.009,29.884,30.634,30.134,30.634,30.883999999999997,30.634,30.759,30.759,30.634,0
93,1.96,1.5,1.307,3,1.0,3.0,3,3,1,3.0,1,1,3,2,2,1,1,1,2,1.665,1.69,3.0,3.0,2.0,3.0,3,1,3,3,1,1,2,3,2,3,3,3,2,2,3,3,3,2,3,3,3,3,3,2,2,2,1,2,2,1,2,1,2,2,2,1,2,1,2,1,2,1,2,2,2,2,2,1,3,3,3,3,3,2,2,2,2,2,1.54,1.64,1.54,1.49,1.54,1.515,1.515,1.54,Reasonably age-friendly,Reasonably age-friendly,Reasonably age-friendly,Reasonably age-friendly,Reasonably age-friendly,Reasonably age-friendly,Less age-friendly,Reasonably age-friendly,Reasonably age-friendly,Reasonably age-friendly,Less age-friendly,hospital,13.334,93:0,0,backward,73,72,13.334,30.009,29.884,30.634,30.134,30.634,30.883999999999997,30.634,30.759,30.759,30.634,0
94,2.16,1.5,1.44,3,1.0,3.0,3,3,1,1.0,1,1,3,3,2,1,3,1,2,1.758,1.683,3.0,3.0,2.0,3.0,3,1,3,3,1,1,2,3,2,3,3,3,2,2,3,3,3,2,3,3,3,3,3,2,2,2,1,2,2,1,2,1,2,2,2,1,2,1,2,1,2,1,2,2,2,2,2,1,2,2,3,2,3,3,2,2,2,2,1.633,1.633,1.633,1.583,1.633,1.608,1.608,1.633,Reasonably age-friendly,Less age-friendly,Less age-friendly,Less age-friendly,Reasonably age-friendly,Reasonably age-friendly,Less age-friendly,Less age-friendly,Less age-friendly,Reasonably age-friendly,Less age-friendly,uncategorized,36.374,94:0,0,forward,74,65,36.374,52.584,52.959,53.209,53.209,53.209,53.459,53.209,53.334,53.334,53.209,0
94,2.16,1.5,1.44,3,1.0,3.0,3,3,1,1.0,1,1,3,3,2,1,3,1,2,1.758,1.683,3.0,3.0,2.0,3.0,3,1,3,3,1,1,2,3,2,3,3,3,2,2,3,3,3,2,3,3,3,3,3,2,2,2,1,2,2,1,2,1,2,2,2,1,2,1,2,1,2,1,2,2,2,2,2,1,2,2,3,2,3,3,2,2,2,2,1.633,1.633,1.633,1.583,1.633,1.608,1.608,1.633,Reasonably age-friendly,Less age-friendly,Less age-friendly,Less age-friendly,Reasonably age-friendly,Reasonably age-friendly,Less age-friendly,Less age-friendly,Less age-friendly,Reasonably age-friendly,Less age-friendly,uncategorized,36.374,94:0,0,backward,65,74,36.374,52.584,52.959,53.209,53.209,53.209,53.459,53.209,53.334,53.334,53.209,0
95,2.68,1.0,2.68,3,3.0,3.0,3,3,3,1.5,3,2,3,2,1,1,3,3,3,2.726,2.701,3.0,3.0,2.0,3.0,3,1,3,3,1,3,3,3,2,3,3,3,2,2,3,3,3,2,3,3,3,3,3,2,2,2,1,2,2,1,2,1,2,2,2,1,2,1,2,1,2,1,2,2,2,2,2,1,3,3,3,3,3,3,2,2,2,2,2.501,2.601,2.501,2.451,2.501,2.576,2.526,2.501,More age-friendly,Reasonably age-friendly,Reasonably age-friendly,Reasonably age-friendly,More age-friendly,More age-friendly,Reasonably age-friendly,Reasonably age-friendly,Reasonably age-friendly,More age-friendly,Less age-friendly,residential,18.371,95:0,0,forward,75,76,18.371,29.741,29.866,30.866,30.366,30.866,31.116,30.866,30.491,30.741,30.866,0
95,2.68,1.0,2.68,3,3.0,3.0,3,3,3,1.5,3,2,3,2,1,1,3,3,3,2.726,2.701,3.0,3.0,2.0,3.0,3,1,3,3,1,3,3,3,2,3,3,3,2,2,3,3,3,2,3,3,3,3,3,2,2,2,1,2,2,1,2,1,2,2,2,1,2,1,2,1,2,1,2,2,2,2,2,1,3,3,3,3,3,3,2,2,2,2,2.501,2.601,2.501,2.451,2.501,2.576,2.526,2.501,More age-friendly,Reasonably age-friendly,Reasonably age-friendly,Reasonably age-friendly,More age-friendly,More age-friendly,Reasonably age-friendly,Reasonably age-friendly,Reasonably age-friendly,More age-friendly,Less age-friendly,residential,18.371,95:0,0,backward,76,75,18.371,29.741,29.866,30.866,30.366,30.866,31.116,30.866,30.491,30.741,30.866,0
96,2.24,1.5,1.493,3,1.0,3.0,3,3,1,1.0,2,1,3,3,2,1,3,1,3,1.695,1.77,3.0,3.0,2.0,3.0,3,1,3,3,1,1,3,3,2,3,3,3,2,2,3,3,3,2,3,3,3,3,3,2,2,2,1,2,2,1,2,1,2,2,2,1,2,1,2,1,2,1,2,2,2,2,2,1,2,2,2,2,2,3,1,2,2,1,1.57,1.67,1.57,1.52,1.57,1.645,1.695,1.57,Reasonably age-friendly,Less age-friendly,Less age-friendly,Less age-friendly,Reasonably age-friendly,Reasonably age-friendly,Less age-friendly,Less age-friendly,Less age-friendly,Reasonably age-friendly,Less age-friendly,uncategorized,53.593,96:0,0,forward,75,77,53.593,70.118,69.743,70.743,70.243,70.743,70.993,70.743,70.368,70.118,70.743,0
96,2.24,1.5,1.493,3,1.0,3.0,3,3,1,1.0,2,1,3,3,2,1,3,1,3,1.695,1.77,3.0,3.0,2.0,3.0,3,1,3,3,1,1,3,3,2,3,3,3,2,2,3,3,3,2,3,3,3,3,3,2,2,2,1,2,2,1,2,1,2,2,2,1,2,1,2,1,2,1,2,2,2,2,2,1,2,2,2,2,2,3,1,2,2,1,1.57,1.67,1.57,1.52,1.57,1.645,1.695,1.57,Reasonably age-friendly,Less age-friendly,Less age-friendly,Less age-friendly,Reasonably age-friendly,Reasonably age-friendly,Less age-friendly,Less age-friendly,Less age-friendly,Reasonably age-friendly,Less age-friendly,uncategorized,53.593,96:0,0,backward,77,75,53.593,70.118,69.743,70.743,70.243,70.743,70.993,70.743,70.368,70.118,70.743,0
97,2.1,1.0,2.1,3,3.0,2.0,3,3,3,1.5,2,1,3,1,1,1,1,1,3,2.22,2.295,3.0,3.0,2.0,3.0,3,1,3,3,1,1,3,3,2,3,3,3,2,2,3,3,3,2,3,3,3,3,3,2,2,2,1,2,2,1,2,1,2,2,2,1,2,1,2,1,2,1,2,2,2,2,2,1,3,3,3,3,3,3,2,3,2,3,2.195,2.195,2.195,2.045,2.195,2.17,2.12,2.195,Reasonably age-friendly,Reasonably age-friendly,Reasonably age-friendly,Reasonably age-friendly,Reasonably age-friendly,Reasonably age-friendly,Reasonably age-friendly,Reasonably age-friendly,Reasonably age-friendly,Reasonably age-friendly,Reasonably age-friendly,residential,22.467,97:0,0,forward,77,78,22.467,36.367,35.992,36.492,36.492,36.492,37.242,36.492,36.617,36.867,36.492,0
97,2.1,1.0,2.1,3,3.0,2.0,3,3,3,1.5,2,1,3,1,1,1,1,1,3,2.22,2.295,3.0,3.0,2.0,3.0,3,1,3,3,1,1,3,3,2,3,3,3,2,2,3,3,3,2,3,3,3,3,3,2,2,2,1,2,2,1,2,1,2,2,2,1,2,1,2,1,2,1,2,2,2,2,2,1,3,3,3,3,3,3,2,3,2,3,2.195,2.195,2.195,2.045,2.195,2.17,2.12,2.195,Reasonably age-friendly,Reasonably age-friendly,Reasonably age-friendly,Reasonably age-friendly,Reasonably age-friendly,Reasonably age-friendly,Reasonably age-friendly,Reasonably age-friendly,Reasonably age-friendly,Reasonably age-friendly,Reasonably age-friendly,residential,22.467,97:0,0,backward,78,77,22.467,36.367,35.992,36.492,36.492,36.492,37.242,36.492,36.617,36.867,36.492,0
98,2.16,1.5,1.44,3,1.0,3.0,3,3,1,1.0,1,1,3,3,2,1,3,1,3,1.658,1.833,3.0,3.0,2.0,3.0,3,1,3,3,1,1,3,3,2,3,3,3,2,2,3,3,3,2,3,3,3,3,3,2,2,2,1,2,2,1,2,1,2,2,2,1,2,1,2,1,2,1,2,2,2,2,2,1,2,3,2,3,2,3,3,2,2,1,1.533,1.733,1.533,1.683,1.533,1.608,1.658,1.533,Reasonably age-friendly,Less age-friendly,Less age-friendly,Less age-friendly,Reasonably age-friendly,Reasonably age-friendly,Less age-friendly,Less age-friendly,Less age-friendly,Reasonably age-friendly,Less age-friendly,residential,24.806,98:0,0,forward,77,79,24.806,41.516000000000005,40.641,42.141000000000005,41.141000000000005,42.141000000000005,41.391000000000005,42.141000000000005,41.766000000000005,41.516000000000005,42.141000000000005,0
98,2.16,1.5,1.44,3,1.0,3.0,3,3,1,1.0,1,1,3,3,2,1,3,1,3,1.658,1.833,3.0,3.0,2.0,3.0,3,1,3,3,1,1,3,3,2,3,3,3,2,2,3,3,3,2,3,3,3,3,3,2,2,2,1,2,2,1,2,1,2,2,2,1,2,1,2,1,2,1,2,2,2,2,2,1,2,3,2,3,2,3,3,2,2,1,1.533,1.733,1.533,1.683,1.533,1.608,1.658,1.533,Reasonably age-friendly,Less age-friendly,Less age-friendly,Less age-friendly,Reasonably age-friendly,Reasonably age-friendly,Less age-friendly,Less age-friendly,Less age-friendly,Reasonably age-friendly,Less age-friendly,residential,24.806,98:0,0,backward,79,77,24.806,41.516000000000005,40.641,42.141000000000005,41.141000000000005,42.141000000000005,41.391000000000005,42.141000000000005,41.766000000000005,41.516000000000005,42.141000000000005,0
99,2.24,1.5,1.493,3,1.0,3.0,3,3,1,1.0,2,1,3,3,2,1,3,1,3,1.695,1.87,3.0,3.0,2.0,3.0,3,1,3,3,1,1,3,3,2,3,3,3,2,2,3,3,3,2,3,3,3,3,3,2,2,2,1,2,2,1,2,1,2,2,2,1,2,1,2,1,2,1,2,2,2,2,2,1,2,3,2,3,2,2,1,2,2,1,1.57,1.77,1.57,1.52,1.57,1.645,1.695,1.57,Reasonably age-friendly,Less age-friendly,Less age-friendly,Less age-friendly,Reasonably age-friendly,Reasonably age-friendly,Less age-friendly,Less age-friendly,Less age-friendly,Reasonably age-friendly,Less age-friendly,uncategorized,57.687,99:0,0,forward,79,80,57.687,74.21199999999999,73.33699999999999,74.83699999999999,73.83699999999999,74.83699999999999,75.08699999999999,74.83699999999999,74.46199999999999,74.21199999999999,74.83699999999999,0
99,2.24,1.5,1.493,3,1.0,3.0,3,3,1,1.0,2,1,3,3,2,1,3,1,3,1.695,1.87,3.0,3.0,2.0,3.0,3,1,3,3,1,1,3,3,2,3,3,3,2,2,3,3,3,2,3,3,3,3,3,2,2,2,1,2,2,1,2,1,2,2,2,1,2,1,2,1,2,1,2,2,2,2,2,1,2,3,2,3,2,2,1,2,2,1,1.57,1.77,1.57,1.52,1.57,1.645,1.695,1.57,Reasonably age-friendly,Less age-friendly,Less age-friendly,Less age-friendly,Reasonably age-friendly,Reasonably age-friendly,Less age-friendly,Less age-friendly,Less age-friendly,Reasonably age-friendly,Less age-friendly,uncategorized,57.687,99:0,0,backward,80,79,57.687,74.21199999999999,73.33699999999999,74.83699999999999,73.83699999999999,74.83699999999999,75.08699999999999,74.83699999999999,74.46199999999999,74.21199999999999,74.83699999999999,0
100,2.16,1.5,1.44,3,1.0,3.0,3,3,1,1.0,1,1,3,3,2,1,3,1,3,1.658,1.833,3.0,3.0,2.0,3.0,3,1,3,3,1,1,3,3,2,3,3,3,2,2,3,3,3,2,3,3,3,3,3,2,2,2,1,2,2,1,2,1,2,2,2,1,2,1,2,1,2,1,2,2,2,2,2,1,2,3,2,3,2,2,1,2,2,1,1.533,1.733,1.533,1.483,1.533,1.608,1.658,1.533,Reasonably age-friendly,Less age-friendly,Less age-friendly,Less age-friendly,Reasonably age-friendly,Reasonably age-friendly,Less age-friendly,Less age-friendly,Less age-friendly,Reasonably age-friendly,Less age-friendly,uncategorized,24.489,100:0,0,forward,80,75,24.489,41.199,40.324,41.824,40.824,41.824,42.074,41.824,41.449,41.199,41.824,0
100,2.16,1.5,1.44,3,1.0,3.0,3,3,1,1.0,1,1,3,3,2,1,3,1,3,1.658,1.833,3.0,3.0,2.0,3.0,3,1,3,3,1,1,3,3,2,3,3,3,2,2,3,3,3,2,3,3,3,3,3,2,2,2,1,2,2,1,2,1,2,2,2,1,2,1,2,1,2,1,2,2,2,2,2,1,2,3,2,3,2,2,1,2,2,1,1.533,1.733,1.533,1.483,1.533,1.608,1.658,1.533,Reasonably age-friendly,Less age-friendly,Less age-friendly,Less age-friendly,Reasonably age-friendly,Reasonably age-friendly,Less age-friendly,Less age-friendly,Less age-friendly,Reasonably age-friendly,Less age-friendly,uncategorized,24.489,100:0,0,backward,75,80,24.489,41.199,40.324,41.824,40.824,41.824,42.074,41.824,41.449,41.199,41.824,0
105,2.19,1.0,2.19,2,3.0,1.5,3,3,2,3.0,3,1,2,1,1,1,2,3,3,2.383,2.308,3.0,3.0,2.0,3.0,3,2,3,3,2,3,3,3,1,3,3,2,1,1,3,3,2,1,3,3,3,3,3,2,2,2,1,2,2,1,2,1,2,2,2,1,2,1,2,1,2,1,2,2,2,2,2,1,3,3,3,3,3,3,3,1,3,3,2.208,2.308,2.208,2.258,2.208,2.133,2.233,2.208,Reasonably age-friendly,Reasonably age-friendly,Reasonably age-friendly,Reasonably age-friendly,Reasonably age-friendly,Reasonably age-friendly,Reasonably age-friendly,Reasonably age-friendly,Reasonably age-friendly,Reasonably age-friendly,Less age-friendly,residential,40.083,105:0,0,forward,81,82,40.083,53.168,53.543,54.043,53.543,54.043,53.793,54.043,54.418,53.918,54.043,0
105,2.19,1.0,2.19,2,3.0,1.5,3,3,2,3.0,3,1,2,1,1,1,2,3,3,2.383,2.308,3.0,3.0,2.0,3.0,3,2,3,3,2,3,3,3,1,3,3,2,1,1,3,3,2,1,3,3,3,3,3,2,2,2,1,2,2,1,2,1,2,2,2,1,2,1,2,1,2,1,2,2,2,2,2,1,3,3,3,3,3,3,3,1,3,3,2.208,2.308,2.208,2.258,2.208,2.133,2.233,2.208,Reasonably age-friendly,Reasonably age-friendly,Reasonably age-friendly,Reasonably age-friendly,Reasonably age-friendly,Reasonably age-friendly,Reasonably age-friendly,Reasonably age-friendly,Reasonably age-friendly,Reasonably age-friendly,Less age-friendly,residential,40.083,105:0,0,backward,82,81,40.083,53.168,53.543,54.043,53.543,54.043,53.793,54.043,54.418,53.918,54.043,0
106,1.8,1.5,1.2,3,1.0,3.0,3,3,1,1.0,1,1,3,2,2,1,1,3,3,1.69,1.465,3.0,3.0,2.0,3.0,3,3,3,3,3,3,3,3,2,3,3,3,2,2,3,3,3,2,3,3,3,3,3,2,2,2,1,2,2,1,2,1,2,2,2,1,2,1,2,1,2,1,2,2,2,2,2,1,2,3,3,1,3,3,2,1,2,3,1.565,1.665,1.565,1.515,1.565,1.44,1.49,1.565,Reasonably age-friendly,Reasonably age-friendly,Reasonably age-friendly,Less age-friendly,Reasonably age-friendly,Reasonably age-friendly,Reasonably age-friendly,Less age-friendly,Less age-friendly,Reasonably age-friendly,Less age-friendly,residential,12.606,106:0,0,forward,82,83,12.606,29.156,30.281,29.781,29.281,29.781,30.031,29.781,30.406,30.156,29.781,0
106,1.8,1.5,1.2,3,1.0,3.0,3,3,1,1.0,1,1,3,2,2,1,1,3,3,1.69,1.465,3.0,3.0,2.0,3.0,3,3,3,3,3,3,3,3,2,3,3,3,2,2,3,3,3,2,3,3,3,3,3,2,2,2,1,2,2,1,2,1,2,2,2,1,2,1,2,1,2,1,2,2,2,2,2,1,2,3,3,1,3,3,2,1,2,3,1.565,1.665,1.565,1.515,1.565,1.44,1.49,1.565,Reasonably age-friendly,Reasonably age-friendly,Reasonably age-friendly,Less age-friendly,Reasonably age-friendly,Reasonably age-friendly,Reasonably age-friendly,Less age-friendly,Less age-friendly,Reasonably age-friendly,Less age-friendly,residential,12.606,106:0,0,backward,83,82,12.606,29.156,30.281,29.781,29.281,29.781,30.031,29.781,30.406,30.156,29.781,0
107,2.53,1.0,2.53,3,3.0,2.5,3,3,2,3.0,3,2,2,1,1,1,3,3,3,2.521,2.546,3.0,3.0,2.0,3.0,3,1,3,3,1,3,3,3,1,3,3,2,1,1,3,3,2,1,3,3,3,3,3,2,2,2,1,2,2,1,2,1,2,2,2,1,2,1,2,1,2,1,2,2,2,2,2,1,1,3,2,3,3,3,3,3,3,3,2.446,2.496,2.446,2.446,2.446,2.571,2.471,2.446,Reasonably age-friendly,Reasonably age-friendly,Reasonably age-friendly,Reasonably age-friendly,Reasonably age-friendly,Reasonably age-friendly,Reasonably age-friendly,Reasonably age-friendly,Reasonably age-friendly,Reasonably age-friendly,Less age-friendly,hospital,92.733,107:0,0,forward,80,84,92.733,105.128,105.003,105.503,105.253,105.503,105.503,105.503,104.878,105.378,105.503,0
107,2.53,1.0,2.53,3,3.0,2.5,3,3,2,3.0,3,2,2,1,1,1,3,3,3,2.521,2.546,3.0,3.0,2.0,3.0,3,1,3,3,1,3,3,3,1,3,3,2,1,1,3,3,2,1,3,3,3,3,3,2,2,2,1,2,2,1,2,1,2,2,2,1,2,1,2,1,2,1,2,2,2,2,2,1,1,3,2,3,3,3,3,3,3,3,2.446,2.496,2.446,2.446,2.446,2.571,2.471,2.446,Reasonably age-friendly,Reasonably age-friendly,Reasonably age-friendly,Reasonably age-friendly,Reasonably age-friendly,Reasonably age-friendly,Reasonably age-friendly,Reasonably age-friendly,Reasonably age-friendly,Reasonably age-friendly,Less age-friendly,hospital,92.733,107:0,0,backward,84,80,92.733,105.128,105.003,105.503,105.253,105.503,105.503,105.503,104.878,105.378,105.503,0
108,1.68,1.5,1.12,1,1.0,3.0,3,3,1,2.0,2,1,2,1,2,1,1,3,3,1.434,1.359,3.0,3.0,2.0,3.0,3,1,3,3,1,3,3,3,1,3,3,2,1,1,3,3,2,1,3,3,3,3,3,2,2,2,1,2,2,1,2,1,2,2,2,1,2,1,2,1,2,1,2,2,2,2,2,1,1,1,1,1,3,3,2,3,2,3,1.459,1.309,1.459,1.359,1.459,1.584,1.384,1.459,Reasonably age-friendly,Less age-friendly,Less age-friendly,Less age-friendly,Reasonably age-friendly,Reasonably age-friendly,Less age-friendly,Reasonably age-friendly,Less age-friendly,Reasonably age-friendly,Less age-friendly,hospital,12.672,108:0,0,forward,85,86,12.672,30.502,30.877,30.377,31.127,30.377,30.877,30.377,29.752,30.752000000000002,30.377,0
108,1.68,1.5,1.12,1,1.0,3.0,3,3,1,2.0,2,1,2,1,2,1,1,3,3,1.434,1.359,3.0,3.0,2.0,3.0,3,1,3,3,1,3,3,3,1,3,3,2,1,1,3,3,2,1,3,3,3,3,3,2,2,2,1,2,2,1,2,1,2,2,2,1,2,1,2,1,2,1,2,2,2,2,2,1,1,1,1,1,3,3,2,3,2,3,1.459,1.309,1.459,1.359,1.459,1.584,1.384,1.459,Reasonably age-friendly,Less age-friendly,Less age-friendly,Less age-friendly,Reasonably age-friendly,Reasonably age-friendly,Less age-friendly,Reasonably age-friendly,Less age-friendly,Reasonably age-friendly,Less age-friendly,hospital,12.672,108:0,0,backward,86,85,12.672,30.502,30.877,30.377,31.127,30.377,30.877,30.377,29.752,30.752000000000002,30.377,0
109,1.92,1.5,1.28,3,1.0,3.0,3,3,1,1.0,1,1,3,3,2,1,1,2,3,1.496,1.521,3.0,3.0,2.0,3.0,3,1,3,3,1,2,3,3,2,3,3,3,2,2,3,3,3,2,3,3,3,3,3,2,2,2,1,2,2,1,2,1,2,2,2,1,2,1,2,1,2,1,2,2,2,2,2,1,3,1,1,1,3,3,2,1,2,2,1.521,1.421,1.521,1.471,1.521,1.446,1.546,1.521,Reasonably age-friendly,Less age-friendly,Less age-friendly,Reasonably age-friendly,Reasonably age-friendly,Reasonably age-friendly,Less age-friendly,Less age-friendly,Reasonably age-friendly,Reasonably age-friendly,Less age-friendly,uncategorized,54.584,109:0,0,forward,85,82,54.584,72.104,71.979,71.979,72.479,71.979,72.229,71.979,72.35400000000001,71.854,71.979,0
109,1.92,1.5,1.28,3,1.0,3.0,3,3,1,1.0,1,1,3,3,2,1,1,2,3,1.496,1.521,3.0,3.0,2.0,3.0,3,1,3,3,1,2,3,3,2,3,3,3,2,2,3,3,3,2,3,3,3,3,3,2,2,2,1,2,2,1,2,1,2,2,2,1,2,1,2,1,2,1,2,2,2,2,2,1,3,1,1,1,3,3,2,1,2,2,1.521,1.421,1.521,1.471,1.521,1.446,1.546,1.521,Reasonably age-friendly,Less age-friendly,Less age-friendly,Reasonably age-friendly,Reasonably age-friendly,Reasonably age-friendly,Less age-friendly,Less age-friendly,Reasonably age-friendly,Reasonably age-friendly,Less age-friendly,uncategorized,54.584,109:0,0,backward,82,85,54.584,72.104,71.979,71.979,72.479,71.979,72.229,71.979,72.35400000000001,71.854,71.979,0
110,1.92,1.5,1.28,3,1.0,3.0,3,3,1,1.0,1,1,3,3,2,1,1,2,3,1.496,1.521,3.0,3.0,2.0,3.0,3,1,3,3,1,2,3,3,2,3,3,3,2,2,3,3,3,2,3,3,3,3,3,2,2,2,1,2,2,1,2,1,2,2,2,1,2,1,2,1,2,1,2,2,2,2,2,1,3,1,1,1,3,3,2,1,2,2,1.521,1.421,1.521,1.471,1.521,1.446,1.546,1.521,Reasonably age-friendly,Less age-friendly,Less age-friendly,Reasonably age-friendly,Reasonably age-friendly,Reasonably age-friendly,Less age-friendly,Less age-friendly,Reasonably age-friendly,Reasonably age-friendly,Less age-friendly,uncategorized,56.296,110:0,0,forward,86,83,56.296,73.816,73.691,73.691,74.191,73.691,73.941,73.691,74.066,73.566,73.691,0
110,1.92,1.5,1.28,3,1.0,3.0,3,3,1,1.0,1,1,3,3,2,1,1,2,3,1.496,1.521,3.0,3.0,2.0,3.0,3,1,3,3,1,2,3,3,2,3,3,3,2,2,3,3,3,2,3,3,3,3,3,2,2,2,1,2,2,1,2,1,2,2,2,1,2,1,2,1,2,1,2,2,2,2,2,1,3,1,1,1,3,3,2,1,2,2,1.521,1.421,1.521,1.471,1.521,1.446,1.546,1.521,Reasonably age-friendly,Less age-friendly,Less age-friendly,Reasonably age-friendly,Reasonably age-friendly,Reasonably age-friendly,Less age-friendly,Less age-friendly,Reasonably age-friendly,Reasonably age-friendly,Less age-friendly,uncategorized,56.296,110:0,0,backward,83,86,56.296,73.816,73.691,73.691,74.191,73.691,73.941,73.691,74.066,73.566,73.691,0
113,2.23,1.0,2.23,2,3.0,1.5,3,3,2,3.0,2,1,2,1,1,1,3,3,2,2.311,2.286,3.0,3.0,2.0,3.0,3,1,3,3,1,3,2,3,1,3,3,2,1,1,3,3,2,1,3,3,3,3,3,2,2,2,1,2,2,1,2,1,2,2,2,1,2,1,2,1,2,1,2,2,2,2,2,1,3,3,2,3,3,3,3,3,3,3,2.236,2.286,2.236,2.236,2.236,2.361,2.211,2.236,Reasonably age-friendly,Reasonably age-friendly,Reasonably age-friendly,Reasonably age-friendly,Reasonably age-friendly,Reasonably age-friendly,Less age-friendly,Reasonably age-friendly,Less age-friendly,Reasonably age-friendly,Less age-friendly,residential,90.545,113:0,0,forward,87,88,90.545,103.99000000000001,104.11500000000001,104.365,104.11500000000001,104.365,104.365,104.365,103.74,104.49000000000001,104.365,0
113,2.23,1.0,2.23,2,3.0,1.5,3,3,2,3.0,2,1,2,1,1,1,3,3,2,2.311,2.286,3.0,3.0,2.0,3.0,3,1,3,3,1,3,2,3,1,3,3,2,1,1,3,3,2,1,3,3,3,3,3,2,2,2,1,2,2,1,2,1,2,2,2,1,2,1,2,1,2,1,2,2,2,2,2,1,3,3,2,3,3,3,3,3,3,3,2.236,2.286,2.236,2.236,2.236,2.361,2.211,2.236,Reasonably age-friendly,Reasonably age-friendly,Reasonably age-friendly,Reasonably age-friendly,Reasonably age-friendly,Reasonably age-friendly,Less age-friendly,Reasonably age-friendly,Less age-friendly,Reasonably age-friendly,Less age-friendly,residential,90.545,113:0,0,backward,88,87,90.545,103.99000000000001,104.11500000000001,104.365,104.11500000000001,104.365,104.365,104.365,103.74,104.49000000000001,104.365,0
114,2.41,1.0,2.41,2,3.0,2.5,3,3,2,3.0,2,1,2,2,1,1,3,2,3,2.387,2.262,3.0,3.0,2.0,3.0,3,1,3,3,1,2,3,3,1,3,3,2,1,1,3,3,2,1,3,3,3,3,3,2,2,2,1,2,2,1,2,1,2,2,2,1,2,1,2,1,2,1,2,2,2,2,2,1,3,3,2,1,3,3,2,3,2,3,2.362,2.412,2.362,2.262,2.362,2.437,2.287,2.362,Reasonably age-friendly,Reasonably age-friendly,Reasonably age-friendly,Less age-friendly,Reasonably age-friendly,Reasonably age-friendly,Less age-friendly,Reasonably age-friendly,Less age-friendly,Reasonably age-friendly,Less age-friendly,hospital,56.669,114:0,0,forward,86,89,56.669,69.734,70.359,69.859,69.609,69.859,70.359,69.859,69.484,70.234,69.859,0
114,2.41,1.0,2.41,2,3.0,2.5,3,3,2,3.0,2,1,2,2,1,1,3,2,3,2.387,2.262,3.0,3.0,2.0,3.0,3,1,3,3,1,2,3,3,1,3,3,2,1,1,3,3,2,1,3,3,3,3,3,2,2,2,1,2,2,1,2,1,2,2,2,1,2,1,2,1,2,1,2,2,2,2,2,1,3,3,2,1,3,3,2,3,2,3,2.362,2.412,2.362,2.262,2.362,2.437,2.287,2.362,Reasonably age-friendly,Reasonably age-friendly,Reasonably age-friendly,Less age-friendly,Reasonably age-friendly,Reasonably age-friendly,Less age-friendly,Reasonably age-friendly,Less age-friendly,Reasonably age-friendly,Less age-friendly,hospital,56.669,114:0,0,backward,89,86,56.669,69.734,70.359,69.859,69.609,69.859,70.359,69.859,69.484,70.234,69.859,0
115,2.25,1.5,1.5,3,1.0,2.5,3,3,1,3.0,2,1,3,2,2,1,3,1,3,1.7,1.675,3.0,3.0,2.0,3.0,3,3,3,3,3,1,3,3,2,3,3,3,2,2,3,3,3,2,3,3,3,3,3,2,2,2,1,2,2,1,2,1,2,2,2,1,2,1,2,1,2,1,2,2,2,2,2,1,3,3,2,1,3,3,1,1,1,3,1.775,1.875,1.775,1.625,1.775,1.55,1.6,1.775,Reasonably age-friendly,Less age-friendly,Less age-friendly,Less age-friendly,Reasonably age-friendly,Reasonably age-friendly,Less age-friendly,Less age-friendly,Less age-friendly,Reasonably age-friendly,Less age-friendly,hospital,27.832,115:0,0,forward,89,90,27.832,44.332,44.457,43.957,43.457,43.957,44.707,43.957,45.082,44.832,43.957,0
115,2.25,1.5,1.5,3,1.0,2.5,3,3,1,3.0,2,1,3,2,2,1,3,1,3,1.7,1.675,3.0,3.0,2.0,3.0,3,3,3,3,3,1,3,3,2,3,3,3,2,2,3,3,3,2,3,3,3,3,3,2,2,2,1,2,2,1,2,1,2,2,2,1,2,1,2,1,2,1,2,2,2,2,2,1,3,3,2,1,3,3,1,1,1,3,1.775,1.875,1.775,1.625,1.775,1.55,1.6,1.775,Reasonably age-friendly,Less age-friendly,Less age-friendly,Less age-friendly,Reasonably age-friendly,Reasonably age-friendly,Less age-friendly,Less age-friendly,Less age-friendly,Reasonably age-friendly,Less age-friendly,hospital,27.832,115:0,0,backward,90,89,27.832,44.332,44.457,43.957,43.457,43.957,44.707,43.957,45.082,44.832,43.957,0
116,2.84,1.0,2.84,3,3.0,3.0,3,3,3,3.0,3,1,2,3,1,1,3,1,3,2.638,2.563,3.0,3.0,2.0,3.0,3,1,3,3,1,1,3,3,1,3,3,2,1,1,3,3,2,1,3,3,3,3,3,2,2,2,1,2,2,1,2,1,2,2,2,1,2,1,2,1,2,1,2,2,2,2,2,1,3,3,2,1,1,3,1,1,3,3,2.663,2.713,2.663,2.463,2.663,2.488,2.688,2.663,More age-friendly,Reasonably age-friendly,Reasonably age-friendly,Reasonably age-friendly,More age-friendly,More age-friendly,Less age-friendly,Less age-friendly,Reasonably age-friendly,More age-friendly,Less age-friendly,hospital,103.807,116:0,0,forward,90,91,103.807,115.617,115.992,115.492,115.242,115.492,116.492,115.492,116.367,115.367,115.492,0
116,2.84,1.0,2.84,3,3.0,3.0,3,3,3,3.0,3,1,2,3,1,1,3,1,3,2.638,2.563,3.0,3.0,2.0,3.0,3,1,3,3,1,1,3,3,1,3,3,2,1,1,3,3,2,1,3,3,3,3,3,2,2,2,1,2,2,1,2,1,2,2,2,1,2,1,2,1,2,1,2,2,2,2,2,1,3,3,2,1,1,3,1,1,3,3,2.663,2.713,2.663,2.463,2.663,2.488,2.688,2.663,More age-friendly,Reasonably age-friendly,Reasonably age-friendly,Reasonably age-friendly,More age-friendly,More age-friendly,Less age-friendly,Less age-friendly,Reasonably age-friendly,More age-friendly,Less age-friendly,hospital,103.807,116:0,0,backward,91,90,103.807,115.617,115.992,115.492,115.242,115.492,116.492,115.492,116.367,115.367,115.492,0
117,2.4,1.0,2.4,3,3.0,3.0,3,3,2,2.0,3,1,2,2,1,1,2,3,2,2.53,2.405,3.0,3.0,2.0,3.0,3,2,3,3,2,3,2,3,1,3,3,2,1,1,3,3,2,1,3,3,3,3,3,2,2,2,1,2,2,1,2,1,2,2,2,1,2,1,2,1,2,1,2,2,2,2,2,1,3,3,3,3,3,2,2,2,2,2,2.255,2.455,2.255,2.305,2.255,2.38,2.23,2.255,Reasonably age-friendly,Reasonably age-friendly,Reasonably age-friendly,Reasonably age-friendly,Reasonably age-friendly,Reasonably age-friendly,Reasonably age-friendly,Reasonably age-friendly,Reasonably age-friendly,Reasonably age-friendly,Reasonably age-friendly,hospital,37.012,117:0,0,forward,73,74,37.012,49.362,49.987,50.737,49.737,50.737,50.487,50.737,50.112,50.862,50.737,0
117,2.4,1.0,2.4,3,3.0,3.0,3,3,2,2.0,3,1,2,2,1,1,2,3,2,2.53,2.405,3.0,3.0,2.0,3.0,3,2,3,3,2,3,2,3,1,3,3,2,1,1,3,3,2,1,3,3,3,3,3,2,2,2,1,2,2,1,2,1,2,2,2,1,2,1,2,1,2,1,2,2,2,2,2,1,3,3,3,3,3,2,2,2,2,2,2.255,2.455,2.255,2.305,2.255,2.38,2.23,2.255,Reasonably age-friendly,Reasonably age-friendly,Reasonably age-friendly,Reasonably age-friendly,Reasonably age-friendly,Reasonably age-friendly,Reasonably age-friendly,Reasonably age-friendly,Reasonably age-friendly,Reasonably age-friendly,Reasonably age-friendly,hospital,37.012,117:0,0,backward,74,73,37.012,49.362,49.987,50.737,49.737,50.737,50.487,50.737,50.112,50.862,50.737,0
118,2.16,1.5,1.44,3,3.0,3.0,3,3,1,1.0,1,1,3,2,2,1,3,1,3,1.658,1.833,3.0,3.0,2.0,3.0,3,1,3,3,1,1,3,3,2,3,3,3,2,2,3,3,3,2,3,3,3,3,3,2,2,2,1,2,2,1,2,1,2,2,2,1,2,1,2,1,2,1,2,2,2,2,2,1,2,3,2,3,1,3,3,1,2,1,1.533,1.733,1.533,1.683,1.533,1.508,1.658,1.533,Reasonably age-friendly,Less age-friendly,Less age-friendly,Less age-friendly,Reasonably age-friendly,Reasonably age-friendly,Less age-friendly,Less age-friendly,Less age-friendly,Reasonably age-friendly,Less age-friendly,residential,18.856,118:0,0,forward,88,92,18.856,35.566,34.691,36.191,35.191,36.191,35.441,36.191,36.316,35.566,36.191,0
118,2.16,1.5,1.44,3,3.0,3.0,3,3,1,1.0,1,1,3,2,2,1,3,1,3,1.658,1.833,3.0,3.0,2.0,3.0,3,1,3,3,1,1,3,3,2,3,3,3,2,2,3,3,3,2,3,3,3,3,3,2,2,2,1,2,2,1,2,1,2,2,2,1,2,1,2,1,2,1,2,2,2,2,2,1,2,3,2,3,1,3,3,1,2,1,1.533,1.733,1.533,1.683,1.533,1.508,1.658,1.533,Reasonably age-friendly,Less age-friendly,Less age-friendly,Less age-friendly,Reasonably age-friendly,Reasonably age-friendly,Less age-friendly,Less age-friendly,Less age-friendly,Reasonably age-friendly,Less age-friendly,residential,18.856,118:0,0,backward,92,88,18.856,35.566,34.691,36.191,35.191,36.191,35.441,36.191,36.316,35.566,36.191,0
119,2.16,1.5,1.44,3,1.0,3.0,3,3,1,1.0,1,1,3,3,2,1,3,2,3,1.708,1.633,3.0,3.0,2.0,3.0,3,1,3,3,1,2,3,3,2,3,3,3,2,2,3,3,3,2,3,3,3,3,3,2,2,2,1,2,2,1,2,1,2,2,2,1,2,1,2,1,2,1,2,2,2,2,2,1,3,2,2,1,1,3,1,1,2,1,1.533,1.633,1.533,1.483,1.533,1.558,1.658,1.533,Reasonably age-friendly,Less age-friendly,Less age-friendly,Less age-friendly,Reasonably age-friendly,Reasonably age-friendly,Less age-friendly,Less age-friendly,Less age-friendly,Reasonably age-friendly,Less age-friendly,uncategorized,57.503,119:0,0,forward,88,91,57.503,73.963,74.338,74.838,74.338,74.838,75.088,74.838,74.713,74.213,74.838,0
119,2.16,1.5,1.44,3,1.0,3.0,3,3,1,1.0,1,1,3,3,2,1,3,2,3,1.708,1.633,3.0,3.0,2.0,3.0,3,1,3,3,1,2,3,3,2,3,3,3,2,2,3,3,3,2,3,3,3,3,3,2,2,2,1,2,2,1,2,1,2,2,2,1,2,1,2,1,2,1,2,2,2,2,2,1,3,2,2,1,1,3,1,1,2,1,1.533,1.633,1.533,1.483,1.533,1.558,1.658,1.533,Reasonably age-friendly,Less age-friendly,Less age-friendly,Less age-friendly,Reasonably age-friendly,Reasonably age-friendly,Less age-friendly,Less age-friendly,Less age-friendly,Reasonably age-friendly,Less age-friendly,uncategorized,57.503,119:0,0,backward,91,88,57.503,73.963,74.338,74.838,74.338,74.838,75.088,74.838,74.713,74.213,74.838,0
120,2.16,1.5,1.44,3,1.0,3.0,3,3,1,1.0,1,1,3,3,2,1,3,2,3,1.708,1.833,3.0,3.0,2.0,3.0,3,2,3,3,2,2,3,3,2,3,3,3,2,2,3,3,3,2,3,3,3,3,3,2,2,2,1,2,2,1,2,1,2,2,2,1,2,1,2,1,2,1,2,2,2,2,2,1,2,1,2,3,1,3,1,1,3,1,1.533,1.583,1.533,1.533,1.533,1.558,1.758,1.533,Reasonably age-friendly,Less age-friendly,Less age-friendly,Less age-friendly,Reasonably age-friendly,Reasonably age-friendly,Less age-friendly,Less age-friendly,Less age-friendly,Reasonably age-friendly,Less age-friendly,hospital,21.726,120:0,0,forward,91,93,21.726,38.186,37.561,39.061,38.811,39.061,39.061,39.061,38.936,37.936,39.061,0
120,2.16,1.5,1.44,3,1.0,3.0,3,3,1,1.0,1,1,3,3,2,1,3,2,3,1.708,1.833,3.0,3.0,2.0,3.0,3,2,3,3,2,2,3,3,2,3,3,3,2,2,3,3,3,2,3,3,3,3,3,2,2,2,1,2,2,1,2,1,2,2,2,1,2,1,2,1,2,1,2,2,2,2,2,1,2,1,2,3,1,3,1,1,3,1,1.533,1.583,1.533,1.533,1.533,1.558,1.758,1.533,Reasonably age-friendly,Less age-friendly,Less age-friendly,Less age-friendly,Reasonably age-friendly,Reasonably age-friendly,Less age-friendly,Less age-friendly,Less age-friendly,Reasonably age-friendly,Less age-friendly,hospital,21.726,120:0,0,backward,93,91,21.726,38.186,37.561,39.061,38.811,39.061,39.061,39.061,38.936,37.936,39.061,0
121,2.16,1.5,1.44,3,1.0,3.0,3,3,1,1.0,1,1,3,3,2,1,3,1,3,1.658,1.833,3.0,3.0,2.0,3.0,3,1,3,3,1,1,3,3,2,3,3,3,2,2,3,3,3,2,3,3,3,3,3,2,2,2,1,2,2,1,2,1,2,2,2,1,2,1,2,1,2,1,2,2,2,2,2,1,3,2,2,3,1,3,1,1,2,1,1.533,1.633,1.533,1.483,1.533,1.508,1.658,1.533,Reasonably age-friendly,Less age-friendly,Less age-friendly,Less age-friendly,Reasonably age-friendly,Reasonably age-friendly,Less age-friendly,Less age-friendly,Less age-friendly,Reasonably age-friendly,Less age-friendly,uncategorized,57.69,121:0,0,forward,93,92,57.69,74.4,73.52499999999999,75.025,74.525,75.025,75.275,75.025,75.15,74.4,75.025,0
121,2.16,1.5,1.44,3,1.0,3.0,3,3,1,1.0,1,1,3,3,2,1,3,1,3,1.658,1.833,3.0,3.0,2.0,3.0,3,1,3,3,1,1,3,3,2,3,3,3,2,2,3,3,3,2,3,3,3,3,3,2,2,2,1,2,2,1,2,1,2,2,2,1,2,1,2,1,2,1,2,2,2,2,2,1,3,2,2,3,1,3,1,1,2,1,1.533,1.633,1.533,1.483,1.533,1.508,1.658,1.533,Reasonably age-friendly,Less age-friendly,Less age-friendly,Less age-friendly,Reasonably age-friendly,Reasonably age-friendly,Less age-friendly,Less age-friendly,Less age-friendly,Reasonably age-friendly,Less age-friendly,uncategorized,57.69,121:0,0,backward,92,93,57.69,74.4,73.52499999999999,75.025,74.525,75.025,75.275,75.025,75.15,74.4,75.025,0
131,1.92,1.5,1.28,3,1.0,3.0,3,3,1,1.0,1,1,3,2,2,1,2,1,3,1.446,1.621,3.0,3.0,2.0,3.0,3,1,3,3,1,1,3,3,2,3,3,3,2,2,3,3,3,2,3,3,3,3,3,2,2,2,1,2,2,1,2,1,2,2,2,1,2,1,2,1,2,1,2,2,2,2,2,1,3,3,1,2,3,3,2,1,1,2,1.521,1.621,1.521,1.471,1.521,1.396,1.446,1.521,Reasonably age-friendly,Less age-friendly,Less age-friendly,Less age-friendly,Reasonably age-friendly,Reasonably age-friendly,Less age-friendly,Less age-friendly,Less age-friendly,Reasonably age-friendly,Less age-friendly,residential,27.319,131:0,0,forward,94,95,27.319,45.089,44.214,44.714,44.214,44.714,44.964,44.714,45.339,45.089,44.714,0
131,1.92,1.5,1.28,3,1.0,3.0,3,3,1,1.0,1,1,3,2,2,1,2,1,3,1.446,1.621,3.0,3.0,2.0,3.0,3,1,3,3,1,1,3,3,2,3,3,3,2,2,3,3,3,2,3,3,3,3,3,2,2,2,1,2,2,1,2,1,2,2,2,1,2,1,2,1,2,1,2,2,2,2,2,1,3,3,1,2,3,3,2,1,1,2,1.521,1.621,1.521,1.471,1.521,1.396,1.446,1.521,Reasonably age-friendly,Less age-friendly,Less age-friendly,Less age-friendly,Reasonably age-friendly,Reasonably age-friendly,Less age-friendly,Less age-friendly,Less age-friendly,Reasonably age-friendly,Less age-friendly,residential,27.319,131:0,0,backward,95,94,27.319,45.089,44.214,44.714,44.214,44.714,44.964,44.714,45.339,45.089,44.714,0
132,1.92,1.5,1.28,3,1.0,3.0,3,3,1,1.0,1,1,3,2,2,1,2,1,2,1.446,1.571,3.0,3.0,2.0,3.0,3,1,3,3,1,1,2,3,2,3,3,3,2,2,3,3,3,2,3,3,3,3,3,2,2,2,1,2,2,1,2,1,2,2,2,1,2,1,2,1,2,1,2,2,2,2,2,1,3,3,1,2,3,2,2,1,1,2,1.521,1.621,1.521,1.471,1.521,1.396,1.396,1.521,Reasonably age-friendly,Less age-friendly,Less age-friendly,Less age-friendly,Reasonably age-friendly,Reasonably age-friendly,Less age-friendly,Less age-friendly,Less age-friendly,Reasonably age-friendly,Less age-friendly,uncategorized,57.87,132:0,0,forward,95,96,57.87,75.64,75.015,75.265,74.765,75.265,75.515,75.265,75.89,75.89,75.265,0
132,1.92,1.5,1.28,3,1.0,3.0,3,3,1,1.0,1,1,3,2,2,1,2,1,2,1.446,1.571,3.0,3.0,2.0,3.0,3,1,3,3,1,1,2,3,2,3,3,3,2,2,3,3,3,2,3,3,3,3,3,2,2,2,1,2,2,1,2,1,2,2,2,1,2,1,2,1,2,1,2,2,2,2,2,1,3,3,1,2,3,2,2,1,1,2,1.521,1.621,1.521,1.471,1.521,1.396,1.396,1.521,Reasonably age-friendly,Less age-friendly,Less age-friendly,Less age-friendly,Reasonably age-friendly,Reasonably age-friendly,Less age-friendly,Less age-friendly,Less age-friendly,Reasonably age-friendly,Less age-friendly,uncategorized,57.87,132:0,0,backward,96,95,57.87,75.64,75.015,75.265,74.765,75.265,75.515,75.265,75.89,75.89,75.265,0
133,2.06,1.0,2.06,2,3.0,2.0,2,3,2,1.0,3,1,3,2,1,1,2,2,3,2.142,2.167,3.0,3.0,2.0,3.0,3,2,3,3,2,2,3,3,2,3,3,3,2,2,3,3,3,2,3,3,3,3,3,2,2,2,1,2,2,1,2,1,2,2,2,1,2,1,2,1,2,1,2,2,2,2,2,1,3,3,2,2,2,3,3,1,1,2,2.067,2.217,2.067,2.167,2.067,1.992,1.992,2.067,Reasonably age-friendly,Reasonably age-friendly,Reasonably age-friendly,Reasonably age-friendly,Reasonably age-friendly,Reasonably age-friendly,Reasonably age-friendly,Reasonably age-friendly,Reasonably age-friendly,Reasonably age-friendly,Reasonably age-friendly,residential,55.946,133:0,0,forward,95,97,55.946,70.236,70.111,70.61099999999999,69.86099999999999,70.61099999999999,70.111,70.61099999999999,70.98599999999999,70.98599999999999,70.61099999999999,0
133,2.06,1.0,2.06,2,3.0,2.0,2,3,2,1.0,3,1,3,2,1,1,2,2,3,2.142,2.167,3.0,3.0,2.0,3.0,3,2,3,3,2,2,3,3,2,3,3,3,2,2,3,3,3,2,3,3,3,3,3,2,2,2,1,2,2,1,2,1,2,2,2,1,2,1,2,1,2,1,2,2,2,2,2,1,3,3,2,2,2,3,3,1,1,2,2.067,2.217,2.067,2.167,2.067,1.992,1.992,2.067,Reasonably age-friendly,Reasonably age-friendly,Reasonably age-friendly,Reasonably age-friendly,Reasonably age-friendly,Reasonably age-friendly,Reasonably age-friendly,Reasonably age-friendly,Reasonably age-friendly,Reasonably age-friendly,Reasonably age-friendly,residential,55.946,133:0,0,backward,97,95,55.946,70.236,70.111,70.61099999999999,69.86099999999999,70.61099999999999,70.111,70.61099999999999,70.98599999999999,70.98599999999999,70.61099999999999,0
134,2.07,1.0,2.07,3,3.0,1.5,3,3,2,2.5,1,1,3,1,1,1,2,3,3,2.299,2.274,3.0,3.0,2.0,3.0,3,2,3,3,2,3,3,3,2,3,3,3,2,2,3,3,3,2,3,3,3,3,3,2,2,2,1,2,2,1,2,1,2,2,2,1,2,1,2,1,2,1,2,2,2,2,2,1,3,2,3,3,3,2,3,2,3,2,2.074,2.124,2.074,2.174,2.074,2.149,2.199,2.074,Reasonably age-friendly,Reasonably age-friendly,Reasonably age-friendly,Reasonably age-friendly,Reasonably age-friendly,Reasonably age-friendly,Reasonably age-friendly,Reasonably age-friendly,Reasonably age-friendly,Reasonably age-friendly,Less age-friendly,residential,53.692,134:0,0,forward,96,98,53.692,67.197,67.322,68.322,68.072,68.322,67.822,68.322,67.947,67.697,68.322,0
134,2.07,1.0,2.07,3,3.0,1.5,3,3,2,2.5,1,1,3,1,1,1,2,3,3,2.299,2.274,3.0,3.0,2.0,3.0,3,2,3,3,2,3,3,3,2,3,3,3,2,2,3,3,3,2,3,3,3,3,3,2,2,2,1,2,2,1,2,1,2,2,2,1,2,1,2,1,2,1,2,2,2,2,2,1,3,2,3,3,3,2,3,2,3,2,2.074,2.124,2.074,2.174,2.074,2.149,2.199,2.074,Reasonably age-friendly,Reasonably age-friendly,Reasonably age-friendly,Reasonably age-friendly,Reasonably age-friendly,Reasonably age-friendly,Reasonably age-friendly,Reasonably age-friendly,Reasonably age-friendly,Reasonably age-friendly,Less age-friendly,residential,53.692,134:0,0,backward,98,96,53.692,67.197,67.322,68.322,68.072,68.322,67.822,68.322,67.947,67.697,68.322,0
135,1.92,1.5,1.28,3,1.0,3.0,3,3,1,1.0,1,1,3,2,2,1,2,1,3,1.446,1.721,3.0,3.0,2.0,3.0,3,1,3,3,1,1,3,3,2,3,3,3,2,2,3,3,3,2,3,3,3,3,3,2,2,2,1,2,2,1,2,1,2,2,2,1,2,1,2,1,2,1,2,2,2,2,2,1,3,2,1,3,3,3,2,2,1,2,1.521,1.521,1.521,1.471,1.521,1.496,1.446,1.521,Reasonably age-friendly,Less age-friendly,Less age-friendly,Reasonably age-friendly,Reasonably age-friendly,Reasonably age-friendly,Less age-friendly,Less age-friendly,Less age-friendly,Reasonably age-friendly,Less age-friendly,uncategorized,23.619,135:0,0,forward,96,99,23.619,41.389,40.013999999999996,41.013999999999996,41.013999999999996,41.013999999999996,41.263999999999996,41.013999999999996,41.138999999999996,41.389,41.013999999999996,0
135,1.92,1.5,1.28,3,1.0,3.0,3,3,1,1.0,1,1,3,2,2,1,2,1,3,1.446,1.721,3.0,3.0,2.0,3.0,3,1,3,3,1,1,3,3,2,3,3,3,2,2,3,3,3,2,3,3,3,3,3,2,2,2,1,2,2,1,2,1,2,2,2,1,2,1,2,1,2,1,2,2,2,2,2,1,3,2,1,3,3,3,2,2,1,2,1.521,1.521,1.521,1.471,1.521,1.496,1.446,1.521,Reasonably age-friendly,Less age-friendly,Less age-friendly,Reasonably age-friendly,Reasonably age-friendly,Reasonably age-friendly,Less age-friendly,Less age-friendly,Less age-friendly,Reasonably age-friendly,Less age-friendly,uncategorized,23.619,135:0,0,backward,99,96,23.619,41.389,40.013999999999996,41.013999999999996,41.013999999999996,41.013999999999996,41.263999999999996,41.013999999999996,41.138999999999996,41.389,41.013999999999996,0
136,1.92,1.5,1.28,3,1.0,3.0,3,3,1,1.0,1,1,3,2,2,1,2,1,2,1.446,1.571,3.0,3.0,2.0,3.0,3,1,3,3,1,1,2,3,2,3,3,3,2,2,3,3,3,2,3,3,3,3,3,2,2,2,1,2,2,1,2,1,2,2,2,1,2,1,2,1,2,1,2,2,2,2,2,1,2,2,1,2,3,2,2,1,1,2,1.521,1.521,1.521,1.471,1.521,1.396,1.396,1.521,Reasonably age-friendly,Less age-friendly,Less age-friendly,Less age-friendly,Reasonably age-friendly,Reasonably age-friendly,Less age-friendly,Less age-friendly,Less age-friendly,Reasonably age-friendly,Less age-friendly,uncategorized,57.105,136:0,0,forward,99,94,57.105,74.875,74.25,74.5,74.5,74.5,74.75,74.5,75.125,75.125,74.5,0
136,1.92,1.5,1.28,3,1.0,3.0,3,3,1,1.0,1,1,3,2,2,1,2,1,2,1.446,1.571,3.0,3.0,2.0,3.0,3,1,3,3,1,1,2,3,2,3,3,3,2,2,3,3,3,2,3,3,3,3,3,2,2,2,1,2,2,1,2,1,2,2,2,1,2,1,2,1,2,1,2,2,2,2,2,1,2,2,1,2,3,2,2,1,1,2,1.521,1.521,1.521,1.471,1.521,1.396,1.396,1.521,Reasonably age-friendly,Less age-friendly,Less age-friendly,Less age-friendly,Reasonably age-friendly,Reasonably age-friendly,Less age-friendly,Less age-friendly,Less age-friendly,Reasonably age-friendly,Less age-friendly,uncategorized,57.105,136:0,0,backward,94,99,57.105,74.875,74.25,74.5,74.5,74.5,74.75,74.5,75.125,75.125,74.5,0
137,2.64,1.0,2.64,3,3.0,3.0,3,3,2,3.0,3,3,2,2,1,1,2,2,3,2.548,2.523,3.0,3.0,2.0,3.0,3,2,3,3,2,2,3,3,1,3,3,2,1,1,3,3,2,1,3,3,3,3,3,2,2,2,1,2,2,1,2,1,2,2,2,1,2,1,2,1,2,1,2,2,2,2,2,1,3,3,2,2,3,3,3,3,3,2,2.423,2.623,2.423,2.573,2.423,2.598,2.548,2.423,Reasonably age-friendly,Reasonably age-friendly,Reasonably age-friendly,Reasonably age-friendly,Reasonably age-friendly,Reasonably age-friendly,Reasonably age-friendly,Reasonably age-friendly,Reasonably age-friendly,Reasonably age-friendly,Reasonably age-friendly,campus,106.2,137:0,0,forward,99,100,106.2,118.46000000000001,118.58500000000001,119.08500000000001,118.08500000000001,119.08500000000001,118.33500000000001,119.08500000000001,118.21000000000001,118.46000000000001,119.08500000000001,0
137,2.64,1.0,2.64,3,3.0,3.0,3,3,2,3.0,3,3,2,2,1,1,2,2,3,2.548,2.523,3.0,3.0,2.0,3.0,3,2,3,3,2,2,3,3,1,3,3,2,1,1,3,3,2,1,3,3,3,3,3,2,2,2,1,2,2,1,2,1,2,2,2,1,2,1,2,1,2,1,2,2,2,2,2,1,3,3,2,2,3,3,3,3,3,2,2.423,2.623,2.423,2.573,2.423,2.598,2.548,2.423,Reasonably age-friendly,Reasonably age-friendly,Reasonably age-friendly,Reasonably age-friendly,Reasonably age-friendly,Reasonably age-friendly,Reasonably age-friendly,Reasonably age-friendly,Reasonably age-friendly,Reasonably age-friendly,Reasonably age-friendly,campus,106.2,137:0,0,backward,100,99,106.2,118.46000000000001,118.58500000000001,119.08500000000001,118.08500000000001,119.08500000000001,118.33500000000001,119.08500000000001,118.21000000000001,118.46000000000001,119.08500000000001,0
138,1.8,1.5,1.2,3,1.0,3.0,3,3,1,1.0,1,1,3,2,2,1,1,3,3,1.59,1.565,3.0,3.0,2.0,3.0,3,2,3,3,2,3,3,3,2,3,3,3,2,2,3,3,3,2,3,3,3,3,3,2,2,2,1,2,2,1,2,1,2,2,2,1,2,1,2,1,2,1,2,2,2,2,2,1,1,2,2,2,3,3,2,2,2,1,1.365,1.515,1.365,1.465,1.365,1.54,1.49,1.365,Reasonably age-friendly,Reasonably age-friendly,Reasonably age-friendly,Reasonably age-friendly,Reasonably age-friendly,Reasonably age-friendly,Reasonably age-friendly,Reasonably age-friendly,Reasonably age-friendly,Reasonably age-friendly,Less age-friendly,uncategorized,53.199,138:0,0,forward,100,101,53.199,70.249,70.374,71.374,70.624,71.374,70.874,71.374,70.499,70.749,71.374,0
138,1.8,1.5,1.2,3,1.0,3.0,3,3,1,1.0,1,1,3,2,2,1,1,3,3,1.59,1.565,3.0,3.0,2.0,3.0,3,2,3,3,2,3,3,3,2,3,3,3,2,2,3,3,3,2,3,3,3,3,3,2,2,2,1,2,2,1,2,1,2,2,2,1,2,1,2,1,2,1,2,2,2,2,2,1,1,2,2,2,3,3,2,2,2,1,1.365,1.515,1.365,1.465,1.365,1.54,1.49,1.365,Reasonably age-friendly,Reasonably age-friendly,Reasonably age-friendly,Reasonably age-friendly,Reasonably age-friendly,Reasonably age-friendly,Reasonably age-friendly,Reasonably age-friendly,Reasonably age-friendly,Reasonably age-friendly,Less age-friendly,uncategorized,53.199,138:0,0,backward,101,100,53.199,70.249,70.374,71.374,70.624,71.374,70.874,71.374,70.499,70.749,71.374,0
139,1.92,1.5,1.28,3,1.0,3.0,3,3,1,1.0,1,1,3,2,2,1,2,1,3,1.546,1.621,3.0,3.0,2.0,3.0,3,1,3,3,1,1,3,3,2,3,3,3,2,2,3,3,3,2,3,3,3,3,3,2,2,2,1,2,2,1,2,1,2,2,2,1,2,1,2,1,2,1,2,2,2,2,2,1,3,2,2,2,3,3,2,1,3,1,1.421,1.521,1.421,1.471,1.421,1.396,1.646,1.421,Reasonably age-friendly,Less age-friendly,Less age-friendly,Less age-friendly,Reasonably age-friendly,Reasonably age-friendly,Less age-friendly,Less age-friendly,Less age-friendly,Reasonably age-friendly,Less age-friendly,uncategorized,54.78,139:0,0,forward,102,103,54.78,72.05,71.675,72.675,72.175,72.675,72.425,72.675,72.8,71.55,72.675,0
139,1.92,1.5,1.28,3,1.0,3.0,3,3,1,1.0,1,1,3,2,2,1,2,1,3,1.546,1.621,3.0,3.0,2.0,3.0,3,1,3,3,1,1,3,3,2,3,3,3,2,2,3,3,3,2,3,3,3,3,3,2,2,2,1,2,2,1,2,1,2,2,2,1,2,1,2,1,2,1,2,2,2,2,2,1,3,2,2,2,3,3,2,1,3,1,1.421,1.521,1.421,1.471,1.421,1.396,1.646,1.421,Reasonably age-friendly,Less age-friendly,Less age-friendly,Less age-friendly,Reasonably age-friendly,Reasonably age-friendly,Less age-friendly,Less age-friendly,Less age-friendly,Reasonably age-friendly,Less age-friendly,uncategorized,54.78,139:0,0,backward,103,102,54.78,72.05,71.675,72.675,72.175,72.675,72.425,72.675,72.8,71.55,72.675,0
140,2.52,1.0,2.52,3,3.0,3.0,3,3,2,3.0,3,3,2,1,1,1,2,3,3,2.514,2.439,3.0,3.0,2.0,3.0,3,2,3,3,2,3,3,3,1,3,3,2,1,1,3,3,2,1,3,3,3,3,3,2,2,2,1,2,2,1,2,1,2,2,2,1,2,1,2,1,2,1,2,2,2,2,2,1,3,3,2,2,3,3,3,3,3,3,2.439,2.539,2.439,2.489,2.439,2.564,2.464,2.439,Reasonably age-friendly,Reasonably age-friendly,Reasonably age-friendly,Reasonably age-friendly,Reasonably age-friendly,Reasonably age-friendly,Reasonably age-friendly,Reasonably age-friendly,Reasonably age-friendly,Reasonably age-friendly,Reasonably age-friendly,campus,119.315,140:0,0,forward,100,104,119.315,131.745,132.12,132.12,131.62,132.12,131.87,132.12,131.495,131.995,132.12,0
140,2.52,1.0,2.52,3,3.0,3.0,3,3,2,3.0,3,3,2,1,1,1,2,3,3,2.514,2.439,3.0,3.0,2.0,3.0,3,2,3,3,2,3,3,3,1,3,3,2,1,1,3,3,2,1,3,3,3,3,3,2,2,2,1,2,2,1,2,1,2,2,2,1,2,1,2,1,2,1,2,2,2,2,2,1,3,3,2,2,3,3,3,3,3,3,2.439,2.539,2.439,2.489,2.439,2.564,2.464,2.439,Reasonably age-friendly,Reasonably age-friendly,Reasonably age-friendly,Reasonably age-friendly,Reasonably age-friendly,Reasonably age-friendly,Reasonably age-friendly,Reasonably age-friendly,Reasonably age-friendly,Reasonably age-friendly,Reasonably age-friendly,campus,119.315,140:0,0,backward,104,100,119.315,131.745,132.12,132.12,131.62,132.12,131.87,132.12,131.495,131.995,132.12,0
141,2.65,1.0,2.65,3,3.0,2.5,3,3,2,3.0,3,2,2,2,1,1,3,2,3,2.555,2.53,3.0,3.0,2.0,3.0,3,1,3,3,1,2,3,3,1,3,3,2,1,1,3,3,2,1,3,3,3,3,3,2,2,2,1,2,2,1,2,1,2,2,2,1,2,1,2,1,2,1,2,2,2,2,2,1,3,2,2,2,3,3,3,2,3,3,2.53,2.48,2.53,2.53,2.53,2.505,2.555,2.53,More age-friendly,Less age-friendly,Less age-friendly,Less age-friendly,More age-friendly,More age-friendly,Less age-friendly,Less age-friendly,Less age-friendly,More age-friendly,Less age-friendly,hospital,106.192,141:0,0,forward,103,93,106.192,118.41699999999999,118.542,118.542,118.79199999999999,118.542,118.542,118.542,118.667,118.41699999999999,118.542,0
141,2.65,1.0,2.65,3,3.0,2.5,3,3,2,3.0,3,2,2,2,1,1,3,2,3,2.555,2.53,3.0,3.0,2.0,3.0,3,1,3,3,1,2,3,3,1,3,3,2,1,1,3,3,2,1,3,3,3,3,3,2,2,2,1,2,2,1,2,1,2,2,2,1,2,1,2,1,2,1,2,2,2,2,2,1,3,2,2,2,3,3,3,2,3,3,2.53,2.48,2.53,2.53,2.53,2.505,2.555,2.53,More age-friendly,Less age-friendly,Less age-friendly,Less age-friendly,More age-friendly,More age-friendly,Less age-friendly,Less age-friendly,Less age-friendly,More age-friendly,Less age-friendly,hospital,106.192,141:0,0,backward,93,103,106.192,118.41699999999999,118.542,118.542,118.79199999999999,118.542,118.542,118.542,118.667,118.41699999999999,118.542,0
147,2.16,1.5,1.44,3,1.0,3.0,3,3,1,1.0,1,1,3,3,2,1,3,3,1,1.658,1.633,3.0,3.0,2.0,3.0,3,1,3,3,1,3,1,3,2,3,3,3,2,2,3,3,3,2,3,3,3,3,3,2,2,2,1,2,2,1,2,1,2,2,2,1,2,1,2,1,2,1,2,2,2,2,2,1,3,3,1,2,3,2,1,1,1,3,1.733,1.733,1.733,1.483,1.733,1.608,1.458,1.733,Reasonably age-friendly,Less age-friendly,Less age-friendly,Less age-friendly,Reasonably age-friendly,Reasonably age-friendly,Less age-friendly,Less age-friendly,Less age-friendly,Reasonably age-friendly,Less age-friendly,uncategorized,22.298,147:0,0,forward,105,106,22.298,39.007999999999996,39.132999999999996,38.632999999999996,38.632999999999996,38.632999999999996,39.882999999999996,38.632999999999996,39.257999999999996,40.007999999999996,38.632999999999996,0
147,2.16,1.5,1.44,3,1.0,3.0,3,3,1,1.0,1,1,3,3,2,1,3,3,1,1.658,1.633,3.0,3.0,2.0,3.0,3,1,3,3,1,3,1,3,2,3,3,3,2,2,3,3,3,2,3,3,3,3,3,2,2,2,1,2,2,1,2,1,2,2,2,1,2,1,2,1,2,1,2,2,2,2,2,1,3,3,1,2,3,2,1,1,1,3,1.733,1.733,1.733,1.483,1.733,1.608,1.458,1.733,Reasonably age-friendly,Less age-friendly,Less age-friendly,Less age-friendly,Reasonably age-friendly,Reasonably age-friendly,Less age-friendly,Less age-friendly,Less age-friendly,Reasonably age-friendly,Less age-friendly,uncategorized,22.298,147:0,0,backward,106,105,22.298,39.007999999999996,39.132999999999996,38.632999999999996,38.632999999999996,38.632999999999996,39.882999999999996,38.632999999999996,39.257999999999996,40.007999999999996,38.632999999999996,0
148,2.28,1.5,1.52,3,3.0,3.0,3,3,3,2.0,3,1,2,1,2,1,1,3,2,1.914,1.789,3.0,3.0,2.0,3.0,3,2,3,3,2,3,2,3,1,3,3,2,1,1,3,3,2,1,3,3,3,3,3,2,2,2,1,2,2,1,2,1,2,2,2,1,2,1,2,1,2,1,2,2,2,2,2,1,3,3,3,3,3,2,3,3,3,2,1.639,1.839,1.639,1.789,1.639,1.864,1.714,1.639,Reasonably age-friendly,Reasonably age-friendly,Reasonably age-friendly,Reasonably age-friendly,Reasonably age-friendly,Reasonably age-friendly,Reasonably age-friendly,Reasonably age-friendly,Reasonably age-friendly,Reasonably age-friendly,Reasonably age-friendly,campus,223.401,148:0,0,forward,106,99,223.401,238.83100000000002,239.45600000000002,240.20600000000002,239.20600000000002,240.20600000000002,239.45600000000002,240.20600000000002,239.08100000000002,239.83100000000002,240.20600000000002,0
148,2.28,1.5,1.52,3,3.0,3.0,3,3,3,2.0,3,1,2,1,2,1,1,3,2,1.914,1.789,3.0,3.0,2.0,3.0,3,2,3,3,2,3,2,3,1,3,3,2,1,1,3,3,2,1,3,3,3,3,3,2,2,2,1,2,2,1,2,1,2,2,2,1,2,1,2,1,2,1,2,2,2,2,2,1,3,3,3,3,3,2,3,3,3,2,1.639,1.839,1.639,1.789,1.639,1.864,1.714,1.639,Reasonably age-friendly,Reasonably age-friendly,Reasonably age-friendly,Reasonably age-friendly,Reasonably age-friendly,Reasonably age-friendly,Reasonably age-friendly,Reasonably age-friendly,Reasonably age-friendly,Reasonably age-friendly,Reasonably age-friendly,campus,223.401,148:0,0,backward,99,106,223.401,238.83100000000002,239.45600000000002,240.20600000000002,239.20600000000002,240.20600000000002,239.45600000000002,240.20600000000002,239.08100000000002,239.83100000000002,240.20600000000002,0
149,2.16,1.5,1.44,3,1.0,3.0,3,3,1,1.0,1,1,3,3,2,1,3,1,2,1.758,1.783,3.0,3.0,2.0,3.0,3,1,3,3,1,1,2,3,2,3,3,3,2,2,3,3,3,2,3,3,3,3,3,2,2,2,1,2,2,1,2,1,2,2,2,1,2,1,2,1,2,1,2,2,2,2,2,1,3,3,3,3,3,2,1,1,1,3,1.733,1.733,1.733,1.483,1.733,1.508,1.508,1.733,Reasonably age-friendly,Less age-friendly,Less age-friendly,Less age-friendly,Reasonably age-friendly,Reasonably age-friendly,Less age-friendly,Less age-friendly,Less age-friendly,Reasonably age-friendly,Less age-friendly,uncategorized,42.944,149:0,0,forward,107,105,42.944,59.154,59.029,59.279,59.279,59.279,60.529,59.279,60.404,60.404,59.279,0
149,2.16,1.5,1.44,3,1.0,3.0,3,3,1,1.0,1,1,3,3,2,1,3,1,2,1.758,1.783,3.0,3.0,2.0,3.0,3,1,3,3,1,1,2,3,2,3,3,3,2,2,3,3,3,2,3,3,3,3,3,2,2,2,1,2,2,1,2,1,2,2,2,1,2,1,2,1,2,1,2,2,2,2,2,1,3,3,3,3,3,2,1,1,1,3,1.733,1.733,1.733,1.483,1.733,1.508,1.508,1.733,Reasonably age-friendly,Less age-friendly,Less age-friendly,Less age-friendly,Reasonably age-friendly,Reasonably age-friendly,Less age-friendly,Less age-friendly,Less age-friendly,Reasonably age-friendly,Less age-friendly,uncategorized,42.944,149:0,0,backward,105,107,42.944,59.154,59.029,59.279,59.279,59.279,60.529,59.279,60.404,60.404,59.279,0
150,2.16,1.5,1.44,3,1.0,3.0,3,3,1,1.0,1,1,3,3,2,1,3,1,2,1.758,1.783,3.0,3.0,2.0,3.0,3,1,3,3,1,1,2,3,2,3,3,3,2,2,3,3,3,2,3,3,3,3,3,2,2,2,1,2,2,1,2,1,2,2,2,1,2,1,2,1,2,1,2,2,2,2,2,1,3,3,3,3,3,3,1,1,1,3,1.733,1.733,1.733,1.483,1.733,1.508,1.508,1.733,Reasonably age-friendly,Less age-friendly,Less age-friendly,Less age-friendly,Reasonably age-friendly,Reasonably age-friendly,Less age-friendly,Less age-friendly,Less age-friendly,Reasonably age-friendly,Less age-friendly,uncategorized,25.691,150:0,0,forward,107,108,25.691,41.900999999999996,41.775999999999996,42.025999999999996,42.025999999999996,42.025999999999996,43.275999999999996,42.025999999999996,43.150999999999996,43.150999999999996,42.025999999999996,0
150,2.16,1.5,1.44,3,1.0,3.0,3,3,1,1.0,1,1,3,3,2,1,3,1,2,1.758,1.783,3.0,3.0,2.0,3.0,3,1,3,3,1,1,2,3,2,3,3,3,2,2,3,3,3,2,3,3,3,3,3,2,2,2,1,2,2,1,2,1,2,2,2,1,2,1,2,1,2,1,2,2,2,2,2,1,3,3,3,3,3,3,1,1,1,3,1.733,1.733,1.733,1.483,1.733,1.508,1.508,1.733,Reasonably age-friendly,Less age-friendly,Less age-friendly,Less age-friendly,Reasonably age-friendly,Reasonably age-friendly,Less age-friendly,Less age-friendly,Less age-friendly,Reasonably age-friendly,Less age-friendly,uncategorized,25.691,150:0,0,backward,108,107,25.691,41.900999999999996,41.775999999999996,42.025999999999996,42.025999999999996,42.025999999999996,43.275999999999996,42.025999999999996,43.150999999999996,43.150999999999996,42.025999999999996,0
151,2.0,1.5,1.333,3,1.0,3.0,3,1,1,1.0,1,1,3,3,2,1,3,1,2,1.483,1.608,3.0,3.0,2.0,3.0,3,1,3,3,1,1,2,3,2,3,3,3,2,2,3,3,3,2,3,3,3,3,3,2,2,2,1,2,2,1,2,1,2,2,2,1,2,1,2,1,2,1,2,2,2,2,2,1,3,1,1,2,3,2,1,1,1,3,1.658,1.458,1.658,1.408,1.658,1.433,1.433,1.658,Reasonably age-friendly,Less age-friendly,Less age-friendly,Less age-friendly,Reasonably age-friendly,Reasonably age-friendly,Less age-friendly,Less age-friendly,Less age-friendly,Reasonably age-friendly,Less age-friendly,uncategorized,37.739,151:0,0,forward,108,109,37.739,55.324,54.699,54.449,55.449,54.449,55.699,54.449,55.574,55.574,54.449,0
151,2.0,1.5,1.333,3,1.0,3.0,3,1,1,1.0,1,1,3,3,2,1,3,1,2,1.483,1.608,3.0,3.0,2.0,3.0,3,1,3,3,1,1,2,3,2,3,3,3,2,2,3,3,3,2,3,3,3,3,3,2,2,2,1,2,2,1,2,1,2,2,2,1,2,1,2,1,2,1,2,2,2,2,2,1,3,1,1,2,3,2,1,1,1,3,1.658,1.458,1.658,1.408,1.658,1.433,1.433,1.658,Reasonably age-friendly,Less age-friendly,Less age-friendly,Less age-friendly,Reasonably age-friendly,Reasonably age-friendly,Less age-friendly,Less age-friendly,Less age-friendly,Reasonably age-friendly,Less age-friendly,uncategorized,37.739,151:0,0,backward,109,108,37.739,55.324,54.699,54.449,55.449,54.449,55.699,54.449,55.574,55.574,54.449,0
152,2.6,1.5,1.733,3,3.0,3.0,3,3,3,3.0,3,1,3,2,2,1,2,3,2,1.963,1.888,3.0,3.0,2.0,3.0,3,2,3,3,2,3,2,3,2,3,3,3,2,2,3,3,3,2,3,3,3,3,3,2,2,2,1,2,2,1,2,1,2,2,2,1,2,1,2,1,2,1,2,2,2,2,2,1,3,2,2,2,3,2,1,2,2,3,1.938,1.888,1.938,1.738,1.938,1.913,1.813,1.938,Reasonably age-friendly,Reasonably age-friendly,Reasonably age-friendly,Reasonably age-friendly,Reasonably age-friendly,Reasonably age-friendly,Less age-friendly,Reasonably age-friendly,Reasonably age-friendly,Reasonably age-friendly,Less age-friendly,campus,69.58,152:0,0,forward,106,110,69.58,84.765,85.14,84.89,85.14,84.89,85.89,84.89,85.015,85.515,84.89,0
152,2.6,1.5,1.733,3,3.0,3.0,3,3,3,3.0,3,1,3,2,2,1,2,3,2,1.963,1.888,3.0,3.0,2.0,3.0,3,2,3,3,2,3,2,3,2,3,3,3,2,2,3,3,3,2,3,3,3,3,3,2,2,2,1,2,2,1,2,1,2,2,2,1,2,1,2,1,2,1,2,2,2,2,2,1,3,2,2,2,3,2,1,2,2,3,1.938,1.888,1.938,1.738,1.938,1.913,1.813,1.938,Reasonably age-friendly,Reasonably age-friendly,Reasonably age-friendly,Reasonably age-friendly,Reasonably age-friendly,Reasonably age-friendly,Less age-friendly,Reasonably age-friendly,Reasonably age-friendly,Reasonably age-friendly,Less age-friendly,campus,69.58,152:0,0,backward,110,106,69.58,84.765,85.14,84.89,85.14,84.89,85.89,84.89,85.015,85.515,84.89,0
153,2.2,1.5,1.467,3,1.0,3.0,3,3,1,3.0,1,1,3,2,2,1,3,3,3,1.777,1.852,3.0,3.0,2.0,3.0,3,2,3,3,2,3,3,3,2,3,3,3,2,2,3,3,3,2,3,3,3,3,3,2,2,2,1,2,2,1,2,1,2,2,2,1,2,1,2,1,2,1,2,2,2,2,2,1,3,3,2,3,3,2,1,3,2,3,1.752,1.802,1.752,1.552,1.752,1.827,1.677,1.752,Reasonably age-friendly,Less age-friendly,Less age-friendly,Less age-friendly,Reasonably age-friendly,Reasonably age-friendly,Less age-friendly,Less age-friendly,Less age-friendly,Reasonably age-friendly,Less age-friendly,campus,23.438,153:0,0,forward,110,111,23.438,39.553,39.178,39.678,39.428,39.678,40.678,39.678,39.303,40.053,39.678,0
153,2.2,1.5,1.467,3,1.0,3.0,3,3,1,3.0,1,1,3,2,2,1,3,3,3,1.777,1.852,3.0,3.0,2.0,3.0,3,2,3,3,2,3,3,3,2,3,3,3,2,2,3,3,3,2,3,3,3,3,3,2,2,2,1,2,2,1,2,1,2,2,2,1,2,1,2,1,2,1,2,2,2,2,2,1,3,3,2,3,3,2,1,3,2,3,1.752,1.802,1.752,1.552,1.752,1.827,1.677,1.752,Reasonably age-friendly,Less age-friendly,Less age-friendly,Less age-friendly,Reasonably age-friendly,Reasonably age-friendly,Less age-friendly,Less age-friendly,Less age-friendly,Reasonably age-friendly,Less age-friendly,campus,23.438,153:0,0,backward,111,110,23.438,39.553,39.178,39.678,39.428,39.678,40.678,39.678,39.303,40.053,39.678,0
154,2.34,1.5,1.56,2,3.0,2.0,3,3,2,3.0,3,1,2,2,2,1,2,2,3,1.892,1.867,3.0,3.0,2.0,3.0,3,1,3,3,1,2,3,3,1,3,3,2,1,1,3,3,2,1,3,3,3,3,3,2,2,2,1,2,2,1,2,1,2,2,2,1,2,1,2,1,2,1,2,2,2,2,2,1,3,3,3,3,3,1,2,3,3,3,1.767,1.817,1.767,1.667,1.767,1.842,1.792,1.767,Reasonably age-friendly,Reasonably age-friendly,Reasonably age-friendly,Reasonably age-friendly,Reasonably age-friendly,Reasonably age-friendly,Less age-friendly,Reasonably age-friendly,Reasonably age-friendly,Reasonably age-friendly,Less age-friendly,campus,130.735,154:0,0,forward,111,112,130.735,146.275,146.4,146.9,146.65,146.9,147.4,146.9,146.525,146.775,146.9,0
154,2.34,1.5,1.56,2,3.0,2.0,3,3,2,3.0,3,1,2,2,2,1,2,2,3,1.892,1.867,3.0,3.0,2.0,3.0,3,1,3,3,1,2,3,3,1,3,3,2,1,1,3,3,2,1,3,3,3,3,3,2,2,2,1,2,2,1,2,1,2,2,2,1,2,1,2,1,2,1,2,2,2,2,2,1,3,3,3,3,3,1,2,3,3,3,1.767,1.817,1.767,1.667,1.767,1.842,1.792,1.767,Reasonably age-friendly,Reasonably age-friendly,Reasonably age-friendly,Reasonably age-friendly,Reasonably age-friendly,Reasonably age-friendly,Less age-friendly,Reasonably age-friendly,Reasonably age-friendly,Reasonably age-friendly,Less age-friendly,campus,130.735,154:0,0,backward,112,111,130.735,146.275,146.4,146.9,146.65,146.9,147.4,146.9,146.525,146.775,146.9,0
618,2.2,1.5,1.467,3,1.0,3.0,3,3,1,3.0,1,1,3,2,2,1,3,1,3,1.777,1.852,3.0,3.0,2.0,3.0,3,1,3,3,1,1,3,3,2,3,3,3,2,2,3,3,3,2,3,3,3,3,3,2,2,2,1,2,2,1,2,1,2,2,2,1,2,1,2,1,2,1,2,2,2,2,2,1,3,3,3,3,3,1,2,3,3,3,1.752,1.752,1.752,1.602,1.752,1.727,1.777,1.752,Reasonably age-friendly,Less age-friendly,Less age-friendly,Less age-friendly,Reasonably age-friendly,Reasonably age-friendly,Less age-friendly,Less age-friendly,Less age-friendly,Reasonably age-friendly,Less age-friendly,uncategorized,11.32,618:0,0,forward,112,113,11.32,27.435,27.06,27.560000000000002,27.560000000000002,27.560000000000002,28.31,27.560000000000002,27.685,27.435,27.560000000000002,0
618,2.2,1.5,1.467,3,1.0,3.0,3,3,1,3.0,1,1,3,2,2,1,3,1,3,1.777,1.852,3.0,3.0,2.0,3.0,3,1,3,3,1,1,3,3,2,3,3,3,2,2,3,3,3,2,3,3,3,3,3,2,2,2,1,2,2,1,2,1,2,2,2,1,2,1,2,1,2,1,2,2,2,2,2,1,3,3,3,3,3,1,2,3,3,3,1.752,1.752,1.752,1.602,1.752,1.727,1.777,1.752,Reasonably age-friendly,Less age-friendly,Less age-friendly,Less age-friendly,Reasonably age-friendly,Reasonably age-friendly,Less age-friendly,Less age-friendly,Less age-friendly,Reasonably age-friendly,Less age-friendly,uncategorized,11.32,618:0,0,backward,113,112,11.32,27.435,27.06,27.560000000000002,27.560000000000002,27.560000000000002,28.31,27.560000000000002,27.685,27.435,27.560000000000002,0
156,2.16,1.5,1.44,3,1.0,3.0,3,3,1,1.0,1,1,3,3,2,1,3,1,3,1.758,1.833,3.0,3.0,2.0,3.0,3,1,3,3,1,1,3,3,2,3,3,3,2,2,3,3,3,2,3,3,3,3,3,2,2,2,1,2,2,1,2,1,2,2,2,1,2,1,2,1,2,1,2,2,2,2,2,1,3,3,3,3,3,1,2,3,3,3,1.733,1.733,1.733,1.583,1.733,1.708,1.758,1.733,Reasonably age-friendly,Less age-friendly,Less age-friendly,Less age-friendly,Reasonably age-friendly,Reasonably age-friendly,Less age-friendly,Less age-friendly,Less age-friendly,Reasonably age-friendly,Less age-friendly,uncategorized,34.659,156:0,0,forward,114,115,34.659,50.869,50.494,50.994,50.994,50.994,51.744,50.994,51.119,50.869,50.994,0
156,2.16,1.5,1.44,3,1.0,3.0,3,3,1,1.0,1,1,3,3,2,1,3,1,3,1.758,1.833,3.0,3.0,2.0,3.0,3,1,3,3,1,1,3,3,2,3,3,3,2,2,3,3,3,2,3,3,3,3,3,2,2,2,1,2,2,1,2,1,2,2,2,1,2,1,2,1,2,1,2,2,2,2,2,1,3,3,3,3,3,1,2,3,3,3,1.733,1.733,1.733,1.583,1.733,1.708,1.758,1.733,Reasonably age-friendly,Less age-friendly,Less age-friendly,Less age-friendly,Reasonably age-friendly,Reasonably age-friendly,Less age-friendly,Less age-friendly,Less age-friendly,Reasonably age-friendly,Less age-friendly,uncategorized,34.659,156:0,0,backward,115,114,34.659,50.869,50.494,50.994,50.994,50.994,51.744,50.994,51.119,50.869,50.994,0
157,2.18,1.5,1.453,2,1.0,2.0,3,3,2,3.0,1,1,3,2,2,1,3,2,3,1.717,1.642,3.0,3.0,2.0,3.0,3,2,3,3,2,2,3,3,2,3,3,3,2,2,3,3,3,2,3,3,3,3,3,2,2,2,1,2,2,1,2,1,2,2,2,1,2,1,2,1,2,1,2,2,2,2,2,1,3,3,2,1,3,1,2,2,2,2,1.642,1.792,1.642,1.642,1.642,1.667,1.667,1.642,Reasonably age-friendly,Less age-friendly,Less age-friendly,Less age-friendly,Reasonably age-friendly,Reasonably age-friendly,Less age-friendly,Less age-friendly,Less age-friendly,Reasonably age-friendly,Less age-friendly,campus,29.628,157:0,0,forward,115,116,29.628,46.043,46.418,46.418,45.668,46.418,46.418,46.418,46.293,46.293,46.418,0
157,2.18,1.5,1.453,2,1.0,2.0,3,3,2,3.0,1,1,3,2,2,1,3,2,3,1.717,1.642,3.0,3.0,2.0,3.0,3,2,3,3,2,2,3,3,2,3,3,3,2,2,3,3,3,2,3,3,3,3,3,2,2,2,1,2,2,1,2,1,2,2,2,1,2,1,2,1,2,1,2,2,2,2,2,1,3,3,2,1,3,1,2,2,2,2,1.642,1.792,1.642,1.642,1.642,1.667,1.667,1.642,Reasonably age-friendly,Less age-friendly,Less age-friendly,Less age-friendly,Reasonably age-friendly,Reasonably age-friendly,Less age-friendly,Less age-friendly,Less age-friendly,Reasonably age-friendly,Less age-friendly,campus,29.628,157:0,0,backward,116,115,29.628,46.043,46.418,46.418,45.668,46.418,46.418,46.418,46.293,46.293,46.418,0
158,2.04,1.5,1.36,3,1.0,3.0,2,3,1,1.0,1,1,3,3,2,1,3,1,3,1.702,1.777,3.0,3.0,2.0,3.0,3,1,3,3,1,1,3,3,2,3,3,3,2,2,3,3,3,2,3,3,3,3,3,2,2,2,1,2,2,1,2,1,2,2,2,1,2,1,2,1,2,1,2,2,2,2,2,1,3,3,3,3,3,1,2,3,3,3,1.677,1.677,1.677,1.527,1.677,1.652,1.702,1.677,Reasonably age-friendly,Less age-friendly,Less age-friendly,Less age-friendly,Reasonably age-friendly,Reasonably age-friendly,Less age-friendly,Less age-friendly,Less age-friendly,Reasonably age-friendly,Less age-friendly,uncategorized,37.252,158:0,0,forward,116,112,37.252,53.742000000000004,53.367000000000004,53.867000000000004,53.867000000000004,53.867000000000004,54.617000000000004,53.867000000000004,53.992000000000004,53.742000000000004,53.867000000000004,0
158,2.04,1.5,1.36,3,1.0,3.0,2,3,1,1.0,1,1,3,3,2,1,3,1,3,1.702,1.777,3.0,3.0,2.0,3.0,3,1,3,3,1,1,3,3,2,3,3,3,2,2,3,3,3,2,3,3,3,3,3,2,2,2,1,2,2,1,2,1,2,2,2,1,2,1,2,1,2,1,2,2,2,2,2,1,3,3,3,3,3,1,2,3,3,3,1.677,1.677,1.677,1.527,1.677,1.652,1.702,1.677,Reasonably age-friendly,Less age-friendly,Less age-friendly,Less age-friendly,Reasonably age-friendly,Reasonably age-friendly,Less age-friendly,Less age-friendly,Less age-friendly,Reasonably age-friendly,Less age-friendly,uncategorized,37.252,158:0,0,backward,112,116,37.252,53.742000000000004,53.367000000000004,53.867000000000004,53.867000000000004,53.867000000000004,54.617000000000004,53.867000000000004,53.992000000000004,53.742000000000004,53.867000000000004,0
159,2.72,1.0,2.72,2,3.0,3.0,3,3,3,3.0,3,2,2,2,1,1,3,3,3,2.754,2.579,3.0,3.0,2.0,3.0,3,2,3,3,2,3,3,3,1,3,3,2,1,1,3,3,2,1,3,3,3,3,3,2,2,2,1,2,2,1,2,1,2,2,2,1,2,1,2,1,2,1,2,2,2,2,2,1,3,2,3,2,3,3,3,3,3,3,2.579,2.579,2.579,2.629,2.579,2.704,2.604,2.579,More age-friendly,Reasonably age-friendly,Reasonably age-friendly,Reasonably age-friendly,More age-friendly,More age-friendly,Reasonably age-friendly,Reasonably age-friendly,Reasonably age-friendly,More age-friendly,Less age-friendly,campus,136.359,159:0,0,forward,115,117,136.359,147.589,148.464,148.464,148.464,148.464,148.214,148.464,147.839,148.339,148.464,0
159,2.72,1.0,2.72,2,3.0,3.0,3,3,3,3.0,3,2,2,2,1,1,3,3,3,2.754,2.579,3.0,3.0,2.0,3.0,3,2,3,3,2,3,3,3,1,3,3,2,1,1,3,3,2,1,3,3,3,3,3,2,2,2,1,2,2,1,2,1,2,2,2,1,2,1,2,1,2,1,2,2,2,2,2,1,3,2,3,2,3,3,3,3,3,3,2.579,2.579,2.579,2.629,2.579,2.704,2.604,2.579,More age-friendly,Reasonably age-friendly,Reasonably age-friendly,Reasonably age-friendly,More age-friendly,More age-friendly,Reasonably age-friendly,Reasonably age-friendly,Reasonably age-friendly,More age-friendly,Less age-friendly,campus,136.359,159:0,0,backward,117,115,136.359,147.589,148.464,148.464,148.464,148.464,148.214,148.464,147.839,148.339,148.464,0
160,2.8,1.5,1.867,3,3.0,3.0,3,3,3,3.0,3,2,2,2,2,1,3,3,3,2.057,2.082,3.0,3.0,2.0,3.0,3,2,3,3,2,3,3,3,1,3,3,2,1,1,3,3,2,1,3,3,3,3,3,2,2,2,1,2,2,1,2,1,2,2,2,1,2,1,2,1,2,1,2,2,2,2,2,1,3,3,2,3,3,3,3,3,3,3,1.982,2.082,1.982,2.032,1.982,2.107,2.007,1.982,Reasonably age-friendly,Reasonably age-friendly,Reasonably age-friendly,Reasonably age-friendly,Reasonably age-friendly,Reasonably age-friendly,Reasonably age-friendly,Reasonably age-friendly,Less age-friendly,Reasonably age-friendly,Less age-friendly,campus,216.191,160:0,0,forward,108,116,216.191,230.906,230.781,231.281,230.781,231.281,231.031,231.281,230.656,231.156,231.281,0
160,2.8,1.5,1.867,3,3.0,3.0,3,3,3,3.0,3,2,2,2,2,1,3,3,3,2.057,2.082,3.0,3.0,2.0,3.0,3,2,3,3,2,3,3,3,1,3,3,2,1,1,3,3,2,1,3,3,3,3,3,2,2,2,1,2,2,1,2,1,2,2,2,1,2,1,2,1,2,1,2,2,2,2,2,1,3,3,2,3,3,3,3,3,3,3,1.982,2.082,1.982,2.032,1.982,2.107,2.007,1.982,Reasonably age-friendly,Reasonably age-friendly,Reasonably age-friendly,Reasonably age-friendly,Reasonably age-friendly,Reasonably age-friendly,Reasonably age-friendly,Reasonably age-friendly,Less age-friendly,Reasonably age-friendly,Less age-friendly,campus,216.191,160:0,0,backward,116,108,216.191,230.906,230.781,231.281,230.781,231.281,231.031,231.281,230.656,231.156,231.281,0
161,2.36,1.0,2.36,3,3.0,3.0,3,3,3,3.0,3,1,3,1,1,1,1,1,1,2.402,2.377,3.0,3.0,2.0,3.0,3,1,3,3,1,1,1,3,2,3,3,3,2,2,3,3,3,2,3,3,3,3,3,2,2,2,1,2,2,1,2,1,2,2,2,1,2,1,2,1,2,1,2,2,2,2,2,1,3,3,3,3,3,3,3,3,3,3,2.377,2.377,2.377,2.327,2.377,2.352,2.302,2.377,Reasonably age-friendly,Reasonably age-friendly,Reasonably age-friendly,Reasonably age-friendly,Reasonably age-friendly,Reasonably age-friendly,Reasonably age-friendly,Reasonably age-friendly,Reasonably age-friendly,Reasonably age-friendly,Reasonably age-friendly,hospital,11.536,161:0,0,forward,114,118,11.536,24.525999999999996,24.651000000000003,24.651000000000003,24.651000000000003,24.651000000000003,24.901,24.651000000000003,24.776,25.026,24.651000000000003,0
161,2.36,1.0,2.36,3,3.0,3.0,3,3,3,3.0,3,1,3,1,1,1,1,1,1,2.402,2.377,3.0,3.0,2.0,3.0,3,1,3,3,1,1,1,3,2,3,3,3,2,2,3,3,3,2,3,3,3,3,3,2,2,2,1,2,2,1,2,1,2,2,2,1,2,1,2,1,2,1,2,2,2,2,2,1,3,3,3,3,3,3,3,3,3,3,2.377,2.377,2.377,2.327,2.377,2.352,2.302,2.377,Reasonably age-friendly,Reasonably age-friendly,Reasonably age-friendly,Reasonably age-friendly,Reasonably age-friendly,Reasonably age-friendly,Reasonably age-friendly,Reasonably age-friendly,Reasonably age-friendly,Reasonably age-friendly,Reasonably age-friendly,hospital,11.536,161:0,0,backward,118,114,11.536,24.525999999999996,24.651000000000003,24.651000000000003,24.651000000000003,24.651000000000003,24.901,24.651000000000003,24.776,25.026,24.651000000000003,0
162,2.48,1.0,2.48,3,1.0,3.0,3,3,3,3.0,3,1,3,1,1,1,3,1,1,2.486,2.461,3.0,3.0,2.0,3.0,3,1,3,3,1,1,1,3,2,3,3,3,2,2,3,3,3,2,3,3,3,3,3,2,2,2,1,2,2,1,2,1,2,2,2,1,2,1,2,1,2,1,2,2,2,2,2,1,3,3,3,3,3,3,3,3,3,3,2.461,2.461,2.461,2.411,2.461,2.436,2.386,2.461,Reasonably age-friendly,Reasonably age-friendly,Reasonably age-friendly,Reasonably age-friendly,Reasonably age-friendly,Reasonably age-friendly,Reasonably age-friendly,Reasonably age-friendly,Reasonably age-friendly,Reasonably age-friendly,Less age-friendly,hospital,4.462,162:0,0,forward,118,119,4.462,17.031999999999996,17.157,17.157,17.157,17.157,17.407,17.157,17.282,17.532,17.157,0
162,2.48,1.0,2.48,3,1.0,3.0,3,3,3,3.0,3,1,3,1,1,1,3,1,1,2.486,2.461,3.0,3.0,2.0,3.0,3,1,3,3,1,1,1,3,2,3,3,3,2,2,3,3,3,2,3,3,3,3,3,2,2,2,1,2,2,1,2,1,2,2,2,1,2,1,2,1,2,1,2,2,2,2,2,1,3,3,3,3,3,3,3,3,3,3,2.461,2.461,2.461,2.411,2.461,2.436,2.386,2.461,Reasonably age-friendly,Reasonably age-friendly,Reasonably age-friendly,Reasonably age-friendly,Reasonably age-friendly,Reasonably age-friendly,Reasonably age-friendly,Reasonably age-friendly,Reasonably age-friendly,Reasonably age-friendly,Less age-friendly,hospital,4.462,162:0,0,backward,119,118,4.462,17.031999999999996,17.157,17.157,17.157,17.157,17.407,17.157,17.282,17.532,17.157,0
163,2.6,1.0,2.6,3,3.0,3.0,3,3,3,3.0,3,1,3,1,1,1,3,2,1,2.62,2.545,3.0,3.0,2.0,3.0,3,1,3,3,1,2,1,3,2,3,3,3,2,2,3,3,3,2,3,3,3,3,3,2,2,2,1,2,2,1,2,1,2,2,2,1,2,1,2,1,2,1,2,2,2,2,2,1,3,3,3,3,3,3,3,3,3,3,2.545,2.545,2.545,2.495,2.545,2.57,2.47,2.545,More age-friendly,Reasonably age-friendly,Reasonably age-friendly,Reasonably age-friendly,More age-friendly,More age-friendly,Reasonably age-friendly,Reasonably age-friendly,Reasonably age-friendly,More age-friendly,Less age-friendly,hospital,31.03,163:0,0,forward,119,120,31.03,42.93,43.305,43.305,43.305,43.305,43.555,43.305,43.18,43.68,43.305,0
163,2.6,1.0,2.6,3,3.0,3.0,3,3,3,3.0,3,1,3,1,1,1,3,2,1,2.62,2.545,3.0,3.0,2.0,3.0,3,1,3,3,1,2,1,3,2,3,3,3,2,2,3,3,3,2,3,3,3,3,3,2,2,2,1,2,2,1,2,1,2,2,2,1,2,1,2,1,2,1,2,2,2,2,2,1,3,3,3,3,3,3,3,3,3,3,2.545,2.545,2.545,2.495,2.545,2.57,2.47,2.545,More age-friendly,Reasonably age-friendly,Reasonably age-friendly,Reasonably age-friendly,More age-friendly,More age-friendly,Reasonably age-friendly,Reasonably age-friendly,Reasonably age-friendly,More age-friendly,Less age-friendly,hospital,31.03,163:0,0,backward,120,119,31.03,42.93,43.305,43.305,43.305,43.305,43.555,43.305,43.18,43.68,43.305,0
164,2.05,1.5,1.367,3,1.0,2.5,3,3,1,3.0,1,1,3,1,2,1,3,1,1,1.707,1.682,3.0,3.0,2.0,3.0,3,1,3,3,1,1,1,3,2,3,3,3,2,2,3,3,3,2,3,3,3,3,3,2,2,2,1,2,2,1,2,1,2,2,2,1,2,1,2,1,2,1,2,2,2,2,2,1,3,3,3,3,3,3,3,3,3,3,1.682,1.682,1.682,1.632,1.682,1.657,1.607,1.682,Reasonably age-friendly,Less age-friendly,Less age-friendly,Less age-friendly,Reasonably age-friendly,Reasonably age-friendly,Less age-friendly,Less age-friendly,Less age-friendly,Reasonably age-friendly,Less age-friendly,hospital,6.283,164:0,0,forward,120,121,6.283,22.748,22.873,22.873,22.873,22.873,23.123000000000005,22.873,22.998,23.248,22.873,0
164,2.05,1.5,1.367,3,1.0,2.5,3,3,1,3.0,1,1,3,1,2,1,3,1,1,1.707,1.682,3.0,3.0,2.0,3.0,3,1,3,3,1,1,1,3,2,3,3,3,2,2,3,3,3,2,3,3,3,3,3,2,2,2,1,2,2,1,2,1,2,2,2,1,2,1,2,1,2,1,2,2,2,2,2,1,3,3,3,3,3,3,3,3,3,3,1.682,1.682,1.682,1.632,1.682,1.657,1.607,1.682,Reasonably age-friendly,Less age-friendly,Less age-friendly,Less age-friendly,Reasonably age-friendly,Reasonably age-friendly,Less age-friendly,Less age-friendly,Less age-friendly,Reasonably age-friendly,Less age-friendly,hospital,6.283,164:0,0,backward,121,120,6.283,22.748,22.873,22.873,22.873,22.873,23.123000000000005,22.873,22.998,23.248,22.873,0
165,2.52,1.0,2.52,3,3.0,3.0,3,3,3,3.0,2,1,3,1,1,1,3,1,1,2.514,2.489,3.0,3.0,2.0,3.0,3,1,3,3,1,1,1,3,2,3,3,3,2,2,3,3,3,2,3,3,3,3,3,2,2,2,1,2,2,1,2,1,2,2,2,1,2,1,2,1,2,1,2,2,2,2,2,1,3,3,3,3,3,3,3,3,3,3,2.489,2.489,2.489,2.439,2.489,2.464,2.414,2.489,Reasonably age-friendly,Reasonably age-friendly,Reasonably age-friendly,Reasonably age-friendly,Reasonably age-friendly,Reasonably age-friendly,Reasonably age-friendly,Reasonably age-friendly,Reasonably age-friendly,Reasonably age-friendly,Less age-friendly,hospital,8.764,165:0,0,forward,121,122,8.764,21.194000000000003,21.319,21.319,21.319,21.319,21.569,21.319,21.444,21.694,21.319,0
165,2.52,1.0,2.52,3,3.0,3.0,3,3,3,3.0,2,1,3,1,1,1,3,1,1,2.514,2.489,3.0,3.0,2.0,3.0,3,1,3,3,1,1,1,3,2,3,3,3,2,2,3,3,3,2,3,3,3,3,3,2,2,2,1,2,2,1,2,1,2,2,2,1,2,1,2,1,2,1,2,2,2,2,2,1,3,3,3,3,3,3,3,3,3,3,2.489,2.489,2.489,2.439,2.489,2.464,2.414,2.489,Reasonably age-friendly,Reasonably age-friendly,Reasonably age-friendly,Reasonably age-friendly,Reasonably age-friendly,Reasonably age-friendly,Reasonably age-friendly,Reasonably age-friendly,Reasonably age-friendly,Reasonably age-friendly,Less age-friendly,hospital,8.764,165:0,0,backward,122,121,8.764,21.194000000000003,21.319,21.319,21.319,21.319,21.569,21.319,21.444,21.694,21.319,0
166,2.05,1.5,1.367,3,1.0,2.5,3,3,1,3.0,1,1,3,1,2,1,3,1,1,1.707,1.682,3.0,3.0,2.0,3.0,3,1,3,3,1,1,1,3,2,3,3,3,2,2,3,3,3,2,3,3,3,3,3,2,2,2,1,2,2,1,2,1,2,2,2,1,2,1,2,1,2,1,2,2,2,2,2,1,3,3,3,3,3,3,3,3,3,3,1.682,1.682,1.682,1.632,1.682,1.657,1.607,1.682,Reasonably age-friendly,Less age-friendly,Less age-friendly,Less age-friendly,Reasonably age-friendly,Reasonably age-friendly,Less age-friendly,Less age-friendly,Less age-friendly,Reasonably age-friendly,Less age-friendly,hospital,5.824,166:0,0,forward,122,123,5.824,22.289,22.414,22.414,22.414,22.414,22.664,22.414,22.539,22.789,22.414,0
166,2.05,1.5,1.367,3,1.0,2.5,3,3,1,3.0,1,1,3,1,2,1,3,1,1,1.707,1.682,3.0,3.0,2.0,3.0,3,1,3,3,1,1,1,3,2,3,3,3,2,2,3,3,3,2,3,3,3,3,3,2,2,2,1,2,2,1,2,1,2,2,2,1,2,1,2,1,2,1,2,2,2,2,2,1,3,3,3,3,3,3,3,3,3,3,1.682,1.682,1.682,1.632,1.682,1.657,1.607,1.682,Reasonably age-friendly,Less age-friendly,Less age-friendly,Less age-friendly,Reasonably age-friendly,Reasonably age-friendly,Less age-friendly,Less age-friendly,Less age-friendly,Reasonably age-friendly,Less age-friendly,hospital,5.824,166:0,0,backward,123,122,5.824,22.289,22.414,22.414,22.414,22.414,22.664,22.414,22.539,22.789,22.414,0
167,2.45,1.0,2.45,3,3.0,2.5,3,3,2,3.0,3,1,3,2,1,1,2,2,3,2.515,2.54,3.0,3.0,2.0,3.0,3,1,3,3,1,2,3,3,2,3,3,3,2,2,3,3,3,2,3,3,3,3,3,2,2,2,1,2,2,1,2,1,2,2,2,1,2,1,2,1,2,1,2,2,2,2,2,1,3,3,3,3,3,3,3,3,3,3,2.44,2.44,2.44,2.39,2.44,2.465,2.465,2.44,Reasonably age-friendly,Reasonably age-friendly,Reasonably age-friendly,Reasonably age-friendly,Reasonably age-friendly,Reasonably age-friendly,Reasonably age-friendly,Reasonably age-friendly,Reasonably age-friendly,Reasonably age-friendly,Reasonably age-friendly,hospital,65.847,167:0,0,forward,123,124,65.847,78.27199999999999,78.14699999999999,78.64699999999999,78.64699999999999,78.64699999999999,78.89699999999999,78.64699999999999,78.52199999999999,78.52199999999999,78.64699999999999,0
167,2.45,1.0,2.45,3,3.0,2.5,3,3,2,3.0,3,1,3,2,1,1,2,2,3,2.515,2.54,3.0,3.0,2.0,3.0,3,1,3,3,1,2,3,3,2,3,3,3,2,2,3,3,3,2,3,3,3,3,3,2,2,2,1,2,2,1,2,1,2,2,2,1,2,1,2,1,2,1,2,2,2,2,2,1,3,3,3,3,3,3,3,3,3,3,2.44,2.44,2.44,2.39,2.44,2.465,2.465,2.44,Reasonably age-friendly,Reasonably age-friendly,Reasonably age-friendly,Reasonably age-friendly,Reasonably age-friendly,Reasonably age-friendly,Reasonably age-friendly,Reasonably age-friendly,Reasonably age-friendly,Reasonably age-friendly,Reasonably age-friendly,hospital,65.847,167:0,0,backward,124,123,65.847,78.27199999999999,78.14699999999999,78.64699999999999,78.64699999999999,78.64699999999999,78.89699999999999,78.64699999999999,78.52199999999999,78.52199999999999,78.64699999999999,0
168,2.16,1.5,1.44,3,1.0,3.0,3,3,1,1.0,1,1,3,3,2,1,3,1,1,1.758,1.633,3.0,3.0,2.0,3.0,3,1,3,3,1,1,1,3,2,3,3,3,2,2,3,3,3,2,3,3,3,3,3,2,2,2,1,2,2,1,2,1,2,2,2,1,2,1,2,1,2,1,2,2,2,2,2,1,2,2,3,2,3,3,2,2,2,2,1.633,1.633,1.633,1.583,1.633,1.608,1.558,1.633,Reasonably age-friendly,Less age-friendly,Less age-friendly,Less age-friendly,Reasonably age-friendly,Reasonably age-friendly,Less age-friendly,Less age-friendly,Less age-friendly,Reasonably age-friendly,Less age-friendly,uncategorized,35.497,168:0,0,forward,124,117,35.497,51.707,52.332,52.332,52.332,52.332,52.582,52.332,52.457,52.707,52.332,0
168,2.16,1.5,1.44,3,1.0,3.0,3,3,1,1.0,1,1,3,3,2,1,3,1,1,1.758,1.633,3.0,3.0,2.0,3.0,3,1,3,3,1,1,1,3,2,3,3,3,2,2,3,3,3,2,3,3,3,3,3,2,2,2,1,2,2,1,2,1,2,2,2,1,2,1,2,1,2,1,2,2,2,2,2,1,2,2,3,2,3,3,2,2,2,2,1.633,1.633,1.633,1.583,1.633,1.608,1.558,1.633,Reasonably age-friendly,Less age-friendly,Less age-friendly,Less age-friendly,Reasonably age-friendly,Reasonably age-friendly,Less age-friendly,Less age-friendly,Less age-friendly,Reasonably age-friendly,Less age-friendly,uncategorized,35.497,168:0,0,backward,117,124,35.497,51.707,52.332,52.332,52.332,52.332,52.582,52.332,52.457,52.707,52.332,0
169,2.64,1.0,2.64,3,3.0,3.0,3,3,3,3.0,2,1,3,2,1,1,3,1,3,2.598,2.573,3.0,3.0,2.0,3.0,3,1,3,3,1,1,3,3,2,3,3,3,2,2,3,3,3,2,3,3,3,3,3,2,2,2,1,2,2,1,2,1,2,2,2,1,2,1,2,1,2,1,2,2,2,2,2,1,2,1,3,2,3,3,3,3,3,2,2.473,2.373,2.473,2.523,2.473,2.548,2.598,2.473,Reasonably age-friendly,Less age-friendly,Reasonably age-friendly,Reasonably age-friendly,Reasonably age-friendly,Reasonably age-friendly,Reasonably age-friendly,Reasonably age-friendly,Reasonably age-friendly,Reasonably age-friendly,Less age-friendly,hospital,28.034,169:0,0,forward,124,125,28.034,40.044,40.169,40.669,41.169,40.669,40.419,40.669,40.294,40.044,40.669,0
169,2.64,1.0,2.64,3,3.0,3.0,3,3,3,3.0,2,1,3,2,1,1,3,1,3,2.598,2.573,3.0,3.0,2.0,3.0,3,1,3,3,1,1,3,3,2,3,3,3,2,2,3,3,3,2,3,3,3,3,3,2,2,2,1,2,2,1,2,1,2,2,2,1,2,1,2,1,2,1,2,2,2,2,2,1,2,1,3,2,3,3,3,3,3,2,2.473,2.373,2.473,2.523,2.473,2.548,2.598,2.473,Reasonably age-friendly,Less age-friendly,Reasonably age-friendly,Reasonably age-friendly,Reasonably age-friendly,Reasonably age-friendly,Reasonably age-friendly,Reasonably age-friendly,Reasonably age-friendly,Reasonably age-friendly,Less age-friendly,hospital,28.034,169:0,0,backward,125,124,28.034,40.044,40.169,40.669,41.169,40.669,40.419,40.669,40.294,40.044,40.669,0
170,2.16,1.5,1.44,3,1.0,3.0,3,3,1,1.0,1,1,3,3,2,1,3,1,1,1.758,1.633,3.0,3.0,2.0,3.0,3,2,3,3,2,1,1,3,2,3,3,3,2,2,3,3,3,2,3,3,3,3,3,2,2,2,1,2,2,1,2,1,2,2,2,1,2,1,2,1,2,1,2,2,2,2,2,1,2,1,3,2,3,3,2,2,2,2,1.633,1.583,1.633,1.633,1.633,1.608,1.558,1.633,Reasonably age-friendly,Less age-friendly,Less age-friendly,Less age-friendly,Reasonably age-friendly,Reasonably age-friendly,Less age-friendly,Less age-friendly,Less age-friendly,Reasonably age-friendly,Less age-friendly,hospital,22.615,170:0,0,forward,124,74,22.615,38.825,39.45,39.45,39.7,39.45,39.45,39.45,39.575,39.825,39.45,0
170,2.16,1.5,1.44,3,1.0,3.0,3,3,1,1.0,1,1,3,3,2,1,3,1,1,1.758,1.633,3.0,3.0,2.0,3.0,3,2,3,3,2,1,1,3,2,3,3,3,2,2,3,3,3,2,3,3,3,3,3,2,2,2,1,2,2,1,2,1,2,2,2,1,2,1,2,1,2,1,2,2,2,2,2,1,2,1,3,2,3,3,2,2,2,2,1.633,1.583,1.633,1.633,1.633,1.608,1.558,1.633,Reasonably age-friendly,Less age-friendly,Less age-friendly,Less age-friendly,Reasonably age-friendly,Reasonably age-friendly,Less age-friendly,Less age-friendly,Less age-friendly,Reasonably age-friendly,Less age-friendly,hospital,22.615,170:0,0,backward,74,124,22.615,38.825,39.45,39.45,39.7,39.45,39.45,39.45,39.575,39.825,39.45,0
171,2.01,1.5,1.34,3,1.0,2.5,2,3,1,1.0,1,1,3,3,2,1,3,1,3,1.688,1.663,3.0,3.0,2.0,3.0,3,2,3,3,2,1,3,3,2,3,3,3,2,2,3,3,3,2,3,3,3,3,3,2,2,2,1,2,2,1,2,1,2,2,2,1,2,1,2,1,2,1,2,2,2,2,2,1,2,3,3,2,3,3,2,3,3,2,1.563,1.713,1.563,1.563,1.563,1.638,1.688,1.563,Reasonably age-friendly,Less age-friendly,Less age-friendly,Less age-friendly,Reasonably age-friendly,Reasonably age-friendly,Less age-friendly,Less age-friendly,Less age-friendly,Reasonably age-friendly,Less age-friendly,campus,23.144,171:0,0,forward,117,65,23.144,39.704,39.82899999999999,40.329,39.57899999999999,40.329,40.329,40.329,39.954,39.704,40.329,0
171,2.01,1.5,1.34,3,1.0,2.5,2,3,1,1.0,1,1,3,3,2,1,3,1,3,1.688,1.663,3.0,3.0,2.0,3.0,3,2,3,3,2,1,3,3,2,3,3,3,2,2,3,3,3,2,3,3,3,3,3,2,2,2,1,2,2,1,2,1,2,2,2,1,2,1,2,1,2,1,2,2,2,2,2,1,2,3,3,2,3,3,2,3,3,2,1.563,1.713,1.563,1.563,1.563,1.638,1.688,1.563,Reasonably age-friendly,Less age-friendly,Less age-friendly,Less age-friendly,Reasonably age-friendly,Reasonably age-friendly,Less age-friendly,Less age-friendly,Less age-friendly,Reasonably age-friendly,Less age-friendly,campus,23.144,171:0,0,backward,65,117,23.144,39.704,39.82899999999999,40.329,39.57899999999999,40.329,40.329,40.329,39.954,39.704,40.329,0
172,2.08,1.5,1.387,3,1.0,3.0,3,3,1,3.0,1,1,3,1,2,1,3,1,3,1.621,1.696,3.0,3.0,2.0,3.0,3,1,3,3,1,1,3,3,2,3,3,3,2,2,3,3,3,2,3,3,3,3,3,2,2,2,1,2,2,1,2,1,2,2,2,1,2,1,2,1,2,1,2,2,2,2,2,1,2,1,2,2,3,3,3,3,3,2,1.596,1.496,1.596,1.646,1.596,1.671,1.721,1.596,Reasonably age-friendly,Less age-friendly,Less age-friendly,Less age-friendly,Reasonably age-friendly,Reasonably age-friendly,Less age-friendly,Less age-friendly,Less age-friendly,Reasonably age-friendly,Less age-friendly,hospital,8.095,172:0,0,forward,125,126,8.095,24.990000000000002,24.615000000000002,25.115000000000002,25.615000000000002,25.115000000000002,24.865000000000002,25.115000000000002,24.740000000000002,24.490000000000002,25.115000000000002,0
172,2.08,1.5,1.387,3,1.0,3.0,3,3,1,3.0,1,1,3,1,2,1,3,1,3,1.621,1.696,3.0,3.0,2.0,3.0,3,1,3,3,1,1,3,3,2,3,3,3,2,2,3,3,3,2,3,3,3,3,3,2,2,2,1,2,2,1,2,1,2,2,2,1,2,1,2,1,2,1,2,2,2,2,2,1,2,1,2,2,3,3,3,3,3,2,1.596,1.496,1.596,1.646,1.596,1.671,1.721,1.596,Reasonably age-friendly,Less age-friendly,Less age-friendly,Less age-friendly,Reasonably age-friendly,Reasonably age-friendly,Less age-friendly,Less age-friendly,Less age-friendly,Reasonably age-friendly,Less age-friendly,hospital,8.095,172:0,0,backward,126,125,8.095,24.990000000000002,24.615000000000002,25.115000000000002,25.615000000000002,25.115000000000002,24.865000000000002,25.115000000000002,24.740000000000002,24.490000000000002,25.115000000000002,0
173,2.6,1.0,2.6,3,3.0,3.0,3,3,3,3.0,3,1,3,1,1,1,3,1,3,2.47,2.545,3.0,3.0,2.0,3.0,3,2,3,3,2,1,3,3,2,3,3,3,2,2,3,3,3,2,3,3,3,3,3,2,2,2,1,2,2,1,2,1,2,2,2,1,2,1,2,1,2,1,2,2,2,2,2,1,2,1,2,2,3,3,3,1,3,3,2.545,2.395,2.545,2.545,2.545,2.32,2.57,2.545,More age-friendly,Less age-friendly,Reasonably age-friendly,Reasonably age-friendly,More age-friendly,More age-friendly,Reasonably age-friendly,Less age-friendly,Reasonably age-friendly,More age-friendly,Less age-friendly,hospital,11.148,173:0,0,forward,126,127,11.148,23.798,23.423000000000002,23.423000000000002,24.173000000000002,23.423000000000002,23.423000000000002,23.423000000000002,24.548000000000002,23.298000000000002,23.423000000000002,0
173,2.6,1.0,2.6,3,3.0,3.0,3,3,3,3.0,3,1,3,1,1,1,3,1,3,2.47,2.545,3.0,3.0,2.0,3.0,3,2,3,3,2,1,3,3,2,3,3,3,2,2,3,3,3,2,3,3,3,3,3,2,2,2,1,2,2,1,2,1,2,2,2,1,2,1,2,1,2,1,2,2,2,2,2,1,2,1,2,2,3,3,3,1,3,3,2.545,2.395,2.545,2.545,2.545,2.32,2.57,2.545,More age-friendly,Less age-friendly,Reasonably age-friendly,Reasonably age-friendly,More age-friendly,More age-friendly,Reasonably age-friendly,Less age-friendly,Reasonably age-friendly,More age-friendly,Less age-friendly,hospital,11.148,173:0,0,backward,127,126,11.148,23.798,23.423000000000002,23.423000000000002,24.173000000000002,23.423000000000002,23.423000000000002,23.423000000000002,24.548000000000002,23.298000000000002,23.423000000000002,0
174,2.2,1.5,1.467,3,1.0,3.0,3,3,1,3.0,1,1,3,2,2,1,3,1,3,1.677,1.852,3.0,3.0,2.0,3.0,3,2,3,3,2,1,3,3,2,3,3,3,2,2,3,3,3,2,3,3,3,3,3,2,2,2,1,2,2,1,2,1,2,2,2,1,2,1,2,1,2,1,2,2,2,2,2,1,2,1,2,3,3,3,3,1,3,3,1.752,1.602,1.752,1.752,1.752,1.527,1.777,1.752,Reasonably age-friendly,Less age-friendly,Less age-friendly,Less age-friendly,Reasonably age-friendly,Reasonably age-friendly,Less age-friendly,Less age-friendly,Less age-friendly,Reasonably age-friendly,Less age-friendly,hospital,8.943,174:0,0,forward,127,128,8.943,25.558,24.683,25.183,25.933,25.183,25.183,25.183,26.308,25.058,25.183,0
174,2.2,1.5,1.467,3,1.0,3.0,3,3,1,3.0,1,1,3,2,2,1,3,1,3,1.677,1.852,3.0,3.0,2.0,3.0,3,2,3,3,2,1,3,3,2,3,3,3,2,2,3,3,3,2,3,3,3,3,3,2,2,2,1,2,2,1,2,1,2,2,2,1,2,1,2,1,2,1,2,2,2,2,2,1,2,1,2,3,3,3,3,1,3,3,1.752,1.602,1.752,1.752,1.752,1.527,1.777,1.752,Reasonably age-friendly,Less age-friendly,Less age-friendly,Less age-friendly,Reasonably age-friendly,Reasonably age-friendly,Less age-friendly,Less age-friendly,Less age-friendly,Reasonably age-friendly,Less age-friendly,hospital,8.943,174:0,0,backward,128,127,8.943,25.558,24.683,25.183,25.933,25.183,25.183,25.183,26.308,25.058,25.183,0
175,2.72,1.0,2.72,3,3.0,3.0,3,3,3,3.0,3,1,3,2,1,1,3,1,3,2.654,2.729,3.0,3.0,2.0,3.0,3,2,3,3,2,1,3,3,2,3,3,3,2,2,3,3,3,2,3,3,3,3,3,2,2,2,1,2,2,1,2,1,2,2,2,1,2,1,2,1,2,1,2,2,2,2,2,1,2,1,3,3,3,3,3,1,3,3,2.629,2.479,2.629,2.629,2.629,2.404,2.654,2.629,More age-friendly,Reasonably age-friendly,Reasonably age-friendly,Reasonably age-friendly,More age-friendly,More age-friendly,Reasonably age-friendly,Less age-friendly,Reasonably age-friendly,More age-friendly,Less age-friendly,hospital,45.622,175:0,0,forward,128,129,45.622,57.352000000000004,56.977000000000004,57.477000000000004,58.227000000000004,57.477000000000004,57.477000000000004,57.477000000000004,58.602000000000004,57.352000000000004,57.477000000000004,0
175,2.72,1.0,2.72,3,3.0,3.0,3,3,3,3.0,3,1,3,2,1,1,3,1,3,2.654,2.729,3.0,3.0,2.0,3.0,3,2,3,3,2,1,3,3,2,3,3,3,2,2,3,3,3,2,3,3,3,3,3,2,2,2,1,2,2,1,2,1,2,2,2,1,2,1,2,1,2,1,2,2,2,2,2,1,2,1,3,3,3,3,3,1,3,3,2.629,2.479,2.629,2.629,2.629,2.404,2.654,2.629,More age-friendly,Reasonably age-friendly,Reasonably age-friendly,Reasonably age-friendly,More age-friendly,More age-friendly,Reasonably age-friendly,Less age-friendly,Reasonably age-friendly,More age-friendly,Less age-friendly,hospital,45.622,175:0,0,backward,129,128,45.622,57.352000000000004,56.977000000000004,57.477000000000004,58.227000000000004,57.477000000000004,57.477000000000004,57.477000000000004,58.602000000000004,57.352000000000004,57.477000000000004,0
176,2.2,1.5,1.467,3,1.0,3.0,3,3,1,3.0,1,1,3,2,2,1,3,1,3,1.777,1.852,3.0,3.0,2.0,3.0,3,2,3,3,2,1,3,3,2,3,3,3,2,2,3,3,3,2,3,3,3,3,3,2,2,2,1,2,2,1,2,1,2,2,2,1,2,1,2,1,2,1,2,2,2,2,2,1,2,1,3,3,3,3,3,1,3,3,1.752,1.602,1.752,1.752,1.752,1.527,1.777,1.752,Reasonably age-friendly,Less age-friendly,Less age-friendly,Less age-friendly,Reasonably age-friendly,Reasonably age-friendly,Less age-friendly,Less age-friendly,Less age-friendly,Reasonably age-friendly,Less age-friendly,hospital,23.183,176:0,0,forward,129,130,23.183,39.298,38.923,39.423,40.173,39.423,39.423,39.423,40.548,39.298,39.423,0
176,2.2,1.5,1.467,3,1.0,3.0,3,3,1,3.0,1,1,3,2,2,1,3,1,3,1.777,1.852,3.0,3.0,2.0,3.0,3,2,3,3,2,1,3,3,2,3,3,3,2,2,3,3,3,2,3,3,3,3,3,2,2,2,1,2,2,1,2,1,2,2,2,1,2,1,2,1,2,1,2,2,2,2,2,1,2,1,3,3,3,3,3,1,3,3,1.752,1.602,1.752,1.752,1.752,1.527,1.777,1.752,Reasonably age-friendly,Less age-friendly,Less age-friendly,Less age-friendly,Reasonably age-friendly,Reasonably age-friendly,Less age-friendly,Less age-friendly,Less age-friendly,Reasonably age-friendly,Less age-friendly,hospital,23.183,176:0,0,backward,130,129,23.183,39.298,38.923,39.423,40.173,39.423,39.423,39.423,40.548,39.298,39.423,0
177,2.6,1.0,2.6,3,3.0,3.0,3,3,3,3.0,3,1,3,1,1,1,3,1,3,2.57,2.645,3.0,3.0,2.0,3.0,3,2,3,3,2,1,3,3,2,3,3,3,2,2,3,3,3,2,3,3,3,3,3,2,2,2,1,2,2,1,2,1,2,2,2,1,2,1,2,1,2,1,2,2,2,2,2,1,2,1,3,3,3,3,3,1,3,3,2.545,2.395,2.545,2.545,2.545,2.32,2.57,2.545,More age-friendly,Less age-friendly,Reasonably age-friendly,Reasonably age-friendly,More age-friendly,More age-friendly,Reasonably age-friendly,Less age-friendly,Reasonably age-friendly,More age-friendly,Less age-friendly,hospital,90.744,177:0,0,forward,130,93,90.744,102.894,102.519,103.019,103.769,103.019,103.019,103.019,104.144,102.894,103.019,0
177,2.6,1.0,2.6,3,3.0,3.0,3,3,3,3.0,3,1,3,1,1,1,3,1,3,2.57,2.645,3.0,3.0,2.0,3.0,3,2,3,3,2,1,3,3,2,3,3,3,2,2,3,3,3,2,3,3,3,3,3,2,2,2,1,2,2,1,2,1,2,2,2,1,2,1,2,1,2,1,2,2,2,2,2,1,2,1,3,3,3,3,3,1,3,3,2.545,2.395,2.545,2.545,2.545,2.32,2.57,2.545,More age-friendly,Less age-friendly,Reasonably age-friendly,Reasonably age-friendly,More age-friendly,More age-friendly,Reasonably age-friendly,Less age-friendly,Reasonably age-friendly,More age-friendly,Less age-friendly,hospital,90.744,177:0,0,backward,93,130,90.744,102.894,102.519,103.019,103.769,103.019,103.019,103.019,104.144,102.894,103.019,0
178,2.2,1.5,1.467,3,1.0,3.0,3,3,1,3.0,1,1,3,2,2,1,3,3,3,1.877,1.852,3.0,3.0,2.0,3.0,3,3,3,3,3,3,3,3,2,3,3,3,2,2,3,3,3,2,3,3,3,3,3,2,2,2,1,2,2,1,2,1,2,2,2,1,2,1,2,1,2,1,2,2,2,2,2,1,2,1,3,3,3,3,3,1,3,3,1.752,1.652,1.752,1.802,1.752,1.627,1.777,1.752,Reasonably age-friendly,Less age-friendly,Less age-friendly,Less age-friendly,Reasonably age-friendly,Reasonably age-friendly,Less age-friendly,Less age-friendly,Less age-friendly,Reasonably age-friendly,Less age-friendly,hospital,18.914,178:0,0,forward,129,131,18.914,34.529,34.653999999999996,35.154,35.653999999999996,35.154,34.904,35.154,35.779,35.028999999999996,35.154,0
178,2.2,1.5,1.467,3,1.0,3.0,3,3,1,3.0,1,1,3,2,2,1,3,3,3,1.877,1.852,3.0,3.0,2.0,3.0,3,3,3,3,3,3,3,3,2,3,3,3,2,2,3,3,3,2,3,3,3,3,3,2,2,2,1,2,2,1,2,1,2,2,2,1,2,1,2,1,2,1,2,2,2,2,2,1,2,1,3,3,3,3,3,1,3,3,1.752,1.652,1.752,1.802,1.752,1.627,1.777,1.752,Reasonably age-friendly,Less age-friendly,Less age-friendly,Less age-friendly,Reasonably age-friendly,Reasonably age-friendly,Less age-friendly,Less age-friendly,Less age-friendly,Reasonably age-friendly,Less age-friendly,hospital,18.914,178:0,0,backward,131,129,18.914,34.529,34.653999999999996,35.154,35.653999999999996,35.154,34.904,35.154,35.779,35.028999999999996,35.154,0
179,2.84,1.0,2.84,3,3.0,3.0,3,3,3,3.0,3,1,3,3,1,1,3,1,2,2.738,2.763,3.0,3.0,2.0,3.0,3,3,3,3,3,1,2,3,2,3,3,3,2,2,3,3,3,2,3,3,3,3,3,2,2,2,1,2,2,1,2,1,2,2,2,1,2,1,2,1,2,1,2,2,2,2,2,1,2,1,3,3,3,3,3,1,3,3,2.713,2.613,2.713,2.763,2.713,2.488,2.688,2.713,More age-friendly,Reasonably age-friendly,Reasonably age-friendly,Reasonably age-friendly,More age-friendly,More age-friendly,Reasonably age-friendly,Less age-friendly,Reasonably age-friendly,More age-friendly,Less age-friendly,hospital,61.351,179:0,0,forward,131,132,61.351,72.661,72.536,72.786,73.286,72.786,72.536,72.786,73.911,72.911,72.786,0
179,2.84,1.0,2.84,3,3.0,3.0,3,3,3,3.0,3,1,3,3,1,1,3,1,2,2.738,2.763,3.0,3.0,2.0,3.0,3,3,3,3,3,1,2,3,2,3,3,3,2,2,3,3,3,2,3,3,3,3,3,2,2,2,1,2,2,1,2,1,2,2,2,1,2,1,2,1,2,1,2,2,2,2,2,1,2,1,3,3,3,3,3,1,3,3,2.713,2.613,2.713,2.763,2.713,2.488,2.688,2.713,More age-friendly,Reasonably age-friendly,Reasonably age-friendly,Reasonably age-friendly,More age-friendly,More age-friendly,Reasonably age-friendly,Less age-friendly,Reasonably age-friendly,More age-friendly,Less age-friendly,hospital,61.351,179:0,0,backward,132,131,61.351,72.661,72.536,72.786,73.286,72.786,72.536,72.786,73.911,72.911,72.786,0
180,2.08,1.5,1.387,3,1.0,3.0,3,3,1,3.0,1,1,3,1,2,1,3,1,3,1.721,1.796,3.0,3.0,2.0,3.0,3,3,3,3,3,1,3,3,2,3,3,3,2,2,3,3,3,2,3,3,3,3,3,2,2,2,1,2,2,1,2,1,2,2,2,1,2,1,2,1,2,1,2,2,2,2,2,1,2,1,3,3,3,3,3,1,3,3,1.696,1.596,1.696,1.746,1.696,1.471,1.721,1.696,Reasonably age-friendly,Less age-friendly,Less age-friendly,Less age-friendly,Reasonably age-friendly,Reasonably age-friendly,Less age-friendly,Less age-friendly,Less age-friendly,Reasonably age-friendly,Less age-friendly,hospital,14.031,180:0,0,forward,132,133,14.031,30.426000000000002,30.051000000000002,30.551000000000002,31.051000000000002,30.551000000000002,30.301000000000002,30.551000000000002,31.676000000000002,30.426000000000002,30.551000000000002,0
180,2.08,1.5,1.387,3,1.0,3.0,3,3,1,3.0,1,1,3,1,2,1,3,1,3,1.721,1.796,3.0,3.0,2.0,3.0,3,3,3,3,3,1,3,3,2,3,3,3,2,2,3,3,3,2,3,3,3,3,3,2,2,2,1,2,2,1,2,1,2,2,2,1,2,1,2,1,2,1,2,2,2,2,2,1,2,1,3,3,3,3,3,1,3,3,1.696,1.596,1.696,1.746,1.696,1.471,1.721,1.696,Reasonably age-friendly,Less age-friendly,Less age-friendly,Less age-friendly,Reasonably age-friendly,Reasonably age-friendly,Less age-friendly,Less age-friendly,Less age-friendly,Reasonably age-friendly,Less age-friendly,hospital,14.031,180:0,0,backward,133,132,14.031,30.426000000000002,30.051000000000002,30.551000000000002,31.051000000000002,30.551000000000002,30.301000000000002,30.551000000000002,31.676000000000002,30.426000000000002,30.551000000000002,0
181,2.74,1.0,2.74,3,3.0,2.0,3,3,3,3.0,3,2,2,2,1,1,3,3,3,2.768,2.693,3.0,3.0,2.0,3.0,3,3,3,3,3,3,3,3,1,3,3,2,1,1,3,3,2,1,3,3,3,3,3,2,2,2,1,2,2,1,2,1,2,2,2,1,2,1,2,1,2,1,2,2,2,2,2,1,2,1,3,3,3,3,3,1,3,3,2.593,2.543,2.593,2.693,2.593,2.518,2.618,2.593,More age-friendly,Reasonably age-friendly,Reasonably age-friendly,Reasonably age-friendly,More age-friendly,More age-friendly,Reasonably age-friendly,Reasonably age-friendly,Reasonably age-friendly,More age-friendly,Less age-friendly,hospital,38.315,181:0,0,forward,133,91,38.315,49.474999999999994,49.849999999999994,50.349999999999994,50.599999999999994,50.349999999999994,49.849999999999994,50.349999999999994,50.724999999999994,50.224999999999994,50.349999999999994,0
181,2.74,1.0,2.74,3,3.0,2.0,3,3,3,3.0,3,2,2,2,1,1,3,3,3,2.768,2.693,3.0,3.0,2.0,3.0,3,3,3,3,3,3,3,3,1,3,3,2,1,1,3,3,2,1,3,3,3,3,3,2,2,2,1,2,2,1,2,1,2,2,2,1,2,1,2,1,2,1,2,2,2,2,2,1,2,1,3,3,3,3,3,1,3,3,2.593,2.543,2.593,2.693,2.593,2.518,2.618,2.593,More age-friendly,Reasonably age-friendly,Reasonably age-friendly,Reasonably age-friendly,More age-friendly,More age-friendly,Reasonably age-friendly,Reasonably age-friendly,Reasonably age-friendly,More age-friendly,Less age-friendly,hospital,38.315,181:0,0,backward,91,133,38.315,49.474999999999994,49.849999999999994,50.349999999999994,50.599999999999994,50.349999999999994,49.849999999999994,50.349999999999994,50.724999999999994,50.224999999999994,50.349999999999994,0
182,2.08,1.5,1.387,3,1.0,3.0,3,3,1,3.0,1,1,3,1,2,1,3,3,3,1.821,1.796,3.0,3.0,2.0,3.0,3,3,3,3,3,3,3,3,2,3,3,3,2,2,3,3,3,2,3,3,3,3,3,2,2,2,1,2,2,1,2,1,2,2,2,1,2,1,2,1,2,1,2,2,2,2,2,1,2,1,3,3,3,3,3,1,3,3,1.696,1.596,1.696,1.746,1.696,1.571,1.721,1.696,Reasonably age-friendly,Less age-friendly,Less age-friendly,Less age-friendly,Reasonably age-friendly,Reasonably age-friendly,Less age-friendly,Less age-friendly,Less age-friendly,Reasonably age-friendly,Less age-friendly,hospital,14.747,182:0,0,forward,131,134,14.747,30.642000000000003,30.767,31.267000000000003,31.767,31.267000000000003,31.017,31.267000000000003,31.892000000000003,31.142,31.267000000000003,0
182,2.08,1.5,1.387,3,1.0,3.0,3,3,1,3.0,1,1,3,1,2,1,3,3,3,1.821,1.796,3.0,3.0,2.0,3.0,3,3,3,3,3,3,3,3,2,3,3,3,2,2,3,3,3,2,3,3,3,3,3,2,2,2,1,2,2,1,2,1,2,2,2,1,2,1,2,1,2,1,2,2,2,2,2,1,2,1,3,3,3,3,3,1,3,3,1.696,1.596,1.696,1.746,1.696,1.571,1.721,1.696,Reasonably age-friendly,Less age-friendly,Less age-friendly,Less age-friendly,Reasonably age-friendly,Reasonably age-friendly,Less age-friendly,Less age-friendly,Less age-friendly,Reasonably age-friendly,Less age-friendly,hospital,14.747,182:0,0,backward,134,131,14.747,30.642000000000003,30.767,31.267000000000003,31.767,31.267000000000003,31.017,31.267000000000003,31.892000000000003,31.142,31.267000000000003,0
183,3.0,1.0,3.0,3,3.0,3.0,3,3,3,3.0,3,3,2,3,1,1,3,3,3,2.95,2.875,3.0,3.0,2.0,3.0,3,2,3,3,2,3,3,3,1,3,3,2,1,1,3,3,2,1,3,3,3,3,3,2,2,2,1,2,2,1,2,1,2,2,2,1,2,1,2,1,2,1,2,2,2,2,2,1,2,1,3,3,3,3,3,1,3,3,2.775,2.675,2.775,2.825,2.775,2.7,2.8,2.775,More age-friendly,Reasonably age-friendly,Reasonably age-friendly,Reasonably age-friendly,More age-friendly,More age-friendly,Reasonably age-friendly,Reasonably age-friendly,Reasonably age-friendly,More age-friendly,Less age-friendly,hospital,45.266,183:0,0,forward,134,135,45.266,55.516,55.891,56.391,56.891,56.391,56.141,56.391,56.766,56.266,56.391,0
183,3.0,1.0,3.0,3,3.0,3.0,3,3,3,3.0,3,3,2,3,1,1,3,3,3,2.95,2.875,3.0,3.0,2.0,3.0,3,2,3,3,2,3,3,3,1,3,3,2,1,1,3,3,2,1,3,3,3,3,3,2,2,2,1,2,2,1,2,1,2,2,2,1,2,1,2,1,2,1,2,2,2,2,2,1,2,1,3,3,3,3,3,1,3,3,2.775,2.675,2.775,2.825,2.775,2.7,2.8,2.775,More age-friendly,Reasonably age-friendly,Reasonably age-friendly,Reasonably age-friendly,More age-friendly,More age-friendly,Reasonably age-friendly,Reasonably age-friendly,Reasonably age-friendly,More age-friendly,Less age-friendly,hospital,45.266,183:0,0,backward,135,134,45.266,55.516,55.891,56.391,56.891,56.391,56.141,56.391,56.766,56.266,56.391,0
184,2.08,1.5,1.387,3,1.0,3.0,3,3,1,3.0,1,1,3,1,2,1,3,1,3,1.721,1.696,3.0,3.0,2.0,3.0,3,2,3,3,2,1,3,3,2,3,3,3,2,2,3,3,3,2,3,3,3,3,3,2,2,2,1,2,2,1,2,1,2,2,2,1,2,1,2,1,2,1,2,2,2,2,2,1,2,1,3,2,3,3,3,1,3,2,1.596,1.546,1.596,1.696,1.596,1.471,1.721,1.596,Reasonably age-friendly,Less age-friendly,Less age-friendly,Less age-friendly,Reasonably age-friendly,Reasonably age-friendly,Less age-friendly,Less age-friendly,Less age-friendly,Reasonably age-friendly,Less age-friendly,hospital,7.835,184:0,0,forward,135,136,7.835,24.23,24.355000000000004,24.855,25.105,24.855,24.355000000000004,24.855,25.48,24.23,24.855,0
184,2.08,1.5,1.387,3,1.0,3.0,3,3,1,3.0,1,1,3,1,2,1,3,1,3,1.721,1.696,3.0,3.0,2.0,3.0,3,2,3,3,2,1,3,3,2,3,3,3,2,2,3,3,3,2,3,3,3,3,3,2,2,2,1,2,2,1,2,1,2,2,2,1,2,1,2,1,2,1,2,2,2,2,2,1,2,1,3,2,3,3,3,1,3,2,1.596,1.546,1.596,1.696,1.596,1.471,1.721,1.596,Reasonably age-friendly,Less age-friendly,Less age-friendly,Less age-friendly,Reasonably age-friendly,Reasonably age-friendly,Less age-friendly,Less age-friendly,Less age-friendly,Reasonably age-friendly,Less age-friendly,hospital,7.835,184:0,0,backward,136,135,7.835,24.23,24.355000000000004,24.855,25.105,24.855,24.355000000000004,24.855,25.48,24.23,24.855,0
185,2.84,1.0,2.84,3,3.0,3.0,3,3,3,3.0,3,1,2,3,1,1,3,3,3,2.838,2.663,3.0,3.0,2.0,3.0,3,2,3,3,2,3,3,3,1,3,3,2,1,1,3,3,2,1,3,3,3,3,3,2,2,2,1,2,2,1,2,1,2,2,2,1,2,1,2,1,2,1,2,2,2,2,2,1,2,1,3,2,3,3,3,3,3,2,2.563,2.563,2.563,2.713,2.563,2.788,2.688,2.563,More age-friendly,Reasonably age-friendly,Reasonably age-friendly,Reasonably age-friendly,More age-friendly,More age-friendly,Reasonably age-friendly,Reasonably age-friendly,Reasonably age-friendly,More age-friendly,Less age-friendly,hospital,34.135,185:0,0,forward,136,74,34.135,44.94499999999999,45.82,46.31999999999999,46.31999999999999,46.31999999999999,45.56999999999999,46.31999999999999,45.195,45.69499999999999,46.31999999999999,0
185,2.84,1.0,2.84,3,3.0,3.0,3,3,3,3.0,3,1,2,3,1,1,3,3,3,2.838,2.663,3.0,3.0,2.0,3.0,3,2,3,3,2,3,3,3,1,3,3,2,1,1,3,3,2,1,3,3,3,3,3,2,2,2,1,2,2,1,2,1,2,2,2,1,2,1,2,1,2,1,2,2,2,2,2,1,2,1,3,2,3,3,3,3,3,2,2.563,2.563,2.563,2.713,2.563,2.788,2.688,2.563,More age-friendly,Reasonably age-friendly,Reasonably age-friendly,Reasonably age-friendly,More age-friendly,More age-friendly,Reasonably age-friendly,Reasonably age-friendly,Reasonably age-friendly,More age-friendly,Less age-friendly,hospital,34.135,185:0,0,backward,74,136,34.135,44.94499999999999,45.82,46.31999999999999,46.31999999999999,46.31999999999999,45.56999999999999,46.31999999999999,45.195,45.69499999999999,46.31999999999999,0
186,2.65,1.0,2.65,3,3.0,2.5,3,3,3,3.0,3,2,3,1,1,1,3,2,3,2.655,2.58,3.0,3.0,2.0,3.0,3,2,3,3,2,2,3,3,2,3,3,3,2,2,3,3,3,2,3,3,3,3,3,2,2,2,1,2,2,1,2,1,2,2,2,1,2,1,2,1,2,1,2,2,2,2,2,1,3,3,3,2,3,3,3,3,3,3,2.58,2.63,2.58,2.58,2.58,2.605,2.605,2.58,More age-friendly,Reasonably age-friendly,Reasonably age-friendly,Reasonably age-friendly,More age-friendly,More age-friendly,Reasonably age-friendly,Reasonably age-friendly,Reasonably age-friendly,More age-friendly,Less age-friendly,campus,77.448,186:0,0,forward,22,137,77.448,89.173,89.54799999999999,89.54799999999999,89.298,89.54799999999999,89.54799999999999,89.54799999999999,89.42299999999999,89.42299999999999,89.54799999999999,0
186,2.65,1.0,2.65,3,3.0,2.5,3,3,3,3.0,3,2,3,1,1,1,3,2,3,2.655,2.58,3.0,3.0,2.0,3.0,3,2,3,3,2,2,3,3,2,3,3,3,2,2,3,3,3,2,3,3,3,3,3,2,2,2,1,2,2,1,2,1,2,2,2,1,2,1,2,1,2,1,2,2,2,2,2,1,3,3,3,2,3,3,3,3,3,3,2.58,2.63,2.58,2.58,2.58,2.605,2.605,2.58,More age-friendly,Reasonably age-friendly,Reasonably age-friendly,Reasonably age-friendly,More age-friendly,More age-friendly,Reasonably age-friendly,Reasonably age-friendly,Reasonably age-friendly,More age-friendly,Less age-friendly,campus,77.448,186:0,0,backward,137,22,77.448,89.173,89.54799999999999,89.54799999999999,89.298,89.54799999999999,89.54799999999999,89.54799999999999,89.42299999999999,89.42299999999999,89.54799999999999,0
187,2.43,1.5,1.62,3,3.0,1.5,3,3,2,3.0,2,1,3,2,2,1,3,3,3,1.784,1.859,3.0,3.0,2.0,3.0,3,2,3,3,2,3,3,3,2,3,3,3,2,2,3,3,3,2,3,3,3,3,3,2,2,2,1,2,2,1,2,1,2,2,2,1,2,1,2,1,2,1,2,2,2,2,2,1,3,3,1,2,3,1,1,2,1,1,1.659,1.909,1.659,1.659,1.659,1.834,1.684,1.659,Reasonably age-friendly,Less age-friendly,Less age-friendly,Less age-friendly,Reasonably age-friendly,Reasonably age-friendly,Less age-friendly,Less age-friendly,Less age-friendly,Reasonably age-friendly,Less age-friendly,campus,14.423,187:0,0,forward,138,139,14.423,30.503,30.128,31.128,29.878,31.128,31.128,31.128,30.253,31.003,31.128,0
187,2.43,1.5,1.62,3,3.0,1.5,3,3,2,3.0,2,1,3,2,2,1,3,3,3,1.784,1.859,3.0,3.0,2.0,3.0,3,2,3,3,2,3,3,3,2,3,3,3,2,2,3,3,3,2,3,3,3,3,3,2,2,2,1,2,2,1,2,1,2,2,2,1,2,1,2,1,2,1,2,2,2,2,2,1,3,3,1,2,3,1,1,2,1,1,1.659,1.909,1.659,1.659,1.659,1.834,1.684,1.659,Reasonably age-friendly,Less age-friendly,Less age-friendly,Less age-friendly,Reasonably age-friendly,Reasonably age-friendly,Less age-friendly,Less age-friendly,Less age-friendly,Reasonably age-friendly,Less age-friendly,campus,14.423,187:0,0,backward,139,138,14.423,30.503,30.128,31.128,29.878,31.128,31.128,31.128,30.253,31.003,31.128,0
188,2.69,1.0,2.69,3,3.0,2.5,3,3,3,3.0,3,1,2,2,1,1,3,3,3,2.633,2.558,3.0,3.0,2.0,3.0,3,2,3,3,2,3,3,3,1,3,3,2,1,1,3,3,2,1,3,3,3,3,3,2,2,2,1,2,2,1,2,1,2,2,2,1,2,1,2,1,2,1,2,2,2,2,2,1,3,2,2,2,3,1,1,3,3,2,2.458,2.558,2.458,2.408,2.458,2.683,2.583,2.458,Reasonably age-friendly,Reasonably age-friendly,Reasonably age-friendly,Reasonably age-friendly,Reasonably age-friendly,Reasonably age-friendly,Less age-friendly,Reasonably age-friendly,Reasonably age-friendly,Reasonably age-friendly,Less age-friendly,campus,98.295,188:0,0,forward,139,140,98.295,110.13,110.505,111.005,110.505,111.005,111.255,111.005,109.88,110.38,111.005,0
188,2.69,1.0,2.69,3,3.0,2.5,3,3,3,3.0,3,1,2,2,1,1,3,3,3,2.633,2.558,3.0,3.0,2.0,3.0,3,2,3,3,2,3,3,3,1,3,3,2,1,1,3,3,2,1,3,3,3,3,3,2,2,2,1,2,2,1,2,1,2,2,2,1,2,1,2,1,2,1,2,2,2,2,2,1,3,2,2,2,3,1,1,3,3,2,2.458,2.558,2.458,2.408,2.458,2.683,2.583,2.458,Reasonably age-friendly,Reasonably age-friendly,Reasonably age-friendly,Reasonably age-friendly,Reasonably age-friendly,Reasonably age-friendly,Less age-friendly,Reasonably age-friendly,Reasonably age-friendly,Reasonably age-friendly,Less age-friendly,campus,98.295,188:0,0,backward,140,139,98.295,110.13,110.505,111.005,110.505,111.005,111.255,111.005,109.88,110.38,111.005,0
189,2.04,1.5,1.36,3,1.0,3.0,3,3,1,1.0,1,1,3,2,2,1,3,2,3,1.652,1.677,3.0,3.0,2.0,3.0,3,1,3,3,1,2,3,3,2,3,3,3,2,2,3,3,3,2,3,3,3,3,3,2,2,2,1,2,2,1,2,1,2,2,2,1,2,1,2,1,2,1,2,2,2,2,2,1,2,2,2,2,3,3,3,3,3,2,1.577,1.577,1.577,1.627,1.577,1.702,1.702,1.577,Reasonably age-friendly,Less age-friendly,Less age-friendly,Less age-friendly,Reasonably age-friendly,Reasonably age-friendly,Less age-friendly,Less age-friendly,Less age-friendly,Reasonably age-friendly,Less age-friendly,campus,18.578,189:0,0,forward,140,141,18.578,35.318,35.193,35.693,35.693,35.693,35.443,35.693,35.068,35.068,35.693,0
189,2.04,1.5,1.36,3,1.0,3.0,3,3,1,1.0,1,1,3,2,2,1,3,2,3,1.652,1.677,3.0,3.0,2.0,3.0,3,1,3,3,1,2,3,3,2,3,3,3,2,2,3,3,3,2,3,3,3,3,3,2,2,2,1,2,2,1,2,1,2,2,2,1,2,1,2,1,2,1,2,2,2,2,2,1,2,2,2,2,3,3,3,3,3,2,1.577,1.577,1.577,1.627,1.577,1.702,1.702,1.577,Reasonably age-friendly,Less age-friendly,Less age-friendly,Less age-friendly,Reasonably age-friendly,Reasonably age-friendly,Less age-friendly,Less age-friendly,Less age-friendly,Reasonably age-friendly,Less age-friendly,campus,18.578,189:0,0,backward,141,140,18.578,35.318,35.193,35.693,35.693,35.693,35.443,35.693,35.068,35.068,35.693,0
190,2.44,1.0,2.44,3,3.0,3.0,3,3,3,1.0,2,2,2,1,1,1,3,2,3,2.408,2.483,3.0,3.0,2.0,3.0,3,1,3,3,1,2,3,3,1,3,3,2,1,1,3,3,2,1,3,3,3,3,3,2,2,2,1,2,2,1,2,1,2,2,2,1,2,1,2,1,2,1,2,2,2,2,2,1,2,2,2,3,3,3,3,3,3,3,2.383,2.333,2.383,2.383,2.383,2.458,2.408,2.383,Reasonably age-friendly,Less age-friendly,Reasonably age-friendly,Reasonably age-friendly,Reasonably age-friendly,Reasonably age-friendly,Reasonably age-friendly,Reasonably age-friendly,Reasonably age-friendly,Reasonably age-friendly,Less age-friendly,campus,21.499,190:0,0,forward,140,142,21.499,34.459,34.083999999999996,34.584,34.833999999999996,34.584,34.584,34.584,34.208999999999996,34.459,34.584,0
190,2.44,1.0,2.44,3,3.0,3.0,3,3,3,1.0,2,2,2,1,1,1,3,2,3,2.408,2.483,3.0,3.0,2.0,3.0,3,1,3,3,1,2,3,3,1,3,3,2,1,1,3,3,2,1,3,3,3,3,3,2,2,2,1,2,2,1,2,1,2,2,2,1,2,1,2,1,2,1,2,2,2,2,2,1,2,2,2,3,3,3,3,3,3,3,2.383,2.333,2.383,2.383,2.383,2.458,2.408,2.383,Reasonably age-friendly,Less age-friendly,Reasonably age-friendly,Reasonably age-friendly,Reasonably age-friendly,Reasonably age-friendly,Reasonably age-friendly,Reasonably age-friendly,Reasonably age-friendly,Reasonably age-friendly,Less age-friendly,campus,21.499,190:0,0,backward,142,140,21.499,34.459,34.083999999999996,34.584,34.833999999999996,34.584,34.584,34.584,34.208999999999996,34.459,34.584,0
191,2.6,1.0,2.6,3,3.0,3.0,3,3,3,3.0,3,1,2,1,1,1,3,3,3,2.67,2.595,3.0,3.0,2.0,3.0,3,2,3,3,2,3,3,3,1,3,3,2,1,1,3,3,2,1,3,3,3,3,3,2,2,2,1,2,2,1,2,1,2,2,2,1,2,1,2,1,2,1,2,2,2,2,2,1,2,3,3,3,3,3,3,3,3,3,2.495,2.595,2.495,2.545,2.495,2.62,2.52,2.495,Reasonably age-friendly,Reasonably age-friendly,Reasonably age-friendly,Reasonably age-friendly,Reasonably age-friendly,Reasonably age-friendly,Reasonably age-friendly,Reasonably age-friendly,Reasonably age-friendly,Reasonably age-friendly,Less age-friendly,campus,154.44,191:0,0,forward,65,141,154.44,166.09,166.465,166.965,166.465,166.965,166.715,166.965,166.34,166.84,166.965,0
191,2.6,1.0,2.6,3,3.0,3.0,3,3,3,3.0,3,1,2,1,1,1,3,3,3,2.67,2.595,3.0,3.0,2.0,3.0,3,2,3,3,2,3,3,3,1,3,3,2,1,1,3,3,2,1,3,3,3,3,3,2,2,2,1,2,2,1,2,1,2,2,2,1,2,1,2,1,2,1,2,2,2,2,2,1,2,3,3,3,3,3,3,3,3,3,2.495,2.595,2.495,2.545,2.495,2.62,2.52,2.495,Reasonably age-friendly,Reasonably age-friendly,Reasonably age-friendly,Reasonably age-friendly,Reasonably age-friendly,Reasonably age-friendly,Reasonably age-friendly,Reasonably age-friendly,Reasonably age-friendly,Reasonably age-friendly,Less age-friendly,campus,154.44,191:0,0,backward,141,65,154.44,166.09,166.465,166.965,166.465,166.965,166.715,166.965,166.34,166.84,166.965,0
192,2.53,1.0,2.53,3,3.0,2.5,3,3,2,3.0,3,2,1,1,1,1,3,3,3,2.621,2.496,3.0,3.0,2.0,3.0,3,2,3,3,2,3,3,3,1,3,3,1,1,1,3,3,1,1,3,3,3,3,3,2,2,2,1,2,2,1,2,1,2,2,2,1,2,1,2,1,2,1,2,2,2,2,2,1,3,2,3,3,3,1,3,2,2,3,2.446,2.446,2.446,2.496,2.446,2.471,2.321,2.446,Reasonably age-friendly,Reasonably age-friendly,Reasonably age-friendly,Reasonably age-friendly,Reasonably age-friendly,Reasonably age-friendly,Reasonably age-friendly,Reasonably age-friendly,Less age-friendly,Reasonably age-friendly,Less age-friendly,campus,133.229,192:0,0,forward,143,144,133.229,145.12400000000002,145.74900000000002,145.99900000000002,145.99900000000002,145.99900000000002,145.74900000000002,145.99900000000002,145.87400000000002,146.62400000000002,145.99900000000002,0
192,2.53,1.0,2.53,3,3.0,2.5,3,3,2,3.0,3,2,1,1,1,1,3,3,3,2.621,2.496,3.0,3.0,2.0,3.0,3,2,3,3,2,3,3,3,1,3,3,1,1,1,3,3,1,1,3,3,3,3,3,2,2,2,1,2,2,1,2,1,2,2,2,1,2,1,2,1,2,1,2,2,2,2,2,1,3,2,3,3,3,1,3,2,2,3,2.446,2.446,2.446,2.496,2.446,2.471,2.321,2.446,Reasonably age-friendly,Reasonably age-friendly,Reasonably age-friendly,Reasonably age-friendly,Reasonably age-friendly,Reasonably age-friendly,Reasonably age-friendly,Reasonably age-friendly,Less age-friendly,Reasonably age-friendly,Less age-friendly,campus,133.229,192:0,0,backward,144,143,133.229,145.12400000000002,145.74900000000002,145.99900000000002,145.99900000000002,145.99900000000002,145.74900000000002,145.99900000000002,145.87400000000002,146.62400000000002,145.99900000000002,0
193,2.52,1.0,2.52,3,3.0,3.0,3,3,3,1.5,2,1,3,3,1,1,2,1,3,2.514,2.589,3.0,3.0,2.0,3.0,3,1,3,3,1,1,3,3,2,3,3,3,2,2,3,3,3,2,3,3,3,3,3,2,2,2,1,2,2,1,2,1,2,2,2,1,2,1,2,1,2,1,2,2,2,2,2,1,3,3,3,3,3,3,3,3,3,3,2.489,2.489,2.489,2.439,2.489,2.464,2.514,2.489,Reasonably age-friendly,Reasonably age-friendly,Reasonably age-friendly,Reasonably age-friendly,Reasonably age-friendly,Reasonably age-friendly,Reasonably age-friendly,Reasonably age-friendly,Reasonably age-friendly,Reasonably age-friendly,Reasonably age-friendly,campus,79.545,193:0,0,forward,17,145,79.545,91.97500000000001,91.6,92.1,92.1,92.1,92.35,92.1,92.225,91.97500000000001,92.1,0
193,2.52,1.0,2.52,3,3.0,3.0,3,3,3,1.5,2,1,3,3,1,1,2,1,3,2.514,2.589,3.0,3.0,2.0,3.0,3,1,3,3,1,1,3,3,2,3,3,3,2,2,3,3,3,2,3,3,3,3,3,2,2,2,1,2,2,1,2,1,2,2,2,1,2,1,2,1,2,1,2,2,2,2,2,1,3,3,3,3,3,3,3,3,3,3,2.489,2.489,2.489,2.439,2.489,2.464,2.514,2.489,Reasonably age-friendly,Reasonably age-friendly,Reasonably age-friendly,Reasonably age-friendly,Reasonably age-friendly,Reasonably age-friendly,Reasonably age-friendly,Reasonably age-friendly,Reasonably age-friendly,Reasonably age-friendly,Reasonably age-friendly,campus,79.545,193:0,0,backward,145,17,79.545,91.97500000000001,91.6,92.1,92.1,92.1,92.35,92.1,92.225,91.97500000000001,92.1,0
194,2.72,1.0,2.72,3,3.0,3.0,3,3,3,3.0,2,2,3,3,1,1,2,1,3,2.654,2.729,3.0,3.0,2.0,3.0,3,1,3,3,1,1,3,3,2,3,3,3,2,2,3,3,3,2,3,3,3,3,3,2,2,2,1,2,2,1,2,1,2,2,2,1,2,1,2,1,2,1,2,2,2,2,2,1,3,3,3,3,3,3,3,3,3,3,2.629,2.629,2.629,2.579,2.629,2.604,2.654,2.629,More age-friendly,Reasonably age-friendly,Reasonably age-friendly,Reasonably age-friendly,More age-friendly,More age-friendly,Reasonably age-friendly,Reasonably age-friendly,Reasonably age-friendly,More age-friendly,Reasonably age-friendly,campus,73.951,194:0,0,forward,11,146,73.951,85.681,85.306,85.806,85.806,85.806,86.056,85.806,85.931,85.681,85.806,0
194,2.72,1.0,2.72,3,3.0,3.0,3,3,3,3.0,2,2,3,3,1,1,2,1,3,2.654,2.729,3.0,3.0,2.0,3.0,3,1,3,3,1,1,3,3,2,3,3,3,2,2,3,3,3,2,3,3,3,3,3,2,2,2,1,2,2,1,2,1,2,2,2,1,2,1,2,1,2,1,2,2,2,2,2,1,3,3,3,3,3,3,3,3,3,3,2.629,2.629,2.629,2.579,2.629,2.604,2.654,2.629,More age-friendly,Reasonably age-friendly,Reasonably age-friendly,Reasonably age-friendly,More age-friendly,More age-friendly,Reasonably age-friendly,Reasonably age-friendly,Reasonably age-friendly,More age-friendly,Reasonably age-friendly,campus,73.951,194:0,0,backward,146,11,73.951,85.681,85.306,85.806,85.806,85.806,86.056,85.806,85.931,85.681,85.806,0
195,2.15,1.0,2.15,3,3.0,1.5,3,3,2,3.0,3,1,2,1,1,1,1,2,3,2.305,2.28,3.0,3.0,2.0,3.0,3,1,3,3,1,2,3,3,1,3,3,2,1,1,3,3,2,1,3,3,3,3,3,2,2,2,1,2,2,1,2,1,2,2,2,1,2,1,2,1,2,1,2,2,2,2,2,1,3,3,3,3,3,3,3,3,3,3,2.18,2.23,2.18,2.18,2.18,2.255,2.205,2.18,Reasonably age-friendly,Reasonably age-friendly,Reasonably age-friendly,Reasonably age-friendly,Reasonably age-friendly,Reasonably age-friendly,Reasonably age-friendly,Reasonably age-friendly,Reasonably age-friendly,Reasonably age-friendly,Reasonably age-friendly,campus,162.126,195:0,0,forward,146,147,162.126,175.601,175.726,176.226,175.976,176.226,176.226,176.226,175.851,176.101,176.226,0
195,2.15,1.0,2.15,3,3.0,1.5,3,3,2,3.0,3,1,2,1,1,1,1,2,3,2.305,2.28,3.0,3.0,2.0,3.0,3,1,3,3,1,2,3,3,1,3,3,2,1,1,3,3,2,1,3,3,3,3,3,2,2,2,1,2,2,1,2,1,2,2,2,1,2,1,2,1,2,1,2,2,2,2,2,1,3,3,3,3,3,3,3,3,3,3,2.18,2.23,2.18,2.18,2.18,2.255,2.205,2.18,Reasonably age-friendly,Reasonably age-friendly,Reasonably age-friendly,Reasonably age-friendly,Reasonably age-friendly,Reasonably age-friendly,Reasonably age-friendly,Reasonably age-friendly,Reasonably age-friendly,Reasonably age-friendly,Reasonably age-friendly,campus,162.126,195:0,0,backward,147,146,162.126,175.601,175.726,176.226,175.976,176.226,176.226,176.226,175.851,176.101,176.226,0
196,2.0,1.5,1.333,3,1.0,3.0,3,3,1,1.0,2,1,3,2,2,1,2,3,3,1.783,1.758,3.0,3.0,2.0,3.0,3,2,3,3,2,3,3,3,2,3,3,3,2,2,3,3,3,2,3,3,3,3,3,2,2,2,1,2,2,1,2,1,2,2,2,1,2,1,2,1,2,1,2,2,2,2,2,1,3,3,3,3,3,3,1,1,1,3,1.658,1.708,1.658,1.458,1.658,1.533,1.483,1.658,Reasonably age-friendly,Less age-friendly,Reasonably age-friendly,Reasonably age-friendly,Reasonably age-friendly,Reasonably age-friendly,Less age-friendly,Less age-friendly,Less age-friendly,Reasonably age-friendly,Less age-friendly,campus,14.72,196:0,0,forward,145,148,14.72,30.805,30.93,31.43,31.18,31.43,32.43,31.43,32.055,32.305,31.43,0
196,2.0,1.5,1.333,3,1.0,3.0,3,3,1,1.0,2,1,3,2,2,1,2,3,3,1.783,1.758,3.0,3.0,2.0,3.0,3,2,3,3,2,3,3,3,2,3,3,3,2,2,3,3,3,2,3,3,3,3,3,2,2,2,1,2,2,1,2,1,2,2,2,1,2,1,2,1,2,1,2,2,2,2,2,1,3,3,3,3,3,3,1,1,1,3,1.658,1.708,1.658,1.458,1.658,1.533,1.483,1.658,Reasonably age-friendly,Less age-friendly,Reasonably age-friendly,Reasonably age-friendly,Reasonably age-friendly,Reasonably age-friendly,Less age-friendly,Less age-friendly,Less age-friendly,Reasonably age-friendly,Less age-friendly,campus,14.72,196:0,0,backward,148,145,14.72,30.805,30.93,31.43,31.18,31.43,32.43,31.43,32.055,32.305,31.43,0
197,2.4,1.0,2.4,2,3.0,3.0,3,3,3,3.0,3,1,3,1,1,1,2,3,3,2.53,2.505,3.0,3.0,2.0,3.0,3,2,3,3,2,3,3,3,2,3,3,3,2,2,3,3,3,2,3,3,3,3,3,2,2,2,1,2,2,1,2,1,2,2,2,1,2,1,2,1,2,1,2,2,2,2,2,1,3,3,3,3,3,3,3,3,3,3,2.405,2.455,2.405,2.405,2.405,2.48,2.43,2.405,Reasonably age-friendly,Reasonably age-friendly,Reasonably age-friendly,Reasonably age-friendly,Reasonably age-friendly,Reasonably age-friendly,Reasonably age-friendly,Reasonably age-friendly,Reasonably age-friendly,Reasonably age-friendly,Reasonably age-friendly,campus,79.172,197:0,0,forward,148,149,79.172,91.52199999999999,91.64699999999999,92.14699999999999,91.89699999999999,92.14699999999999,92.14699999999999,92.14699999999999,91.77199999999999,92.02199999999999,92.14699999999999,0
197,2.4,1.0,2.4,2,3.0,3.0,3,3,3,3.0,3,1,3,1,1,1,2,3,3,2.53,2.505,3.0,3.0,2.0,3.0,3,2,3,3,2,3,3,3,2,3,3,3,2,2,3,3,3,2,3,3,3,3,3,2,2,2,1,2,2,1,2,1,2,2,2,1,2,1,2,1,2,1,2,2,2,2,2,1,3,3,3,3,3,3,3,3,3,3,2.405,2.455,2.405,2.405,2.405,2.48,2.43,2.405,Reasonably age-friendly,Reasonably age-friendly,Reasonably age-friendly,Reasonably age-friendly,Reasonably age-friendly,Reasonably age-friendly,Reasonably age-friendly,Reasonably age-friendly,Reasonably age-friendly,Reasonably age-friendly,Reasonably age-friendly,campus,79.172,197:0,0,backward,149,148,79.172,91.52199999999999,91.64699999999999,92.14699999999999,91.89699999999999,92.14699999999999,92.14699999999999,92.14699999999999,91.77199999999999,92.02199999999999,92.14699999999999,0
198,2.16,1.5,1.44,3,1.0,3.0,3,3,1,1.0,1,1,3,3,2,1,3,2,3,1.808,1.833,3.0,3.0,2.0,3.0,3,2,3,3,2,2,3,3,2,3,3,3,2,2,3,3,3,2,3,3,3,3,3,2,2,2,1,2,2,1,2,1,2,2,2,1,2,1,2,1,2,1,2,2,2,2,2,1,3,3,3,3,3,3,1,1,1,3,1.733,1.783,1.733,1.533,1.733,1.558,1.558,1.733,Reasonably age-friendly,Less age-friendly,Less age-friendly,Less age-friendly,Reasonably age-friendly,Reasonably age-friendly,Less age-friendly,Less age-friendly,Less age-friendly,Reasonably age-friendly,Less age-friendly,campus,21.424,198:0,0,forward,145,150,21.424,37.384,37.259,37.759,37.509,37.759,38.759,37.759,38.634,38.634,37.759,0
198,2.16,1.5,1.44,3,1.0,3.0,3,3,1,1.0,1,1,3,3,2,1,3,2,3,1.808,1.833,3.0,3.0,2.0,3.0,3,2,3,3,2,2,3,3,2,3,3,3,2,2,3,3,3,2,3,3,3,3,3,2,2,2,1,2,2,1,2,1,2,2,2,1,2,1,2,1,2,1,2,2,2,2,2,1,3,3,3,3,3,3,1,1,1,3,1.733,1.783,1.733,1.533,1.733,1.558,1.558,1.733,Reasonably age-friendly,Less age-friendly,Less age-friendly,Less age-friendly,Reasonably age-friendly,Reasonably age-friendly,Less age-friendly,Less age-friendly,Less age-friendly,Reasonably age-friendly,Less age-friendly,campus,21.424,198:0,0,backward,150,145,21.424,37.384,37.259,37.759,37.509,37.759,38.759,37.759,38.634,38.634,37.759,0
199,2.04,1.5,1.36,3,1.0,3.0,3,3,1,1.0,1,1,3,2,2,1,3,2,3,1.752,1.777,3.0,3.0,2.0,3.0,3,2,3,3,2,2,3,3,2,3,3,3,2,2,3,3,3,2,3,3,3,3,3,2,2,2,1,2,2,1,2,1,2,2,2,1,2,1,2,1,2,1,2,2,2,2,2,1,3,3,3,3,3,3,1,1,1,3,1.677,1.727,1.677,1.477,1.677,1.502,1.502,1.677,Reasonably age-friendly,Less age-friendly,Less age-friendly,Less age-friendly,Reasonably age-friendly,Reasonably age-friendly,Less age-friendly,Less age-friendly,Less age-friendly,Reasonably age-friendly,Less age-friendly,campus,26.549,199:0,0,forward,146,148,26.549,42.789,42.664,43.164,42.914,43.164,44.164,43.164,44.039,44.039,43.164,0
199,2.04,1.5,1.36,3,1.0,3.0,3,3,1,1.0,1,1,3,2,2,1,3,2,3,1.752,1.777,3.0,3.0,2.0,3.0,3,2,3,3,2,2,3,3,2,3,3,3,2,2,3,3,3,2,3,3,3,3,3,2,2,2,1,2,2,1,2,1,2,2,2,1,2,1,2,1,2,1,2,2,2,2,2,1,3,3,3,3,3,3,1,1,1,3,1.677,1.727,1.677,1.477,1.677,1.502,1.502,1.677,Reasonably age-friendly,Less age-friendly,Less age-friendly,Less age-friendly,Reasonably age-friendly,Reasonably age-friendly,Less age-friendly,Less age-friendly,Less age-friendly,Reasonably age-friendly,Less age-friendly,campus,26.549,199:0,0,backward,148,146,26.549,42.789,42.664,43.164,42.914,43.164,44.164,43.164,44.039,44.039,43.164,0
200,1.92,1.5,1.28,3,1.0,3.0,3,3,1,1.0,1,1,3,1,2,1,3,2,3,1.696,1.721,3.0,3.0,2.0,3.0,3,2,3,3,2,2,3,3,2,3,3,3,2,2,3,3,3,2,3,3,3,3,3,2,2,2,1,2,2,1,2,1,2,2,2,1,2,1,2,1,2,1,2,2,2,2,2,1,3,3,3,3,3,3,1,1,1,3,1.621,1.671,1.621,1.421,1.621,1.446,1.446,1.621,Reasonably age-friendly,Less age-friendly,Less age-friendly,Less age-friendly,Reasonably age-friendly,Reasonably age-friendly,Less age-friendly,Less age-friendly,Less age-friendly,Reasonably age-friendly,Less age-friendly,campus,18.982,200:0,0,forward,146,145,18.982,35.502,35.376999999999995,35.876999999999995,35.626999999999995,35.876999999999995,36.876999999999995,35.876999999999995,36.752,36.752,35.876999999999995,0
200,1.92,1.5,1.28,3,1.0,3.0,3,3,1,1.0,1,1,3,1,2,1,3,2,3,1.696,1.721,3.0,3.0,2.0,3.0,3,2,3,3,2,2,3,3,2,3,3,3,2,2,3,3,3,2,3,3,3,3,3,2,2,2,1,2,2,1,2,1,2,2,2,1,2,1,2,1,2,1,2,2,2,2,2,1,3,3,3,3,3,3,1,1,1,3,1.621,1.671,1.621,1.421,1.621,1.446,1.446,1.621,Reasonably age-friendly,Less age-friendly,Less age-friendly,Less age-friendly,Reasonably age-friendly,Reasonably age-friendly,Less age-friendly,Less age-friendly,Less age-friendly,Reasonably age-friendly,Less age-friendly,campus,18.982,200:0,0,backward,145,146,18.982,35.502,35.376999999999995,35.876999999999995,35.626999999999995,35.876999999999995,36.876999999999995,35.876999999999995,36.752,36.752,35.876999999999995,0
201,2.16,1.5,1.44,3,1.0,3.0,3,3,1,1.0,1,1,3,3,2,1,3,2,3,1.808,1.833,3.0,3.0,2.0,3.0,3,2,3,3,2,2,3,3,2,3,3,3,2,2,3,3,3,2,3,3,3,3,3,2,2,2,1,2,2,1,2,1,2,2,2,1,2,1,2,1,2,1,2,2,2,2,2,1,3,3,3,3,3,3,1,1,1,3,1.733,1.783,1.733,1.533,1.733,1.558,1.558,1.733,Reasonably age-friendly,Less age-friendly,Less age-friendly,Less age-friendly,Reasonably age-friendly,Reasonably age-friendly,Less age-friendly,Less age-friendly,Less age-friendly,Reasonably age-friendly,Less age-friendly,campus,11.988,201:0,0,forward,150,146,11.988,27.948,27.823,28.323,28.073,28.323,29.323,28.323,29.198,29.198,28.323,0
201,2.16,1.5,1.44,3,1.0,3.0,3,3,1,1.0,1,1,3,3,2,1,3,2,3,1.808,1.833,3.0,3.0,2.0,3.0,3,2,3,3,2,2,3,3,2,3,3,3,2,2,3,3,3,2,3,3,3,3,3,2,2,2,1,2,2,1,2,1,2,2,2,1,2,1,2,1,2,1,2,2,2,2,2,1,3,3,3,3,3,3,1,1,1,3,1.733,1.783,1.733,1.533,1.733,1.558,1.558,1.733,Reasonably age-friendly,Less age-friendly,Less age-friendly,Less age-friendly,Reasonably age-friendly,Reasonably age-friendly,Less age-friendly,Less age-friendly,Less age-friendly,Reasonably age-friendly,Less age-friendly,campus,11.988,201:0,0,backward,146,150,11.988,27.948,27.823,28.323,28.073,28.323,29.323,28.323,29.198,29.198,28.323,0
202,2.04,1.5,1.36,3,1.0,3.0,3,3,1,1.0,1,1,3,2,2,1,3,3,3,1.802,1.777,3.0,3.0,2.0,3.0,3,2,3,3,2,3,3,3,2,3,3,3,2,2,3,3,3,2,3,3,3,3,3,2,2,2,1,2,2,1,2,1,2,2,2,1,2,1,2,1,2,1,2,2,2,2,2,1,3,3,3,3,3,3,1,1,1,3,1.677,1.727,1.677,1.477,1.677,1.552,1.502,1.677,Reasonably age-friendly,Less age-friendly,Less age-friendly,Less age-friendly,Reasonably age-friendly,Reasonably age-friendly,Less age-friendly,Less age-friendly,Less age-friendly,Reasonably age-friendly,Less age-friendly,campus,21.299,202:0,0,forward,150,148,21.299,37.289,37.414,37.914,37.664,37.914,38.914,37.914,38.539,38.789,37.914,0
202,2.04,1.5,1.36,3,1.0,3.0,3,3,1,1.0,1,1,3,2,2,1,3,3,3,1.802,1.777,3.0,3.0,2.0,3.0,3,2,3,3,2,3,3,3,2,3,3,3,2,2,3,3,3,2,3,3,3,3,3,2,2,2,1,2,2,1,2,1,2,2,2,1,2,1,2,1,2,1,2,2,2,2,2,1,3,3,3,3,3,3,1,1,1,3,1.677,1.727,1.677,1.477,1.677,1.552,1.502,1.677,Reasonably age-friendly,Less age-friendly,Less age-friendly,Less age-friendly,Reasonably age-friendly,Reasonably age-friendly,Less age-friendly,Less age-friendly,Less age-friendly,Reasonably age-friendly,Less age-friendly,campus,21.299,202:0,0,backward,148,150,21.299,37.289,37.414,37.914,37.664,37.914,38.914,37.914,38.539,38.789,37.914,0
203,2.56,1.0,2.56,3,3.0,3.0,3,3,3,3.0,2,3,2,2,1,1,1,2,3,2.592,2.567,3.0,3.0,2.0,3.0,3,1,3,3,1,2,3,3,1,3,3,2,1,1,3,3,2,1,3,3,3,3,3,2,2,2,1,2,2,1,2,1,2,2,2,1,2,1,2,1,2,1,2,2,2,2,2,1,3,3,3,3,3,3,3,3,3,3,2.467,2.517,2.467,2.467,2.467,2.542,2.492,2.467,Reasonably age-friendly,More age-friendly,More age-friendly,More age-friendly,Reasonably age-friendly,Reasonably age-friendly,Reasonably age-friendly,More age-friendly,Reasonably age-friendly,Reasonably age-friendly,More age-friendly,campus,160.585,203:0,0,forward,150,151,160.585,172.625,172.75,173.25,173.0,173.25,173.25,173.25,172.875,173.125,173.25,0
203,2.56,1.0,2.56,3,3.0,3.0,3,3,3,3.0,2,3,2,2,1,1,1,2,3,2.592,2.567,3.0,3.0,2.0,3.0,3,1,3,3,1,2,3,3,1,3,3,2,1,1,3,3,2,1,3,3,3,3,3,2,2,2,1,2,2,1,2,1,2,2,2,1,2,1,2,1,2,1,2,2,2,2,2,1,3,3,3,3,3,3,3,3,3,3,2.467,2.517,2.467,2.467,2.467,2.542,2.492,2.467,Reasonably age-friendly,More age-friendly,More age-friendly,More age-friendly,Reasonably age-friendly,Reasonably age-friendly,Reasonably age-friendly,More age-friendly,Reasonably age-friendly,Reasonably age-friendly,More age-friendly,campus,160.585,203:0,0,backward,151,150,160.585,172.625,172.75,173.25,173.0,173.25,173.25,173.25,172.875,173.125,173.25,0
204,2.44,1.0,2.44,3,3.0,3.0,3,3,3,1.0,2,2,3,2,1,1,2,2,3,2.508,2.533,3.0,3.0,2.0,3.0,3,2,3,3,2,2,3,3,2,3,3,3,2,2,3,3,3,2,3,3,3,3,3,2,2,2,1,2,2,1,2,1,2,2,2,1,2,1,2,1,2,1,2,2,2,2,2,1,3,3,3,3,3,3,3,3,3,3,2.433,2.483,2.433,2.433,2.433,2.458,2.458,2.433,Reasonably age-friendly,Reasonably age-friendly,Reasonably age-friendly,Reasonably age-friendly,Reasonably age-friendly,Reasonably age-friendly,Reasonably age-friendly,Reasonably age-friendly,Reasonably age-friendly,Reasonably age-friendly,Reasonably age-friendly,campus,78.735,204:0,0,forward,151,152,78.735,91.195,91.07,91.57,91.32,91.57,91.57,91.57,91.445,91.445,91.57,0
204,2.44,1.0,2.44,3,3.0,3.0,3,3,3,1.0,2,2,3,2,1,1,2,2,3,2.508,2.533,3.0,3.0,2.0,3.0,3,2,3,3,2,2,3,3,2,3,3,3,2,2,3,3,3,2,3,3,3,3,3,2,2,2,1,2,2,1,2,1,2,2,2,1,2,1,2,1,2,1,2,2,2,2,2,1,3,3,3,3,3,3,3,3,3,3,2.433,2.483,2.433,2.433,2.433,2.458,2.458,2.433,Reasonably age-friendly,Reasonably age-friendly,Reasonably age-friendly,Reasonably age-friendly,Reasonably age-friendly,Reasonably age-friendly,Reasonably age-friendly,Reasonably age-friendly,Reasonably age-friendly,Reasonably age-friendly,Reasonably age-friendly,campus,78.735,204:0,0,backward,152,151,78.735,91.195,91.07,91.57,91.32,91.57,91.57,91.57,91.445,91.445,91.57,0
205,2.07,1.0,2.07,3,1.5,1.0,3,3,2,3.0,2,1,3,1,1,1,2,3,3,2.299,2.274,3.0,3.0,2.0,3.0,3,2,3,3,2,3,3,3,2,3,3,3,2,2,3,3,3,2,3,3,3,3,3,2,2,2,1,2,2,1,2,1,2,2,2,1,2,1,2,1,2,1,2,2,2,2,2,1,3,3,3,3,3,3,3,3,3,3,2.174,2.224,2.174,2.174,2.174,2.249,2.199,2.174,Reasonably age-friendly,Reasonably age-friendly,Reasonably age-friendly,Reasonably age-friendly,Reasonably age-friendly,Reasonably age-friendly,Reasonably age-friendly,Reasonably age-friendly,Reasonably age-friendly,Reasonably age-friendly,Less age-friendly,campus,58.434,205:0,0,forward,152,153,58.434,71.939,72.064,72.564,72.314,72.564,72.564,72.564,72.189,72.439,72.564,0
205,2.07,1.0,2.07,3,1.5,1.0,3,3,2,3.0,2,1,3,1,1,1,2,3,3,2.299,2.274,3.0,3.0,2.0,3.0,3,2,3,3,2,3,3,3,2,3,3,3,2,2,3,3,3,2,3,3,3,3,3,2,2,2,1,2,2,1,2,1,2,2,2,1,2,1,2,1,2,1,2,2,2,2,2,1,3,3,3,3,3,3,3,3,3,3,2.174,2.224,2.174,2.174,2.174,2.249,2.199,2.174,Reasonably age-friendly,Reasonably age-friendly,Reasonably age-friendly,Reasonably age-friendly,Reasonably age-friendly,Reasonably age-friendly,Reasonably age-friendly,Reasonably age-friendly,Reasonably age-friendly,Reasonably age-friendly,Less age-friendly,campus,58.434,205:0,0,backward,153,152,58.434,71.939,72.064,72.564,72.314,72.564,72.564,72.564,72.189,72.439,72.564,0
206,2.19,1.0,2.19,3,3.0,1.5,3,3,2,3.0,2,1,3,1,1,1,2,2,3,2.333,2.358,3.0,3.0,2.0,3.0,3,2,3,3,2,2,3,3,2,3,3,3,2,2,3,3,3,2,3,3,3,3,3,2,2,2,1,2,2,1,2,1,2,2,2,1,2,1,2,1,2,1,2,2,2,2,2,1,3,3,3,3,3,3,3,3,3,3,2.258,2.308,2.258,2.258,2.258,2.283,2.283,2.258,Reasonably age-friendly,Reasonably age-friendly,Reasonably age-friendly,Reasonably age-friendly,Reasonably age-friendly,Reasonably age-friendly,Reasonably age-friendly,Reasonably age-friendly,Reasonably age-friendly,Reasonably age-friendly,Less age-friendly,campus,92.124,206:0,0,forward,154,150,92.124,105.45899999999999,105.33399999999999,105.834,105.584,105.834,105.834,105.834,105.709,105.709,105.834,0
206,2.19,1.0,2.19,3,3.0,1.5,3,3,2,3.0,2,1,3,1,1,1,2,2,3,2.333,2.358,3.0,3.0,2.0,3.0,3,2,3,3,2,2,3,3,2,3,3,3,2,2,3,3,3,2,3,3,3,3,3,2,2,2,1,2,2,1,2,1,2,2,2,1,2,1,2,1,2,1,2,2,2,2,2,1,3,3,3,3,3,3,3,3,3,3,2.258,2.308,2.258,2.258,2.258,2.283,2.283,2.258,Reasonably age-friendly,Reasonably age-friendly,Reasonably age-friendly,Reasonably age-friendly,Reasonably age-friendly,Reasonably age-friendly,Reasonably age-friendly,Reasonably age-friendly,Reasonably age-friendly,Reasonably age-friendly,Less age-friendly,campus,92.124,206:0,0,backward,150,154,92.124,105.45899999999999,105.33399999999999,105.834,105.584,105.834,105.834,105.834,105.709,105.709,105.834,0
207,2.38,1.0,2.38,3,3.0,2.0,3,3,3,3.0,3,2,3,1,1,1,1,1,3,2.416,2.491,3.0,3.0,2.0,3.0,3,1,3,3,1,1,3,3,2,3,3,3,2,2,3,3,3,2,3,3,3,3,3,2,2,2,1,2,2,1,2,1,2,2,2,1,2,1,2,1,2,1,2,2,2,2,2,1,3,3,3,3,3,3,3,3,3,3,2.391,2.391,2.391,2.341,2.391,2.366,2.416,2.391,Reasonably age-friendly,Reasonably age-friendly,Reasonably age-friendly,Reasonably age-friendly,Reasonably age-friendly,Reasonably age-friendly,Reasonably age-friendly,Reasonably age-friendly,Reasonably age-friendly,Reasonably age-friendly,Reasonably age-friendly,campus,50.008,207:0,0,forward,149,155,50.008,62.928000000000004,62.553000000000004,63.053000000000004,63.053000000000004,63.053000000000004,63.303,63.053000000000004,63.178000000000004,62.928000000000004,63.053000000000004,0
207,2.38,1.0,2.38,3,3.0,2.0,3,3,3,3.0,3,2,3,1,1,1,1,1,3,2.416,2.491,3.0,3.0,2.0,3.0,3,1,3,3,1,1,3,3,2,3,3,3,2,2,3,3,3,2,3,3,3,3,3,2,2,2,1,2,2,1,2,1,2,2,2,1,2,1,2,1,2,1,2,2,2,2,2,1,3,3,3,3,3,3,3,3,3,3,2.391,2.391,2.391,2.341,2.391,2.366,2.416,2.391,Reasonably age-friendly,Reasonably age-friendly,Reasonably age-friendly,Reasonably age-friendly,Reasonably age-friendly,Reasonably age-friendly,Reasonably age-friendly,Reasonably age-friendly,Reasonably age-friendly,Reasonably age-friendly,Reasonably age-friendly,campus,50.008,207:0,0,backward,155,149,50.008,62.928000000000004,62.553000000000004,63.053000000000004,63.053000000000004,63.053000000000004,63.303,63.053000000000004,63.178000000000004,62.928000000000004,63.053000000000004,0
208,2.33,1.0,2.33,3,3.0,2.5,3,3,3,3.0,3,1,2,1,1,1,1,2,3,2.231,2.406,3.0,3.0,2.0,3.0,3,2,3,3,2,2,3,3,1,3,3,2,1,1,3,3,2,1,3,3,3,3,3,2,2,2,1,2,2,1,2,1,2,2,2,1,2,1,2,1,2,1,2,2,2,2,2,1,3,3,1,3,3,3,3,3,3,3,2.306,2.406,2.306,2.356,2.306,2.381,2.331,2.306,Reasonably age-friendly,Reasonably age-friendly,Reasonably age-friendly,Reasonably age-friendly,Reasonably age-friendly,Reasonably age-friendly,Reasonably age-friendly,Reasonably age-friendly,Reasonably age-friendly,Reasonably age-friendly,Reasonably age-friendly,campus,88.0,208:0,0,forward,155,156,88.0,101.845,100.97,101.47,100.97,101.47,101.22,101.47,101.095,101.345,101.47,0
208,2.33,1.0,2.33,3,3.0,2.5,3,3,3,3.0,3,1,2,1,1,1,1,2,3,2.231,2.406,3.0,3.0,2.0,3.0,3,2,3,3,2,2,3,3,1,3,3,2,1,1,3,3,2,1,3,3,3,3,3,2,2,2,1,2,2,1,2,1,2,2,2,1,2,1,2,1,2,1,2,2,2,2,2,1,3,3,1,3,3,3,3,3,3,3,2.306,2.406,2.306,2.356,2.306,2.381,2.331,2.306,Reasonably age-friendly,Reasonably age-friendly,Reasonably age-friendly,Reasonably age-friendly,Reasonably age-friendly,Reasonably age-friendly,Reasonably age-friendly,Reasonably age-friendly,Reasonably age-friendly,Reasonably age-friendly,Reasonably age-friendly,campus,88.0,208:0,0,backward,156,155,88.0,101.845,100.97,101.47,100.97,101.47,101.22,101.47,101.095,101.345,101.47,0
209,1.99,1.0,1.99,3,1.5,3.0,3,3,2,1.0,3,1,3,1,1,1,1,2,3,1.993,2.218,3.0,3.0,2.0,3.0,3,2,3,3,2,2,3,3,2,3,3,3,2,2,3,3,3,2,3,3,3,3,3,2,2,2,1,2,2,1,2,1,2,2,2,1,2,1,2,1,2,1,2,2,2,2,2,1,3,3,1,3,3,3,3,3,3,3,2.118,2.168,2.118,2.118,2.118,2.143,2.143,2.118,Reasonably age-friendly,Reasonably age-friendly,Reasonably age-friendly,Reasonably age-friendly,Reasonably age-friendly,Reasonably age-friendly,Reasonably age-friendly,Reasonably age-friendly,Reasonably age-friendly,Reasonably age-friendly,Reasonably age-friendly,campus,31.767,209:0,0,forward,139,157,31.767,46.802,45.677,46.177,45.927,46.177,46.177,46.177,46.052,46.052,46.177,0
209,1.99,1.0,1.99,3,1.5,3.0,3,3,2,1.0,3,1,3,1,1,1,1,2,3,1.993,2.218,3.0,3.0,2.0,3.0,3,2,3,3,2,2,3,3,2,3,3,3,2,2,3,3,3,2,3,3,3,3,3,2,2,2,1,2,2,1,2,1,2,2,2,1,2,1,2,1,2,1,2,2,2,2,2,1,3,3,1,3,3,3,3,3,3,3,2.118,2.168,2.118,2.118,2.118,2.143,2.143,2.118,Reasonably age-friendly,Reasonably age-friendly,Reasonably age-friendly,Reasonably age-friendly,Reasonably age-friendly,Reasonably age-friendly,Reasonably age-friendly,Reasonably age-friendly,Reasonably age-friendly,Reasonably age-friendly,Reasonably age-friendly,campus,31.767,209:0,0,backward,157,139,31.767,46.802,45.677,46.177,45.927,46.177,46.177,46.177,46.052,46.052,46.177,0
210,1.72,1.5,1.147,3,1.0,3.0,2,2,1,1.0,1,1,3,2,2,1,2,1,3,1.553,1.628,3.0,3.0,2.0,3.0,3,2,3,3,2,1,3,3,2,3,3,3,2,2,3,3,3,2,3,3,3,3,3,2,2,2,1,2,2,1,2,1,2,2,2,1,2,1,2,1,2,1,2,2,2,2,2,1,3,3,3,3,3,3,3,3,3,3,1.528,1.578,1.528,1.528,1.528,1.503,1.553,1.528,Reasonably age-friendly,Less age-friendly,Less age-friendly,Less age-friendly,Reasonably age-friendly,Reasonably age-friendly,Less age-friendly,Less age-friendly,Less age-friendly,Reasonably age-friendly,Less age-friendly,campus,32.357,210:0,0,forward,158,155,32.357,49.592,49.217,49.717,49.467,49.717,49.717,49.717,49.842,49.592,49.717,0
210,1.72,1.5,1.147,3,1.0,3.0,2,2,1,1.0,1,1,3,2,2,1,2,1,3,1.553,1.628,3.0,3.0,2.0,3.0,3,2,3,3,2,1,3,3,2,3,3,3,2,2,3,3,3,2,3,3,3,3,3,2,2,2,1,2,2,1,2,1,2,2,2,1,2,1,2,1,2,1,2,2,2,2,2,1,3,3,3,3,3,3,3,3,3,3,1.528,1.578,1.528,1.528,1.528,1.503,1.553,1.528,Reasonably age-friendly,Less age-friendly,Less age-friendly,Less age-friendly,Reasonably age-friendly,Reasonably age-friendly,Less age-friendly,Less age-friendly,Less age-friendly,Reasonably age-friendly,Less age-friendly,campus,32.357,210:0,0,backward,155,158,32.357,49.592,49.217,49.717,49.467,49.717,49.717,49.717,49.842,49.592,49.717,0
211,1.56,1.5,1.04,3,1.0,3.0,2,3,1,1.0,1,1,3,1,1,2,1,3,3,1.578,1.553,3.0,3.0,2.0,3.0,3,2,3,3,2,3,3,3,2,3,3,3,2,2,3,3,3,2,3,3,3,3,3,2,2,2,1,2,2,1,2,1,2,2,2,1,2,1,2,1,2,1,2,2,2,2,2,1,3,3,3,3,3,3,3,3,3,3,1.453,1.503,1.453,1.453,1.453,1.528,1.478,1.453,Reasonably age-friendly,Reasonably age-friendly,Reasonably age-friendly,Reasonably age-friendly,Reasonably age-friendly,Reasonably age-friendly,Less age-friendly,Reasonably age-friendly,Less age-friendly,Reasonably age-friendly,Less age-friendly,campus,20.541,211:0,0,forward,155,159,20.541,37.650999999999996,37.775999999999996,38.275999999999996,38.025999999999996,38.275999999999996,38.275999999999996,38.275999999999996,37.900999999999996,38.150999999999996,38.275999999999996,0
211,1.56,1.5,1.04,3,1.0,3.0,2,3,1,1.0,1,1,3,1,1,2,1,3,3,1.578,1.553,3.0,3.0,2.0,3.0,3,2,3,3,2,3,3,3,2,3,3,3,2,2,3,3,3,2,3,3,3,3,3,2,2,2,1,2,2,1,2,1,2,2,2,1,2,1,2,1,2,1,2,2,2,2,2,1,3,3,3,3,3,3,3,3,3,3,1.453,1.503,1.453,1.453,1.453,1.528,1.478,1.453,Reasonably age-friendly,Reasonably age-friendly,Reasonably age-friendly,Reasonably age-friendly,Reasonably age-friendly,Reasonably age-friendly,Less age-friendly,Reasonably age-friendly,Less age-friendly,Reasonably age-friendly,Less age-friendly,campus,20.541,211:0,0,backward,159,155,20.541,37.650999999999996,37.775999999999996,38.275999999999996,38.025999999999996,38.275999999999996,38.275999999999996,38.275999999999996,37.900999999999996,38.150999999999996,38.275999999999996,0
212,2.32,1.0,2.32,3,3.0,3.0,3,3,3,1.0,2,2,2,1,1,1,2,1,3,2.374,2.399,3.0,3.0,2.0,3.0,3,1,3,3,1,1,3,3,1,3,3,2,1,1,3,3,2,1,3,3,3,3,3,2,2,2,1,2,2,1,2,1,2,2,2,1,2,1,2,1,2,1,2,2,2,2,2,1,3,3,3,3,3,3,3,3,3,3,2.299,2.349,2.299,2.299,2.299,2.324,2.324,2.299,Reasonably age-friendly,Reasonably age-friendly,Reasonably age-friendly,Reasonably age-friendly,Reasonably age-friendly,Reasonably age-friendly,Reasonably age-friendly,Reasonably age-friendly,Reasonably age-friendly,Reasonably age-friendly,Reasonably age-friendly,campus,48.834,212:0,0,forward,158,154,48.834,61.964,61.839,62.339000000000006,62.089,62.339000000000006,62.339000000000006,62.339000000000006,62.214000000000006,62.214000000000006,62.339000000000006,0
212,2.32,1.0,2.32,3,3.0,3.0,3,3,3,1.0,2,2,2,1,1,1,2,1,3,2.374,2.399,3.0,3.0,2.0,3.0,3,1,3,3,1,1,3,3,1,3,3,2,1,1,3,3,2,1,3,3,3,3,3,2,2,2,1,2,2,1,2,1,2,2,2,1,2,1,2,1,2,1,2,2,2,2,2,1,3,3,3,3,3,3,3,3,3,3,2.299,2.349,2.299,2.299,2.299,2.324,2.324,2.299,Reasonably age-friendly,Reasonably age-friendly,Reasonably age-friendly,Reasonably age-friendly,Reasonably age-friendly,Reasonably age-friendly,Reasonably age-friendly,Reasonably age-friendly,Reasonably age-friendly,Reasonably age-friendly,Reasonably age-friendly,campus,48.834,212:0,0,backward,154,158,48.834,61.964,61.839,62.339000000000006,62.089,62.339000000000006,62.339000000000006,62.339000000000006,62.214000000000006,62.214000000000006,62.339000000000006,0
215,1.92,1.5,1.28,3,1.0,3.0,3,3,1,1.0,1,1,3,1,2,1,3,1,3,1.646,1.721,3.0,3.0,2.0,3.0,3,2,3,3,2,1,3,3,2,3,3,3,2,2,3,3,3,2,3,3,3,3,3,2,2,2,1,2,2,1,2,1,2,2,2,1,2,1,2,1,2,1,2,2,2,2,2,1,3,3,3,3,3,3,3,3,3,3,1.621,1.671,1.621,1.621,1.621,1.596,1.646,1.621,Reasonably age-friendly,Less age-friendly,Less age-friendly,Less age-friendly,Reasonably age-friendly,Reasonably age-friendly,Less age-friendly,Less age-friendly,Less age-friendly,Reasonably age-friendly,Less age-friendly,campus,29.868,215:0,0,forward,154,149,29.868,46.638,46.263,46.763,46.513,46.763,46.763,46.763,46.888,46.638,46.763,0
215,1.92,1.5,1.28,3,1.0,3.0,3,3,1,1.0,1,1,3,1,2,1,3,1,3,1.646,1.721,3.0,3.0,2.0,3.0,3,2,3,3,2,1,3,3,2,3,3,3,2,2,3,3,3,2,3,3,3,3,3,2,2,2,1,2,2,1,2,1,2,2,2,1,2,1,2,1,2,1,2,2,2,2,2,1,3,3,3,3,3,3,3,3,3,3,1.621,1.671,1.621,1.621,1.621,1.596,1.646,1.621,Reasonably age-friendly,Less age-friendly,Less age-friendly,Less age-friendly,Reasonably age-friendly,Reasonably age-friendly,Less age-friendly,Less age-friendly,Less age-friendly,Reasonably age-friendly,Less age-friendly,campus,29.868,215:0,0,backward,149,154,29.868,46.638,46.263,46.763,46.513,46.763,46.763,46.763,46.888,46.638,46.763,0
216,2.57,1.0,2.57,3,3.0,2.5,3,3,3,3.0,3,1,2,1,1,1,3,3,3,2.649,2.574,3.0,3.0,2.0,3.0,3,3,3,3,3,3,3,3,1,3,3,2,1,1,3,3,2,1,3,3,3,3,3,2,2,2,1,2,2,1,2,1,2,2,2,1,2,1,2,1,2,1,2,2,2,2,2,1,2,3,3,3,3,3,3,3,3,3,2.474,2.624,2.474,2.574,2.474,2.599,2.499,2.474,Reasonably age-friendly,Reasonably age-friendly,Reasonably age-friendly,Reasonably age-friendly,Reasonably age-friendly,Reasonably age-friendly,Reasonably age-friendly,Reasonably age-friendly,Reasonably age-friendly,Reasonably age-friendly,Less age-friendly,campus,132.807,216:0,0,forward,142,117,132.807,144.56199999999998,144.93699999999998,145.43699999999998,144.68699999999998,145.43699999999998,144.93699999999998,145.43699999999998,144.81199999999998,145.31199999999998,145.43699999999998,0
216,2.57,1.0,2.57,3,3.0,2.5,3,3,3,3.0,3,1,2,1,1,1,3,3,3,2.649,2.574,3.0,3.0,2.0,3.0,3,3,3,3,3,3,3,3,1,3,3,2,1,1,3,3,2,1,3,3,3,3,3,2,2,2,1,2,2,1,2,1,2,2,2,1,2,1,2,1,2,1,2,2,2,2,2,1,2,3,3,3,3,3,3,3,3,3,2.474,2.624,2.474,2.574,2.474,2.599,2.499,2.474,Reasonably age-friendly,Reasonably age-friendly,Reasonably age-friendly,Reasonably age-friendly,Reasonably age-friendly,Reasonably age-friendly,Reasonably age-friendly,Reasonably age-friendly,Reasonably age-friendly,Reasonably age-friendly,Less age-friendly,campus,132.807,216:0,0,backward,117,142,132.807,144.56199999999998,144.93699999999998,145.43699999999998,144.68699999999998,145.43699999999998,144.93699999999998,145.43699999999998,144.81199999999998,145.31199999999998,145.43699999999998,0
217,2.02,2.0,1.01,3,3.0,2.0,2,2,3,1.5,2,1,2,2,2,2,1,3,3,1.557,1.482,3.0,3.0,2.0,3.0,3,1,3,3,1,3,3,3,1,3,3,2,1,1,3,3,2,1,3,3,3,3,3,2,2,2,1,2,2,1,2,1,2,2,2,1,2,1,2,1,2,1,2,2,2,2,2,1,3,3,3,3,3,3,3,3,3,3,1.382,1.432,1.382,1.382,1.382,1.507,1.407,1.382,Reasonably age-friendly,Reasonably age-friendly,Reasonably age-friendly,Reasonably age-friendly,Reasonably age-friendly,Reasonably age-friendly,Reasonably age-friendly,Reasonably age-friendly,Reasonably age-friendly,Reasonably age-friendly,Less age-friendly,campus,41.04,217:0,0,forward,160,142,41.04,58.254999999999995,58.629999999999995,59.13,58.879999999999995,59.13,59.13,59.13,58.505,59.004999999999995,59.13,0
217,2.02,2.0,1.01,3,3.0,2.0,2,2,3,1.5,2,1,2,2,2,2,1,3,3,1.557,1.482,3.0,3.0,2.0,3.0,3,1,3,3,1,3,3,3,1,3,3,2,1,1,3,3,2,1,3,3,3,3,3,2,2,2,1,2,2,1,2,1,2,2,2,1,2,1,2,1,2,1,2,2,2,2,2,1,3,3,3,3,3,3,3,3,3,3,1.382,1.432,1.382,1.382,1.382,1.507,1.407,1.382,Reasonably age-friendly,Reasonably age-friendly,Reasonably age-friendly,Reasonably age-friendly,Reasonably age-friendly,Reasonably age-friendly,Reasonably age-friendly,Reasonably age-friendly,Reasonably age-friendly,Reasonably age-friendly,Less age-friendly,campus,41.04,217:0,0,backward,142,160,41.04,58.254999999999995,58.629999999999995,59.13,58.879999999999995,59.13,59.13,59.13,58.505,59.004999999999995,59.13,0
218,2.19,1.0,2.19,3,3.0,1.5,3,3,3,1.5,2,1,2,1,1,1,2,3,3,2.383,2.308,3.0,3.0,2.0,3.0,3,2,3,3,2,3,3,3,1,3,3,2,1,1,3,3,2,1,3,3,3,3,3,2,2,2,1,2,2,1,2,1,2,2,2,1,2,1,2,1,2,1,2,2,2,2,2,1,3,3,3,3,3,3,3,3,3,3,2.208,2.308,2.208,2.258,2.208,2.333,2.233,2.208,Reasonably age-friendly,Reasonably age-friendly,Reasonably age-friendly,Reasonably age-friendly,Reasonably age-friendly,Reasonably age-friendly,Reasonably age-friendly,Reasonably age-friendly,Reasonably age-friendly,Reasonably age-friendly,Less age-friendly,campus,55.886,218:0,0,forward,153,161,55.886,68.971,69.346,69.846,69.346,69.846,69.596,69.846,69.221,69.721,69.846,0
218,2.19,1.0,2.19,3,3.0,1.5,3,3,3,1.5,2,1,2,1,1,1,2,3,3,2.383,2.308,3.0,3.0,2.0,3.0,3,2,3,3,2,3,3,3,1,3,3,2,1,1,3,3,2,1,3,3,3,3,3,2,2,2,1,2,2,1,2,1,2,2,2,1,2,1,2,1,2,1,2,2,2,2,2,1,3,3,3,3,3,3,3,3,3,3,2.208,2.308,2.208,2.258,2.208,2.333,2.233,2.208,Reasonably age-friendly,Reasonably age-friendly,Reasonably age-friendly,Reasonably age-friendly,Reasonably age-friendly,Reasonably age-friendly,Reasonably age-friendly,Reasonably age-friendly,Reasonably age-friendly,Reasonably age-friendly,Less age-friendly,campus,55.886,218:0,0,backward,161,153,55.886,68.971,69.346,69.846,69.346,69.846,69.596,69.846,69.221,69.721,69.846,0
219,2.36,1.0,2.36,3,3.0,3.0,3,3,3,1.0,3,3,1,1,1,1,1,2,3,2.452,2.377,3.0,3.0,2.0,3.0,3,2,3,3,2,2,3,3,1,3,3,1,1,1,3,3,1,1,3,3,3,3,3,2,2,2,1,2,2,1,2,1,2,2,2,1,2,1,2,1,2,1,2,2,2,2,2,1,3,3,3,3,3,3,3,3,3,3,2.327,2.427,2.327,2.377,2.327,2.402,2.302,2.327,Reasonably age-friendly,Reasonably age-friendly,Reasonably age-friendly,Reasonably age-friendly,Reasonably age-friendly,Reasonably age-friendly,Reasonably age-friendly,Reasonably age-friendly,Reasonably age-friendly,Reasonably age-friendly,Reasonably age-friendly,campus,82.791,219:0,0,forward,161,158,82.791,95.53099999999999,95.906,96.15599999999999,95.65599999999999,96.15599999999999,95.906,96.15599999999999,95.78099999999999,96.28099999999999,96.15599999999999,0
219,2.36,1.0,2.36,3,3.0,3.0,3,3,3,1.0,3,3,1,1,1,1,1,2,3,2.452,2.377,3.0,3.0,2.0,3.0,3,2,3,3,2,2,3,3,1,3,3,1,1,1,3,3,1,1,3,3,3,3,3,2,2,2,1,2,2,1,2,1,2,2,2,1,2,1,2,1,2,1,2,2,2,2,2,1,3,3,3,3,3,3,3,3,3,3,2.327,2.427,2.327,2.377,2.327,2.402,2.302,2.327,Reasonably age-friendly,Reasonably age-friendly,Reasonably age-friendly,Reasonably age-friendly,Reasonably age-friendly,Reasonably age-friendly,Reasonably age-friendly,Reasonably age-friendly,Reasonably age-friendly,Reasonably age-friendly,Reasonably age-friendly,campus,82.791,219:0,0,backward,158,161,82.791,95.53099999999999,95.906,96.15599999999999,95.65599999999999,96.15599999999999,95.906,96.15599999999999,95.78099999999999,96.28099999999999,96.15599999999999,0
220,2.15,1.0,2.15,3,3.0,1.5,3,3,2,3.0,3,1,2,1,1,1,1,2,3,2.305,2.28,3.0,3.0,2.0,3.0,3,2,3,3,2,2,3,3,1,3,3,2,1,1,3,3,2,1,3,3,3,3,3,2,2,2,1,2,2,1,2,1,2,2,2,1,2,1,2,1,2,1,2,2,2,2,2,1,3,3,3,3,3,3,3,3,3,3,2.18,2.28,2.18,2.23,2.18,2.255,2.205,2.18,Reasonably age-friendly,Reasonably age-friendly,Reasonably age-friendly,Reasonably age-friendly,Reasonably age-friendly,Reasonably age-friendly,Reasonably age-friendly,Reasonably age-friendly,Reasonably age-friendly,Reasonably age-friendly,Reasonably age-friendly,campus,61.958,220:0,0,forward,161,162,61.958,75.43299999999999,75.55799999999999,76.05799999999999,75.55799999999999,76.05799999999999,75.80799999999999,76.05799999999999,75.68299999999999,75.93299999999999,76.05799999999999,0
220,2.15,1.0,2.15,3,3.0,1.5,3,3,2,3.0,3,1,2,1,1,1,1,2,3,2.305,2.28,3.0,3.0,2.0,3.0,3,2,3,3,2,2,3,3,1,3,3,2,1,1,3,3,2,1,3,3,3,3,3,2,2,2,1,2,2,1,2,1,2,2,2,1,2,1,2,1,2,1,2,2,2,2,2,1,3,3,3,3,3,3,3,3,3,3,2.18,2.28,2.18,2.23,2.18,2.255,2.205,2.18,Reasonably age-friendly,Reasonably age-friendly,Reasonably age-friendly,Reasonably age-friendly,Reasonably age-friendly,Reasonably age-friendly,Reasonably age-friendly,Reasonably age-friendly,Reasonably age-friendly,Reasonably age-friendly,Reasonably age-friendly,campus,61.958,220:0,0,backward,162,161,61.958,75.43299999999999,75.55799999999999,76.05799999999999,75.55799999999999,76.05799999999999,75.80799999999999,76.05799999999999,75.68299999999999,75.93299999999999,76.05799999999999,0
221,2.24,1.5,1.493,3,1.0,3.0,3,3,1,3.0,3,1,3,1,2,1,3,3,3,1.895,1.87,3.0,3.0,2.0,3.0,3,3,3,3,3,3,3,3,2,3,3,3,2,2,3,3,3,2,3,3,3,3,3,2,2,2,1,2,2,1,2,1,2,2,2,1,2,1,2,1,2,1,2,2,2,2,2,1,3,3,3,3,3,3,3,3,3,3,1.77,1.87,1.77,1.82,1.77,1.845,1.795,1.77,Reasonably age-friendly,Less age-friendly,Less age-friendly,Less age-friendly,Reasonably age-friendly,Reasonably age-friendly,Less age-friendly,Less age-friendly,Less age-friendly,Reasonably age-friendly,Less age-friendly,campus,17.232,221:0,0,forward,163,164,17.232,32.757,32.882,33.382,32.882,33.382,33.132,33.382,33.007000000000005,33.257,33.382,0
221,2.24,1.5,1.493,3,1.0,3.0,3,3,1,3.0,3,1,3,1,2,1,3,3,3,1.895,1.87,3.0,3.0,2.0,3.0,3,3,3,3,3,3,3,3,2,3,3,3,2,2,3,3,3,2,3,3,3,3,3,2,2,2,1,2,2,1,2,1,2,2,2,1,2,1,2,1,2,1,2,2,2,2,2,1,3,3,3,3,3,3,3,3,3,3,1.77,1.87,1.77,1.82,1.77,1.845,1.795,1.77,Reasonably age-friendly,Less age-friendly,Less age-friendly,Less age-friendly,Reasonably age-friendly,Reasonably age-friendly,Less age-friendly,Less age-friendly,Less age-friendly,Reasonably age-friendly,Less age-friendly,campus,17.232,221:0,0,backward,164,163,17.232,32.757,32.882,33.382,32.882,33.382,33.132,33.382,33.007000000000005,33.257,33.382,0
222,2.15,1.0,2.15,3,1.5,1.0,3,3,2,3.0,3,1,3,2,1,1,1,2,3,2.305,2.33,3.0,3.0,2.0,3.0,3,3,3,3,3,2,3,3,2,3,3,3,2,2,3,3,3,2,3,3,3,3,3,2,2,2,1,2,2,1,2,1,2,2,2,1,2,1,2,1,2,1,2,2,2,2,2,1,3,3,3,3,3,3,3,3,3,3,2.23,2.33,2.23,2.28,2.23,2.255,2.255,2.23,Reasonably age-friendly,Reasonably age-friendly,Reasonably age-friendly,Reasonably age-friendly,Reasonably age-friendly,Reasonably age-friendly,Reasonably age-friendly,Reasonably age-friendly,Reasonably age-friendly,Reasonably age-friendly,Reasonably age-friendly,campus,65.332,222:0,0,forward,163,165,65.332,78.80699999999999,78.68199999999999,79.18199999999999,78.68199999999999,79.18199999999999,78.93199999999999,79.18199999999999,79.05699999999999,79.05699999999999,79.18199999999999,0
222,2.15,1.0,2.15,3,1.5,1.0,3,3,2,3.0,3,1,3,2,1,1,1,2,3,2.305,2.33,3.0,3.0,2.0,3.0,3,3,3,3,3,2,3,3,2,3,3,3,2,2,3,3,3,2,3,3,3,3,3,2,2,2,1,2,2,1,2,1,2,2,2,1,2,1,2,1,2,1,2,2,2,2,2,1,3,3,3,3,3,3,3,3,3,3,2.23,2.33,2.23,2.28,2.23,2.255,2.255,2.23,Reasonably age-friendly,Reasonably age-friendly,Reasonably age-friendly,Reasonably age-friendly,Reasonably age-friendly,Reasonably age-friendly,Reasonably age-friendly,Reasonably age-friendly,Reasonably age-friendly,Reasonably age-friendly,Reasonably age-friendly,campus,65.332,222:0,0,backward,165,163,65.332,78.80699999999999,78.68199999999999,79.18199999999999,78.68199999999999,79.18199999999999,78.93199999999999,79.18199999999999,79.05699999999999,79.05699999999999,79.18199999999999,0
223,2.15,1.0,2.15,3,1.5,1.0,3,3,2,3.0,3,1,2,1,1,1,2,1,3,2.255,2.28,3.0,3.0,2.0,3.0,3,1,3,3,1,1,3,3,1,3,3,2,1,1,3,3,2,1,3,3,3,3,3,2,2,2,1,2,2,1,2,1,2,2,2,1,2,1,2,1,2,1,2,2,2,2,2,1,3,3,3,3,3,3,3,3,3,3,2.18,2.23,2.18,2.18,2.18,2.205,2.205,2.18,Reasonably age-friendly,Reasonably age-friendly,Reasonably age-friendly,Reasonably age-friendly,Reasonably age-friendly,Reasonably age-friendly,Reasonably age-friendly,Reasonably age-friendly,Reasonably age-friendly,Reasonably age-friendly,Less age-friendly,campus,53.042,223:0,0,forward,165,166,53.042,66.767,66.642,67.142,66.892,67.142,67.142,67.142,67.017,67.017,67.142,0
223,2.15,1.0,2.15,3,1.5,1.0,3,3,2,3.0,3,1,2,1,1,1,2,1,3,2.255,2.28,3.0,3.0,2.0,3.0,3,1,3,3,1,1,3,3,1,3,3,2,1,1,3,3,2,1,3,3,3,3,3,2,2,2,1,2,2,1,2,1,2,2,2,1,2,1,2,1,2,1,2,2,2,2,2,1,3,3,3,3,3,3,3,3,3,3,2.18,2.23,2.18,2.18,2.18,2.205,2.205,2.18,Reasonably age-friendly,Reasonably age-friendly,Reasonably age-friendly,Reasonably age-friendly,Reasonably age-friendly,Reasonably age-friendly,Reasonably age-friendly,Reasonably age-friendly,Reasonably age-friendly,Reasonably age-friendly,Less age-friendly,campus,53.042,223:0,0,backward,166,165,53.042,66.767,66.642,67.142,66.892,67.142,67.142,67.142,67.017,67.017,67.142,0
224,2.34,1.0,2.34,3,3.0,2.0,3,3,3,1.5,2,1,2,2,1,1,2,2,3,2.238,2.313,3.0,3.0,2.0,3.0,3,1,3,3,1,2,3,3,1,3,3,2,1,1,3,3,2,1,3,3,3,3,3,2,2,2,1,2,2,1,2,1,2,2,2,1,2,1,2,1,2,1,2,2,2,2,2,1,3,3,1,2,3,3,3,3,3,3,2.313,2.363,2.313,2.313,2.313,2.388,2.338,2.313,Reasonably age-friendly,Reasonably age-friendly,Reasonably age-friendly,Reasonably age-friendly,Reasonably age-friendly,Reasonably age-friendly,Reasonably age-friendly,Reasonably age-friendly,Reasonably age-friendly,Reasonably age-friendly,Reasonably age-friendly,campus,68.816,224:0,0,forward,41,167,68.816,82.626,82.251,82.251,82.001,82.251,82.251,82.251,81.876,82.126,82.251,0
224,2.34,1.0,2.34,3,3.0,2.0,3,3,3,1.5,2,1,2,2,1,1,2,2,3,2.238,2.313,3.0,3.0,2.0,3.0,3,1,3,3,1,2,3,3,1,3,3,2,1,1,3,3,2,1,3,3,3,3,3,2,2,2,1,2,2,1,2,1,2,2,2,1,2,1,2,1,2,1,2,2,2,2,2,1,3,3,1,2,3,3,3,3,3,3,2.313,2.363,2.313,2.313,2.313,2.388,2.338,2.313,Reasonably age-friendly,Reasonably age-friendly,Reasonably age-friendly,Reasonably age-friendly,Reasonably age-friendly,Reasonably age-friendly,Reasonably age-friendly,Reasonably age-friendly,Reasonably age-friendly,Reasonably age-friendly,Reasonably age-friendly,campus,68.816,224:0,0,backward,167,41,68.816,82.626,82.251,82.251,82.001,82.251,82.251,82.251,81.876,82.126,82.251,0
225,2.07,1.5,1.38,2,3.0,1.5,2,2,3,1.0,3,1,3,1,1,2,3,1,3,1.516,1.691,3.0,3.0,2.0,3.0,3,1,3,3,1,1,3,3,2,3,3,3,2,2,3,3,3,2,3,3,3,3,3,2,2,2,1,2,2,1,2,1,2,2,2,1,2,1,2,1,2,1,2,2,2,2,2,1,3,3,1,2,3,3,3,3,3,3,1.691,1.691,1.691,1.641,1.691,1.666,1.716,1.691,Reasonably age-friendly,Less age-friendly,Less age-friendly,Less age-friendly,Reasonably age-friendly,Reasonably age-friendly,Less age-friendly,Less age-friendly,Less age-friendly,Reasonably age-friendly,Less age-friendly,campus,49.492,225:0,0,forward,40,168,49.492,66.912,66.037,66.037,66.037,66.037,66.287,66.037,66.162,65.91199999999999,66.037,0
225,2.07,1.5,1.38,2,3.0,1.5,2,2,3,1.0,3,1,3,1,1,2,3,1,3,1.516,1.691,3.0,3.0,2.0,3.0,3,1,3,3,1,1,3,3,2,3,3,3,2,2,3,3,3,2,3,3,3,3,3,2,2,2,1,2,2,1,2,1,2,2,2,1,2,1,2,1,2,1,2,2,2,2,2,1,3,3,1,2,3,3,3,3,3,3,1.691,1.691,1.691,1.641,1.691,1.666,1.716,1.691,Reasonably age-friendly,Less age-friendly,Less age-friendly,Less age-friendly,Reasonably age-friendly,Reasonably age-friendly,Less age-friendly,Less age-friendly,Less age-friendly,Reasonably age-friendly,Less age-friendly,campus,49.492,225:0,0,backward,168,40,49.492,66.912,66.037,66.037,66.037,66.037,66.287,66.037,66.162,65.91199999999999,66.037,0
226,1.99,2.5,0.796,1,3.0,1.5,2,3,2,3.0,3,1,1,1,3,2,2,1,3,1.107,1.282,3.0,3.0,2.0,3.0,3,3,3,3,3,1,3,3,1,3,3,1,1,1,3,3,1,1,3,3,3,3,3,2,2,2,1,2,2,1,2,1,2,2,2,1,2,1,2,1,2,1,2,2,2,2,2,1,3,3,1,3,3,3,3,3,3,3,1.232,1.382,1.232,1.332,1.232,1.257,1.207,1.232,Reasonably age-friendly,Less age-friendly,Less age-friendly,Less age-friendly,Reasonably age-friendly,Reasonably age-friendly,Less age-friendly,Less age-friendly,Less age-friendly,Reasonably age-friendly,Less age-friendly,campus,49.733,226:0,0,forward,168,169,49.733,69.198,68.323,68.573,67.82300000000001,68.573,68.073,68.573,68.44800000000001,68.698,68.573,0
226,1.99,2.5,0.796,1,3.0,1.5,2,3,2,3.0,3,1,1,1,3,2,2,1,3,1.107,1.282,3.0,3.0,2.0,3.0,3,3,3,3,3,1,3,3,1,3,3,1,1,1,3,3,1,1,3,3,3,3,3,2,2,2,1,2,2,1,2,1,2,2,2,1,2,1,2,1,2,1,2,2,2,2,2,1,3,3,1,3,3,3,3,3,3,3,1.232,1.382,1.232,1.332,1.232,1.257,1.207,1.232,Reasonably age-friendly,Less age-friendly,Less age-friendly,Less age-friendly,Reasonably age-friendly,Reasonably age-friendly,Less age-friendly,Less age-friendly,Less age-friendly,Reasonably age-friendly,Less age-friendly,campus,49.733,226:0,0,backward,169,168,49.733,69.198,68.323,68.573,67.82300000000001,68.573,68.073,68.573,68.44800000000001,68.698,68.573,0
227,2.64,1.0,2.64,3,3.0,3.0,3,3,3,3.0,3,3,3,2,1,1,1,3,3,2.498,2.673,3.0,3.0,2.0,3.0,3,2,3,3,2,3,3,3,2,3,3,3,2,2,3,3,3,2,3,3,3,3,3,2,2,2,1,2,2,1,2,1,2,2,2,1,2,1,2,1,2,1,2,2,2,2,2,1,3,1,1,3,3,3,3,3,1,1,2.373,2.423,2.373,2.573,2.373,2.648,2.398,2.373,Reasonably age-friendly,Reasonably age-friendly,Reasonably age-friendly,More age-friendly,Reasonably age-friendly,Reasonably age-friendly,More age-friendly,More age-friendly,Reasonably age-friendly,Reasonably age-friendly,More age-friendly,campus,69.973,227:0,0,forward,170,143,69.973,82.483,81.608,83.108,82.858,83.108,82.108,83.108,81.733,82.983,83.108,0
227,2.64,1.0,2.64,3,3.0,3.0,3,3,3,3.0,3,3,3,2,1,1,1,3,3,2.498,2.673,3.0,3.0,2.0,3.0,3,2,3,3,2,3,3,3,2,3,3,3,2,2,3,3,3,2,3,3,3,3,3,2,2,2,1,2,2,1,2,1,2,2,2,1,2,1,2,1,2,1,2,2,2,2,2,1,3,1,1,3,3,3,3,3,1,1,2.373,2.423,2.373,2.573,2.373,2.648,2.398,2.373,Reasonably age-friendly,Reasonably age-friendly,Reasonably age-friendly,More age-friendly,Reasonably age-friendly,Reasonably age-friendly,More age-friendly,More age-friendly,Reasonably age-friendly,Reasonably age-friendly,More age-friendly,campus,69.973,227:0,0,backward,143,170,69.973,82.483,81.608,83.108,82.858,83.108,82.108,83.108,81.733,82.983,83.108,0
228,2.72,1.5,1.813,3,3.0,3.0,3,3,2,3.0,3,1,3,3,2,1,3,3,3,1.919,1.994,3.0,3.0,2.0,3.0,3,1,3,3,1,3,3,3,2,3,3,3,2,2,3,3,3,2,3,3,3,3,3,2,2,2,1,2,2,1,2,1,2,2,2,1,2,1,2,1,2,1,2,2,2,2,2,1,3,1,1,2,3,1,1,2,1,1,1.794,1.794,1.794,1.744,1.794,1.969,1.819,1.794,Reasonably age-friendly,Less age-friendly,Less age-friendly,Less age-friendly,Reasonably age-friendly,Reasonably age-friendly,Less age-friendly,Less age-friendly,Less age-friendly,Reasonably age-friendly,Less age-friendly,campus,10.355,228:0,0,forward,171,143,10.355,25.759999999999998,25.385,26.385,26.385,26.385,26.635,26.385,25.509999999999998,26.26,26.385,0
228,2.72,1.5,1.813,3,3.0,3.0,3,3,2,3.0,3,1,3,3,2,1,3,3,3,1.919,1.994,3.0,3.0,2.0,3.0,3,1,3,3,1,3,3,3,2,3,3,3,2,2,3,3,3,2,3,3,3,3,3,2,2,2,1,2,2,1,2,1,2,2,2,1,2,1,2,1,2,1,2,2,2,2,2,1,3,1,1,2,3,1,1,2,1,1,1.794,1.794,1.794,1.744,1.794,1.969,1.819,1.794,Reasonably age-friendly,Less age-friendly,Less age-friendly,Less age-friendly,Reasonably age-friendly,Reasonably age-friendly,Less age-friendly,Less age-friendly,Less age-friendly,Reasonably age-friendly,Less age-friendly,campus,10.355,228:0,0,backward,143,171,10.355,25.759999999999998,25.385,26.385,26.385,26.385,26.635,26.385,25.509999999999998,26.26,26.385,0
229,2.45,1.0,2.45,3,3.0,2.5,3,3,2,3.0,3,1,2,1,1,1,3,3,3,2.465,2.39,3.0,3.0,2.0,3.0,3,2,3,3,2,3,3,3,1,3,3,2,1,1,3,3,2,1,3,3,3,3,3,2,2,2,1,2,2,1,2,1,2,2,2,1,2,1,2,1,2,1,2,2,2,2,2,1,3,2,2,2,3,1,1,3,3,2,2.29,2.39,2.29,2.24,2.29,2.515,2.415,2.29,Reasonably age-friendly,Reasonably age-friendly,Reasonably age-friendly,Reasonably age-friendly,Reasonably age-friendly,Reasonably age-friendly,Less age-friendly,Reasonably age-friendly,Reasonably age-friendly,Reasonably age-friendly,Less age-friendly,campus,97.187,229:0,0,forward,172,171,8.029570132309429,20.704570132309428,21.079570132309428,21.579570132309428,21.079570132309428,21.579570132309428,21.829570132309428,21.579570132309428,20.454570132309428,20.954570132309428,21.579570132309428,0
229,2.45,1.0,2.45,3,3.0,2.5,3,3,2,3.0,3,1,2,1,1,1,3,3,3,2.465,2.39,3.0,3.0,2.0,3.0,3,2,3,3,2,3,3,3,1,3,3,2,1,1,3,3,2,1,3,3,3,3,3,2,2,2,1,2,2,1,2,1,2,2,2,1,2,1,2,1,2,1,2,2,2,2,2,1,3,2,2,2,3,1,1,3,3,2,2.29,2.39,2.29,2.24,2.29,2.515,2.415,2.29,Reasonably age-friendly,Reasonably age-friendly,Reasonably age-friendly,Reasonably age-friendly,Reasonably age-friendly,Reasonably age-friendly,Less age-friendly,Reasonably age-friendly,Reasonably age-friendly,Reasonably age-friendly,Less age-friendly,campus,97.187,229:0,0,backward,171,172,8.029570132309429,20.704570132309428,21.079570132309428,21.579570132309428,21.079570132309428,21.579570132309428,21.829570132309428,21.579570132309428,20.454570132309428,20.954570132309428,21.579570132309428,0
229,2.45,1.0,2.45,3,3.0,2.5,3,3,2,3.0,3,1,2,1,1,1,3,3,3,2.465,2.39,3.0,3.0,2.0,3.0,3,2,3,3,2,3,3,3,1,3,3,2,1,1,3,3,2,1,3,3,3,3,3,2,2,2,1,2,2,1,2,1,2,2,2,1,2,1,2,1,2,1,2,2,2,2,2,1,3,2,2,2,3,1,1,3,3,2,2.29,2.39,2.29,2.24,2.29,2.515,2.415,2.29,Reasonably age-friendly,Reasonably age-friendly,Reasonably age-friendly,Reasonably age-friendly,Reasonably age-friendly,Reasonably age-friendly,Less age-friendly,Reasonably age-friendly,Reasonably age-friendly,Reasonably age-friendly,Less age-friendly,campus,97.187,229:1,1,forward,141,172,89.15532276014177,101.83032276014177,102.20532276014177,102.70532276014177,102.20532276014177,102.70532276014177,102.95532276014177,102.70532276014177,101.58032276014177,102.08032276014177,102.70532276014177,0
229,2.45,1.0,2.45,3,3.0,2.5,3,3,2,3.0,3,1,2,1,1,1,3,3,3,2.465,2.39,3.0,3.0,2.0,3.0,3,2,3,3,2,3,3,3,1,3,3,2,1,1,3,3,2,1,3,3,3,3,3,2,2,2,1,2,2,1,2,1,2,2,2,1,2,1,2,1,2,1,2,2,2,2,2,1,3,2,2,2,3,1,1,3,3,2,2.29,2.39,2.29,2.24,2.29,2.515,2.415,2.29,Reasonably age-friendly,Reasonably age-friendly,Reasonably age-friendly,Reasonably age-friendly,Reasonably age-friendly,Reasonably age-friendly,Less age-friendly,Reasonably age-friendly,Reasonably age-friendly,Reasonably age-friendly,Less age-friendly,campus,97.187,229:1,1,backward,172,141,89.15532276014177,101.83032276014177,102.20532276014177,102.70532276014177,102.20532276014177,102.70532276014177,102.95532276014177,102.70532276014177,101.58032276014177,102.08032276014177,102.70532276014177,0
231,2.48,1.0,2.48,3,3.0,3.0,3,3,3,3.0,3,1,3,1,1,1,2,3,3,2.586,2.561,3.0,3.0,2.0,3.0,3,3,3,3,3,3,3,3,2,3,3,3,2,2,3,3,3,2,3,3,3,3,3,2,2,2,1,2,2,1,2,1,2,2,2,1,2,1,2,1,2,1,2,2,2,2,2,1,3,3,3,3,3,3,3,3,3,3,2.461,2.561,2.461,2.511,2.461,2.536,2.486,2.461,Reasonably age-friendly,Reasonably age-friendly,Reasonably age-friendly,Reasonably age-friendly,Reasonably age-friendly,Reasonably age-friendly,Reasonably age-friendly,Reasonably age-friendly,Reasonably age-friendly,Reasonably age-friendly,Reasonably age-friendly,campus,114.209,231:0,0,forward,63,173,114.209,126.279,126.404,126.904,126.404,126.904,126.654,126.904,126.529,126.779,126.904,0
231,2.48,1.0,2.48,3,3.0,3.0,3,3,3,3.0,3,1,3,1,1,1,2,3,3,2.586,2.561,3.0,3.0,2.0,3.0,3,3,3,3,3,3,3,3,2,3,3,3,2,2,3,3,3,2,3,3,3,3,3,2,2,2,1,2,2,1,2,1,2,2,2,1,2,1,2,1,2,1,2,2,2,2,2,1,3,3,3,3,3,3,3,3,3,3,2.461,2.561,2.461,2.511,2.461,2.536,2.486,2.461,Reasonably age-friendly,Reasonably age-friendly,Reasonably age-friendly,Reasonably age-friendly,Reasonably age-friendly,Reasonably age-friendly,Reasonably age-friendly,Reasonably age-friendly,Reasonably age-friendly,Reasonably age-friendly,Reasonably age-friendly,campus,114.209,231:0,0,backward,173,63,114.209,126.279,126.404,126.904,126.404,126.904,126.654,126.904,126.529,126.779,126.904,0
232,2.57,1.0,2.57,3,3.0,2.5,3,3,3,3.0,3,1,3,2,1,1,2,3,3,2.649,2.624,3.0,3.0,2.0,3.0,3,3,3,3,3,3,3,3,2,3,3,3,2,2,3,3,3,2,3,3,3,3,3,2,2,2,1,2,2,1,2,1,2,2,2,1,2,1,2,1,2,1,2,2,2,2,2,1,3,3,3,3,3,3,3,3,3,3,2.524,2.624,2.524,2.574,2.524,2.599,2.549,2.524,More age-friendly,Reasonably age-friendly,Reasonably age-friendly,Reasonably age-friendly,More age-friendly,More age-friendly,Reasonably age-friendly,Reasonably age-friendly,Reasonably age-friendly,More age-friendly,Reasonably age-friendly,campus,82.74,232:0,0,forward,173,174,82.74,94.49499999999999,94.61999999999999,95.11999999999999,94.61999999999999,95.11999999999999,94.86999999999999,95.11999999999999,94.74499999999999,94.99499999999999,95.11999999999999,0
232,2.57,1.0,2.57,3,3.0,2.5,3,3,3,3.0,3,1,3,2,1,1,2,3,3,2.649,2.624,3.0,3.0,2.0,3.0,3,3,3,3,3,3,3,3,2,3,3,3,2,2,3,3,3,2,3,3,3,3,3,2,2,2,1,2,2,1,2,1,2,2,2,1,2,1,2,1,2,1,2,2,2,2,2,1,3,3,3,3,3,3,3,3,3,3,2.524,2.624,2.524,2.574,2.524,2.599,2.549,2.524,More age-friendly,Reasonably age-friendly,Reasonably age-friendly,Reasonably age-friendly,More age-friendly,More age-friendly,Reasonably age-friendly,Reasonably age-friendly,Reasonably age-friendly,More age-friendly,Reasonably age-friendly,campus,82.74,232:0,0,backward,174,173,82.74,94.49499999999999,94.61999999999999,95.11999999999999,94.61999999999999,95.11999999999999,94.86999999999999,95.11999999999999,94.74499999999999,94.99499999999999,95.11999999999999,0
233,2.52,1.0,2.52,3,3.0,3.0,3,3,3,2.5,3,2,3,2,1,1,1,3,3,2.614,2.589,3.0,3.0,2.0,3.0,3,3,3,3,3,3,3,3,2,3,3,3,2,2,3,3,3,2,3,3,3,3,3,2,2,2,1,2,2,1,2,1,2,2,2,1,2,1,2,1,2,1,2,2,2,2,2,1,3,3,3,3,3,3,3,3,3,3,2.489,2.589,2.489,2.539,2.489,2.564,2.514,2.489,Reasonably age-friendly,More age-friendly,More age-friendly,More age-friendly,Reasonably age-friendly,Reasonably age-friendly,More age-friendly,More age-friendly,More age-friendly,Reasonably age-friendly,More age-friendly,campus,82.176,233:0,0,forward,175,176,82.176,94.106,94.231,94.731,94.231,94.731,94.481,94.731,94.356,94.60600000000001,94.731,0
233,2.52,1.0,2.52,3,3.0,3.0,3,3,3,2.5,3,2,3,2,1,1,1,3,3,2.614,2.589,3.0,3.0,2.0,3.0,3,3,3,3,3,3,3,3,2,3,3,3,2,2,3,3,3,2,3,3,3,3,3,2,2,2,1,2,2,1,2,1,2,2,2,1,2,1,2,1,2,1,2,2,2,2,2,1,3,3,3,3,3,3,3,3,3,3,2.489,2.589,2.489,2.539,2.489,2.564,2.514,2.489,Reasonably age-friendly,More age-friendly,More age-friendly,More age-friendly,Reasonably age-friendly,Reasonably age-friendly,More age-friendly,More age-friendly,More age-friendly,Reasonably age-friendly,More age-friendly,campus,82.176,233:0,0,backward,176,175,82.176,94.106,94.231,94.731,94.231,94.731,94.481,94.731,94.356,94.60600000000001,94.731,0
234,1.92,1.5,1.28,3,1.0,3.0,2,3,1,1.0,1,1,3,3,1,2,2,2,3,1.696,1.721,3.0,3.0,2.0,3.0,3,3,3,3,3,2,3,3,2,3,3,3,2,2,3,3,3,2,3,3,3,3,3,2,2,2,1,2,2,1,2,1,2,2,2,1,2,1,2,1,2,1,2,2,2,2,2,1,3,3,3,3,3,3,3,3,3,3,1.621,1.721,1.621,1.671,1.621,1.646,1.646,1.621,Reasonably age-friendly,Reasonably age-friendly,Reasonably age-friendly,Reasonably age-friendly,Reasonably age-friendly,Reasonably age-friendly,Reasonably age-friendly,Reasonably age-friendly,Reasonably age-friendly,Reasonably age-friendly,Less age-friendly,campus,10.169,234:0,0,forward,177,178,10.169,26.689000000000004,26.564,27.064,26.564,27.064,26.814,27.064,26.939,26.939,27.064,0
234,1.92,1.5,1.28,3,1.0,3.0,2,3,1,1.0,1,1,3,3,1,2,2,2,3,1.696,1.721,3.0,3.0,2.0,3.0,3,3,3,3,3,2,3,3,2,3,3,3,2,2,3,3,3,2,3,3,3,3,3,2,2,2,1,2,2,1,2,1,2,2,2,1,2,1,2,1,2,1,2,2,2,2,2,1,3,3,3,3,3,3,3,3,3,3,1.621,1.721,1.621,1.671,1.621,1.646,1.646,1.621,Reasonably age-friendly,Reasonably age-friendly,Reasonably age-friendly,Reasonably age-friendly,Reasonably age-friendly,Reasonably age-friendly,Reasonably age-friendly,Reasonably age-friendly,Reasonably age-friendly,Reasonably age-friendly,Less age-friendly,campus,10.169,234:0,0,backward,178,177,10.169,26.689000000000004,26.564,27.064,26.564,27.064,26.814,27.064,26.939,26.939,27.064,0
235,2.56,1.0,2.56,2,3.0,3.0,3,3,3,3.0,3,3,2,1,1,1,2,3,3,2.642,2.567,3.0,3.0,2.0,3.0,3,3,3,3,3,3,3,3,1,3,3,2,1,1,3,3,2,1,3,3,3,3,3,2,2,2,1,2,2,1,2,1,2,2,2,1,2,1,2,1,2,1,2,2,2,2,2,1,3,3,3,3,3,3,3,3,3,3,2.467,2.617,2.467,2.567,2.467,2.592,2.492,2.467,Reasonably age-friendly,Reasonably age-friendly,Reasonably age-friendly,Reasonably age-friendly,Reasonably age-friendly,Reasonably age-friendly,Reasonably age-friendly,Reasonably age-friendly,Reasonably age-friendly,Reasonably age-friendly,Less age-friendly,campus,73.825,235:0,0,forward,179,180,73.825,85.61500000000001,85.99000000000001,86.49000000000001,85.74000000000001,86.49000000000001,85.99000000000001,86.49000000000001,85.86500000000001,86.36500000000001,86.49000000000001,0
235,2.56,1.0,2.56,2,3.0,3.0,3,3,3,3.0,3,3,2,1,1,1,2,3,3,2.642,2.567,3.0,3.0,2.0,3.0,3,3,3,3,3,3,3,3,1,3,3,2,1,1,3,3,2,1,3,3,3,3,3,2,2,2,1,2,2,1,2,1,2,2,2,1,2,1,2,1,2,1,2,2,2,2,2,1,3,3,3,3,3,3,3,3,3,3,2.467,2.617,2.467,2.567,2.467,2.592,2.492,2.467,Reasonably age-friendly,Reasonably age-friendly,Reasonably age-friendly,Reasonably age-friendly,Reasonably age-friendly,Reasonably age-friendly,Reasonably age-friendly,Reasonably age-friendly,Reasonably age-friendly,Reasonably age-friendly,Less age-friendly,campus,73.825,235:0,0,backward,180,179,73.825,85.61500000000001,85.99000000000001,86.49000000000001,85.74000000000001,86.49000000000001,85.99000000000001,86.49000000000001,85.86500000000001,86.36500000000001,86.49000000000001,0
236,2.56,1.0,2.56,3,3.0,3.0,3,3,3,3.0,3,2,2,1,1,1,2,3,3,2.642,2.567,3.0,3.0,2.0,3.0,3,2,3,3,2,3,3,3,1,3,3,2,1,1,3,3,2,1,3,3,3,3,3,2,2,2,1,2,2,1,2,1,2,2,2,1,2,1,2,1,2,1,2,2,2,2,2,1,3,3,3,3,3,3,3,3,3,3,2.467,2.567,2.467,2.517,2.467,2.592,2.492,2.467,Reasonably age-friendly,Reasonably age-friendly,Reasonably age-friendly,Reasonably age-friendly,Reasonably age-friendly,Reasonably age-friendly,Reasonably age-friendly,Reasonably age-friendly,Reasonably age-friendly,Reasonably age-friendly,Reasonably age-friendly,campus,74.622,236:0,0,forward,180,181,74.622,86.412,86.787,87.287,86.787,87.287,87.037,87.287,86.662,87.162,87.287,0
236,2.56,1.0,2.56,3,3.0,3.0,3,3,3,3.0,3,2,2,1,1,1,2,3,3,2.642,2.567,3.0,3.0,2.0,3.0,3,2,3,3,2,3,3,3,1,3,3,2,1,1,3,3,2,1,3,3,3,3,3,2,2,2,1,2,2,1,2,1,2,2,2,1,2,1,2,1,2,1,2,2,2,2,2,1,3,3,3,3,3,3,3,3,3,3,2.467,2.567,2.467,2.517,2.467,2.592,2.492,2.467,Reasonably age-friendly,Reasonably age-friendly,Reasonably age-friendly,Reasonably age-friendly,Reasonably age-friendly,Reasonably age-friendly,Reasonably age-friendly,Reasonably age-friendly,Reasonably age-friendly,Reasonably age-friendly,Reasonably age-friendly,campus,74.622,236:0,0,backward,181,180,74.622,86.412,86.787,87.287,86.787,87.287,87.037,87.287,86.662,87.162,87.287,0
237,2.8,1.0,2.8,3,3.0,3.0,3,3,3,3.0,3,2,2,2,1,1,3,3,2,2.81,2.685,3.0,3.0,2.0,3.0,3,2,3,3,2,3,2,3,1,3,3,2,1,1,3,3,2,1,3,3,3,3,3,2,2,2,1,2,2,1,2,1,2,2,2,1,2,1,2,1,2,1,2,2,2,2,2,1,3,3,3,3,3,3,3,3,3,3,2.635,2.735,2.635,2.685,2.635,2.76,2.61,2.635,More age-friendly,Reasonably age-friendly,Reasonably age-friendly,Reasonably age-friendly,More age-friendly,More age-friendly,Reasonably age-friendly,Reasonably age-friendly,Reasonably age-friendly,More age-friendly,Less age-friendly,campus,81.213,237:0,0,forward,181,51,81.213,92.163,92.788,93.038,92.538,93.038,92.788,93.038,92.413,93.163,93.038,0
237,2.8,1.0,2.8,3,3.0,3.0,3,3,3,3.0,3,2,2,2,1,1,3,3,2,2.81,2.685,3.0,3.0,2.0,3.0,3,2,3,3,2,3,2,3,1,3,3,2,1,1,3,3,2,1,3,3,3,3,3,2,2,2,1,2,2,1,2,1,2,2,2,1,2,1,2,1,2,1,2,2,2,2,2,1,3,3,3,3,3,3,3,3,3,3,2.635,2.735,2.635,2.685,2.635,2.76,2.61,2.635,More age-friendly,Reasonably age-friendly,Reasonably age-friendly,Reasonably age-friendly,More age-friendly,More age-friendly,Reasonably age-friendly,Reasonably age-friendly,Reasonably age-friendly,More age-friendly,Less age-friendly,campus,81.213,237:0,0,backward,51,181,81.213,92.163,92.788,93.038,92.538,93.038,92.788,93.038,92.413,93.163,93.038,0
239,2.12,1.5,1.413,3,1.0,3.0,3,3,1,1.0,2,1,2,2,2,1,3,3,3,1.639,1.764,3.0,3.0,2.0,3.0,3,3,3,3,3,3,3,3,1,3,3,2,1,1,3,3,2,1,3,3,3,3,3,2,2,2,1,2,2,1,2,1,2,2,2,1,2,1,2,1,2,1,2,2,2,2,2,1,3,1,1,3,3,3,3,3,1,1,1.464,1.614,1.464,1.764,1.464,1.789,1.489,1.464,Reasonably age-friendly,Less age-friendly,Less age-friendly,Less age-friendly,Reasonably age-friendly,Reasonably age-friendly,Less age-friendly,Less age-friendly,Less age-friendly,Reasonably age-friendly,Less age-friendly,campus,10.467,239:0,0,forward,170,182,10.467,27.272,26.647,28.147,27.397,28.147,26.647,28.147,26.522,28.022,28.147,0
239,2.12,1.5,1.413,3,1.0,3.0,3,3,1,1.0,2,1,2,2,2,1,3,3,3,1.639,1.764,3.0,3.0,2.0,3.0,3,3,3,3,3,3,3,3,1,3,3,2,1,1,3,3,2,1,3,3,3,3,3,2,2,2,1,2,2,1,2,1,2,2,2,1,2,1,2,1,2,1,2,2,2,2,2,1,3,1,1,3,3,3,3,3,1,1,1.464,1.614,1.464,1.764,1.464,1.789,1.489,1.464,Reasonably age-friendly,Less age-friendly,Less age-friendly,Less age-friendly,Reasonably age-friendly,Reasonably age-friendly,Less age-friendly,Less age-friendly,Less age-friendly,Reasonably age-friendly,Less age-friendly,campus,10.467,239:0,0,backward,182,170,10.467,27.272,26.647,28.147,27.397,28.147,26.647,28.147,26.522,28.022,28.147,0
240,2.11,1.0,2.11,3,1.5,1.0,3,3,2,2.0,2,1,2,1,1,1,3,1,3,2.127,2.152,3.0,3.0,2.0,3.0,3,1,3,3,1,1,3,3,1,3,3,2,1,1,3,3,2,1,3,3,3,3,3,2,2,2,1,2,2,1,2,1,2,2,2,1,2,1,2,1,2,1,2,2,2,2,2,1,3,3,2,2,2,3,3,3,3,2,2.052,2.202,2.052,2.152,2.052,2.177,2.177,2.052,Reasonably age-friendly,Less age-friendly,Less age-friendly,Less age-friendly,Reasonably age-friendly,Reasonably age-friendly,Less age-friendly,Less age-friendly,Less age-friendly,Reasonably age-friendly,Less age-friendly,residential,122.67,240:0,0,forward,32,183,122.67,137.035,136.91,137.41,136.66,137.41,136.91,137.41,136.785,136.785,137.41,0
240,2.11,1.0,2.11,3,1.5,1.0,3,3,2,2.0,2,1,2,1,1,1,3,1,3,2.127,2.152,3.0,3.0,2.0,3.0,3,1,3,3,1,1,3,3,1,3,3,2,1,1,3,3,2,1,3,3,3,3,3,2,2,2,1,2,2,1,2,1,2,2,2,1,2,1,2,1,2,1,2,2,2,2,2,1,3,3,2,2,2,3,3,3,3,2,2.052,2.202,2.052,2.152,2.052,2.177,2.177,2.052,Reasonably age-friendly,Less age-friendly,Less age-friendly,Less age-friendly,Reasonably age-friendly,Reasonably age-friendly,Less age-friendly,Less age-friendly,Less age-friendly,Reasonably age-friendly,Less age-friendly,residential,122.67,240:0,0,backward,183,32,122.67,137.035,136.91,137.41,136.66,137.41,136.91,137.41,136.785,136.785,137.41,0
241,2.19,1.0,2.19,3,1.5,1.0,3,3,2,3.0,2,1,3,1,1,1,3,2,3,2.333,2.358,3.0,3.0,2.0,3.0,3,1,3,3,1,2,3,3,2,3,3,3,2,2,3,3,3,2,3,3,3,3,3,2,2,2,1,2,2,1,2,1,2,2,2,1,2,1,2,1,2,1,2,2,2,2,2,1,3,3,3,3,3,3,3,3,3,3,2.258,2.258,2.258,2.208,2.258,2.283,2.283,2.258,Reasonably age-friendly,Less age-friendly,Reasonably age-friendly,Reasonably age-friendly,Reasonably age-friendly,Reasonably age-friendly,Less age-friendly,Reasonably age-friendly,Reasonably age-friendly,Reasonably age-friendly,Less age-friendly,residential,69.993,241:0,0,forward,48,184,69.993,83.32799999999999,83.20299999999999,83.703,83.703,83.703,83.95299999999999,83.703,83.578,83.578,83.703,0
241,2.19,1.0,2.19,3,1.5,1.0,3,3,2,3.0,2,1,3,1,1,1,3,2,3,2.333,2.358,3.0,3.0,2.0,3.0,3,1,3,3,1,2,3,3,2,3,3,3,2,2,3,3,3,2,3,3,3,3,3,2,2,2,1,2,2,1,2,1,2,2,2,1,2,1,2,1,2,1,2,2,2,2,2,1,3,3,3,3,3,3,3,3,3,3,2.258,2.258,2.258,2.208,2.258,2.283,2.283,2.258,Reasonably age-friendly,Less age-friendly,Reasonably age-friendly,Reasonably age-friendly,Reasonably age-friendly,Reasonably age-friendly,Less age-friendly,Reasonably age-friendly,Reasonably age-friendly,Reasonably age-friendly,Less age-friendly,residential,69.993,241:0,0,backward,184,48,69.993,83.32799999999999,83.20299999999999,83.703,83.703,83.703,83.95299999999999,83.703,83.578,83.578,83.703,0
242,2.19,1.0,2.19,3,2.5,2.0,3,3,2,3.0,2,1,2,1,1,1,2,3,3,2.383,2.308,3.0,3.0,2.0,3.0,3,3,3,3,3,3,3,3,1,3,3,2,1,1,3,3,2,1,3,3,3,3,3,2,2,2,1,2,2,1,2,1,2,2,2,1,2,1,2,1,2,1,2,2,2,2,2,1,1,2,3,3,3,3,2,3,3,1,2.008,2.258,2.008,2.208,2.008,2.333,2.233,2.008,Reasonably age-friendly,Reasonably age-friendly,Reasonably age-friendly,Reasonably age-friendly,Reasonably age-friendly,Reasonably age-friendly,Reasonably age-friendly,Reasonably age-friendly,Reasonably age-friendly,Reasonably age-friendly,Less age-friendly,residential,47.196,242:0,0,forward,33,185,47.196,60.281,60.656,62.156,60.906,62.156,61.156,62.156,60.531,61.031,62.156,0
242,2.19,1.0,2.19,3,2.5,2.0,3,3,2,3.0,2,1,2,1,1,1,2,3,3,2.383,2.308,3.0,3.0,2.0,3.0,3,3,3,3,3,3,3,3,1,3,3,2,1,1,3,3,2,1,3,3,3,3,3,2,2,2,1,2,2,1,2,1,2,2,2,1,2,1,2,1,2,1,2,2,2,2,2,1,1,2,3,3,3,3,2,3,3,1,2.008,2.258,2.008,2.208,2.008,2.333,2.233,2.008,Reasonably age-friendly,Reasonably age-friendly,Reasonably age-friendly,Reasonably age-friendly,Reasonably age-friendly,Reasonably age-friendly,Reasonably age-friendly,Reasonably age-friendly,Reasonably age-friendly,Reasonably age-friendly,Less age-friendly,residential,47.196,242:0,0,backward,185,33,47.196,60.281,60.656,62.156,60.906,62.156,61.156,62.156,60.531,61.031,62.156,0
243,2.16,1.5,1.44,3,1.0,3.0,3,3,1,1.0,1,1,3,3,2,1,3,3,3,1.658,1.733,3.0,3.0,2.0,3.0,3,2,3,3,2,3,3,3,2,3,3,3,2,2,3,3,3,2,3,3,3,3,3,2,2,2,1,2,2,1,2,1,2,2,2,1,2,1,2,1,2,1,2,2,2,2,2,1,3,1,1,2,3,1,1,2,1,1,1.533,1.583,1.533,1.533,1.533,1.708,1.558,1.533,Reasonably age-friendly,Less age-friendly,Less age-friendly,Less age-friendly,Reasonably age-friendly,Reasonably age-friendly,Less age-friendly,Less age-friendly,Less age-friendly,Reasonably age-friendly,Less age-friendly,campus,20.141,243:0,0,forward,143,138,20.141,36.851,36.476,37.476,37.226,37.476,37.476,37.476,36.601,37.351,37.476,0
243,2.16,1.5,1.44,3,1.0,3.0,3,3,1,1.0,1,1,3,3,2,1,3,3,3,1.658,1.733,3.0,3.0,2.0,3.0,3,2,3,3,2,3,3,3,2,3,3,3,2,2,3,3,3,2,3,3,3,3,3,2,2,2,1,2,2,1,2,1,2,2,2,1,2,1,2,1,2,1,2,2,2,2,2,1,3,1,1,2,3,1,1,2,1,1,1.533,1.583,1.533,1.533,1.533,1.708,1.558,1.533,Reasonably age-friendly,Less age-friendly,Less age-friendly,Less age-friendly,Reasonably age-friendly,Reasonably age-friendly,Less age-friendly,Less age-friendly,Less age-friendly,Reasonably age-friendly,Less age-friendly,campus,20.141,243:0,0,backward,138,143,20.141,36.851,36.476,37.476,37.226,37.476,37.476,37.476,36.601,37.351,37.476,0
244,2.16,1.5,1.44,3,1.0,3.0,3,3,1,1.0,1,1,3,3,2,1,3,3,3,1.658,1.733,3.0,3.0,2.0,3.0,3,2,3,3,2,3,3,3,2,3,3,3,2,2,3,3,3,2,3,3,3,3,3,2,2,2,1,2,2,1,2,1,2,2,2,1,2,1,2,1,2,1,2,2,2,2,2,1,3,1,1,2,3,1,1,2,1,1,1.533,1.583,1.533,1.533,1.533,1.708,1.558,1.533,Reasonably age-friendly,Less age-friendly,Less age-friendly,Less age-friendly,Reasonably age-friendly,Reasonably age-friendly,Less age-friendly,Less age-friendly,Less age-friendly,Reasonably age-friendly,Less age-friendly,campus,18.66,244:0,0,forward,171,139,18.66,35.370000000000005,34.995000000000005,35.995000000000005,35.745000000000005,35.995000000000005,35.995000000000005,35.995000000000005,35.120000000000005,35.870000000000005,35.995000000000005,0
244,2.16,1.5,1.44,3,1.0,3.0,3,3,1,1.0,1,1,3,3,2,1,3,3,3,1.658,1.733,3.0,3.0,2.0,3.0,3,2,3,3,2,3,3,3,2,3,3,3,2,2,3,3,3,2,3,3,3,3,3,2,2,2,1,2,2,1,2,1,2,2,2,1,2,1,2,1,2,1,2,2,2,2,2,1,3,1,1,2,3,1,1,2,1,1,1.533,1.583,1.533,1.533,1.533,1.708,1.558,1.533,Reasonably age-friendly,Less age-friendly,Less age-friendly,Less age-friendly,Reasonably age-friendly,Reasonably age-friendly,Less age-friendly,Less age-friendly,Less age-friendly,Reasonably age-friendly,Less age-friendly,campus,18.66,244:0,0,backward,139,171,18.66,35.370000000000005,34.995000000000005,35.995000000000005,35.745000000000005,35.995000000000005,35.995000000000005,35.995000000000005,35.120000000000005,35.870000000000005,35.995000000000005,0
245,2.35,1.5,1.567,3,3.0,1.5,3,3,2,3.0,1,1,2,2,2,1,3,1,3,1.847,1.772,3.0,3.0,2.0,3.0,3,2,3,3,2,1,3,3,1,3,3,2,1,1,3,3,2,1,3,3,3,3,3,2,2,2,1,2,2,1,2,1,2,2,2,1,2,1,2,1,2,1,2,2,2,2,2,1,3,2,3,2,3,1,3,3,3,3,1.772,1.772,1.772,1.822,1.772,1.797,1.797,1.772,Reasonably age-friendly,Less age-friendly,Less age-friendly,Less age-friendly,Reasonably age-friendly,Reasonably age-friendly,Less age-friendly,Less age-friendly,Less age-friendly,Reasonably age-friendly,Less age-friendly,campus,7.655,245:0,0,forward,137,186,7.655,23.42,23.795,23.795,23.795,23.795,23.545,23.795,23.67,23.67,23.795,0
245,2.35,1.5,1.567,3,3.0,1.5,3,3,2,3.0,1,1,2,2,2,1,3,1,3,1.847,1.772,3.0,3.0,2.0,3.0,3,2,3,3,2,1,3,3,1,3,3,2,1,1,3,3,2,1,3,3,3,3,3,2,2,2,1,2,2,1,2,1,2,2,2,1,2,1,2,1,2,1,2,2,2,2,2,1,3,2,3,2,3,1,3,3,3,3,1.772,1.772,1.772,1.822,1.772,1.797,1.797,1.772,Reasonably age-friendly,Less age-friendly,Less age-friendly,Less age-friendly,Reasonably age-friendly,Reasonably age-friendly,Less age-friendly,Less age-friendly,Less age-friendly,Reasonably age-friendly,Less age-friendly,campus,7.655,245:0,0,backward,186,137,7.655,23.42,23.795,23.795,23.795,23.795,23.545,23.795,23.67,23.67,23.795,0
246,2.77,1.0,2.77,3,3.0,2.5,3,3,3,3.0,3,2,3,2,1,1,3,3,3,2.789,2.764,3.0,3.0,2.0,3.0,3,2,3,3,2,3,3,3,2,3,3,3,2,2,3,3,3,2,3,3,3,3,3,2,2,2,1,2,2,1,2,1,2,2,2,1,2,1,2,1,2,1,2,2,2,2,2,1,3,2,3,3,3,1,3,2,2,3,2.664,2.614,2.664,2.664,2.664,2.639,2.589,2.664,More age-friendly,Reasonably age-friendly,Reasonably age-friendly,Reasonably age-friendly,More age-friendly,More age-friendly,Reasonably age-friendly,Reasonably age-friendly,Reasonably age-friendly,More age-friendly,Less age-friendly,campus,143.502,246:0,0,forward,186,138,143.502,154.55700000000002,154.68200000000002,155.18200000000002,155.43200000000002,155.18200000000002,155.18200000000002,155.18200000000002,155.30700000000002,155.55700000000002,155.18200000000002,0
246,2.77,1.0,2.77,3,3.0,2.5,3,3,3,3.0,3,2,3,2,1,1,3,3,3,2.789,2.764,3.0,3.0,2.0,3.0,3,2,3,3,2,3,3,3,2,3,3,3,2,2,3,3,3,2,3,3,3,3,3,2,2,2,1,2,2,1,2,1,2,2,2,1,2,1,2,1,2,1,2,2,2,2,2,1,3,2,3,3,3,1,3,2,2,3,2.664,2.614,2.664,2.664,2.664,2.639,2.589,2.664,More age-friendly,Reasonably age-friendly,Reasonably age-friendly,Reasonably age-friendly,More age-friendly,More age-friendly,Reasonably age-friendly,Reasonably age-friendly,Reasonably age-friendly,More age-friendly,Less age-friendly,campus,143.502,246:0,0,backward,138,186,143.502,154.55700000000002,154.68200000000002,155.18200000000002,155.43200000000002,155.18200000000002,155.18200000000002,155.18200000000002,155.30700000000002,155.55700000000002,155.18200000000002,0
247,2.57,1.0,2.57,3,3.0,2.5,3,3,2,3.0,3,1,2,2,1,1,3,1,3,2.449,2.474,3.0,3.0,2.0,3.0,3,2,3,3,2,1,3,3,1,3,3,2,1,1,3,3,2,1,3,3,3,3,3,2,2,2,1,2,2,1,2,1,2,2,2,1,2,1,2,1,2,1,2,2,2,2,2,1,3,3,2,2,3,3,3,2,3,3,2.474,2.574,2.474,2.524,2.474,2.399,2.499,2.474,Reasonably age-friendly,Reasonably age-friendly,Reasonably age-friendly,Reasonably age-friendly,Reasonably age-friendly,Reasonably age-friendly,Reasonably age-friendly,Less age-friendly,Reasonably age-friendly,Reasonably age-friendly,Less age-friendly,hospital,33.962,247:0,0,forward,104,103,33.962,46.717000000000006,46.592,46.592,46.092000000000006,46.592,46.342,46.592,46.967,46.467,46.592,0
247,2.57,1.0,2.57,3,3.0,2.5,3,3,2,3.0,3,1,2,2,1,1,3,1,3,2.449,2.474,3.0,3.0,2.0,3.0,3,2,3,3,2,1,3,3,1,3,3,2,1,1,3,3,2,1,3,3,3,3,3,2,2,2,1,2,2,1,2,1,2,2,2,1,2,1,2,1,2,1,2,2,2,2,2,1,3,3,2,2,3,3,3,2,3,3,2.474,2.574,2.474,2.524,2.474,2.399,2.499,2.474,Reasonably age-friendly,Reasonably age-friendly,Reasonably age-friendly,Reasonably age-friendly,Reasonably age-friendly,Reasonably age-friendly,Reasonably age-friendly,Less age-friendly,Reasonably age-friendly,Reasonably age-friendly,Less age-friendly,hospital,33.962,247:0,0,backward,103,104,33.962,46.717000000000006,46.592,46.592,46.092000000000006,46.592,46.342,46.592,46.967,46.467,46.592,0
248,1.99,1.5,1.327,3,1.5,1.0,3,3,2,2.0,2,1,3,1,2,1,2,2,2,1.629,1.604,3.0,3.0,2.0,3.0,3,2,3,3,2,2,2,3,2,3,3,3,2,2,3,3,3,2,3,3,3,3,3,2,2,2,1,2,2,1,2,1,2,2,2,1,2,1,2,1,2,1,2,2,2,2,2,1,3,3,2,2,1,3,2,3,3,3,1.654,1.704,1.654,1.554,1.654,1.679,1.629,1.654,Reasonably age-friendly,Less age-friendly,Less age-friendly,Less age-friendly,Reasonably age-friendly,Reasonably age-friendly,Less age-friendly,Less age-friendly,Less age-friendly,Reasonably age-friendly,Less age-friendly,campus,486.565,248:0,0,forward,108,3,486.565,503.42,503.545,503.295,503.045,503.295,503.795,503.295,503.17,503.42,503.295,0
248,1.99,1.5,1.327,3,1.5,1.0,3,3,2,2.0,2,1,3,1,2,1,2,2,2,1.629,1.604,3.0,3.0,2.0,3.0,3,2,3,3,2,2,2,3,2,3,3,3,2,2,3,3,3,2,3,3,3,3,3,2,2,2,1,2,2,1,2,1,2,2,2,1,2,1,2,1,2,1,2,2,2,2,2,1,3,3,2,2,1,3,2,3,3,3,1.654,1.704,1.654,1.554,1.654,1.679,1.629,1.654,Reasonably age-friendly,Less age-friendly,Less age-friendly,Less age-friendly,Reasonably age-friendly,Reasonably age-friendly,Less age-friendly,Less age-friendly,Less age-friendly,Reasonably age-friendly,Less age-friendly,campus,486.565,248:0,0,backward,3,108,486.565,503.42,503.545,503.295,503.045,503.295,503.795,503.295,503.17,503.42,503.295,0
249,1.91,1.5,1.273,2,1.5,1.0,3,3,2,3.0,1,1,2,1,2,1,2,1,3,1.541,1.566,3.0,3.0,2.0,3.0,3,1,3,3,1,1,3,3,1,3,3,2,1,1,3,3,2,1,3,3,3,3,3,2,2,2,1,2,2,1,2,1,2,2,2,1,2,1,2,1,2,1,2,2,2,2,2,1,3,3,2,2,1,3,2,3,2,3,1.566,1.616,1.566,1.466,1.566,1.591,1.491,1.566,Reasonably age-friendly,Less age-friendly,Less age-friendly,Less age-friendly,Reasonably age-friendly,Reasonably age-friendly,Less age-friendly,Less age-friendly,Less age-friendly,Reasonably age-friendly,Less age-friendly,residential,202.114,249:0,0,forward,47,187,202.114,219.409,219.284,219.284,219.034,219.284,219.784,219.284,219.159,219.659,219.284,0
249,1.91,1.5,1.273,2,1.5,1.0,3,3,2,3.0,1,1,2,1,2,1,2,1,3,1.541,1.566,3.0,3.0,2.0,3.0,3,1,3,3,1,1,3,3,1,3,3,2,1,1,3,3,2,1,3,3,3,3,3,2,2,2,1,2,2,1,2,1,2,2,2,1,2,1,2,1,2,1,2,2,2,2,2,1,3,3,2,2,1,3,2,3,2,3,1.566,1.616,1.566,1.466,1.566,1.591,1.491,1.566,Reasonably age-friendly,Less age-friendly,Less age-friendly,Less age-friendly,Reasonably age-friendly,Reasonably age-friendly,Less age-friendly,Less age-friendly,Less age-friendly,Reasonably age-friendly,Less age-friendly,residential,202.114,249:0,0,backward,187,47,202.114,219.409,219.284,219.284,219.034,219.284,219.784,219.284,219.159,219.659,219.284,0
250,2.16,1.0,2.16,3,3.0,3.0,3,3,3,1.0,1,1,3,1,1,1,2,1,3,2.262,2.337,3.0,3.0,2.0,3.0,3,1,3,3,1,1,3,3,2,3,3,3,2,2,3,3,3,2,3,3,3,3,3,2,2,2,1,2,2,1,2,1,2,2,2,1,2,1,2,1,2,1,2,2,2,2,2,1,3,2,3,3,3,3,3,3,3,3,2.237,2.137,2.237,2.187,2.237,2.212,2.262,2.237,Reasonably age-friendly,Reasonably age-friendly,Reasonably age-friendly,Reasonably age-friendly,Reasonably age-friendly,Reasonably age-friendly,Reasonably age-friendly,Reasonably age-friendly,Reasonably age-friendly,Reasonably age-friendly,Less age-friendly,residential,57.539,250:0,0,forward,188,189,57.539,71.229,70.854,71.354,71.854,71.354,71.604,71.354,71.479,71.229,71.354,0
250,2.16,1.0,2.16,3,3.0,3.0,3,3,3,1.0,1,1,3,1,1,1,2,1,3,2.262,2.337,3.0,3.0,2.0,3.0,3,1,3,3,1,1,3,3,2,3,3,3,2,2,3,3,3,2,3,3,3,3,3,2,2,2,1,2,2,1,2,1,2,2,2,1,2,1,2,1,2,1,2,2,2,2,2,1,3,2,3,3,3,3,3,3,3,3,2.237,2.137,2.237,2.187,2.237,2.212,2.262,2.237,Reasonably age-friendly,Reasonably age-friendly,Reasonably age-friendly,Reasonably age-friendly,Reasonably age-friendly,Reasonably age-friendly,Reasonably age-friendly,Reasonably age-friendly,Reasonably age-friendly,Reasonably age-friendly,Less age-friendly,residential,57.539,250:0,0,backward,189,188,57.539,71.229,70.854,71.354,71.854,71.354,71.604,71.354,71.479,71.229,71.354,0
251,2.04,1.5,1.36,3,1.0,3.0,3,3,1,1.0,1,1,3,2,2,1,3,1,3,1.602,1.677,3.0,3.0,2.0,3.0,3,1,3,3,1,1,3,3,2,3,3,3,2,2,3,3,3,2,3,3,3,3,3,2,2,2,1,2,2,1,2,1,2,2,2,1,2,1,2,1,2,1,2,2,2,2,2,1,3,2,2,2,1,3,2,3,2,3,1.677,1.577,1.677,1.527,1.677,1.652,1.602,1.677,Reasonably age-friendly,Less age-friendly,Less age-friendly,Less age-friendly,Reasonably age-friendly,Reasonably age-friendly,Less age-friendly,Less age-friendly,Less age-friendly,Reasonably age-friendly,Less age-friendly,residential,15.374,251:0,0,forward,189,187,15.374,32.364,31.988999999999997,31.988999999999997,32.489000000000004,31.988999999999997,32.739,31.988999999999997,32.114,32.364,31.988999999999997,0
251,2.04,1.5,1.36,3,1.0,3.0,3,3,1,1.0,1,1,3,2,2,1,3,1,3,1.602,1.677,3.0,3.0,2.0,3.0,3,1,3,3,1,1,3,3,2,3,3,3,2,2,3,3,3,2,3,3,3,3,3,2,2,2,1,2,2,1,2,1,2,2,2,1,2,1,2,1,2,1,2,2,2,2,2,1,3,2,2,2,1,3,2,3,2,3,1.677,1.577,1.677,1.527,1.677,1.652,1.602,1.677,Reasonably age-friendly,Less age-friendly,Less age-friendly,Less age-friendly,Reasonably age-friendly,Reasonably age-friendly,Less age-friendly,Less age-friendly,Less age-friendly,Reasonably age-friendly,Less age-friendly,residential,15.374,251:0,0,backward,187,189,15.374,32.364,31.988999999999997,31.988999999999997,32.489000000000004,31.988999999999997,32.739,31.988999999999997,32.114,32.364,31.988999999999997,0
252,2.04,1.5,1.36,3,3.0,3.0,1,3,3,1.0,1,1,2,1,2,1,3,2,3,1.752,1.727,3.0,3.0,2.0,3.0,3,1,3,3,1,2,3,3,1,3,3,2,1,1,3,3,2,1,3,3,3,3,3,2,2,2,1,2,2,1,2,1,2,2,2,1,2,1,2,1,2,1,2,2,2,2,2,1,3,3,3,3,3,3,3,3,2,3,1.627,1.677,1.627,1.627,1.627,1.702,1.552,1.627,Reasonably age-friendly,Less age-friendly,Less age-friendly,Less age-friendly,Reasonably age-friendly,Reasonably age-friendly,Less age-friendly,Less age-friendly,Less age-friendly,Reasonably age-friendly,Less age-friendly,residential,52.872,252:0,0,forward,190,191,52.872,69.112,69.237,69.737,69.487,69.737,69.737,69.737,69.362,70.112,69.737,1
252,2.04,1.5,1.36,3,3.0,3.0,1,3,3,1.0,1,1,2,1,2,1,3,2,3,1.752,1.727,3.0,3.0,2.0,3.0,3,1,3,3,1,2,3,3,1,3,3,2,1,1,3,3,2,1,3,3,3,3,3,2,2,2,1,2,2,1,2,1,2,2,2,1,2,1,2,1,2,1,2,2,2,2,2,1,3,3,3,3,3,3,3,3,2,3,1.627,1.677,1.627,1.627,1.627,1.702,1.552,1.627,Reasonably age-friendly,Less age-friendly,Less age-friendly,Less age-friendly,Reasonably age-friendly,Reasonably age-friendly,Less age-friendly,Less age-friendly,Less age-friendly,Reasonably age-friendly,Less age-friendly,residential,52.872,252:0,0,backward,191,190,52.872,69.112,69.237,69.737,69.487,69.737,69.737,69.737,69.362,70.112,69.737,1
253,2.38,1.0,2.38,2,3.0,2.0,3,3,3,3.0,2,1,3,2,1,1,2,1,3,2.416,2.491,3.0,3.0,2.0,3.0,3,2,3,3,2,1,3,3,2,3,3,3,2,2,3,3,3,2,3,3,3,3,3,2,2,2,1,2,2,1,2,1,2,2,2,1,2,1,2,1,2,1,2,2,2,2,2,1,3,3,3,3,3,3,3,3,3,3,2.391,2.441,2.391,2.391,2.391,2.366,2.416,2.391,Reasonably age-friendly,Reasonably age-friendly,Reasonably age-friendly,Reasonably age-friendly,Reasonably age-friendly,Reasonably age-friendly,Reasonably age-friendly,Reasonably age-friendly,Reasonably age-friendly,Reasonably age-friendly,Reasonably age-friendly,residential,36.562,253:0,0,forward,26,192,36.562,49.482,49.107,49.607,49.357,49.607,49.607,49.607,49.732,49.482,49.607,0
253,2.38,1.0,2.38,2,3.0,2.0,3,3,3,3.0,2,1,3,2,1,1,2,1,3,2.416,2.491,3.0,3.0,2.0,3.0,3,2,3,3,2,1,3,3,2,3,3,3,2,2,3,3,3,2,3,3,3,3,3,2,2,2,1,2,2,1,2,1,2,2,2,1,2,1,2,1,2,1,2,2,2,2,2,1,3,3,3,3,3,3,3,3,3,3,2.391,2.441,2.391,2.391,2.391,2.366,2.416,2.391,Reasonably age-friendly,Reasonably age-friendly,Reasonably age-friendly,Reasonably age-friendly,Reasonably age-friendly,Reasonably age-friendly,Reasonably age-friendly,Reasonably age-friendly,Reasonably age-friendly,Reasonably age-friendly,Reasonably age-friendly,residential,36.562,253:0,0,backward,192,26,36.562,49.482,49.107,49.607,49.357,49.607,49.607,49.607,49.732,49.482,49.607,0
254,2.38,1.0,2.38,2,3.0,2.0,3,3,3,3.0,2,1,3,2,1,1,2,2,3,2.466,2.391,3.0,3.0,2.0,3.0,3,2,3,3,2,2,3,3,2,3,3,3,2,2,3,3,3,2,3,3,3,3,3,2,2,2,1,2,2,1,2,1,2,2,2,1,2,1,2,1,2,1,2,2,2,2,2,1,3,3,3,2,3,3,3,3,3,3,2.391,2.441,2.391,2.391,2.391,2.416,2.416,2.391,Reasonably age-friendly,Reasonably age-friendly,Reasonably age-friendly,Reasonably age-friendly,Reasonably age-friendly,Reasonably age-friendly,Reasonably age-friendly,Reasonably age-friendly,Reasonably age-friendly,Reasonably age-friendly,Reasonably age-friendly,residential,177.491,254:0,0,forward,192,193,177.491,190.161,190.536,190.536,190.286,190.536,190.536,190.536,190.411,190.411,190.536,0
254,2.38,1.0,2.38,2,3.0,2.0,3,3,3,3.0,2,1,3,2,1,1,2,2,3,2.466,2.391,3.0,3.0,2.0,3.0,3,2,3,3,2,2,3,3,2,3,3,3,2,2,3,3,3,2,3,3,3,3,3,2,2,2,1,2,2,1,2,1,2,2,2,1,2,1,2,1,2,1,2,2,2,2,2,1,3,3,3,2,3,3,3,3,3,3,2.391,2.441,2.391,2.391,2.391,2.416,2.416,2.391,Reasonably age-friendly,Reasonably age-friendly,Reasonably age-friendly,Reasonably age-friendly,Reasonably age-friendly,Reasonably age-friendly,Reasonably age-friendly,Reasonably age-friendly,Reasonably age-friendly,Reasonably age-friendly,Reasonably age-friendly,residential,177.491,254:0,0,backward,193,192,177.491,190.161,190.536,190.536,190.286,190.536,190.536,190.536,190.411,190.411,190.536,0
255,2.38,1.0,2.38,2,3.0,2.0,3,3,3,3.0,2,1,3,2,1,1,2,3,3,2.516,2.391,3.0,3.0,2.0,3.0,3,2,3,3,2,3,3,3,2,3,3,3,2,2,3,3,3,2,3,3,3,3,3,2,2,2,1,2,2,1,2,1,2,2,2,1,2,1,2,1,2,1,2,2,2,2,2,1,1,3,3,2,3,1,2,3,3,2,2.291,2.441,2.291,2.291,2.291,2.466,2.416,2.291,Reasonably age-friendly,Reasonably age-friendly,Reasonably age-friendly,Reasonably age-friendly,Reasonably age-friendly,Reasonably age-friendly,Reasonably age-friendly,Reasonably age-friendly,Reasonably age-friendly,Reasonably age-friendly,Reasonably age-friendly,residential,104.375,255:0,0,forward,193,194,104.375,116.795,117.42,117.92,117.17,117.92,117.92,117.92,117.045,117.295,117.92,0
255,2.38,1.0,2.38,2,3.0,2.0,3,3,3,3.0,2,1,3,2,1,1,2,3,3,2.516,2.391,3.0,3.0,2.0,3.0,3,2,3,3,2,3,3,3,2,3,3,3,2,2,3,3,3,2,3,3,3,3,3,2,2,2,1,2,2,1,2,1,2,2,2,1,2,1,2,1,2,1,2,2,2,2,2,1,1,3,3,2,3,1,2,3,3,2,2.291,2.441,2.291,2.291,2.291,2.466,2.416,2.291,Reasonably age-friendly,Reasonably age-friendly,Reasonably age-friendly,Reasonably age-friendly,Reasonably age-friendly,Reasonably age-friendly,Reasonably age-friendly,Reasonably age-friendly,Reasonably age-friendly,Reasonably age-friendly,Reasonably age-friendly,residential,104.375,255:0,0,backward,194,193,104.375,116.795,117.42,117.92,117.17,117.92,117.92,117.92,117.045,117.295,117.92,0
256,1.92,1.5,1.28,3,1.0,3.0,3,3,1,1.0,1,1,3,1,2,1,3,1,1,1.546,1.521,3.0,3.0,2.0,3.0,3,2,3,3,2,1,1,3,2,3,3,3,2,2,3,3,3,2,3,3,3,3,3,2,2,2,1,2,2,1,2,1,2,2,2,1,2,1,2,1,2,1,2,2,2,2,2,1,3,2,2,2,2,3,3,1,2,2,1.521,1.571,1.521,1.621,1.521,1.396,1.446,1.521,Reasonably age-friendly,Less age-friendly,Less age-friendly,Less age-friendly,Reasonably age-friendly,Reasonably age-friendly,Less age-friendly,Less age-friendly,Less age-friendly,Reasonably age-friendly,Less age-friendly,residential,8.352,256:0,0,forward,195,196,8.352,25.622,25.747,25.747,25.497000000000003,25.747,25.247,25.747,26.372,26.122000000000003,25.747,0
256,1.92,1.5,1.28,3,1.0,3.0,3,3,1,1.0,1,1,3,1,2,1,3,1,1,1.546,1.521,3.0,3.0,2.0,3.0,3,2,3,3,2,1,1,3,2,3,3,3,2,2,3,3,3,2,3,3,3,3,3,2,2,2,1,2,2,1,2,1,2,2,2,1,2,1,2,1,2,1,2,2,2,2,2,1,3,2,2,2,2,3,3,1,2,2,1.521,1.571,1.521,1.621,1.521,1.396,1.446,1.521,Reasonably age-friendly,Less age-friendly,Less age-friendly,Less age-friendly,Reasonably age-friendly,Reasonably age-friendly,Less age-friendly,Less age-friendly,Less age-friendly,Reasonably age-friendly,Less age-friendly,residential,8.352,256:0,0,backward,196,195,8.352,25.622,25.747,25.747,25.497000000000003,25.747,25.247,25.747,26.372,26.122000000000003,25.747,0
257,2.37,1.0,2.37,3,3.0,2.5,3,3,3,1.5,2,1,3,1,1,1,3,2,1,2.359,2.284,3.0,3.0,2.0,3.0,3,1,3,3,1,2,1,3,2,3,3,3,2,2,3,3,3,2,3,3,3,3,3,2,2,2,1,2,2,1,2,1,2,2,2,1,2,1,2,1,2,1,2,2,2,2,2,1,3,2,2,2,2,3,3,2,2,2,2.284,2.284,2.284,2.334,2.284,2.309,2.209,2.284,Reasonably age-friendly,Less age-friendly,Reasonably age-friendly,Less age-friendly,Reasonably age-friendly,Reasonably age-friendly,Reasonably age-friendly,Less age-friendly,Less age-friendly,Reasonably age-friendly,Less age-friendly,residential,25.523,257:0,0,forward,196,197,25.523,38.728,39.103,39.103,39.103,39.103,38.853,39.103,38.977999999999994,39.478,39.103,0
257,2.37,1.0,2.37,3,3.0,2.5,3,3,3,1.5,2,1,3,1,1,1,3,2,1,2.359,2.284,3.0,3.0,2.0,3.0,3,1,3,3,1,2,1,3,2,3,3,3,2,2,3,3,3,2,3,3,3,3,3,2,2,2,1,2,2,1,2,1,2,2,2,1,2,1,2,1,2,1,2,2,2,2,2,1,3,2,2,2,2,3,3,2,2,2,2.284,2.284,2.284,2.334,2.284,2.309,2.209,2.284,Reasonably age-friendly,Less age-friendly,Reasonably age-friendly,Less age-friendly,Reasonably age-friendly,Reasonably age-friendly,Reasonably age-friendly,Less age-friendly,Less age-friendly,Reasonably age-friendly,Less age-friendly,residential,25.523,257:0,0,backward,197,196,25.523,38.728,39.103,39.103,39.103,39.103,38.853,39.103,38.977999999999994,39.478,39.103,0
258,1.88,1.0,1.88,3,3.0,3.0,3,3,1,1.0,2,1,3,1,1,1,1,1,1,2.066,1.941,3.0,3.0,2.0,3.0,3,1,3,3,1,1,1,3,2,3,3,3,2,2,3,3,3,2,3,3,3,3,3,2,2,2,1,2,2,1,2,1,2,2,2,1,2,1,2,1,2,1,2,2,2,2,2,1,3,2,3,2,3,2,3,3,2,2,1.941,1.941,1.941,1.991,1.941,2.016,1.866,1.941,Reasonably age-friendly,Less age-friendly,Reasonably age-friendly,Less age-friendly,Reasonably age-friendly,Reasonably age-friendly,Reasonably age-friendly,Reasonably age-friendly,Less age-friendly,Reasonably age-friendly,Less age-friendly,residential,8.707,258:0,0,forward,197,198,8.707,23.377000000000002,24.002000000000002,24.002000000000002,24.002000000000002,24.002000000000002,23.752000000000002,24.002000000000002,23.627000000000002,24.377000000000002,24.002000000000002,0
258,1.88,1.0,1.88,3,3.0,3.0,3,3,1,1.0,2,1,3,1,1,1,1,1,1,2.066,1.941,3.0,3.0,2.0,3.0,3,1,3,3,1,1,1,3,2,3,3,3,2,2,3,3,3,2,3,3,3,3,3,2,2,2,1,2,2,1,2,1,2,2,2,1,2,1,2,1,2,1,2,2,2,2,2,1,3,2,3,2,3,2,3,3,2,2,1.941,1.941,1.941,1.991,1.941,2.016,1.866,1.941,Reasonably age-friendly,Less age-friendly,Reasonably age-friendly,Less age-friendly,Reasonably age-friendly,Reasonably age-friendly,Reasonably age-friendly,Reasonably age-friendly,Less age-friendly,Reasonably age-friendly,Less age-friendly,residential,8.707,258:0,0,backward,198,197,8.707,23.377000000000002,24.002000000000002,24.002000000000002,24.002000000000002,24.002000000000002,23.752000000000002,24.002000000000002,23.627000000000002,24.377000000000002,24.002000000000002,0
259,1.92,1.0,1.92,3,2.5,1.5,2,2,2,2.0,1,1,2,1,1,1,3,3,3,2.194,2.019,3.0,3.0,2.0,3.0,3,3,3,3,3,3,3,3,1,3,3,2,1,1,3,3,2,1,3,3,3,3,3,2,2,2,1,2,2,1,2,1,2,2,2,1,2,1,2,1,2,1,2,2,2,2,2,1,3,2,3,2,3,2,3,3,3,2,1.919,2.069,1.919,2.119,1.919,2.144,2.044,1.919,Reasonably age-friendly,Less age-friendly,Less age-friendly,Less age-friendly,Reasonably age-friendly,Reasonably age-friendly,Less age-friendly,Less age-friendly,Less age-friendly,Reasonably age-friendly,Less age-friendly,residential,29.703,259:0,0,forward,199,200,29.703,43.733000000000004,44.608,45.108,44.358000000000004,45.108,44.108,45.108,43.983,44.483,45.108,0
259,1.92,1.0,1.92,3,2.5,1.5,2,2,2,2.0,1,1,2,1,1,1,3,3,3,2.194,2.019,3.0,3.0,2.0,3.0,3,3,3,3,3,3,3,3,1,3,3,2,1,1,3,3,2,1,3,3,3,3,3,2,2,2,1,2,2,1,2,1,2,2,2,1,2,1,2,1,2,1,2,2,2,2,2,1,3,2,3,2,3,2,3,3,3,2,1.919,2.069,1.919,2.119,1.919,2.144,2.044,1.919,Reasonably age-friendly,Less age-friendly,Less age-friendly,Less age-friendly,Reasonably age-friendly,Reasonably age-friendly,Less age-friendly,Less age-friendly,Less age-friendly,Reasonably age-friendly,Less age-friendly,residential,29.703,259:0,0,backward,200,199,29.703,43.733000000000004,44.608,45.108,44.358000000000004,45.108,44.108,45.108,43.983,44.483,45.108,0
260,1.97,1.0,1.97,3,2.5,1.0,3,3,2,2.0,1,1,2,1,1,1,2,3,3,2.129,2.054,3.0,3.0,2.0,3.0,3,3,3,3,3,3,3,3,1,3,3,2,1,1,3,3,2,1,3,3,3,3,3,2,2,2,1,2,2,1,2,1,2,2,2,1,2,1,2,1,2,1,2,2,2,2,2,1,3,3,2,2,3,3,2,3,3,3,2.054,2.204,2.054,2.054,2.054,2.179,2.079,2.054,Reasonably age-friendly,Reasonably age-friendly,Reasonably age-friendly,Reasonably age-friendly,Reasonably age-friendly,Reasonably age-friendly,Reasonably age-friendly,Reasonably age-friendly,Reasonably age-friendly,Reasonably age-friendly,Less age-friendly,residential,11.548,260:0,0,forward,200,201,11.548,25.903,26.278,26.278,25.528,26.278,26.278,26.278,25.653,26.153,26.278,0
260,1.97,1.0,1.97,3,2.5,1.0,3,3,2,2.0,1,1,2,1,1,1,2,3,3,2.129,2.054,3.0,3.0,2.0,3.0,3,3,3,3,3,3,3,3,1,3,3,2,1,1,3,3,2,1,3,3,3,3,3,2,2,2,1,2,2,1,2,1,2,2,2,1,2,1,2,1,2,1,2,2,2,2,2,1,3,3,2,2,3,3,2,3,3,3,2.054,2.204,2.054,2.054,2.054,2.179,2.079,2.054,Reasonably age-friendly,Reasonably age-friendly,Reasonably age-friendly,Reasonably age-friendly,Reasonably age-friendly,Reasonably age-friendly,Reasonably age-friendly,Reasonably age-friendly,Reasonably age-friendly,Reasonably age-friendly,Less age-friendly,residential,11.548,260:0,0,backward,201,200,11.548,25.903,26.278,26.278,25.528,26.278,26.278,26.278,25.653,26.153,26.278,0
261,2.41,1.0,2.41,3,3.0,2.5,3,3,3,3.0,3,2,2,1,1,1,1,1,2,2.337,2.312,3.0,3.0,2.0,3.0,3,1,3,3,1,1,2,3,1,3,3,2,1,1,3,3,2,1,3,3,3,3,3,2,2,2,1,2,2,1,2,1,2,2,2,1,2,1,2,1,2,1,2,2,2,2,2,1,3,3,2,2,3,3,2,3,3,3,2.362,2.412,2.362,2.262,2.362,2.387,2.337,2.362,Reasonably age-friendly,Reasonably age-friendly,Reasonably age-friendly,Reasonably age-friendly,Reasonably age-friendly,Reasonably age-friendly,Reasonably age-friendly,Reasonably age-friendly,Reasonably age-friendly,Reasonably age-friendly,Reasonably age-friendly,residential,54.141,261:0,0,forward,202,201,54.141,67.456,67.581,67.331,67.081,67.331,67.831,67.331,67.206,67.456,67.331,0
261,2.41,1.0,2.41,3,3.0,2.5,3,3,3,3.0,3,2,2,1,1,1,1,1,2,2.337,2.312,3.0,3.0,2.0,3.0,3,1,3,3,1,1,2,3,1,3,3,2,1,1,3,3,2,1,3,3,3,3,3,2,2,2,1,2,2,1,2,1,2,2,2,1,2,1,2,1,2,1,2,2,2,2,2,1,3,3,2,2,3,3,2,3,3,3,2.362,2.412,2.362,2.262,2.362,2.387,2.337,2.362,Reasonably age-friendly,Reasonably age-friendly,Reasonably age-friendly,Reasonably age-friendly,Reasonably age-friendly,Reasonably age-friendly,Reasonably age-friendly,Reasonably age-friendly,Reasonably age-friendly,Reasonably age-friendly,Reasonably age-friendly,residential,54.141,261:0,0,backward,201,202,54.141,67.456,67.581,67.331,67.081,67.331,67.831,67.331,67.206,67.456,67.331,0
262,1.83,1.5,1.22,3,2.5,2.0,1,1,2,3.0,1,1,2,1,1,2,3,3,3,1.504,1.629,3.0,3.0,2.0,3.0,3,3,3,3,3,3,3,3,1,3,3,2,1,1,3,3,2,1,3,3,3,3,3,2,2,2,1,2,2,1,2,1,2,2,2,1,2,1,2,1,2,1,2,2,2,2,2,1,3,2,1,3,1,3,2,3,3,3,1.529,1.579,1.529,1.529,1.529,1.654,1.554,1.529,Reasonably age-friendly,Less age-friendly,Less age-friendly,Less age-friendly,Reasonably age-friendly,Reasonably age-friendly,Less age-friendly,Less age-friendly,Less age-friendly,Reasonably age-friendly,Less age-friendly,residential,30.452,262:0,0,forward,185,203,30.452,47.932,47.307,47.807,47.557,47.807,47.807,47.807,47.182,47.682,47.807,0
262,1.83,1.5,1.22,3,2.5,2.0,1,1,2,3.0,1,1,2,1,1,2,3,3,3,1.504,1.629,3.0,3.0,2.0,3.0,3,3,3,3,3,3,3,3,1,3,3,2,1,1,3,3,2,1,3,3,3,3,3,2,2,2,1,2,2,1,2,1,2,2,2,1,2,1,2,1,2,1,2,2,2,2,2,1,3,2,1,3,1,3,2,3,3,3,1.529,1.579,1.529,1.529,1.529,1.654,1.554,1.529,Reasonably age-friendly,Less age-friendly,Less age-friendly,Less age-friendly,Reasonably age-friendly,Reasonably age-friendly,Less age-friendly,Less age-friendly,Less age-friendly,Reasonably age-friendly,Less age-friendly,residential,30.452,262:0,0,backward,203,185,30.452,47.932,47.307,47.807,47.557,47.807,47.807,47.807,47.182,47.682,47.807,0
263,1.83,1.5,1.22,3,2.5,2.0,1,1,2,3.0,1,1,2,1,1,2,3,3,3,1.704,1.629,3.0,3.0,2.0,3.0,3,3,3,3,3,3,3,3,1,3,3,2,1,1,3,3,2,1,3,3,3,3,3,2,2,2,1,2,2,1,2,1,2,2,2,1,2,1,2,1,2,1,2,2,2,2,2,1,3,3,3,3,3,3,3,3,3,3,1.529,1.679,1.529,1.629,1.529,1.654,1.554,1.529,Reasonably age-friendly,Less age-friendly,Less age-friendly,Less age-friendly,Reasonably age-friendly,Reasonably age-friendly,Less age-friendly,Less age-friendly,Less age-friendly,Reasonably age-friendly,Less age-friendly,residential,42.805,263:0,0,forward,203,204,42.805,59.285,59.66,60.16,59.41,60.16,59.66,60.16,59.535,60.035,60.16,0
263,1.83,1.5,1.22,3,2.5,2.0,1,1,2,3.0,1,1,2,1,1,2,3,3,3,1.704,1.629,3.0,3.0,2.0,3.0,3,3,3,3,3,3,3,3,1,3,3,2,1,1,3,3,2,1,3,3,3,3,3,2,2,2,1,2,2,1,2,1,2,2,2,1,2,1,2,1,2,1,2,2,2,2,2,1,3,3,3,3,3,3,3,3,3,3,1.529,1.679,1.529,1.629,1.529,1.654,1.554,1.529,Reasonably age-friendly,Less age-friendly,Less age-friendly,Less age-friendly,Reasonably age-friendly,Reasonably age-friendly,Less age-friendly,Less age-friendly,Less age-friendly,Reasonably age-friendly,Less age-friendly,residential,42.805,263:0,0,backward,204,203,42.805,59.285,59.66,60.16,59.41,60.16,59.66,60.16,59.535,60.035,60.16,0
264,2.28,1.0,2.28,3,3.0,3.0,3,3,3,1.0,2,3,2,1,1,1,1,1,3,2.346,2.371,3.0,3.0,2.0,3.0,3,1,3,3,1,1,3,3,1,3,3,2,1,1,3,3,2,1,3,3,3,3,3,2,2,2,1,2,2,1,2,1,2,2,2,1,2,1,2,1,2,1,2,2,2,2,2,1,3,3,3,3,3,3,3,3,3,3,2.271,2.321,2.271,2.271,2.271,2.296,2.296,2.271,Reasonably age-friendly,Reasonably age-friendly,Reasonably age-friendly,Reasonably age-friendly,Reasonably age-friendly,Reasonably age-friendly,Reasonably age-friendly,Reasonably age-friendly,Reasonably age-friendly,Reasonably age-friendly,Reasonably age-friendly,residential,101.533,264:0,0,forward,204,205,101.533,114.803,114.678,115.178,114.928,115.178,115.178,115.178,115.053,115.053,115.178,0
264,2.28,1.0,2.28,3,3.0,3.0,3,3,3,1.0,2,3,2,1,1,1,1,1,3,2.346,2.371,3.0,3.0,2.0,3.0,3,1,3,3,1,1,3,3,1,3,3,2,1,1,3,3,2,1,3,3,3,3,3,2,2,2,1,2,2,1,2,1,2,2,2,1,2,1,2,1,2,1,2,2,2,2,2,1,3,3,3,3,3,3,3,3,3,3,2.271,2.321,2.271,2.271,2.271,2.296,2.296,2.271,Reasonably age-friendly,Reasonably age-friendly,Reasonably age-friendly,Reasonably age-friendly,Reasonably age-friendly,Reasonably age-friendly,Reasonably age-friendly,Reasonably age-friendly,Reasonably age-friendly,Reasonably age-friendly,Reasonably age-friendly,residential,101.533,264:0,0,backward,205,204,101.533,114.803,114.678,115.178,114.928,115.178,115.178,115.178,115.053,115.053,115.178,0
265,1.95,1.5,1.3,3,2.5,2.0,1,2,3,2.0,1,1,2,1,1,2,3,3,3,1.76,1.685,3.0,3.0,2.0,3.0,3,3,3,3,3,3,3,3,1,3,3,2,1,1,3,3,2,1,3,3,3,3,3,2,2,2,1,2,2,1,2,1,2,2,2,1,2,1,2,1,2,1,2,2,2,2,2,1,3,3,3,3,3,3,3,3,3,3,1.585,1.735,1.585,1.685,1.585,1.71,1.61,1.585,Reasonably age-friendly,Reasonably age-friendly,Reasonably age-friendly,Less age-friendly,Reasonably age-friendly,Reasonably age-friendly,Less age-friendly,Less age-friendly,Less age-friendly,Reasonably age-friendly,Less age-friendly,residential,20.34,265:0,0,forward,205,206,20.34,36.540000000000006,36.915,37.415,36.665,37.415,36.915,37.415,36.79,37.29,37.415,0
265,1.95,1.5,1.3,3,2.5,2.0,1,2,3,2.0,1,1,2,1,1,2,3,3,3,1.76,1.685,3.0,3.0,2.0,3.0,3,3,3,3,3,3,3,3,1,3,3,2,1,1,3,3,2,1,3,3,3,3,3,2,2,2,1,2,2,1,2,1,2,2,2,1,2,1,2,1,2,1,2,2,2,2,2,1,3,3,3,3,3,3,3,3,3,3,1.585,1.735,1.585,1.685,1.585,1.71,1.61,1.585,Reasonably age-friendly,Reasonably age-friendly,Reasonably age-friendly,Less age-friendly,Reasonably age-friendly,Reasonably age-friendly,Less age-friendly,Less age-friendly,Less age-friendly,Reasonably age-friendly,Less age-friendly,residential,20.34,265:0,0,backward,206,205,20.34,36.540000000000006,36.915,37.415,36.665,37.415,36.915,37.415,36.79,37.29,37.415,0
266,1.69,2.0,0.845,3,1.0,2.5,2,2,1,1.0,1,1,3,1,2,2,3,1,3,1.342,1.317,3.0,3.0,2.0,3.0,3,1,3,3,1,1,3,3,2,3,3,3,2,2,3,3,3,2,3,3,3,3,3,2,2,2,1,2,2,1,2,1,2,2,2,1,2,1,2,1,2,1,2,2,2,2,2,1,3,1,3,2,3,3,3,3,3,2,1.217,1.117,1.217,1.266,1.217,1.292,1.342,1.217,Reasonably age-friendly,Less age-friendly,Less age-friendly,Less age-friendly,Reasonably age-friendly,Reasonably age-friendly,Less age-friendly,Less age-friendly,Less age-friendly,Reasonably age-friendly,Less age-friendly,residential,4.237,266:0,0,forward,206,207,4.237,22.527,22.652,23.152,23.652,23.152,22.907000000000004,23.152,22.777,22.527,23.152,0
266,1.69,2.0,0.845,3,1.0,2.5,2,2,1,1.0,1,1,3,1,2,2,3,1,3,1.342,1.317,3.0,3.0,2.0,3.0,3,1,3,3,1,1,3,3,2,3,3,3,2,2,3,3,3,2,3,3,3,3,3,2,2,2,1,2,2,1,2,1,2,2,2,1,2,1,2,1,2,1,2,2,2,2,2,1,3,1,3,2,3,3,3,3,3,2,1.217,1.117,1.217,1.266,1.217,1.292,1.342,1.217,Reasonably age-friendly,Less age-friendly,Less age-friendly,Less age-friendly,Reasonably age-friendly,Reasonably age-friendly,Less age-friendly,Less age-friendly,Less age-friendly,Reasonably age-friendly,Less age-friendly,residential,4.237,266:0,0,backward,207,206,4.237,22.527,22.652,23.152,23.652,23.152,22.907000000000004,23.152,22.777,22.527,23.152,0
267,1.79,1.5,1.193,3,2.5,2.0,1,2,2,3.0,1,1,2,1,1,2,2,3,3,1.685,1.51,3.0,3.0,2.0,3.0,3,3,3,3,3,3,3,3,1,3,3,2,1,1,3,3,2,1,3,3,3,3,3,2,2,2,1,2,2,1,2,1,2,2,2,1,2,1,2,1,2,1,2,2,2,2,2,1,3,3,3,2,3,3,3,3,3,3,1.51,1.66,1.51,1.61,1.51,1.635,1.535,1.51,Reasonably age-friendly,Reasonably age-friendly,Reasonably age-friendly,Reasonably age-friendly,Reasonably age-friendly,Reasonably age-friendly,Reasonably age-friendly,Reasonably age-friendly,Reasonably age-friendly,Reasonably age-friendly,Less age-friendly,residential,96.376,267:0,0,forward,207,208,96.376,112.95100000000001,113.82600000000001,113.82600000000001,113.07600000000001,113.82600000000001,113.32600000000001,113.82600000000001,113.20100000000001,113.70100000000001,113.82600000000001,0
267,1.79,1.5,1.193,3,2.5,2.0,1,2,2,3.0,1,1,2,1,1,2,2,3,3,1.685,1.51,3.0,3.0,2.0,3.0,3,3,3,3,3,3,3,3,1,3,3,2,1,1,3,3,2,1,3,3,3,3,3,2,2,2,1,2,2,1,2,1,2,2,2,1,2,1,2,1,2,1,2,2,2,2,2,1,3,3,3,2,3,3,3,3,3,3,1.51,1.66,1.51,1.61,1.51,1.635,1.535,1.51,Reasonably age-friendly,Reasonably age-friendly,Reasonably age-friendly,Reasonably age-friendly,Reasonably age-friendly,Reasonably age-friendly,Reasonably age-friendly,Reasonably age-friendly,Reasonably age-friendly,Reasonably age-friendly,Less age-friendly,residential,96.376,267:0,0,backward,208,207,96.376,112.95100000000001,113.82600000000001,113.82600000000001,113.07600000000001,113.82600000000001,113.32600000000001,113.82600000000001,113.20100000000001,113.70100000000001,113.82600000000001,0
268,1.8,1.5,1.2,3,1.0,3.0,3,3,1,1.0,1,1,3,2,2,1,1,1,2,1.59,1.515,3.0,3.0,2.0,3.0,3,1,3,3,1,1,2,3,2,3,3,3,2,2,3,3,3,2,3,3,3,3,3,2,2,2,1,2,2,1,2,1,2,2,2,1,2,1,2,1,2,1,2,2,2,2,2,1,3,3,3,2,3,3,3,3,3,3,1.565,1.565,1.565,1.515,1.565,1.54,1.54,1.565,Reasonably age-friendly,Reasonably age-friendly,Reasonably age-friendly,Reasonably age-friendly,Reasonably age-friendly,Reasonably age-friendly,Reasonably age-friendly,Reasonably age-friendly,Reasonably age-friendly,Reasonably age-friendly,Less age-friendly,residential,8.851,268:0,0,forward,208,202,8.851,25.901000000000003,26.276000000000003,26.026000000000003,26.026000000000003,26.026000000000003,26.276000000000003,26.026000000000003,26.151000000000003,26.151000000000003,26.026000000000003,0
268,1.8,1.5,1.2,3,1.0,3.0,3,3,1,1.0,1,1,3,2,2,1,1,1,2,1.59,1.515,3.0,3.0,2.0,3.0,3,1,3,3,1,1,2,3,2,3,3,3,2,2,3,3,3,2,3,3,3,3,3,2,2,2,1,2,2,1,2,1,2,2,2,1,2,1,2,1,2,1,2,2,2,2,2,1,3,3,3,2,3,3,3,3,3,3,1.565,1.565,1.565,1.515,1.565,1.54,1.54,1.565,Reasonably age-friendly,Reasonably age-friendly,Reasonably age-friendly,Reasonably age-friendly,Reasonably age-friendly,Reasonably age-friendly,Reasonably age-friendly,Reasonably age-friendly,Reasonably age-friendly,Reasonably age-friendly,Less age-friendly,residential,8.851,268:0,0,backward,202,208,8.851,25.901000000000003,26.276000000000003,26.026000000000003,26.026000000000003,26.026000000000003,26.276000000000003,26.026000000000003,26.151000000000003,26.151000000000003,26.026000000000003,0
269,2.08,1.5,1.387,3,1.0,3.0,3,3,1,3.0,1,1,3,2,2,1,2,1,2,1.721,1.646,3.0,3.0,2.0,3.0,3,1,3,3,1,1,2,3,2,3,3,3,2,2,3,3,3,2,3,3,3,3,3,2,2,2,1,2,2,1,2,1,2,2,2,1,2,1,2,1,2,1,2,2,2,2,2,1,3,3,3,2,3,3,1,2,2,2,1.596,1.696,1.596,1.446,1.596,1.571,1.571,1.596,Reasonably age-friendly,Less age-friendly,Less age-friendly,Less age-friendly,Reasonably age-friendly,Reasonably age-friendly,Less age-friendly,Less age-friendly,Less age-friendly,Reasonably age-friendly,Less age-friendly,residential,9.925,269:0,0,forward,35,209,9.925,26.32,26.695,26.945,26.445000000000004,26.945,27.695000000000004,26.945,27.070000000000004,27.070000000000004,26.945,0
269,2.08,1.5,1.387,3,1.0,3.0,3,3,1,3.0,1,1,3,2,2,1,2,1,2,1.721,1.646,3.0,3.0,2.0,3.0,3,1,3,3,1,1,2,3,2,3,3,3,2,2,3,3,3,2,3,3,3,3,3,2,2,2,1,2,2,1,2,1,2,2,2,1,2,1,2,1,2,1,2,2,2,2,2,1,3,3,3,2,3,3,1,2,2,2,1.596,1.696,1.596,1.446,1.596,1.571,1.571,1.596,Reasonably age-friendly,Less age-friendly,Less age-friendly,Less age-friendly,Reasonably age-friendly,Reasonably age-friendly,Less age-friendly,Less age-friendly,Less age-friendly,Reasonably age-friendly,Less age-friendly,residential,9.925,269:0,0,backward,209,35,9.925,26.32,26.695,26.945,26.445000000000004,26.945,27.695000000000004,26.945,27.070000000000004,27.070000000000004,26.945,0
270,2.42,1.0,2.42,3,3.0,2.0,3,3,2,3.0,3,1,3,1,1,1,3,3,3,2.544,2.519,3.0,3.0,2.0,3.0,3,2,3,3,2,3,3,3,2,3,3,3,2,2,3,3,3,2,3,3,3,3,3,2,2,2,1,2,2,1,2,1,2,2,2,1,2,1,2,1,2,1,2,2,2,2,2,1,3,3,3,3,3,3,3,2,2,2,2.319,2.469,2.319,2.419,2.319,2.394,2.344,2.319,Reasonably age-friendly,Reasonably age-friendly,Reasonably age-friendly,Reasonably age-friendly,Reasonably age-friendly,Reasonably age-friendly,Reasonably age-friendly,Reasonably age-friendly,Less age-friendly,Reasonably age-friendly,Less age-friendly,residential,79.872,270:0,0,forward,209,210,79.872,92.152,92.277,93.277,92.527,93.277,92.777,93.277,92.902,93.152,93.277,0
270,2.42,1.0,2.42,3,3.0,2.0,3,3,2,3.0,3,1,3,1,1,1,3,3,3,2.544,2.519,3.0,3.0,2.0,3.0,3,2,3,3,2,3,3,3,2,3,3,3,2,2,3,3,3,2,3,3,3,3,3,2,2,2,1,2,2,1,2,1,2,2,2,1,2,1,2,1,2,1,2,2,2,2,2,1,3,3,3,3,3,3,3,2,2,2,2.319,2.469,2.319,2.419,2.319,2.394,2.344,2.319,Reasonably age-friendly,Reasonably age-friendly,Reasonably age-friendly,Reasonably age-friendly,Reasonably age-friendly,Reasonably age-friendly,Reasonably age-friendly,Reasonably age-friendly,Less age-friendly,Reasonably age-friendly,Less age-friendly,residential,79.872,270:0,0,backward,210,209,79.872,92.152,92.277,93.277,92.527,93.277,92.777,93.277,92.902,93.152,93.277,0
271,2.48,1.0,2.48,3,3.0,3.0,3,3,3,3.0,3,1,3,1,1,1,2,2,2,2.536,2.511,3.0,3.0,2.0,3.0,3,1,3,3,1,2,2,3,2,3,3,3,2,2,3,3,3,2,3,3,3,3,3,2,2,2,1,2,2,1,2,1,2,2,2,1,2,1,2,1,2,1,2,2,2,2,2,1,3,3,3,3,3,3,3,3,3,3,2.461,2.461,2.461,2.411,2.461,2.486,2.436,2.461,Reasonably age-friendly,Reasonably age-friendly,Reasonably age-friendly,Reasonably age-friendly,Reasonably age-friendly,Reasonably age-friendly,Reasonably age-friendly,Reasonably age-friendly,Reasonably age-friendly,Reasonably age-friendly,Reasonably age-friendly,residential,43.561,271:0,0,forward,210,211,43.561,55.881,56.006,56.256,56.256,56.256,56.506,56.256,56.131,56.381,56.256,0
271,2.48,1.0,2.48,3,3.0,3.0,3,3,3,3.0,3,1,3,1,1,1,2,2,2,2.536,2.511,3.0,3.0,2.0,3.0,3,1,3,3,1,2,2,3,2,3,3,3,2,2,3,3,3,2,3,3,3,3,3,2,2,2,1,2,2,1,2,1,2,2,2,1,2,1,2,1,2,1,2,2,2,2,2,1,3,3,3,3,3,3,3,3,3,3,2.461,2.461,2.461,2.411,2.461,2.486,2.436,2.461,Reasonably age-friendly,Reasonably age-friendly,Reasonably age-friendly,Reasonably age-friendly,Reasonably age-friendly,Reasonably age-friendly,Reasonably age-friendly,Reasonably age-friendly,Reasonably age-friendly,Reasonably age-friendly,Reasonably age-friendly,residential,43.561,271:0,0,backward,211,210,43.561,55.881,56.006,56.256,56.256,56.256,56.506,56.256,56.131,56.381,56.256,0
272,1.68,1.5,1.12,3,1.0,3.0,3,3,1,1.0,1,1,3,1,2,1,1,1,3,1.534,1.509,3.0,3.0,2.0,3.0,3,2,3,3,2,1,3,3,2,3,3,3,2,2,3,3,3,2,3,3,3,3,3,2,2,2,1,2,2,1,2,1,2,2,2,1,2,1,2,1,2,1,2,2,2,2,2,1,3,3,3,2,3,3,3,3,3,3,1.509,1.559,1.509,1.509,1.509,1.484,1.534,1.509,Reasonably age-friendly,Reasonably age-friendly,Reasonably age-friendly,Reasonably age-friendly,Reasonably age-friendly,Reasonably age-friendly,Reasonably age-friendly,Less age-friendly,Reasonably age-friendly,Reasonably age-friendly,Less age-friendly,residential,11.974,272:0,0,forward,212,213,11.974,29.304000000000002,29.429000000000002,29.429000000000002,29.179,29.429000000000002,29.429000000000002,29.429000000000002,29.554,29.304000000000002,29.429000000000002,0
272,1.68,1.5,1.12,3,1.0,3.0,3,3,1,1.0,1,1,3,1,2,1,1,1,3,1.534,1.509,3.0,3.0,2.0,3.0,3,2,3,3,2,1,3,3,2,3,3,3,2,2,3,3,3,2,3,3,3,3,3,2,2,2,1,2,2,1,2,1,2,2,2,1,2,1,2,1,2,1,2,2,2,2,2,1,3,3,3,2,3,3,3,3,3,3,1.509,1.559,1.509,1.509,1.509,1.484,1.534,1.509,Reasonably age-friendly,Reasonably age-friendly,Reasonably age-friendly,Reasonably age-friendly,Reasonably age-friendly,Reasonably age-friendly,Reasonably age-friendly,Less age-friendly,Reasonably age-friendly,Reasonably age-friendly,Less age-friendly,residential,11.974,272:0,0,backward,213,212,11.974,29.304000000000002,29.429000000000002,29.429000000000002,29.179,29.429000000000002,29.429000000000002,29.429000000000002,29.554,29.304000000000002,29.429000000000002,0
273,2.03,1.5,1.353,3,2.5,2.0,2,2,2,3.0,1,1,2,1,1,2,3,3,3,1.797,1.622,3.0,3.0,2.0,3.0,3,3,3,3,3,3,3,3,1,3,3,2,1,1,3,3,2,1,3,3,3,3,3,2,2,2,1,2,2,1,2,1,2,2,2,1,2,1,2,1,2,1,2,2,2,2,2,1,3,3,3,2,3,3,3,3,3,3,1.622,1.772,1.622,1.722,1.622,1.747,1.647,1.622,Reasonably age-friendly,Reasonably age-friendly,Reasonably age-friendly,Less age-friendly,Reasonably age-friendly,Reasonably age-friendly,Less age-friendly,Reasonably age-friendly,Less age-friendly,Reasonably age-friendly,Less age-friendly,residential,44.956,273:0,0,forward,213,214,44.956,60.971000000000004,61.846000000000004,61.846000000000004,61.096000000000004,61.846000000000004,61.346000000000004,61.846000000000004,61.221000000000004,61.721000000000004,61.846000000000004,0
273,2.03,1.5,1.353,3,2.5,2.0,2,2,2,3.0,1,1,2,1,1,2,3,3,3,1.797,1.622,3.0,3.0,2.0,3.0,3,3,3,3,3,3,3,3,1,3,3,2,1,1,3,3,2,1,3,3,3,3,3,2,2,2,1,2,2,1,2,1,2,2,2,1,2,1,2,1,2,1,2,2,2,2,2,1,3,3,3,2,3,3,3,3,3,3,1.622,1.772,1.622,1.722,1.622,1.747,1.647,1.622,Reasonably age-friendly,Reasonably age-friendly,Reasonably age-friendly,Less age-friendly,Reasonably age-friendly,Reasonably age-friendly,Less age-friendly,Reasonably age-friendly,Less age-friendly,Reasonably age-friendly,Less age-friendly,residential,44.956,273:0,0,backward,214,213,44.956,60.971000000000004,61.846000000000004,61.846000000000004,61.096000000000004,61.846000000000004,61.346000000000004,61.846000000000004,61.221000000000004,61.721000000000004,61.846000000000004,0
274,2.16,1.0,2.16,3,3.0,3.0,3,3,2,3.0,1,2,2,1,1,1,1,1,1,2.262,2.087,3.0,3.0,2.0,3.0,3,1,3,3,1,1,1,3,1,3,3,2,1,1,3,3,2,1,3,3,3,3,3,2,2,2,1,2,2,1,2,1,2,2,2,1,2,1,2,1,2,1,2,2,2,2,2,1,3,3,3,2,3,3,3,3,3,3,2.187,2.237,2.187,2.187,2.187,2.212,2.112,2.187,Reasonably age-friendly,Reasonably age-friendly,Reasonably age-friendly,Reasonably age-friendly,Reasonably age-friendly,Reasonably age-friendly,Reasonably age-friendly,Reasonably age-friendly,Reasonably age-friendly,Reasonably age-friendly,Reasonably age-friendly,residential,16.118,274:0,0,forward,214,215,16.118,29.808,30.683,30.183,29.933,30.183,30.183,30.183,30.058,30.558,30.183,0
274,2.16,1.0,2.16,3,3.0,3.0,3,3,2,3.0,1,2,2,1,1,1,1,1,1,2.262,2.087,3.0,3.0,2.0,3.0,3,1,3,3,1,1,1,3,1,3,3,2,1,1,3,3,2,1,3,3,3,3,3,2,2,2,1,2,2,1,2,1,2,2,2,1,2,1,2,1,2,1,2,2,2,2,2,1,3,3,3,2,3,3,3,3,3,3,2.187,2.237,2.187,2.187,2.187,2.212,2.112,2.187,Reasonably age-friendly,Reasonably age-friendly,Reasonably age-friendly,Reasonably age-friendly,Reasonably age-friendly,Reasonably age-friendly,Reasonably age-friendly,Reasonably age-friendly,Reasonably age-friendly,Reasonably age-friendly,Reasonably age-friendly,residential,16.118,274:0,0,backward,215,214,16.118,29.808,30.683,30.183,29.933,30.183,30.183,30.183,30.058,30.558,30.183,0
275,2.23,1.0,2.23,3,2.5,2.0,3,3,2,3.0,1,1,2,1,1,1,3,3,3,2.411,2.236,3.0,3.0,2.0,3.0,3,3,3,3,3,3,3,3,1,3,3,2,1,1,3,3,2,1,3,3,3,3,3,2,2,2,1,2,2,1,2,1,2,2,2,1,2,1,2,1,2,1,2,2,2,2,2,1,3,3,3,2,3,3,3,3,3,3,2.236,2.386,2.236,2.336,2.236,2.361,2.261,2.236,Reasonably age-friendly,Reasonably age-friendly,Reasonably age-friendly,Less age-friendly,Reasonably age-friendly,Reasonably age-friendly,Reasonably age-friendly,Reasonably age-friendly,Less age-friendly,Reasonably age-friendly,Less age-friendly,residential,27.508,275:0,0,forward,215,216,27.508,40.453,41.327999999999996,41.327999999999996,40.578,41.327999999999996,40.828,41.327999999999996,40.702999999999996,41.203,41.327999999999996,0
275,2.23,1.0,2.23,3,2.5,2.0,3,3,2,3.0,1,1,2,1,1,1,3,3,3,2.411,2.236,3.0,3.0,2.0,3.0,3,3,3,3,3,3,3,3,1,3,3,2,1,1,3,3,2,1,3,3,3,3,3,2,2,2,1,2,2,1,2,1,2,2,2,1,2,1,2,1,2,1,2,2,2,2,2,1,3,3,3,2,3,3,3,3,3,3,2.236,2.386,2.236,2.336,2.236,2.361,2.261,2.236,Reasonably age-friendly,Reasonably age-friendly,Reasonably age-friendly,Less age-friendly,Reasonably age-friendly,Reasonably age-friendly,Reasonably age-friendly,Reasonably age-friendly,Less age-friendly,Reasonably age-friendly,Less age-friendly,residential,27.508,275:0,0,backward,216,215,27.508,40.453,41.327999999999996,41.327999999999996,40.578,41.327999999999996,40.828,41.327999999999996,40.702999999999996,41.203,41.327999999999996,0
276,2.04,1.5,1.36,3,1.0,3.0,3,3,1,1.0,1,1,3,2,2,1,3,1,3,1.602,1.677,3.0,3.0,2.0,3.0,3,1,3,3,1,1,3,3,2,3,3,3,2,2,3,3,3,2,3,3,3,3,3,2,2,2,1,2,2,1,2,1,2,2,2,1,2,1,2,1,2,1,2,2,2,2,2,1,3,2,2,2,3,2,1,3,1,1,1.477,1.577,1.477,1.427,1.477,1.652,1.502,1.477,Reasonably age-friendly,Less age-friendly,Less age-friendly,Less age-friendly,Reasonably age-friendly,Reasonably age-friendly,Less age-friendly,Less age-friendly,Less age-friendly,Reasonably age-friendly,Less age-friendly,residential,22.586,276:0,0,forward,217,200,22.586,39.57599999999999,39.20099999999999,40.20099999999999,39.701,40.20099999999999,40.45099999999999,40.20099999999999,39.32599999999999,40.076,40.20099999999999,0
276,2.04,1.5,1.36,3,1.0,3.0,3,3,1,1.0,1,1,3,2,2,1,3,1,3,1.602,1.677,3.0,3.0,2.0,3.0,3,1,3,3,1,1,3,3,2,3,3,3,2,2,3,3,3,2,3,3,3,3,3,2,2,2,1,2,2,1,2,1,2,2,2,1,2,1,2,1,2,1,2,2,2,2,2,1,3,2,2,2,3,2,1,3,1,1,1.477,1.577,1.477,1.427,1.477,1.652,1.502,1.477,Reasonably age-friendly,Less age-friendly,Less age-friendly,Less age-friendly,Reasonably age-friendly,Reasonably age-friendly,Less age-friendly,Less age-friendly,Less age-friendly,Reasonably age-friendly,Less age-friendly,residential,22.586,276:0,0,backward,200,217,22.586,39.57599999999999,39.20099999999999,40.20099999999999,39.701,40.20099999999999,40.45099999999999,40.20099999999999,39.32599999999999,40.076,40.20099999999999,0
277,2.04,1.5,1.36,3,1.0,3.0,3,3,1,1.0,1,1,3,2,2,1,3,1,3,1.602,1.677,3.0,3.0,2.0,3.0,3,1,3,3,1,1,3,3,2,3,3,3,2,2,3,3,3,2,3,3,3,3,3,2,2,2,1,2,2,1,2,1,2,2,2,1,2,1,2,1,2,1,2,2,2,2,2,1,3,2,2,2,3,2,1,3,1,1,1.477,1.577,1.477,1.427,1.477,1.652,1.502,1.477,Reasonably age-friendly,Less age-friendly,Less age-friendly,Less age-friendly,Reasonably age-friendly,Reasonably age-friendly,Less age-friendly,Less age-friendly,Less age-friendly,Reasonably age-friendly,Less age-friendly,residential,30.344,277:0,0,forward,217,218,30.344,47.334,46.959,47.959,47.459,47.959,48.209,47.959,47.084,47.834,47.959,0
277,2.04,1.5,1.36,3,1.0,3.0,3,3,1,1.0,1,1,3,2,2,1,3,1,3,1.602,1.677,3.0,3.0,2.0,3.0,3,1,3,3,1,1,3,3,2,3,3,3,2,2,3,3,3,2,3,3,3,3,3,2,2,2,1,2,2,1,2,1,2,2,2,1,2,1,2,1,2,1,2,2,2,2,2,1,3,2,2,2,3,2,1,3,1,1,1.477,1.577,1.477,1.427,1.477,1.652,1.502,1.477,Reasonably age-friendly,Less age-friendly,Less age-friendly,Less age-friendly,Reasonably age-friendly,Reasonably age-friendly,Less age-friendly,Less age-friendly,Less age-friendly,Reasonably age-friendly,Less age-friendly,residential,30.344,277:0,0,backward,218,217,30.344,47.334,46.959,47.959,47.459,47.959,48.209,47.959,47.084,47.834,47.959,0
278,2.04,1.5,1.36,3,1.0,3.0,3,3,1,1.0,1,1,3,2,2,1,3,1,3,1.602,1.677,3.0,3.0,2.0,3.0,3,1,3,3,1,1,3,3,2,3,3,3,2,2,3,3,3,2,3,3,3,3,3,2,2,2,1,2,2,1,2,1,2,2,2,1,2,1,2,1,2,1,2,2,2,2,2,1,3,2,2,2,3,2,1,3,1,1,1.477,1.577,1.477,1.427,1.477,1.652,1.502,1.477,Reasonably age-friendly,Less age-friendly,Less age-friendly,Less age-friendly,Reasonably age-friendly,Reasonably age-friendly,Less age-friendly,Less age-friendly,Less age-friendly,Reasonably age-friendly,Less age-friendly,residential,30.855,278:0,0,forward,219,200,30.855,47.845,47.47,48.47,47.97,48.47,48.72,48.47,47.595,48.345,48.47,0
278,2.04,1.5,1.36,3,1.0,3.0,3,3,1,1.0,1,1,3,2,2,1,3,1,3,1.602,1.677,3.0,3.0,2.0,3.0,3,1,3,3,1,1,3,3,2,3,3,3,2,2,3,3,3,2,3,3,3,3,3,2,2,2,1,2,2,1,2,1,2,2,2,1,2,1,2,1,2,1,2,2,2,2,2,1,3,2,2,2,3,2,1,3,1,1,1.477,1.577,1.477,1.427,1.477,1.652,1.502,1.477,Reasonably age-friendly,Less age-friendly,Less age-friendly,Less age-friendly,Reasonably age-friendly,Reasonably age-friendly,Less age-friendly,Less age-friendly,Less age-friendly,Reasonably age-friendly,Less age-friendly,residential,30.855,278:0,0,backward,200,219,30.855,47.845,47.47,48.47,47.97,48.47,48.72,48.47,47.595,48.345,48.47,0
279,2.13,1.0,2.13,3,3.0,2.5,3,3,2,1.0,3,2,2,1,1,1,1,2,2,2.291,2.116,3.0,3.0,2.0,3.0,3,1,3,3,1,2,2,3,1,3,3,2,1,1,3,3,2,1,3,3,3,3,3,2,2,2,1,2,2,1,2,1,2,2,2,1,2,1,2,1,2,1,2,2,2,2,2,1,3,2,3,2,3,3,3,3,3,2,2.066,2.116,2.066,2.166,2.066,2.241,2.141,2.066,Reasonably age-friendly,Reasonably age-friendly,Reasonably age-friendly,Reasonably age-friendly,Reasonably age-friendly,Reasonably age-friendly,Reasonably age-friendly,Reasonably age-friendly,Reasonably age-friendly,Reasonably age-friendly,Reasonably age-friendly,residential,99.397,279:0,0,forward,219,220,99.397,112.94200000000001,113.81700000000001,114.06700000000001,113.81700000000001,114.06700000000001,113.56700000000001,114.06700000000001,113.19200000000001,113.69200000000001,114.06700000000001,0
279,2.13,1.0,2.13,3,3.0,2.5,3,3,2,1.0,3,2,2,1,1,1,1,2,2,2.291,2.116,3.0,3.0,2.0,3.0,3,1,3,3,1,2,2,3,1,3,3,2,1,1,3,3,2,1,3,3,3,3,3,2,2,2,1,2,2,1,2,1,2,2,2,1,2,1,2,1,2,1,2,2,2,2,2,1,3,2,3,2,3,3,3,3,3,2,2.066,2.116,2.066,2.166,2.066,2.241,2.141,2.066,Reasonably age-friendly,Reasonably age-friendly,Reasonably age-friendly,Reasonably age-friendly,Reasonably age-friendly,Reasonably age-friendly,Reasonably age-friendly,Reasonably age-friendly,Reasonably age-friendly,Reasonably age-friendly,Reasonably age-friendly,residential,99.397,279:0,0,backward,220,219,99.397,112.94200000000001,113.81700000000001,114.06700000000001,113.81700000000001,114.06700000000001,113.56700000000001,114.06700000000001,113.19200000000001,113.69200000000001,114.06700000000001,0
280,2.23,1.0,2.23,3,2.5,2.0,3,3,2,3.0,1,1,2,1,1,1,3,3,3,2.411,2.236,3.0,3.0,2.0,3.0,3,3,3,3,3,3,3,3,1,3,3,2,1,1,3,3,2,1,3,3,3,3,3,2,2,2,1,2,2,1,2,1,2,2,2,1,2,1,2,1,2,1,2,2,2,2,2,1,3,2,3,2,2,3,3,3,2,2,2.136,2.286,2.136,2.336,2.136,2.361,2.161,2.136,Reasonably age-friendly,Reasonably age-friendly,Reasonably age-friendly,Less age-friendly,Reasonably age-friendly,Reasonably age-friendly,Reasonably age-friendly,Reasonably age-friendly,Less age-friendly,Reasonably age-friendly,Less age-friendly,residential,50.505,280:0,0,forward,220,221,50.505,63.45,64.325,64.825,64.075,64.825,63.825,64.825,63.7,64.7,64.825,0
280,2.23,1.0,2.23,3,2.5,2.0,3,3,2,3.0,1,1,2,1,1,1,3,3,3,2.411,2.236,3.0,3.0,2.0,3.0,3,3,3,3,3,3,3,3,1,3,3,2,1,1,3,3,2,1,3,3,3,3,3,2,2,2,1,2,2,1,2,1,2,2,2,1,2,1,2,1,2,1,2,2,2,2,2,1,3,2,3,2,2,3,3,3,2,2,2.136,2.286,2.136,2.336,2.136,2.361,2.161,2.136,Reasonably age-friendly,Reasonably age-friendly,Reasonably age-friendly,Less age-friendly,Reasonably age-friendly,Reasonably age-friendly,Reasonably age-friendly,Reasonably age-friendly,Less age-friendly,Reasonably age-friendly,Less age-friendly,residential,50.505,280:0,0,backward,221,220,50.505,63.45,64.325,64.825,64.075,64.825,63.825,64.825,63.7,64.7,64.825,0
281,1.83,2.5,0.732,3,2.5,2.0,1,1,2,3.0,1,1,2,1,2,3,3,3,1,1.362,1.087,3.0,3.0,2.0,3.0,3,3,3,3,3,3,1,3,1,3,3,2,1,1,3,3,2,1,3,3,3,3,3,2,2,2,1,2,2,1,2,1,2,2,2,1,2,1,2,1,2,1,2,2,2,2,2,1,3,3,3,2,3,3,3,3,3,3,1.187,1.337,1.187,1.287,1.187,1.312,1.112,1.187,Reasonably age-friendly,Less age-friendly,Less age-friendly,Less age-friendly,Reasonably age-friendly,Reasonably age-friendly,Less age-friendly,Less age-friendly,Less age-friendly,Reasonably age-friendly,Less age-friendly,residential,115.032,281:0,0,forward,222,223,115.032,133.22199999999998,134.597,134.09699999999998,133.347,134.09699999999998,133.597,134.09699999999998,133.47199999999998,134.47199999999998,134.09699999999998,0
281,1.83,2.5,0.732,3,2.5,2.0,1,1,2,3.0,1,1,2,1,2,3,3,3,1,1.362,1.087,3.0,3.0,2.0,3.0,3,3,3,3,3,3,1,3,1,3,3,2,1,1,3,3,2,1,3,3,3,3,3,2,2,2,1,2,2,1,2,1,2,2,2,1,2,1,2,1,2,1,2,2,2,2,2,1,3,3,3,2,3,3,3,3,3,3,1.187,1.337,1.187,1.287,1.187,1.312,1.112,1.187,Reasonably age-friendly,Less age-friendly,Less age-friendly,Less age-friendly,Reasonably age-friendly,Reasonably age-friendly,Less age-friendly,Less age-friendly,Less age-friendly,Reasonably age-friendly,Less age-friendly,residential,115.032,281:0,0,backward,223,222,115.032,133.22199999999998,134.597,134.09699999999998,133.347,134.09699999999998,133.597,134.09699999999998,133.47199999999998,134.47199999999998,134.09699999999998,0
282,1.92,1.5,1.28,3,1.0,3.0,3,3,1,1.0,1,1,3,3,2,1,1,1,2,1.546,1.571,3.0,3.0,2.0,3.0,3,1,3,3,1,1,2,3,2,3,3,3,2,2,3,3,3,2,3,3,3,3,3,2,2,2,1,2,2,1,2,1,2,2,2,1,2,1,2,1,2,1,2,2,2,2,2,1,1,3,2,2,3,1,2,3,3,2,1.521,1.621,1.521,1.471,1.521,1.596,1.596,1.521,Reasonably age-friendly,Reasonably age-friendly,Reasonably age-friendly,Reasonably age-friendly,Reasonably age-friendly,Reasonably age-friendly,Less age-friendly,Reasonably age-friendly,Reasonably age-friendly,Reasonably age-friendly,Less age-friendly,residential,23.43,282:0,0,forward,223,194,23.43,40.7,40.575,40.825,40.325,40.825,41.075,40.825,40.45,40.45,40.825,0
282,1.92,1.5,1.28,3,1.0,3.0,3,3,1,1.0,1,1,3,3,2,1,1,1,2,1.546,1.571,3.0,3.0,2.0,3.0,3,1,3,3,1,1,2,3,2,3,3,3,2,2,3,3,3,2,3,3,3,3,3,2,2,2,1,2,2,1,2,1,2,2,2,1,2,1,2,1,2,1,2,2,2,2,2,1,1,3,2,2,3,1,2,3,3,2,1.521,1.621,1.521,1.471,1.521,1.596,1.596,1.521,Reasonably age-friendly,Reasonably age-friendly,Reasonably age-friendly,Reasonably age-friendly,Reasonably age-friendly,Reasonably age-friendly,Less age-friendly,Reasonably age-friendly,Reasonably age-friendly,Reasonably age-friendly,Less age-friendly,residential,23.43,282:0,0,backward,194,223,23.43,40.7,40.575,40.825,40.325,40.825,41.075,40.825,40.45,40.45,40.825,0
283,1.72,2.5,0.688,3,1.0,3.0,2,2,1,1.0,1,1,3,3,3,2,1,1,3,1.132,1.207,3.0,3.0,2.0,3.0,3,1,3,3,1,1,3,3,2,3,3,3,2,2,3,3,3,2,3,3,3,3,3,2,2,2,1,2,2,1,2,1,2,2,2,1,2,1,2,1,2,1,2,2,2,2,2,1,1,3,2,2,3,1,2,3,3,2,1.107,1.207,1.107,1.057,1.107,1.182,1.232,1.107,Reasonably age-friendly,Less age-friendly,Less age-friendly,Less age-friendly,Reasonably age-friendly,Reasonably age-friendly,Less age-friendly,Less age-friendly,Less age-friendly,Reasonably age-friendly,Less age-friendly,residential,21.162,283:0,0,forward,223,224,21.162,40.502,40.126999999999995,40.626999999999995,40.126999999999995,40.626999999999995,40.876999999999995,40.626999999999995,40.251999999999995,40.001999999999995,40.626999999999995,0
283,1.72,2.5,0.688,3,1.0,3.0,2,2,1,1.0,1,1,3,3,3,2,1,1,3,1.132,1.207,3.0,3.0,2.0,3.0,3,1,3,3,1,1,3,3,2,3,3,3,2,2,3,3,3,2,3,3,3,3,3,2,2,2,1,2,2,1,2,1,2,2,2,1,2,1,2,1,2,1,2,2,2,2,2,1,1,3,2,2,3,1,2,3,3,2,1.107,1.207,1.107,1.057,1.107,1.182,1.232,1.107,Reasonably age-friendly,Less age-friendly,Less age-friendly,Less age-friendly,Reasonably age-friendly,Reasonably age-friendly,Less age-friendly,Less age-friendly,Less age-friendly,Reasonably age-friendly,Less age-friendly,residential,21.162,283:0,0,backward,224,223,21.162,40.502,40.126999999999995,40.626999999999995,40.126999999999995,40.626999999999995,40.876999999999995,40.626999999999995,40.251999999999995,40.001999999999995,40.626999999999995,0
284,2.04,1.5,1.36,3,1.0,3.0,3,3,1,1.0,1,1,3,3,2,1,2,1,3,1.602,1.677,3.0,3.0,2.0,3.0,3,1,3,3,1,1,3,3,2,3,3,3,2,2,3,3,3,2,3,3,3,3,3,2,2,2,1,2,2,1,2,1,2,2,2,1,2,1,2,1,2,1,2,2,2,2,2,1,1,3,2,2,3,1,2,3,3,2,1.577,1.677,1.577,1.527,1.577,1.652,1.702,1.577,Reasonably age-friendly,Less age-friendly,Less age-friendly,Less age-friendly,Reasonably age-friendly,Reasonably age-friendly,Less age-friendly,Less age-friendly,Less age-friendly,Reasonably age-friendly,Less age-friendly,residential,20.853,284:0,0,forward,194,225,20.853,37.843,37.468,37.968,37.468,37.968,38.218,37.968,37.593,37.343,37.968,0
284,2.04,1.5,1.36,3,1.0,3.0,3,3,1,1.0,1,1,3,3,2,1,2,1,3,1.602,1.677,3.0,3.0,2.0,3.0,3,1,3,3,1,1,3,3,2,3,3,3,2,2,3,3,3,2,3,3,3,3,3,2,2,2,1,2,2,1,2,1,2,2,2,1,2,1,2,1,2,1,2,2,2,2,2,1,1,3,2,2,3,1,2,3,3,2,1.577,1.677,1.577,1.527,1.577,1.652,1.702,1.577,Reasonably age-friendly,Less age-friendly,Less age-friendly,Less age-friendly,Reasonably age-friendly,Reasonably age-friendly,Less age-friendly,Less age-friendly,Less age-friendly,Reasonably age-friendly,Less age-friendly,residential,20.853,284:0,0,backward,225,194,20.853,37.843,37.468,37.968,37.468,37.968,38.218,37.968,37.593,37.343,37.968,0
285,1.72,2.5,0.688,3,1.0,3.0,2,2,1,1.0,1,1,3,3,3,2,1,1,2,1.132,1.157,3.0,3.0,2.0,3.0,3,1,3,3,1,1,2,3,2,3,3,3,2,2,3,3,3,2,3,3,3,3,3,2,2,2,1,2,2,1,2,1,2,2,2,1,2,1,2,1,2,1,2,2,2,2,2,1,1,3,2,2,3,1,2,3,3,2,1.107,1.207,1.107,1.057,1.107,1.182,1.182,1.107,Reasonably age-friendly,Less age-friendly,Less age-friendly,Less age-friendly,Reasonably age-friendly,Reasonably age-friendly,Less age-friendly,Less age-friendly,Less age-friendly,Reasonably age-friendly,Less age-friendly,residential,23.478,285:0,0,forward,225,224,23.478,42.818000000000005,42.693,42.943,42.443,42.943,43.193,42.943,42.568,42.568,42.943,0
285,1.72,2.5,0.688,3,1.0,3.0,2,2,1,1.0,1,1,3,3,3,2,1,1,2,1.132,1.157,3.0,3.0,2.0,3.0,3,1,3,3,1,1,2,3,2,3,3,3,2,2,3,3,3,2,3,3,3,3,3,2,2,2,1,2,2,1,2,1,2,2,2,1,2,1,2,1,2,1,2,2,2,2,2,1,1,3,2,2,3,1,2,3,3,2,1.107,1.207,1.107,1.057,1.107,1.182,1.182,1.107,Reasonably age-friendly,Less age-friendly,Less age-friendly,Less age-friendly,Reasonably age-friendly,Reasonably age-friendly,Less age-friendly,Less age-friendly,Less age-friendly,Reasonably age-friendly,Less age-friendly,residential,23.478,285:0,0,backward,224,225,23.478,42.818000000000005,42.693,42.943,42.443,42.943,43.193,42.943,42.568,42.568,42.943,0
286,2.06,1.0,2.06,2,3.0,2.0,2,2,3,2.0,2,2,2,1,1,1,2,3,2,2.092,2.167,3.0,3.0,2.0,3.0,3,2,3,3,2,3,2,3,1,3,3,2,1,1,3,3,2,1,3,3,3,3,3,2,2,2,1,2,2,1,2,1,2,2,2,1,2,1,2,1,2,1,2,2,2,2,2,1,3,3,1,3,3,3,3,2,3,2,2.017,2.217,2.017,2.167,2.017,2.142,2.092,2.017,Reasonably age-friendly,Reasonably age-friendly,Reasonably age-friendly,Reasonably age-friendly,Reasonably age-friendly,Reasonably age-friendly,Reasonably age-friendly,Reasonably age-friendly,Reasonably age-friendly,Reasonably age-friendly,Less age-friendly,residential,94.247,286:0,0,forward,14,226,94.247,108.787,108.412,109.162,108.162,109.162,108.412,109.162,108.537,108.787,109.162,0
286,2.06,1.0,2.06,2,3.0,2.0,2,2,3,2.0,2,2,2,1,1,1,2,3,2,2.092,2.167,3.0,3.0,2.0,3.0,3,2,3,3,2,3,2,3,1,3,3,2,1,1,3,3,2,1,3,3,3,3,3,2,2,2,1,2,2,1,2,1,2,2,2,1,2,1,2,1,2,1,2,2,2,2,2,1,3,3,1,3,3,3,3,2,3,2,2.017,2.217,2.017,2.167,2.017,2.142,2.092,2.017,Reasonably age-friendly,Reasonably age-friendly,Reasonably age-friendly,Reasonably age-friendly,Reasonably age-friendly,Reasonably age-friendly,Reasonably age-friendly,Reasonably age-friendly,Reasonably age-friendly,Reasonably age-friendly,Less age-friendly,residential,94.247,286:0,0,backward,226,14,94.247,108.787,108.412,109.162,108.162,109.162,108.412,109.162,108.537,108.787,109.162,0
287,1.96,1.5,1.307,3,2.5,1.5,1,2,3,2.5,1,1,3,1,1,2,3,3,3,1.765,1.74,3.0,3.0,2.0,3.0,3,3,3,3,3,3,3,3,2,3,3,3,2,2,3,3,3,2,3,3,3,3,3,2,2,2,1,2,2,1,2,1,2,2,2,1,2,1,2,1,2,1,2,2,2,2,2,1,3,3,3,3,3,3,2,2,1,3,1.64,1.74,1.64,1.59,1.64,1.615,1.465,1.64,Reasonably age-friendly,Reasonably age-friendly,Reasonably age-friendly,Reasonably age-friendly,Reasonably age-friendly,Reasonably age-friendly,Less age-friendly,Less age-friendly,Less age-friendly,Reasonably age-friendly,Less age-friendly,residential,17.662,287:0,0,forward,226,227,17.662,33.837,33.961999999999996,34.462,33.961999999999996,34.462,34.712,34.462,34.586999999999996,35.337,34.462,0
287,1.96,1.5,1.307,3,2.5,1.5,1,2,3,2.5,1,1,3,1,1,2,3,3,3,1.765,1.74,3.0,3.0,2.0,3.0,3,3,3,3,3,3,3,3,2,3,3,3,2,2,3,3,3,2,3,3,3,3,3,2,2,2,1,2,2,1,2,1,2,2,2,1,2,1,2,1,2,1,2,2,2,2,2,1,3,3,3,3,3,3,2,2,1,3,1.64,1.74,1.64,1.59,1.64,1.615,1.465,1.64,Reasonably age-friendly,Reasonably age-friendly,Reasonably age-friendly,Reasonably age-friendly,Reasonably age-friendly,Reasonably age-friendly,Less age-friendly,Less age-friendly,Less age-friendly,Reasonably age-friendly,Less age-friendly,residential,17.662,287:0,0,backward,227,226,17.662,33.837,33.961999999999996,34.462,33.961999999999996,34.462,34.712,34.462,34.586999999999996,35.337,34.462,0
288,1.72,2.0,0.86,3,1.0,1.0,2,2,1,1.0,1,1,3,3,2,2,2,1,3,1.352,1.427,3.0,3.0,2.0,3.0,3,1,3,3,1,1,3,3,2,3,3,3,2,2,3,3,3,2,3,3,3,3,3,2,2,2,1,2,2,1,2,1,2,2,2,1,2,1,2,1,2,1,2,2,2,2,2,1,3,3,3,3,3,3,2,2,1,2,1.227,1.327,1.227,1.177,1.227,1.202,1.152,1.227,Reasonably age-friendly,Less age-friendly,Less age-friendly,Less age-friendly,Reasonably age-friendly,Reasonably age-friendly,Less age-friendly,Less age-friendly,Less age-friendly,Reasonably age-friendly,Less age-friendly,residential,10.987,288:0,0,forward,227,20,10.987,29.226999999999997,28.851999999999997,29.851999999999997,29.352000000000004,29.851999999999997,30.101999999999997,29.851999999999997,29.977000000000004,30.226999999999997,29.851999999999997,0
288,1.72,2.0,0.86,3,1.0,1.0,2,2,1,1.0,1,1,3,3,2,2,2,1,3,1.352,1.427,3.0,3.0,2.0,3.0,3,1,3,3,1,1,3,3,2,3,3,3,2,2,3,3,3,2,3,3,3,3,3,2,2,2,1,2,2,1,2,1,2,2,2,1,2,1,2,1,2,1,2,2,2,2,2,1,3,3,3,3,3,3,2,2,1,2,1.227,1.327,1.227,1.177,1.227,1.202,1.152,1.227,Reasonably age-friendly,Less age-friendly,Less age-friendly,Less age-friendly,Reasonably age-friendly,Reasonably age-friendly,Less age-friendly,Less age-friendly,Less age-friendly,Reasonably age-friendly,Less age-friendly,residential,10.987,288:0,0,backward,20,227,10.987,29.226999999999997,28.851999999999997,29.851999999999997,29.352000000000004,29.851999999999997,30.101999999999997,29.851999999999997,29.977000000000004,30.226999999999997,29.851999999999997,0
289,1.92,1.5,1.28,3,1.0,1.0,3,3,1,1.0,1,1,3,3,2,1,2,1,3,1.646,1.721,3.0,3.0,2.0,3.0,3,1,3,3,1,1,3,3,2,3,3,3,2,2,3,3,3,2,3,3,3,3,3,2,2,2,1,2,2,1,2,1,2,2,2,1,2,1,2,1,2,1,2,2,2,2,2,1,3,3,3,3,3,3,2,2,1,2,1.521,1.621,1.521,1.471,1.521,1.496,1.446,1.521,Reasonably age-friendly,Less age-friendly,Less age-friendly,Less age-friendly,Reasonably age-friendly,Reasonably age-friendly,Less age-friendly,Less age-friendly,Less age-friendly,Reasonably age-friendly,Less age-friendly,residential,10.068,289:0,0,forward,20,228,10.068,26.838,26.463,27.463,26.963,27.463,27.713,27.463,27.588,27.838,27.463,0
289,1.92,1.5,1.28,3,1.0,1.0,3,3,1,1.0,1,1,3,3,2,1,2,1,3,1.646,1.721,3.0,3.0,2.0,3.0,3,1,3,3,1,1,3,3,2,3,3,3,2,2,3,3,3,2,3,3,3,3,3,2,2,2,1,2,2,1,2,1,2,2,2,1,2,1,2,1,2,1,2,2,2,2,2,1,3,3,3,3,3,3,2,2,1,2,1.521,1.621,1.521,1.471,1.521,1.496,1.446,1.521,Reasonably age-friendly,Less age-friendly,Less age-friendly,Less age-friendly,Reasonably age-friendly,Reasonably age-friendly,Less age-friendly,Less age-friendly,Less age-friendly,Reasonably age-friendly,Less age-friendly,residential,10.068,289:0,0,backward,228,20,10.068,26.838,26.463,27.463,26.963,27.463,27.713,27.463,27.588,27.838,27.463,0
290,1.48,2.0,0.74,2,1.0,3.0,2,3,1,1.0,1,1,3,1,2,2,1,1,3,1.068,1.243,3.0,3.0,2.0,3.0,3,1,3,3,1,1,3,3,2,3,3,3,2,2,3,3,3,2,3,3,3,3,3,2,2,2,1,2,2,1,2,1,2,2,2,1,2,1,2,1,2,1,2,2,2,2,2,1,3,1,1,2,2,3,3,1,3,2,1.143,1.043,1.143,1.193,1.143,1.018,1.268,1.143,Reasonably age-friendly,Less age-friendly,Less age-friendly,Less age-friendly,Reasonably age-friendly,Reasonably age-friendly,Less age-friendly,Less age-friendly,Less age-friendly,Reasonably age-friendly,Less age-friendly,residential,16.03,290:0,0,forward,14,229,16.03,35.69,34.815,35.315,35.815,35.315,35.065,35.315,35.94,34.69,35.315,0
290,1.48,2.0,0.74,2,1.0,3.0,2,3,1,1.0,1,1,3,1,2,2,1,1,3,1.068,1.243,3.0,3.0,2.0,3.0,3,1,3,3,1,1,3,3,2,3,3,3,2,2,3,3,3,2,3,3,3,3,3,2,2,2,1,2,2,1,2,1,2,2,2,1,2,1,2,1,2,1,2,2,2,2,2,1,3,1,1,2,2,3,3,1,3,2,1.143,1.043,1.143,1.193,1.143,1.018,1.268,1.143,Reasonably age-friendly,Less age-friendly,Less age-friendly,Less age-friendly,Reasonably age-friendly,Reasonably age-friendly,Less age-friendly,Less age-friendly,Less age-friendly,Reasonably age-friendly,Less age-friendly,residential,16.03,290:0,0,backward,229,14,16.03,35.69,34.815,35.315,35.815,35.315,35.065,35.315,35.94,34.69,35.315,0
291,2.02,1.5,1.347,3,3.0,2.0,1,2,3,1.0,2,3,2,1,1,2,2,1,2,1.493,1.568,3.0,3.0,2.0,3.0,3,1,3,3,1,1,2,3,1,3,3,2,1,1,3,3,2,1,3,3,3,3,3,2,2,2,1,2,2,1,2,1,2,2,2,1,2,1,2,1,2,1,2,2,2,2,2,1,1,2,1,2,3,3,2,3,3,1,1.418,1.568,1.418,1.518,1.418,1.643,1.593,1.418,Reasonably age-friendly,Reasonably age-friendly,Less age-friendly,Reasonably age-friendly,Reasonably age-friendly,Reasonably age-friendly,Reasonably age-friendly,Reasonably age-friendly,Reasonably age-friendly,Reasonably age-friendly,Less age-friendly,residential,84.068,291:0,0,forward,229,230,84.068,101.603,101.228,101.978,101.228,101.978,101.478,101.978,100.853,101.103,101.978,0
291,2.02,1.5,1.347,3,3.0,2.0,1,2,3,1.0,2,3,2,1,1,2,2,1,2,1.493,1.568,3.0,3.0,2.0,3.0,3,1,3,3,1,1,2,3,1,3,3,2,1,1,3,3,2,1,3,3,3,3,3,2,2,2,1,2,2,1,2,1,2,2,2,1,2,1,2,1,2,1,2,2,2,2,2,1,1,2,1,2,3,3,2,3,3,1,1.418,1.568,1.418,1.518,1.418,1.643,1.593,1.418,Reasonably age-friendly,Reasonably age-friendly,Less age-friendly,Reasonably age-friendly,Reasonably age-friendly,Reasonably age-friendly,Reasonably age-friendly,Reasonably age-friendly,Reasonably age-friendly,Reasonably age-friendly,Less age-friendly,residential,84.068,291:0,0,backward,230,229,84.068,101.603,101.228,101.978,101.228,101.978,101.478,101.978,100.853,101.103,101.978,0
292,2.04,1.5,1.36,3,1.0,3.0,2,3,1,1.0,1,1,3,3,2,1,3,1,2,1.702,1.727,3.0,3.0,2.0,3.0,3,1,3,3,1,1,2,3,2,3,3,3,2,2,3,3,3,2,3,3,3,3,3,2,2,2,1,2,2,1,2,1,2,2,2,1,2,1,2,1,2,1,2,2,2,2,2,1,1,3,3,3,3,3,2,3,1,1,1.477,1.677,1.477,1.527,1.477,1.652,1.452,1.477,Reasonably age-friendly,Less age-friendly,Less age-friendly,Less age-friendly,Reasonably age-friendly,Reasonably age-friendly,Less age-friendly,Less age-friendly,Less age-friendly,Reasonably age-friendly,Less age-friendly,residential,13.923,292:0,0,forward,230,231,13.923,30.413000000000004,30.287999999999997,31.537999999999997,30.537999999999997,31.537999999999997,31.287999999999997,31.537999999999997,30.662999999999997,31.663000000000004,31.537999999999997,0
292,2.04,1.5,1.36,3,1.0,3.0,2,3,1,1.0,1,1,3,3,2,1,3,1,2,1.702,1.727,3.0,3.0,2.0,3.0,3,1,3,3,1,1,2,3,2,3,3,3,2,2,3,3,3,2,3,3,3,3,3,2,2,2,1,2,2,1,2,1,2,2,2,1,2,1,2,1,2,1,2,2,2,2,2,1,1,3,3,3,3,3,2,3,1,1,1.477,1.677,1.477,1.527,1.477,1.652,1.452,1.477,Reasonably age-friendly,Less age-friendly,Less age-friendly,Less age-friendly,Reasonably age-friendly,Reasonably age-friendly,Less age-friendly,Less age-friendly,Less age-friendly,Reasonably age-friendly,Less age-friendly,residential,13.923,292:0,0,backward,231,230,13.923,30.413000000000004,30.287999999999997,31.537999999999997,30.537999999999997,31.537999999999997,31.287999999999997,31.537999999999997,30.662999999999997,31.663000000000004,31.537999999999997,0
293,2.04,1.5,1.36,3,1.0,3.0,2,3,1,1.0,1,1,3,3,2,1,3,1,2,1.702,1.727,3.0,3.0,2.0,3.0,3,1,3,3,1,1,2,3,2,3,3,3,2,2,3,3,3,2,3,3,3,3,3,2,2,2,1,2,2,1,2,1,2,2,2,1,2,1,2,1,2,1,2,2,2,2,2,1,1,3,3,3,3,3,2,3,1,1,1.477,1.677,1.477,1.527,1.477,1.652,1.452,1.477,Reasonably age-friendly,Less age-friendly,Less age-friendly,Less age-friendly,Reasonably age-friendly,Reasonably age-friendly,Less age-friendly,Less age-friendly,Less age-friendly,Reasonably age-friendly,Less age-friendly,residential,12.282,293:0,0,forward,231,232,12.282,28.772000000000002,28.647,29.897,28.897,29.897,29.647,29.897,29.022,30.022000000000002,29.897,0
293,2.04,1.5,1.36,3,1.0,3.0,2,3,1,1.0,1,1,3,3,2,1,3,1,2,1.702,1.727,3.0,3.0,2.0,3.0,3,1,3,3,1,1,2,3,2,3,3,3,2,2,3,3,3,2,3,3,3,3,3,2,2,2,1,2,2,1,2,1,2,2,2,1,2,1,2,1,2,1,2,2,2,2,2,1,1,3,3,3,3,3,2,3,1,1,1.477,1.677,1.477,1.527,1.477,1.652,1.452,1.477,Reasonably age-friendly,Less age-friendly,Less age-friendly,Less age-friendly,Reasonably age-friendly,Reasonably age-friendly,Less age-friendly,Less age-friendly,Less age-friendly,Reasonably age-friendly,Less age-friendly,residential,12.282,293:0,0,backward,232,231,12.282,28.772000000000002,28.647,29.897,28.897,29.897,29.647,29.897,29.022,30.022000000000002,29.897,0
294,1.91,2.0,0.955,3,1.5,1.0,3,3,2,1.0,2,1,2,2,3,1,1,1,3,1.419,1.444,3.0,3.0,2.0,3.0,3,1,3,3,1,1,3,3,1,3,3,2,1,1,3,3,2,1,3,3,3,3,3,2,2,2,1,2,2,1,2,1,2,2,2,1,2,1,2,1,2,1,2,2,2,2,2,1,1,3,3,3,3,3,2,3,3,3,1.344,1.394,1.344,1.244,1.344,1.369,1.369,1.344,Reasonably age-friendly,Less age-friendly,Less age-friendly,Less age-friendly,Reasonably age-friendly,Reasonably age-friendly,Less age-friendly,Less age-friendly,Less age-friendly,Reasonably age-friendly,Less age-friendly,residential,17.662,294:0,0,forward,232,233,17.662,35.567,35.442,35.94199999999999,35.692,35.94199999999999,36.442,35.94199999999999,35.817,35.817,35.94199999999999,0
294,1.91,2.0,0.955,3,1.5,1.0,3,3,2,1.0,2,1,2,2,3,1,1,1,3,1.419,1.444,3.0,3.0,2.0,3.0,3,1,3,3,1,1,3,3,1,3,3,2,1,1,3,3,2,1,3,3,3,3,3,2,2,2,1,2,2,1,2,1,2,2,2,1,2,1,2,1,2,1,2,2,2,2,2,1,1,3,3,3,3,3,2,3,3,3,1.344,1.394,1.344,1.244,1.344,1.369,1.369,1.344,Reasonably age-friendly,Less age-friendly,Less age-friendly,Less age-friendly,Reasonably age-friendly,Reasonably age-friendly,Less age-friendly,Less age-friendly,Less age-friendly,Reasonably age-friendly,Less age-friendly,residential,17.662,294:0,0,backward,233,232,17.662,35.567,35.442,35.94199999999999,35.692,35.94199999999999,36.442,35.94199999999999,35.817,35.817,35.94199999999999,0
295,1.91,1.0,1.91,3,1.5,1.0,3,3,2,1.0,2,1,2,1,1,1,2,1,1,2.087,2.012,3.0,3.0,2.0,3.0,3,1,3,3,1,1,1,3,1,3,3,2,1,1,3,3,2,1,3,3,3,3,3,2,2,2,1,2,2,1,2,1,2,2,2,1,2,1,2,1,2,1,2,2,2,2,2,1,3,3,3,3,3,3,3,3,3,3,2.012,2.062,2.012,2.012,2.012,2.037,1.937,2.012,Reasonably age-friendly,Reasonably age-friendly,Reasonably age-friendly,Reasonably age-friendly,Reasonably age-friendly,Reasonably age-friendly,Reasonably age-friendly,Reasonably age-friendly,Less age-friendly,Reasonably age-friendly,Less age-friendly,residential,44.99,295:0,0,forward,233,234,44.99,59.555,59.93,59.93,59.68000000000001,59.93,59.93,59.93,59.80500000000001,60.305,59.93,0
295,1.91,1.0,1.91,3,1.5,1.0,3,3,2,1.0,2,1,2,1,1,1,2,1,1,2.087,2.012,3.0,3.0,2.0,3.0,3,1,3,3,1,1,1,3,1,3,3,2,1,1,3,3,2,1,3,3,3,3,3,2,2,2,1,2,2,1,2,1,2,2,2,1,2,1,2,1,2,1,2,2,2,2,2,1,3,3,3,3,3,3,3,3,3,3,2.012,2.062,2.012,2.012,2.012,2.037,1.937,2.012,Reasonably age-friendly,Reasonably age-friendly,Reasonably age-friendly,Reasonably age-friendly,Reasonably age-friendly,Reasonably age-friendly,Reasonably age-friendly,Reasonably age-friendly,Less age-friendly,Reasonably age-friendly,Less age-friendly,residential,44.99,295:0,0,backward,234,233,44.99,59.555,59.93,59.93,59.68000000000001,59.93,59.93,59.93,59.80500000000001,60.305,59.93,0
296,1.79,1.0,1.79,3,1.5,1.0,3,3,2,1.0,2,1,2,1,1,1,1,1,2,2.003,1.978,3.0,3.0,2.0,3.0,3,1,3,3,1,1,2,3,1,3,3,2,1,1,3,3,2,1,3,3,3,3,3,2,2,2,1,2,2,1,2,1,2,2,2,1,2,1,2,1,2,1,2,2,2,2,2,1,3,3,3,3,3,3,3,3,3,3,1.928,1.978,1.928,1.928,1.928,1.953,1.903,1.928,Reasonably age-friendly,Reasonably age-friendly,Reasonably age-friendly,Reasonably age-friendly,Reasonably age-friendly,Reasonably age-friendly,Reasonably age-friendly,Reasonably age-friendly,Reasonably age-friendly,Reasonably age-friendly,Reasonably age-friendly,residential,41.629,296:0,0,forward,234,235,41.629,56.614,56.739,56.989,56.739,56.989,56.989,56.989,56.864,57.114,56.989,0
296,1.79,1.0,1.79,3,1.5,1.0,3,3,2,1.0,2,1,2,1,1,1,1,1,2,2.003,1.978,3.0,3.0,2.0,3.0,3,1,3,3,1,1,2,3,1,3,3,2,1,1,3,3,2,1,3,3,3,3,3,2,2,2,1,2,2,1,2,1,2,2,2,1,2,1,2,1,2,1,2,2,2,2,2,1,3,3,3,3,3,3,3,3,3,3,1.928,1.978,1.928,1.928,1.928,1.953,1.903,1.928,Reasonably age-friendly,Reasonably age-friendly,Reasonably age-friendly,Reasonably age-friendly,Reasonably age-friendly,Reasonably age-friendly,Reasonably age-friendly,Reasonably age-friendly,Reasonably age-friendly,Reasonably age-friendly,Reasonably age-friendly,residential,41.629,296:0,0,backward,235,234,41.629,56.614,56.739,56.989,56.739,56.989,56.989,56.989,56.864,57.114,56.989,0
297,2.26,1.5,1.507,1,3.0,2.0,3,3,3,3.0,2,2,3,1,2,1,2,1,3,1.605,1.78,3.0,3.0,2.0,3.0,3,1,3,3,1,1,3,3,2,3,3,3,2,2,3,3,3,2,3,3,3,3,3,2,2,2,1,2,2,1,2,1,2,2,2,1,2,1,2,1,2,1,2,2,2,2,2,1,1,3,1,2,3,1,2,3,3,2,1.68,1.78,1.68,1.63,1.68,1.755,1.805,1.68,Reasonably age-friendly,Reasonably age-friendly,Less age-friendly,Reasonably age-friendly,Reasonably age-friendly,Reasonably age-friendly,Less age-friendly,Less age-friendly,Reasonably age-friendly,Reasonably age-friendly,Less age-friendly,residential,105.518,297:0,0,forward,225,236,105.518,122.493,121.618,122.118,121.618,122.118,122.368,122.118,121.743,121.493,122.118,0
297,2.26,1.5,1.507,1,3.0,2.0,3,3,3,3.0,2,2,3,1,2,1,2,1,3,1.605,1.78,3.0,3.0,2.0,3.0,3,1,3,3,1,1,3,3,2,3,3,3,2,2,3,3,3,2,3,3,3,3,3,2,2,2,1,2,2,1,2,1,2,2,2,1,2,1,2,1,2,1,2,2,2,2,2,1,1,3,1,2,3,1,2,3,3,2,1.68,1.78,1.68,1.63,1.68,1.755,1.805,1.68,Reasonably age-friendly,Reasonably age-friendly,Less age-friendly,Reasonably age-friendly,Reasonably age-friendly,Reasonably age-friendly,Less age-friendly,Less age-friendly,Reasonably age-friendly,Reasonably age-friendly,Less age-friendly,residential,105.518,297:0,0,backward,236,225,105.518,122.493,121.618,122.118,121.618,122.118,122.368,122.118,121.743,121.493,122.118,0
298,1.69,2.5,0.676,2,2.5,1.0,1,1,2,3.0,1,1,1,1,2,3,3,3,3,1.323,1.198,3.0,3.0,2.0,3.0,3,3,3,3,3,3,3,3,1,3,3,1,1,1,3,3,1,1,3,3,3,3,3,2,2,2,1,2,2,1,2,1,2,2,2,1,2,1,2,1,2,1,2,2,2,2,2,1,3,3,3,3,3,3,3,3,3,3,1.148,1.298,1.148,1.248,1.148,1.273,1.123,1.148,Reasonably age-friendly,Less age-friendly,Less age-friendly,Less age-friendly,Reasonably age-friendly,Reasonably age-friendly,Less age-friendly,Less age-friendly,Less age-friendly,Reasonably age-friendly,Less age-friendly,residential,151.056,298:0,0,forward,237,238,151.056,169.441,170.066,170.316,169.566,170.316,169.816,170.316,169.691,170.441,170.316,0
298,1.69,2.5,0.676,2,2.5,1.0,1,1,2,3.0,1,1,1,1,2,3,3,3,3,1.323,1.198,3.0,3.0,2.0,3.0,3,3,3,3,3,3,3,3,1,3,3,1,1,1,3,3,1,1,3,3,3,3,3,2,2,2,1,2,2,1,2,1,2,2,2,1,2,1,2,1,2,1,2,2,2,2,2,1,3,3,3,3,3,3,3,3,3,3,1.148,1.298,1.148,1.248,1.148,1.273,1.123,1.148,Reasonably age-friendly,Less age-friendly,Less age-friendly,Less age-friendly,Reasonably age-friendly,Reasonably age-friendly,Less age-friendly,Less age-friendly,Less age-friendly,Reasonably age-friendly,Less age-friendly,residential,151.056,298:0,0,backward,238,237,151.056,169.441,170.066,170.316,169.566,170.316,169.816,170.316,169.691,170.441,170.316,0
299,2.16,1.0,2.16,3,3.0,3.0,2,3,3,1.0,3,2,2,1,1,1,1,1,1,2.162,2.087,3.0,3.0,2.0,3.0,3,1,3,3,1,1,1,3,1,3,3,2,1,1,3,3,2,1,3,3,3,3,3,2,2,2,1,2,2,1,2,1,2,2,2,1,2,1,2,1,2,1,2,2,2,2,2,1,3,3,2,2,3,3,2,3,3,2,2.087,2.237,2.087,2.087,2.087,2.212,2.112,2.087,Reasonably age-friendly,Reasonably age-friendly,Reasonably age-friendly,Reasonably age-friendly,Reasonably age-friendly,Reasonably age-friendly,Reasonably age-friendly,Reasonably age-friendly,Reasonably age-friendly,Reasonably age-friendly,Reasonably age-friendly,residential,91.387,299:0,0,forward,225,239,91.387,105.577,105.952,105.952,105.202,105.952,105.952,105.952,105.327,105.827,105.952,0
299,2.16,1.0,2.16,3,3.0,3.0,2,3,3,1.0,3,2,2,1,1,1,1,1,1,2.162,2.087,3.0,3.0,2.0,3.0,3,1,3,3,1,1,1,3,1,3,3,2,1,1,3,3,2,1,3,3,3,3,3,2,2,2,1,2,2,1,2,1,2,2,2,1,2,1,2,1,2,1,2,2,2,2,2,1,3,3,2,2,3,3,2,3,3,2,2.087,2.237,2.087,2.087,2.087,2.212,2.112,2.087,Reasonably age-friendly,Reasonably age-friendly,Reasonably age-friendly,Reasonably age-friendly,Reasonably age-friendly,Reasonably age-friendly,Reasonably age-friendly,Reasonably age-friendly,Reasonably age-friendly,Reasonably age-friendly,Reasonably age-friendly,residential,91.387,299:0,0,backward,239,225,91.387,105.577,105.952,105.952,105.202,105.952,105.952,105.952,105.327,105.827,105.952,0
300,2.28,1.0,2.28,3,3.0,3.0,3,3,3,1.0,3,2,2,1,1,1,1,1,3,2.246,2.271,3.0,3.0,2.0,3.0,3,1,3,3,1,1,3,3,1,3,3,2,1,1,3,3,2,1,3,3,3,3,3,2,2,2,1,2,2,1,2,1,2,2,2,1,2,1,2,1,2,1,2,2,2,2,2,1,3,3,2,2,3,3,2,3,3,2,2.171,2.321,2.171,2.171,2.171,2.296,2.296,2.171,Reasonably age-friendly,Reasonably age-friendly,Reasonably age-friendly,Reasonably age-friendly,Reasonably age-friendly,Reasonably age-friendly,Reasonably age-friendly,Reasonably age-friendly,Reasonably age-friendly,Reasonably age-friendly,Reasonably age-friendly,residential,19.552,300:0,0,forward,239,240,19.552,33.322,33.197,33.697,32.947,33.697,33.697,33.697,33.072,33.072,33.697,0
300,2.28,1.0,2.28,3,3.0,3.0,3,3,3,1.0,3,2,2,1,1,1,1,1,3,2.246,2.271,3.0,3.0,2.0,3.0,3,1,3,3,1,1,3,3,1,3,3,2,1,1,3,3,2,1,3,3,3,3,3,2,2,2,1,2,2,1,2,1,2,2,2,1,2,1,2,1,2,1,2,2,2,2,2,1,3,3,2,2,3,3,2,3,3,2,2.171,2.321,2.171,2.171,2.171,2.296,2.296,2.171,Reasonably age-friendly,Reasonably age-friendly,Reasonably age-friendly,Reasonably age-friendly,Reasonably age-friendly,Reasonably age-friendly,Reasonably age-friendly,Reasonably age-friendly,Reasonably age-friendly,Reasonably age-friendly,Reasonably age-friendly,residential,19.552,300:0,0,backward,240,239,19.552,33.322,33.197,33.697,32.947,33.697,33.697,33.697,33.072,33.072,33.697,0
301,2.28,1.0,2.28,3,3.0,3.0,3,3,3,1.0,3,2,2,1,1,1,1,1,3,2.246,2.371,3.0,3.0,2.0,3.0,3,1,3,3,1,1,3,3,1,3,3,2,1,1,3,3,2,1,3,3,3,3,3,2,2,2,1,2,2,1,2,1,2,2,2,1,2,1,2,1,2,1,2,2,2,2,2,1,3,3,2,3,3,3,3,3,3,2,2.171,2.321,2.171,2.271,2.171,2.296,2.296,2.171,Reasonably age-friendly,Reasonably age-friendly,Reasonably age-friendly,Reasonably age-friendly,Reasonably age-friendly,Reasonably age-friendly,Reasonably age-friendly,Reasonably age-friendly,Reasonably age-friendly,Reasonably age-friendly,Reasonably age-friendly,residential,10.866,301:0,0,forward,240,241,10.866,24.636,24.011,25.011000000000003,24.261,25.011000000000003,24.511,25.011000000000003,24.386000000000003,24.386000000000003,25.011000000000003,0
301,2.28,1.0,2.28,3,3.0,3.0,3,3,3,1.0,3,2,2,1,1,1,1,1,3,2.246,2.371,3.0,3.0,2.0,3.0,3,1,3,3,1,1,3,3,1,3,3,2,1,1,3,3,2,1,3,3,3,3,3,2,2,2,1,2,2,1,2,1,2,2,2,1,2,1,2,1,2,1,2,2,2,2,2,1,3,3,2,3,3,3,3,3,3,2,2.171,2.321,2.171,2.271,2.171,2.296,2.296,2.171,Reasonably age-friendly,Reasonably age-friendly,Reasonably age-friendly,Reasonably age-friendly,Reasonably age-friendly,Reasonably age-friendly,Reasonably age-friendly,Reasonably age-friendly,Reasonably age-friendly,Reasonably age-friendly,Reasonably age-friendly,residential,10.866,301:0,0,backward,241,240,10.866,24.636,24.011,25.011000000000003,24.261,25.011000000000003,24.511,25.011000000000003,24.386000000000003,24.386000000000003,25.011000000000003,0
302,1.97,1.5,1.313,3,2.5,3.0,1,2,3,1.5,1,1,2,1,1,2,3,3,3,1.769,1.694,3.0,3.0,2.0,3.0,3,3,3,3,3,3,3,3,1,3,3,2,1,1,3,3,2,1,3,3,3,3,3,2,2,2,1,2,2,1,2,1,2,2,2,1,2,1,2,1,2,1,2,2,2,2,2,1,3,3,3,3,3,3,3,3,3,2,1.494,1.744,1.494,1.694,1.494,1.719,1.619,1.494,Reasonably age-friendly,Reasonably age-friendly,Reasonably age-friendly,Less age-friendly,Reasonably age-friendly,Reasonably age-friendly,Less age-friendly,Less age-friendly,Less age-friendly,Reasonably age-friendly,Less age-friendly,residential,5.895,302:0,0,forward,241,242,5.895,22.05,22.425,23.425,22.175,23.425,22.425,23.425,22.299999999999997,22.8,23.425,0
302,1.97,1.5,1.313,3,2.5,3.0,1,2,3,1.5,1,1,2,1,1,2,3,3,3,1.769,1.694,3.0,3.0,2.0,3.0,3,3,3,3,3,3,3,3,1,3,3,2,1,1,3,3,2,1,3,3,3,3,3,2,2,2,1,2,2,1,2,1,2,2,2,1,2,1,2,1,2,1,2,2,2,2,2,1,3,3,3,3,3,3,3,3,3,2,1.494,1.744,1.494,1.694,1.494,1.719,1.619,1.494,Reasonably age-friendly,Reasonably age-friendly,Reasonably age-friendly,Less age-friendly,Reasonably age-friendly,Reasonably age-friendly,Less age-friendly,Less age-friendly,Less age-friendly,Reasonably age-friendly,Less age-friendly,residential,5.895,302:0,0,backward,242,241,5.895,22.05,22.425,23.425,22.175,23.425,22.425,23.425,22.299999999999997,22.8,23.425,0
303,2.12,1.0,2.12,3,3.0,3.0,2,2,3,1.5,1,1,2,1,1,1,3,1,3,2.234,2.259,3.0,3.0,2.0,3.0,3,1,3,3,1,1,3,3,1,3,3,2,1,1,3,3,2,1,3,3,3,3,3,2,2,2,1,2,2,1,2,1,2,2,2,1,2,1,2,1,2,1,2,2,2,2,2,1,3,3,3,3,3,3,3,3,3,2,2.059,2.209,2.059,2.159,2.059,2.184,2.184,2.059,Reasonably age-friendly,Less age-friendly,Less age-friendly,Less age-friendly,Reasonably age-friendly,Reasonably age-friendly,Less age-friendly,Less age-friendly,Less age-friendly,Reasonably age-friendly,Less age-friendly,residential,15.033,303:0,0,forward,242,243,15.033,28.863,28.738,29.738,28.988,29.738,29.238,29.738,29.113,29.113,29.738,0
303,2.12,1.0,2.12,3,3.0,3.0,2,2,3,1.5,1,1,2,1,1,1,3,1,3,2.234,2.259,3.0,3.0,2.0,3.0,3,1,3,3,1,1,3,3,1,3,3,2,1,1,3,3,2,1,3,3,3,3,3,2,2,2,1,2,2,1,2,1,2,2,2,1,2,1,2,1,2,1,2,2,2,2,2,1,3,3,3,3,3,3,3,3,3,2,2.059,2.209,2.059,2.159,2.059,2.184,2.184,2.059,Reasonably age-friendly,Less age-friendly,Less age-friendly,Less age-friendly,Reasonably age-friendly,Reasonably age-friendly,Less age-friendly,Less age-friendly,Less age-friendly,Reasonably age-friendly,Less age-friendly,residential,15.033,303:0,0,backward,243,242,15.033,28.863,28.738,29.738,28.988,29.738,29.238,29.738,29.113,29.113,29.738,0
304,1.6,1.5,1.067,3,1.0,3.0,2,3,1,1.5,1,1,2,1,2,1,1,1,3,1.497,1.522,3.0,3.0,2.0,3.0,3,1,3,3,1,1,3,3,1,3,3,2,1,1,3,3,2,1,3,3,3,3,3,2,2,2,1,2,2,1,2,1,2,2,2,1,2,1,2,1,2,1,2,2,2,2,2,1,3,3,3,3,3,3,3,3,3,2,1.322,1.472,1.322,1.422,1.322,1.447,1.447,1.322,Reasonably age-friendly,Less age-friendly,Less age-friendly,Reasonably age-friendly,Reasonably age-friendly,Reasonably age-friendly,Less age-friendly,Less age-friendly,Less age-friendly,Reasonably age-friendly,Less age-friendly,residential,4.215,304:0,0,forward,243,244,4.215,21.73,21.605,22.605,21.855,22.605,22.105,22.605,21.98,21.98,22.605,0
304,1.6,1.5,1.067,3,1.0,3.0,2,3,1,1.5,1,1,2,1,2,1,1,1,3,1.497,1.522,3.0,3.0,2.0,3.0,3,1,3,3,1,1,3,3,1,3,3,2,1,1,3,3,2,1,3,3,3,3,3,2,2,2,1,2,2,1,2,1,2,2,2,1,2,1,2,1,2,1,2,2,2,2,2,1,3,3,3,3,3,3,3,3,3,2,1.322,1.472,1.322,1.422,1.322,1.447,1.447,1.322,Reasonably age-friendly,Less age-friendly,Less age-friendly,Reasonably age-friendly,Reasonably age-friendly,Reasonably age-friendly,Less age-friendly,Less age-friendly,Less age-friendly,Reasonably age-friendly,Less age-friendly,residential,4.215,304:0,0,backward,244,243,4.215,21.73,21.605,22.605,21.855,22.605,22.105,22.605,21.98,21.98,22.605,0
305,2.08,1.0,2.08,3,3.0,3.0,3,3,3,1.5,1,1,2,1,1,1,1,1,3,2.206,2.231,3.0,3.0,2.0,3.0,3,1,3,3,1,1,3,3,1,3,3,2,1,1,3,3,2,1,3,3,3,3,3,2,2,2,1,2,2,1,2,1,2,2,2,1,2,1,2,1,2,1,2,2,2,2,2,1,3,3,3,3,3,3,3,3,3,2,2.031,2.181,2.031,2.131,2.031,2.156,2.156,2.031,Reasonably age-friendly,Reasonably age-friendly,Reasonably age-friendly,Reasonably age-friendly,Reasonably age-friendly,Reasonably age-friendly,Reasonably age-friendly,Reasonably age-friendly,Reasonably age-friendly,Reasonably age-friendly,Less age-friendly,residential,17.76,305:0,0,forward,244,245,17.76,31.730000000000004,31.605000000000004,32.605000000000004,31.855,32.605000000000004,32.105000000000004,32.605000000000004,31.98,31.98,32.605000000000004,0
305,2.08,1.0,2.08,3,3.0,3.0,3,3,3,1.5,1,1,2,1,1,1,1,1,3,2.206,2.231,3.0,3.0,2.0,3.0,3,1,3,3,1,1,3,3,1,3,3,2,1,1,3,3,2,1,3,3,3,3,3,2,2,2,1,2,2,1,2,1,2,2,2,1,2,1,2,1,2,1,2,2,2,2,2,1,3,3,3,3,3,3,3,3,3,2,2.031,2.181,2.031,2.131,2.031,2.156,2.156,2.031,Reasonably age-friendly,Reasonably age-friendly,Reasonably age-friendly,Reasonably age-friendly,Reasonably age-friendly,Reasonably age-friendly,Reasonably age-friendly,Reasonably age-friendly,Reasonably age-friendly,Reasonably age-friendly,Less age-friendly,residential,17.76,305:0,0,backward,245,244,17.76,31.730000000000004,31.605000000000004,32.605000000000004,31.855,32.605000000000004,32.105000000000004,32.605000000000004,31.98,31.98,32.605000000000004,0
306,2.15,2.0,1.075,3,2.5,2.0,3,2,3,3.0,1,1,2,1,2,2,2,3,3,1.603,1.528,3.0,3.0,2.0,3.0,3,3,3,3,3,3,3,3,1,3,3,2,1,1,3,3,2,1,3,3,3,3,3,2,2,2,1,2,2,1,2,1,2,2,2,1,2,1,2,1,2,1,2,2,2,2,2,1,3,3,3,3,3,3,3,3,3,2,1.328,1.578,1.328,1.527,1.328,1.553,1.453,1.328,Reasonably age-friendly,Reasonably age-friendly,Reasonably age-friendly,Reasonably age-friendly,Reasonably age-friendly,Reasonably age-friendly,Reasonably age-friendly,Reasonably age-friendly,Less age-friendly,Reasonably age-friendly,Less age-friendly,residential,71.172,306:0,0,forward,245,246,71.172,88.157,88.532,89.532,88.282,89.532,88.53699999999999,89.532,88.407,88.907,89.532,0
306,2.15,2.0,1.075,3,2.5,2.0,3,2,3,3.0,1,1,2,1,2,2,2,3,3,1.603,1.528,3.0,3.0,2.0,3.0,3,3,3,3,3,3,3,3,1,3,3,2,1,1,3,3,2,1,3,3,3,3,3,2,2,2,1,2,2,1,2,1,2,2,2,1,2,1,2,1,2,1,2,2,2,2,2,1,3,3,3,3,3,3,3,3,3,2,1.328,1.578,1.328,1.527,1.328,1.553,1.453,1.328,Reasonably age-friendly,Reasonably age-friendly,Reasonably age-friendly,Reasonably age-friendly,Reasonably age-friendly,Reasonably age-friendly,Reasonably age-friendly,Reasonably age-friendly,Less age-friendly,Reasonably age-friendly,Less age-friendly,residential,71.172,306:0,0,backward,246,245,71.172,88.157,88.532,89.532,88.282,89.532,88.53699999999999,89.532,88.407,88.907,89.532,0
307,1.8,1.5,1.2,3,1.0,3.0,3,3,1,1.0,1,1,2,1,2,1,2,1,3,1.59,1.615,3.0,3.0,2.0,3.0,3,2,3,3,2,1,3,3,1,3,3,2,1,1,3,3,2,1,3,3,3,3,3,2,2,2,1,2,2,1,2,1,2,2,2,1,2,1,2,1,2,1,2,2,2,2,2,1,3,3,3,3,3,3,3,2,3,2,1.415,1.615,1.415,1.565,1.415,1.44,1.54,1.415,Reasonably age-friendly,Less age-friendly,Less age-friendly,Less age-friendly,Reasonably age-friendly,Reasonably age-friendly,Less age-friendly,Less age-friendly,Less age-friendly,Reasonably age-friendly,Less age-friendly,residential,9.804,307:0,0,forward,246,247,9.804,26.854,26.729,27.729,26.729,27.729,26.979,27.729,27.604,27.104,27.729,0
307,1.8,1.5,1.2,3,1.0,3.0,3,3,1,1.0,1,1,2,1,2,1,2,1,3,1.59,1.615,3.0,3.0,2.0,3.0,3,2,3,3,2,1,3,3,1,3,3,2,1,1,3,3,2,1,3,3,3,3,3,2,2,2,1,2,2,1,2,1,2,2,2,1,2,1,2,1,2,1,2,2,2,2,2,1,3,3,3,3,3,3,3,2,3,2,1.415,1.615,1.415,1.565,1.415,1.44,1.54,1.415,Reasonably age-friendly,Less age-friendly,Less age-friendly,Less age-friendly,Reasonably age-friendly,Reasonably age-friendly,Less age-friendly,Less age-friendly,Less age-friendly,Reasonably age-friendly,Less age-friendly,residential,9.804,307:0,0,backward,247,246,9.804,26.854,26.729,27.729,26.729,27.729,26.979,27.729,27.604,27.104,27.729,0
308,1.92,1.5,1.28,3,1.0,3.0,3,3,1,1.0,1,1,2,3,2,1,1,1,3,1.646,1.571,3.0,3.0,2.0,3.0,3,1,3,3,1,1,3,3,1,3,3,2,1,1,3,3,2,1,3,3,3,3,3,2,2,2,1,2,2,1,2,1,2,2,2,1,2,1,2,1,2,1,2,2,2,2,2,1,3,3,3,2,3,3,1,2,1,2,1.471,1.621,1.471,1.371,1.471,1.496,1.396,1.471,Reasonably age-friendly,Reasonably age-friendly,Reasonably age-friendly,Reasonably age-friendly,Reasonably age-friendly,Reasonably age-friendly,Less age-friendly,Less age-friendly,Less age-friendly,Reasonably age-friendly,Less age-friendly,residential,24.432,308:0,0,forward,248,249,24.432,41.202,41.577,42.077,41.327,42.077,42.577,42.077,41.952,42.452,42.077,0
308,1.92,1.5,1.28,3,1.0,3.0,3,3,1,1.0,1,1,2,3,2,1,1,1,3,1.646,1.571,3.0,3.0,2.0,3.0,3,1,3,3,1,1,3,3,1,3,3,2,1,1,3,3,2,1,3,3,3,3,3,2,2,2,1,2,2,1,2,1,2,2,2,1,2,1,2,1,2,1,2,2,2,2,2,1,3,3,3,2,3,3,1,2,1,2,1.471,1.621,1.471,1.371,1.471,1.496,1.396,1.471,Reasonably age-friendly,Reasonably age-friendly,Reasonably age-friendly,Reasonably age-friendly,Reasonably age-friendly,Reasonably age-friendly,Less age-friendly,Less age-friendly,Less age-friendly,Reasonably age-friendly,Less age-friendly,residential,24.432,308:0,0,backward,249,248,24.432,41.202,41.577,42.077,41.327,42.077,42.577,42.077,41.952,42.452,42.077,0
309,2.56,1.0,2.56,3,3.0,3.0,3,3,3,3.0,3,2,2,2,1,1,1,3,1,2.642,2.467,3.0,3.0,2.0,3.0,3,2,3,3,2,3,1,3,1,3,3,2,1,1,3,3,2,1,3,3,3,3,3,2,2,2,1,2,2,1,2,1,2,2,2,1,2,1,2,1,2,1,2,2,2,2,2,1,3,3,3,3,3,3,3,3,3,2,2.367,2.567,2.367,2.517,2.367,2.592,2.392,2.367,Reasonably age-friendly,Reasonably age-friendly,More age-friendly,Reasonably age-friendly,Reasonably age-friendly,Reasonably age-friendly,Reasonably age-friendly,Reasonably age-friendly,Reasonably age-friendly,Reasonably age-friendly,Reasonably age-friendly,residential,87.841,309:0,0,forward,249,250,87.841,99.631,100.506,101.006,100.006,101.006,100.256,101.006,99.881,100.881,101.006,0
309,2.56,1.0,2.56,3,3.0,3.0,3,3,3,3.0,3,2,2,2,1,1,1,3,1,2.642,2.467,3.0,3.0,2.0,3.0,3,2,3,3,2,3,1,3,1,3,3,2,1,1,3,3,2,1,3,3,3,3,3,2,2,2,1,2,2,1,2,1,2,2,2,1,2,1,2,1,2,1,2,2,2,2,2,1,3,3,3,3,3,3,3,3,3,2,2.367,2.567,2.367,2.517,2.367,2.592,2.392,2.367,Reasonably age-friendly,Reasonably age-friendly,More age-friendly,Reasonably age-friendly,Reasonably age-friendly,Reasonably age-friendly,Reasonably age-friendly,Reasonably age-friendly,Reasonably age-friendly,Reasonably age-friendly,Reasonably age-friendly,residential,87.841,309:0,0,backward,250,249,87.841,99.631,100.506,101.006,100.006,101.006,100.256,101.006,99.881,100.881,101.006,0
310,1.92,1.5,1.28,3,1.0,3.0,2,3,1,1.0,1,1,3,2,2,1,3,1,3,1.546,1.621,3.0,3.0,2.0,3.0,3,1,3,3,1,1,3,3,2,3,3,3,2,2,3,3,3,2,3,3,3,3,3,2,2,2,1,2,2,1,2,1,2,2,2,1,2,1,2,1,2,1,2,2,2,2,2,1,3,2,2,2,1,3,2,3,2,3,1.621,1.521,1.621,1.471,1.621,1.596,1.546,1.621,Reasonably age-friendly,Less age-friendly,Less age-friendly,Less age-friendly,Reasonably age-friendly,Reasonably age-friendly,Less age-friendly,Less age-friendly,Less age-friendly,Reasonably age-friendly,Less age-friendly,residential,24.527,310:0,0,forward,187,251,24.527,41.797,41.422,41.422,41.922,41.422,42.172,41.422,41.547,41.797,41.422,0
310,1.92,1.5,1.28,3,1.0,3.0,2,3,1,1.0,1,1,3,2,2,1,3,1,3,1.546,1.621,3.0,3.0,2.0,3.0,3,1,3,3,1,1,3,3,2,3,3,3,2,2,3,3,3,2,3,3,3,3,3,2,2,2,1,2,2,1,2,1,2,2,2,1,2,1,2,1,2,1,2,2,2,2,2,1,3,2,2,2,1,3,2,3,2,3,1.621,1.521,1.621,1.471,1.621,1.596,1.546,1.621,Reasonably age-friendly,Less age-friendly,Less age-friendly,Less age-friendly,Reasonably age-friendly,Reasonably age-friendly,Less age-friendly,Less age-friendly,Less age-friendly,Reasonably age-friendly,Less age-friendly,residential,24.527,310:0,0,backward,251,187,24.527,41.797,41.422,41.422,41.922,41.422,42.172,41.422,41.547,41.797,41.422,0
311,1.31,1.5,0.873,1,1.5,1.0,1,2,2,2.0,1,1,3,1,1,2,1,1,3,1.261,1.436,3.0,3.0,2.0,3.0,3,1,3,3,1,1,3,3,2,3,3,3,2,2,3,3,3,2,3,3,3,3,3,2,2,2,1,2,2,1,2,1,2,2,2,1,2,1,2,1,2,1,2,2,2,2,2,1,1,3,2,3,3,3,3,2,1,1,1.136,1.336,1.136,1.286,1.136,1.211,1.161,1.136,Reasonably age-friendly,Reasonably age-friendly,Reasonably age-friendly,Reasonably age-friendly,Reasonably age-friendly,Reasonably age-friendly,Reasonably age-friendly,Reasonably age-friendly,Less age-friendly,Reasonably age-friendly,Less age-friendly,residential,95.42,311:0,0,forward,251,252,95.42,114.11500000000001,113.24000000000001,114.74000000000001,113.74000000000001,114.74000000000001,113.99000000000001,114.74000000000001,114.36500000000001,114.61500000000001,114.74000000000001,0
311,1.31,1.5,0.873,1,1.5,1.0,1,2,2,2.0,1,1,3,1,1,2,1,1,3,1.261,1.436,3.0,3.0,2.0,3.0,3,1,3,3,1,1,3,3,2,3,3,3,2,2,3,3,3,2,3,3,3,3,3,2,2,2,1,2,2,1,2,1,2,2,2,1,2,1,2,1,2,1,2,2,2,2,2,1,1,3,2,3,3,3,3,2,1,1,1.136,1.336,1.136,1.286,1.136,1.211,1.161,1.136,Reasonably age-friendly,Reasonably age-friendly,Reasonably age-friendly,Reasonably age-friendly,Reasonably age-friendly,Reasonably age-friendly,Reasonably age-friendly,Reasonably age-friendly,Less age-friendly,Reasonably age-friendly,Less age-friendly,residential,95.42,311:0,0,backward,252,251,95.42,114.11500000000001,113.24000000000001,114.74000000000001,113.74000000000001,114.74000000000001,113.99000000000001,114.74000000000001,114.36500000000001,114.61500000000001,114.74000000000001,0
312,1.53,2.0,0.765,2,2.5,1.0,1,1,2,2.5,1,1,2,1,1,3,2,3,3,1.286,1.311,3.0,3.0,2.0,3.0,3,3,3,3,3,3,3,3,1,3,3,2,1,1,3,3,2,1,3,3,3,3,3,2,2,2,1,2,2,1,2,1,2,2,2,1,2,1,2,1,2,1,2,2,2,2,2,1,1,3,2,3,2,3,3,2,1,1,1.011,1.361,1.011,1.31,1.011,1.236,1.036,1.011,Reasonably age-friendly,Reasonably age-friendly,Less age-friendly,Less age-friendly,Reasonably age-friendly,Reasonably age-friendly,Less age-friendly,Less age-friendly,Less age-friendly,Reasonably age-friendly,Less age-friendly,residential,81.132,312:0,0,forward,253,254,81.132,99.702,99.577,101.077,99.327,101.077,99.58200000000001,101.077,99.952,100.952,101.077,0
312,1.53,2.0,0.765,2,2.5,1.0,1,1,2,2.5,1,1,2,1,1,3,2,3,3,1.286,1.311,3.0,3.0,2.0,3.0,3,3,3,3,3,3,3,3,1,3,3,2,1,1,3,3,2,1,3,3,3,3,3,2,2,2,1,2,2,1,2,1,2,2,2,1,2,1,2,1,2,1,2,2,2,2,2,1,1,3,2,3,2,3,3,2,1,1,1.011,1.361,1.011,1.31,1.011,1.236,1.036,1.011,Reasonably age-friendly,Reasonably age-friendly,Less age-friendly,Less age-friendly,Reasonably age-friendly,Reasonably age-friendly,Less age-friendly,Less age-friendly,Less age-friendly,Reasonably age-friendly,Less age-friendly,residential,81.132,312:0,0,backward,254,253,81.132,99.702,99.577,101.077,99.327,101.077,99.58200000000001,101.077,99.952,100.952,101.077,0
313,1.92,1.5,1.28,3,1.0,3.0,3,3,1,1.0,1,1,3,2,2,1,2,1,3,1.546,1.721,3.0,3.0,2.0,3.0,3,2,3,3,2,1,3,3,2,3,3,3,2,2,3,3,3,2,3,3,3,3,3,2,2,2,1,2,2,1,2,1,2,2,2,1,2,1,2,1,2,1,2,2,2,2,2,1,1,1,2,3,2,2,3,2,1,1,1.421,1.471,1.421,1.621,1.421,1.496,1.446,1.421,Reasonably age-friendly,Less age-friendly,Less age-friendly,Less age-friendly,Reasonably age-friendly,Reasonably age-friendly,Less age-friendly,Less age-friendly,Less age-friendly,Reasonably age-friendly,Less age-friendly,residential,10.97,313:0,0,forward,253,255,10.97,28.240000000000002,27.365000000000002,28.865000000000002,28.615000000000002,28.865000000000002,27.865000000000002,28.865000000000002,28.490000000000002,28.740000000000002,28.865000000000002,0
313,1.92,1.5,1.28,3,1.0,3.0,3,3,1,1.0,1,1,3,2,2,1,2,1,3,1.546,1.721,3.0,3.0,2.0,3.0,3,2,3,3,2,1,3,3,2,3,3,3,2,2,3,3,3,2,3,3,3,3,3,2,2,2,1,2,2,1,2,1,2,2,2,1,2,1,2,1,2,1,2,2,2,2,2,1,1,1,2,3,2,2,3,2,1,1,1.421,1.471,1.421,1.621,1.421,1.496,1.446,1.421,Reasonably age-friendly,Less age-friendly,Less age-friendly,Less age-friendly,Reasonably age-friendly,Reasonably age-friendly,Less age-friendly,Less age-friendly,Less age-friendly,Reasonably age-friendly,Less age-friendly,residential,10.97,313:0,0,backward,255,253,10.97,28.240000000000002,27.365000000000002,28.865000000000002,28.615000000000002,28.865000000000002,27.865000000000002,28.865000000000002,28.490000000000002,28.740000000000002,28.865000000000002,0
314,2.32,1.5,1.547,3,3.0,3.0,3,3,3,3.0,1,1,3,1,2,1,2,1,3,1.833,1.808,3.0,3.0,2.0,3.0,3,1,3,3,1,1,3,3,2,3,3,3,2,2,3,3,3,2,3,3,3,3,3,2,2,2,1,2,2,1,2,1,2,2,2,1,2,1,2,1,2,1,2,2,2,2,2,1,3,3,3,2,3,3,3,3,3,3,1.808,1.808,1.808,1.758,1.808,1.783,1.833,1.808,Reasonably age-friendly,Reasonably age-friendly,Reasonably age-friendly,Reasonably age-friendly,Reasonably age-friendly,Reasonably age-friendly,Less age-friendly,Reasonably age-friendly,Reasonably age-friendly,Reasonably age-friendly,Less age-friendly,residential,73.8,314:0,0,forward,256,257,73.8,89.63499999999999,89.75999999999999,89.75999999999999,89.75999999999999,89.75999999999999,90.00999999999999,89.75999999999999,89.88499999999999,89.63499999999999,89.75999999999999,0
314,2.32,1.5,1.547,3,3.0,3.0,3,3,3,3.0,1,1,3,1,2,1,2,1,3,1.833,1.808,3.0,3.0,2.0,3.0,3,1,3,3,1,1,3,3,2,3,3,3,2,2,3,3,3,2,3,3,3,3,3,2,2,2,1,2,2,1,2,1,2,2,2,1,2,1,2,1,2,1,2,2,2,2,2,1,3,3,3,2,3,3,3,3,3,3,1.808,1.808,1.808,1.758,1.808,1.783,1.833,1.808,Reasonably age-friendly,Reasonably age-friendly,Reasonably age-friendly,Reasonably age-friendly,Reasonably age-friendly,Reasonably age-friendly,Less age-friendly,Reasonably age-friendly,Reasonably age-friendly,Reasonably age-friendly,Less age-friendly,residential,73.8,314:0,0,backward,257,256,73.8,89.63499999999999,89.75999999999999,89.75999999999999,89.75999999999999,89.75999999999999,90.00999999999999,89.75999999999999,89.88499999999999,89.63499999999999,89.75999999999999,0
315,2.11,1.5,1.407,3,1.5,1.0,3,3,2,3.0,1,1,2,2,2,1,2,1,2,1.735,1.71,3.0,3.0,2.0,3.0,3,1,3,3,1,1,2,3,1,3,3,2,1,1,3,3,2,1,3,3,3,3,3,2,2,2,1,2,2,1,2,1,2,2,2,1,2,1,2,1,2,1,2,2,2,2,2,1,3,3,3,3,3,3,3,2,3,1,1.46,1.71,1.46,1.66,1.46,1.585,1.635,1.46,Reasonably age-friendly,Less age-friendly,Less age-friendly,Less age-friendly,Reasonably age-friendly,Reasonably age-friendly,Less age-friendly,Less age-friendly,Less age-friendly,Reasonably age-friendly,Less age-friendly,residential,87.699,315:0,0,forward,255,258,87.699,104.024,104.149,105.399,104.149,105.399,104.399,105.399,104.774,104.524,105.399,0
315,2.11,1.5,1.407,3,1.5,1.0,3,3,2,3.0,1,1,2,2,2,1,2,1,2,1.735,1.71,3.0,3.0,2.0,3.0,3,1,3,3,1,1,2,3,1,3,3,2,1,1,3,3,2,1,3,3,3,3,3,2,2,2,1,2,2,1,2,1,2,2,2,1,2,1,2,1,2,1,2,2,2,2,2,1,3,3,3,3,3,3,3,2,3,1,1.46,1.71,1.46,1.66,1.46,1.585,1.635,1.46,Reasonably age-friendly,Less age-friendly,Less age-friendly,Less age-friendly,Reasonably age-friendly,Reasonably age-friendly,Less age-friendly,Less age-friendly,Less age-friendly,Reasonably age-friendly,Less age-friendly,residential,87.699,315:0,0,backward,258,255,87.699,104.024,104.149,105.399,104.149,105.399,104.399,105.399,104.774,104.524,105.399,0
316,1.92,1.5,1.28,3,1.0,3.0,3,3,1,1.0,1,1,2,2,2,1,2,1,3,1.646,1.571,3.0,3.0,2.0,3.0,3,1,3,3,1,1,3,3,1,3,3,2,1,1,3,3,2,1,3,3,3,3,3,2,2,2,1,2,2,1,2,1,2,2,2,1,2,1,2,1,2,1,2,2,2,2,2,1,1,3,3,2,3,1,2,2,3,1,1.371,1.621,1.371,1.471,1.371,1.496,1.596,1.371,Reasonably age-friendly,Less age-friendly,Less age-friendly,Less age-friendly,Reasonably age-friendly,Reasonably age-friendly,Less age-friendly,Less age-friendly,Less age-friendly,Reasonably age-friendly,Less age-friendly,residential,14.179,316:0,0,forward,258,256,14.179,30.948999999999998,31.324000000000005,32.324,31.073999999999998,32.324,31.823999999999998,32.324,31.698999999999998,31.198999999999998,32.324,0
316,1.92,1.5,1.28,3,1.0,3.0,3,3,1,1.0,1,1,2,2,2,1,2,1,3,1.646,1.571,3.0,3.0,2.0,3.0,3,1,3,3,1,1,3,3,1,3,3,2,1,1,3,3,2,1,3,3,3,3,3,2,2,2,1,2,2,1,2,1,2,2,2,1,2,1,2,1,2,1,2,2,2,2,2,1,1,3,3,2,3,1,2,2,3,1,1.371,1.621,1.371,1.471,1.371,1.496,1.596,1.371,Reasonably age-friendly,Less age-friendly,Less age-friendly,Less age-friendly,Reasonably age-friendly,Reasonably age-friendly,Less age-friendly,Less age-friendly,Less age-friendly,Reasonably age-friendly,Less age-friendly,residential,14.179,316:0,0,backward,256,258,14.179,30.948999999999998,31.324000000000005,32.324,31.073999999999998,32.324,31.823999999999998,32.324,31.698999999999998,31.198999999999998,32.324,0
317,1.71,1.5,1.14,3,1.5,1.0,3,3,2,1.0,1,1,2,1,2,1,1,2,2,1.598,1.523,3.0,3.0,2.0,3.0,3,2,3,3,2,2,2,3,1,3,3,2,1,1,3,3,2,1,3,3,3,3,3,2,2,2,1,2,2,1,2,1,2,2,2,1,2,1,2,1,2,1,2,2,2,2,2,1,3,3,3,3,3,3,2,3,2,3,1.473,1.573,1.473,1.423,1.473,1.548,1.348,1.473,Reasonably age-friendly,Reasonably age-friendly,Reasonably age-friendly,Reasonably age-friendly,Reasonably age-friendly,Reasonably age-friendly,Less age-friendly,Reasonably age-friendly,Less age-friendly,Reasonably age-friendly,Less age-friendly,residential,85.795,317:0,0,forward,251,259,85.795,102.805,103.18,103.43,102.93,103.43,103.68,103.43,103.055,104.055,103.43,0
317,1.71,1.5,1.14,3,1.5,1.0,3,3,2,1.0,1,1,2,1,2,1,1,2,2,1.598,1.523,3.0,3.0,2.0,3.0,3,2,3,3,2,2,2,3,1,3,3,2,1,1,3,3,2,1,3,3,3,3,3,2,2,2,1,2,2,1,2,1,2,2,2,1,2,1,2,1,2,1,2,2,2,2,2,1,3,3,3,3,3,3,2,3,2,3,1.473,1.573,1.473,1.423,1.473,1.548,1.348,1.473,Reasonably age-friendly,Reasonably age-friendly,Reasonably age-friendly,Reasonably age-friendly,Reasonably age-friendly,Reasonably age-friendly,Less age-friendly,Reasonably age-friendly,Less age-friendly,Reasonably age-friendly,Less age-friendly,residential,85.795,317:0,0,backward,259,251,85.795,102.805,103.18,103.43,102.93,103.43,103.68,103.43,103.055,104.055,103.43,0
318,1.83,1.0,1.83,3,1.5,1.0,3,3,2,1.0,1,1,2,1,1,1,2,2,3,2.081,2.056,3.0,3.0,2.0,3.0,3,1,3,3,1,2,3,3,1,3,3,2,1,1,3,3,2,1,3,3,3,3,3,2,2,2,1,2,2,1,2,1,2,2,2,1,2,1,2,1,2,1,2,2,2,2,2,1,1,3,3,3,3,1,3,3,3,3,1.956,2.006,1.956,1.956,1.956,2.031,1.981,1.956,Reasonably age-friendly,Reasonably age-friendly,Reasonably age-friendly,Reasonably age-friendly,Reasonably age-friendly,Reasonably age-friendly,Reasonably age-friendly,Reasonably age-friendly,Reasonably age-friendly,Reasonably age-friendly,Less age-friendly,residential,48.237,318:0,0,forward,260,258,48.237,62.832,62.957,63.457,63.207,63.457,63.457,63.457,63.082,63.332,63.457,0
318,1.83,1.0,1.83,3,1.5,1.0,3,3,2,1.0,1,1,2,1,1,1,2,2,3,2.081,2.056,3.0,3.0,2.0,3.0,3,1,3,3,1,2,3,3,1,3,3,2,1,1,3,3,2,1,3,3,3,3,3,2,2,2,1,2,2,1,2,1,2,2,2,1,2,1,2,1,2,1,2,2,2,2,2,1,1,3,3,3,3,1,3,3,3,3,1.956,2.006,1.956,1.956,1.956,2.031,1.981,1.956,Reasonably age-friendly,Reasonably age-friendly,Reasonably age-friendly,Reasonably age-friendly,Reasonably age-friendly,Reasonably age-friendly,Reasonably age-friendly,Reasonably age-friendly,Reasonably age-friendly,Reasonably age-friendly,Less age-friendly,residential,48.237,318:0,0,backward,258,260,48.237,62.832,62.957,63.457,63.207,63.457,63.457,63.457,63.082,63.332,63.457,0
319,1.83,2.0,0.915,3,1.5,1.0,3,3,2,1.0,1,1,2,1,3,1,2,1,3,1.391,1.416,3.0,3.0,2.0,3.0,3,1,3,3,1,1,3,3,1,3,3,2,1,1,3,3,2,1,3,3,3,3,3,2,2,2,1,2,2,1,2,1,2,2,2,1,2,1,2,1,2,1,2,2,2,2,2,1,1,3,3,3,3,1,1,3,3,2,1.216,1.366,1.216,1.116,1.216,1.341,1.341,1.216,Reasonably age-friendly,Less age-friendly,Less age-friendly,Less age-friendly,Reasonably age-friendly,Reasonably age-friendly,Less age-friendly,Less age-friendly,Less age-friendly,Reasonably age-friendly,Less age-friendly,residential,27.731,319:0,0,forward,254,261,27.731,45.776,45.651,46.650999999999996,45.900999999999996,46.650999999999996,47.150999999999996,46.650999999999996,46.025999999999996,46.025999999999996,46.650999999999996,0
319,1.83,2.0,0.915,3,1.5,1.0,3,3,2,1.0,1,1,2,1,3,1,2,1,3,1.391,1.416,3.0,3.0,2.0,3.0,3,1,3,3,1,1,3,3,1,3,3,2,1,1,3,3,2,1,3,3,3,3,3,2,2,2,1,2,2,1,2,1,2,2,2,1,2,1,2,1,2,1,2,2,2,2,2,1,1,3,3,3,3,1,1,3,3,2,1.216,1.366,1.216,1.116,1.216,1.341,1.341,1.216,Reasonably age-friendly,Less age-friendly,Less age-friendly,Less age-friendly,Reasonably age-friendly,Reasonably age-friendly,Less age-friendly,Less age-friendly,Less age-friendly,Reasonably age-friendly,Less age-friendly,residential,27.731,319:0,0,backward,261,254,27.731,45.776,45.651,46.650999999999996,45.900999999999996,46.650999999999996,47.150999999999996,46.650999999999996,46.025999999999996,46.025999999999996,46.650999999999996,0
320,1.95,1.0,1.95,3,1.5,1.0,3,3,2,1.0,1,1,2,1,1,1,3,1,3,2.115,2.14,3.0,3.0,2.0,3.0,3,1,3,3,1,1,3,3,1,3,3,2,1,1,3,3,2,1,3,3,3,3,3,2,2,2,1,2,2,1,2,1,2,2,2,1,2,1,2,1,2,1,2,2,2,2,2,1,3,3,3,3,3,3,3,3,3,3,2.04,2.09,2.04,2.04,2.04,2.065,2.065,2.04,Reasonably age-friendly,Less age-friendly,Less age-friendly,Less age-friendly,Reasonably age-friendly,Reasonably age-friendly,Less age-friendly,Less age-friendly,Less age-friendly,Reasonably age-friendly,Less age-friendly,residential,20.325,320:0,0,forward,261,262,20.325,34.75,34.625,35.125,34.875,35.125,35.125,35.125,35.0,35.0,35.125,0
320,1.95,1.0,1.95,3,1.5,1.0,3,3,2,1.0,1,1,2,1,1,1,3,1,3,2.115,2.14,3.0,3.0,2.0,3.0,3,1,3,3,1,1,3,3,1,3,3,2,1,1,3,3,2,1,3,3,3,3,3,2,2,2,1,2,2,1,2,1,2,2,2,1,2,1,2,1,2,1,2,2,2,2,2,1,3,3,3,3,3,3,3,3,3,3,2.04,2.09,2.04,2.04,2.04,2.065,2.065,2.04,Reasonably age-friendly,Less age-friendly,Less age-friendly,Less age-friendly,Reasonably age-friendly,Reasonably age-friendly,Less age-friendly,Less age-friendly,Less age-friendly,Reasonably age-friendly,Less age-friendly,residential,20.325,320:0,0,backward,262,261,20.325,34.75,34.625,35.125,34.875,35.125,35.125,35.125,35.0,35.0,35.125,0
321,2.03,1.0,2.03,3,1.5,1.0,3,3,2,1.0,2,1,1,1,1,1,3,1,3,2.071,2.146,3.0,3.0,2.0,3.0,3,1,3,3,1,1,3,3,1,3,3,1,1,1,3,3,1,1,3,3,3,3,3,2,2,2,1,2,2,1,2,1,2,2,2,1,2,1,2,1,2,1,2,2,2,2,2,1,3,2,2,3,1,3,3,3,3,3,2.096,2.046,2.096,2.096,2.096,2.121,2.071,2.096,Reasonably age-friendly,Less age-friendly,Less age-friendly,Less age-friendly,Reasonably age-friendly,Reasonably age-friendly,Less age-friendly,Less age-friendly,Less age-friendly,Reasonably age-friendly,Less age-friendly,residential,23.649,321:0,0,forward,263,234,23.649,38.294,37.919,38.169,38.419000000000004,38.169,38.169,38.169,38.044,38.294,38.169,0
321,2.03,1.0,2.03,3,1.5,1.0,3,3,2,1.0,2,1,1,1,1,1,3,1,3,2.071,2.146,3.0,3.0,2.0,3.0,3,1,3,3,1,1,3,3,1,3,3,1,1,1,3,3,1,1,3,3,3,3,3,2,2,2,1,2,2,1,2,1,2,2,2,1,2,1,2,1,2,1,2,2,2,2,2,1,3,2,2,3,1,3,3,3,3,3,2.096,2.046,2.096,2.096,2.096,2.121,2.071,2.096,Reasonably age-friendly,Less age-friendly,Less age-friendly,Less age-friendly,Reasonably age-friendly,Reasonably age-friendly,Less age-friendly,Less age-friendly,Less age-friendly,Reasonably age-friendly,Less age-friendly,residential,23.649,321:0,0,backward,234,263,23.649,38.294,37.919,38.169,38.419000000000004,38.169,38.169,38.169,38.044,38.294,38.169,0
322,2.03,1.0,2.03,3,1.5,1.0,3,3,2,1.0,2,1,2,1,1,1,3,1,3,2.171,1.996,3.0,3.0,2.0,3.0,3,1,3,3,1,1,3,3,1,3,3,2,1,1,3,3,2,1,3,3,3,3,3,2,2,2,1,2,2,1,2,1,2,2,2,1,2,1,2,1,2,1,2,2,2,2,2,1,3,3,3,1,3,3,3,3,3,3,2.096,2.146,2.096,2.096,2.096,2.121,2.121,2.096,Reasonably age-friendly,Less age-friendly,Less age-friendly,Less age-friendly,Reasonably age-friendly,Reasonably age-friendly,Less age-friendly,Less age-friendly,Less age-friendly,Reasonably age-friendly,Less age-friendly,residential,26.043,322:0,0,forward,264,263,26.043,40.188,41.063,40.563,40.313,40.563,40.563,40.563,40.438,40.438,40.563,0
322,2.03,1.0,2.03,3,1.5,1.0,3,3,2,1.0,2,1,2,1,1,1,3,1,3,2.171,1.996,3.0,3.0,2.0,3.0,3,1,3,3,1,1,3,3,1,3,3,2,1,1,3,3,2,1,3,3,3,3,3,2,2,2,1,2,2,1,2,1,2,2,2,1,2,1,2,1,2,1,2,2,2,2,2,1,3,3,3,1,3,3,3,3,3,3,2.096,2.146,2.096,2.096,2.096,2.121,2.121,2.096,Reasonably age-friendly,Less age-friendly,Less age-friendly,Less age-friendly,Reasonably age-friendly,Reasonably age-friendly,Less age-friendly,Less age-friendly,Less age-friendly,Reasonably age-friendly,Less age-friendly,residential,26.043,322:0,0,backward,263,264,26.043,40.188,41.063,40.563,40.313,40.563,40.563,40.563,40.438,40.438,40.563,0
323,2.03,1.0,2.03,3,1.5,1.0,3,3,2,1.0,2,1,2,1,1,1,3,1,3,2.171,1.996,3.0,3.0,2.0,3.0,3,1,3,3,1,1,3,3,1,3,3,2,1,1,3,3,2,1,3,3,3,3,3,2,2,2,1,2,2,1,2,1,2,2,2,1,2,1,2,1,2,1,2,2,2,2,2,1,3,3,3,1,3,3,1,1,3,3,2.096,2.146,2.096,1.896,2.096,1.921,2.121,2.096,Reasonably age-friendly,Less age-friendly,Less age-friendly,Less age-friendly,Reasonably age-friendly,Reasonably age-friendly,Less age-friendly,Less age-friendly,Less age-friendly,Reasonably age-friendly,Less age-friendly,residential,24.657,323:0,0,forward,265,264,24.657,38.802,39.677,39.177,38.927,39.177,40.177,39.177,40.052,39.052,39.177,0
323,2.03,1.0,2.03,3,1.5,1.0,3,3,2,1.0,2,1,2,1,1,1,3,1,3,2.171,1.996,3.0,3.0,2.0,3.0,3,1,3,3,1,1,3,3,1,3,3,2,1,1,3,3,2,1,3,3,3,3,3,2,2,2,1,2,2,1,2,1,2,2,2,1,2,1,2,1,2,1,2,2,2,2,2,1,3,3,3,1,3,3,1,1,3,3,2.096,2.146,2.096,1.896,2.096,1.921,2.121,2.096,Reasonably age-friendly,Less age-friendly,Less age-friendly,Less age-friendly,Reasonably age-friendly,Reasonably age-friendly,Less age-friendly,Less age-friendly,Less age-friendly,Reasonably age-friendly,Less age-friendly,residential,24.657,323:0,0,backward,264,265,24.657,38.802,39.677,39.177,38.927,39.177,40.177,39.177,40.052,39.052,39.177,0
324,1.87,1.0,1.87,2,1.5,1.0,3,3,2,1.0,1,1,2,1,1,1,3,1,3,1.959,1.884,3.0,3.0,2.0,3.0,3,1,3,3,1,1,3,3,1,3,3,2,1,1,3,3,2,1,3,3,3,3,3,2,2,2,1,2,2,1,2,1,2,2,2,1,2,1,2,1,2,1,2,2,2,2,2,1,2,1,2,1,2,3,3,3,3,3,1.984,1.834,1.984,1.984,1.984,2.009,2.009,1.984,Reasonably age-friendly,Less age-friendly,Less age-friendly,Less age-friendly,Reasonably age-friendly,Reasonably age-friendly,Less age-friendly,Less age-friendly,Less age-friendly,Reasonably age-friendly,Less age-friendly,residential,44.046,324:0,0,forward,262,265,44.046,59.251,59.626,59.126,59.876,59.126,59.126,59.126,59.001,59.001,59.126,0
324,1.87,1.0,1.87,2,1.5,1.0,3,3,2,1.0,1,1,2,1,1,1,3,1,3,1.959,1.884,3.0,3.0,2.0,3.0,3,1,3,3,1,1,3,3,1,3,3,2,1,1,3,3,2,1,3,3,3,3,3,2,2,2,1,2,2,1,2,1,2,2,2,1,2,1,2,1,2,1,2,2,2,2,2,1,2,1,2,1,2,3,3,3,3,3,1.984,1.834,1.984,1.984,1.984,2.009,2.009,1.984,Reasonably age-friendly,Less age-friendly,Less age-friendly,Less age-friendly,Reasonably age-friendly,Reasonably age-friendly,Less age-friendly,Less age-friendly,Less age-friendly,Reasonably age-friendly,Less age-friendly,residential,44.046,324:0,0,backward,265,262,44.046,59.251,59.626,59.126,59.876,59.126,59.126,59.126,59.001,59.001,59.126,0
325,1.91,1.0,1.91,3,1.5,1.0,3,3,2,1.0,2,1,1,1,1,1,2,1,3,2.087,2.062,3.0,3.0,2.0,3.0,3,1,3,3,1,1,3,3,1,3,3,1,1,1,3,3,1,1,3,3,3,3,3,2,2,2,1,2,2,1,2,1,2,2,2,1,2,1,2,1,2,1,2,2,2,2,2,1,3,3,3,3,3,3,3,3,3,3,2.012,2.062,2.012,2.012,2.012,2.037,1.987,2.012,Reasonably age-friendly,Reasonably age-friendly,Reasonably age-friendly,Reasonably age-friendly,Reasonably age-friendly,Reasonably age-friendly,Reasonably age-friendly,Reasonably age-friendly,Reasonably age-friendly,Reasonably age-friendly,Less age-friendly,residential,34.469,325:0,0,forward,265,266,34.469,49.034,49.159000000000006,49.409,49.159000000000006,49.409,49.409,49.409,49.284000000000006,49.534,49.409,0
325,1.91,1.0,1.91,3,1.5,1.0,3,3,2,1.0,2,1,1,1,1,1,2,1,3,2.087,2.062,3.0,3.0,2.0,3.0,3,1,3,3,1,1,3,3,1,3,3,1,1,1,3,3,1,1,3,3,3,3,3,2,2,2,1,2,2,1,2,1,2,2,2,1,2,1,2,1,2,1,2,2,2,2,2,1,3,3,3,3,3,3,3,3,3,3,2.012,2.062,2.012,2.012,2.012,2.037,1.987,2.012,Reasonably age-friendly,Reasonably age-friendly,Reasonably age-friendly,Reasonably age-friendly,Reasonably age-friendly,Reasonably age-friendly,Reasonably age-friendly,Reasonably age-friendly,Reasonably age-friendly,Reasonably age-friendly,Less age-friendly,residential,34.469,325:0,0,backward,266,265,34.469,49.034,49.159000000000006,49.409,49.159000000000006,49.409,49.409,49.409,49.284000000000006,49.534,49.409,0
326,1.87,1.5,1.247,3,1.5,1.0,3,3,2,1.5,1,1,1,1,2,1,2,1,3,1.623,1.598,3.0,3.0,2.0,3.0,3,1,3,3,1,1,3,3,1,3,3,1,1,1,3,3,1,1,3,3,3,3,3,2,2,2,1,2,2,1,2,1,2,2,2,1,2,1,2,1,2,1,2,2,2,2,2,1,3,3,3,3,3,3,3,3,3,3,1.548,1.598,1.548,1.548,1.548,1.573,1.523,1.548,Reasonably age-friendly,Less age-friendly,Less age-friendly,Less age-friendly,Reasonably age-friendly,Reasonably age-friendly,Less age-friendly,Less age-friendly,Less age-friendly,Reasonably age-friendly,Less age-friendly,residential,20.513,326:0,0,forward,233,267,20.513,37.397999999999996,37.523,37.772999999999996,37.523,37.772999999999996,37.772999999999996,37.772999999999996,37.648,37.898,37.772999999999996,0
326,1.87,1.5,1.247,3,1.5,1.0,3,3,2,1.5,1,1,1,1,2,1,2,1,3,1.623,1.598,3.0,3.0,2.0,3.0,3,1,3,3,1,1,3,3,1,3,3,1,1,1,3,3,1,1,3,3,3,3,3,2,2,2,1,2,2,1,2,1,2,2,2,1,2,1,2,1,2,1,2,2,2,2,2,1,3,3,3,3,3,3,3,3,3,3,1.548,1.598,1.548,1.548,1.548,1.573,1.523,1.548,Reasonably age-friendly,Less age-friendly,Less age-friendly,Less age-friendly,Reasonably age-friendly,Reasonably age-friendly,Less age-friendly,Less age-friendly,Less age-friendly,Reasonably age-friendly,Less age-friendly,residential,20.513,326:0,0,backward,267,233,20.513,37.397999999999996,37.523,37.772999999999996,37.523,37.772999999999996,37.772999999999996,37.772999999999996,37.648,37.898,37.772999999999996,0
327,1.71,1.5,1.14,3,1.5,1.0,3,3,2,1.0,1,1,1,1,2,1,1,1,3,1.448,1.523,3.0,3.0,2.0,3.0,3,1,3,3,1,1,3,3,1,3,3,1,1,1,3,3,1,1,3,3,3,3,3,2,2,2,1,2,2,1,2,1,2,2,2,1,2,1,2,1,2,1,2,2,2,2,2,1,3,1,2,3,3,3,2,2,2,3,1.473,1.323,1.473,1.373,1.473,1.398,1.348,1.473,Reasonably age-friendly,Less age-friendly,Less age-friendly,Reasonably age-friendly,Reasonably age-friendly,Reasonably age-friendly,Less age-friendly,Less age-friendly,Less age-friendly,Reasonably age-friendly,Less age-friendly,residential,24.468,327:0,0,forward,267,268,24.468,42.228,41.853,42.103,42.853,42.103,42.602999999999994,42.103,42.478,42.728,42.103,0
327,1.71,1.5,1.14,3,1.5,1.0,3,3,2,1.0,1,1,1,1,2,1,1,1,3,1.448,1.523,3.0,3.0,2.0,3.0,3,1,3,3,1,1,3,3,1,3,3,1,1,1,3,3,1,1,3,3,3,3,3,2,2,2,1,2,2,1,2,1,2,2,2,1,2,1,2,1,2,1,2,2,2,2,2,1,3,1,2,3,3,3,2,2,2,3,1.473,1.323,1.473,1.373,1.473,1.398,1.348,1.473,Reasonably age-friendly,Less age-friendly,Less age-friendly,Reasonably age-friendly,Reasonably age-friendly,Reasonably age-friendly,Less age-friendly,Less age-friendly,Less age-friendly,Reasonably age-friendly,Less age-friendly,residential,24.468,327:0,0,backward,268,267,24.468,42.228,41.853,42.103,42.853,42.103,42.602999999999994,42.103,42.478,42.728,42.103,0
328,1.75,2.0,0.875,3,1.5,1.0,3,3,2,1.5,1,1,2,1,3,1,1,1,3,1.363,1.388,3.0,3.0,2.0,3.0,3,1,3,3,1,1,3,3,1,3,3,2,1,1,3,3,2,1,3,3,3,3,3,2,2,2,1,2,2,1,2,1,2,2,2,1,2,1,2,1,2,1,2,2,2,2,2,1,3,3,3,3,3,3,3,3,1,3,1.287,1.338,1.287,1.288,1.287,1.313,1.113,1.287,Reasonably age-friendly,Less age-friendly,Less age-friendly,Less age-friendly,Reasonably age-friendly,Reasonably age-friendly,Less age-friendly,Less age-friendly,Less age-friendly,Reasonably age-friendly,Less age-friendly,residential,31.317,328:0,0,forward,268,269,31.317,49.501999999999995,49.377,49.882000000000005,49.626999999999995,49.882000000000005,49.876999999999995,49.882000000000005,49.752,50.751999999999995,49.882000000000005,0
328,1.75,2.0,0.875,3,1.5,1.0,3,3,2,1.5,1,1,2,1,3,1,1,1,3,1.363,1.388,3.0,3.0,2.0,3.0,3,1,3,3,1,1,3,3,1,3,3,2,1,1,3,3,2,1,3,3,3,3,3,2,2,2,1,2,2,1,2,1,2,2,2,1,2,1,2,1,2,1,2,2,2,2,2,1,3,3,3,3,3,3,3,3,1,3,1.287,1.338,1.287,1.288,1.287,1.313,1.113,1.287,Reasonably age-friendly,Less age-friendly,Less age-friendly,Less age-friendly,Reasonably age-friendly,Reasonably age-friendly,Less age-friendly,Less age-friendly,Less age-friendly,Reasonably age-friendly,Less age-friendly,residential,31.317,328:0,0,backward,269,268,31.317,49.501999999999995,49.377,49.882000000000005,49.626999999999995,49.882000000000005,49.876999999999995,49.882000000000005,49.752,50.751999999999995,49.882000000000005,0
329,1.99,1.0,1.99,3,1.5,1.0,3,3,2,3.0,1,1,3,1,1,1,2,1,3,2.143,2.218,3.0,3.0,2.0,3.0,3,1,3,3,1,1,3,3,2,3,3,3,2,2,3,3,3,2,3,3,3,3,3,2,2,2,1,2,2,1,2,1,2,2,2,1,2,1,2,1,2,1,2,2,2,2,2,1,3,3,3,3,3,3,2,3,3,3,2.118,2.118,2.118,1.968,2.118,2.093,2.143,2.118,Reasonably age-friendly,Reasonably age-friendly,Reasonably age-friendly,Reasonably age-friendly,Reasonably age-friendly,Reasonably age-friendly,Reasonably age-friendly,Reasonably age-friendly,Reasonably age-friendly,Reasonably age-friendly,Less age-friendly,residential,85.086,329:0,0,forward,231,270,85.086,99.371,98.996,99.496,99.496,99.496,100.246,99.496,99.621,99.371,99.496,0
329,1.99,1.0,1.99,3,1.5,1.0,3,3,2,3.0,1,1,3,1,1,1,2,1,3,2.143,2.218,3.0,3.0,2.0,3.0,3,1,3,3,1,1,3,3,2,3,3,3,2,2,3,3,3,2,3,3,3,3,3,2,2,2,1,2,2,1,2,1,2,2,2,1,2,1,2,1,2,1,2,2,2,2,2,1,3,3,3,3,3,3,2,3,3,3,2.118,2.118,2.118,1.968,2.118,2.093,2.143,2.118,Reasonably age-friendly,Reasonably age-friendly,Reasonably age-friendly,Reasonably age-friendly,Reasonably age-friendly,Reasonably age-friendly,Reasonably age-friendly,Reasonably age-friendly,Reasonably age-friendly,Reasonably age-friendly,Less age-friendly,residential,85.086,329:0,0,backward,270,231,85.086,99.371,98.996,99.496,99.496,99.496,100.246,99.496,99.621,99.371,99.496,0
330,1.96,1.0,1.96,3,1.0,1.0,3,3,2,3.0,1,1,3,1,1,1,2,1,3,2.122,2.197,3.0,3.0,2.0,3.0,3,1,3,3,1,1,3,3,2,3,3,3,2,2,3,3,3,2,3,3,3,3,3,2,2,2,1,2,2,1,2,1,2,2,2,1,2,1,2,1,2,1,2,2,2,2,2,1,3,3,3,3,3,2,3,3,3,3,2.097,2.097,2.097,2.047,2.097,2.072,2.122,2.097,Reasonably age-friendly,Reasonably age-friendly,Reasonably age-friendly,Reasonably age-friendly,Reasonably age-friendly,Reasonably age-friendly,Reasonably age-friendly,Reasonably age-friendly,Reasonably age-friendly,Reasonably age-friendly,Less age-friendly,residential,6.89,330:0,0,forward,270,271,6.89,21.28,20.905,21.405,21.405,21.405,21.654999999999998,21.405,21.53,21.28,21.405,0
330,1.96,1.0,1.96,3,1.0,1.0,3,3,2,3.0,1,1,3,1,1,1,2,1,3,2.122,2.197,3.0,3.0,2.0,3.0,3,1,3,3,1,1,3,3,2,3,3,3,2,2,3,3,3,2,3,3,3,3,3,2,2,2,1,2,2,1,2,1,2,2,2,1,2,1,2,1,2,1,2,2,2,2,2,1,3,3,3,3,3,2,3,3,3,3,2.097,2.097,2.097,2.047,2.097,2.072,2.122,2.097,Reasonably age-friendly,Reasonably age-friendly,Reasonably age-friendly,Reasonably age-friendly,Reasonably age-friendly,Reasonably age-friendly,Reasonably age-friendly,Reasonably age-friendly,Reasonably age-friendly,Reasonably age-friendly,Less age-friendly,residential,6.89,330:0,0,backward,271,270,6.89,21.28,20.905,21.405,21.405,21.405,21.654999999999998,21.405,21.53,21.28,21.405,0
331,1.71,2.0,0.855,3,1.5,1.0,3,3,2,1.0,1,1,2,1,3,1,1,1,3,1.349,1.374,3.0,3.0,2.0,3.0,3,1,3,3,1,1,3,3,1,3,3,2,1,1,3,3,2,1,3,3,3,3,3,2,2,2,1,2,2,1,2,1,2,2,2,1,2,1,2,1,2,1,2,2,2,2,2,1,3,3,3,3,3,3,3,3,3,3,1.274,1.324,1.274,1.273,1.274,1.299,1.299,1.274,Reasonably age-friendly,Less age-friendly,Less age-friendly,Less age-friendly,Reasonably age-friendly,Reasonably age-friendly,Less age-friendly,Less age-friendly,Less age-friendly,Reasonably age-friendly,Less age-friendly,residential,13.617,331:0,0,forward,271,272,13.617,31.872,31.747,32.247,31.997000000000003,32.247,32.252,32.247,32.122,32.122,32.247,0
331,1.71,2.0,0.855,3,1.5,1.0,3,3,2,1.0,1,1,2,1,3,1,1,1,3,1.349,1.374,3.0,3.0,2.0,3.0,3,1,3,3,1,1,3,3,1,3,3,2,1,1,3,3,2,1,3,3,3,3,3,2,2,2,1,2,2,1,2,1,2,2,2,1,2,1,2,1,2,1,2,2,2,2,2,1,3,3,3,3,3,3,3,3,3,3,1.274,1.324,1.274,1.273,1.274,1.299,1.299,1.274,Reasonably age-friendly,Less age-friendly,Less age-friendly,Less age-friendly,Reasonably age-friendly,Reasonably age-friendly,Less age-friendly,Less age-friendly,Less age-friendly,Reasonably age-friendly,Less age-friendly,residential,13.617,331:0,0,backward,272,271,13.617,31.872,31.747,32.247,31.997000000000003,32.247,32.252,32.247,32.122,32.122,32.247,0
332,1.99,1.0,1.99,3,1.5,1.0,3,3,2,3.0,1,1,3,1,1,1,2,1,2,2.143,2.168,3.0,3.0,2.0,3.0,3,1,3,3,1,1,2,3,2,3,3,3,2,2,3,3,3,2,3,3,3,3,3,2,2,2,1,2,2,1,2,1,2,2,2,1,2,1,2,1,2,1,2,2,2,2,2,1,1,1,3,3,3,2,3,3,3,3,2.118,1.918,2.118,2.068,2.118,2.093,2.093,2.118,Reasonably age-friendly,Less age-friendly,Reasonably age-friendly,Reasonably age-friendly,Reasonably age-friendly,Reasonably age-friendly,Reasonably age-friendly,Reasonably age-friendly,Reasonably age-friendly,Reasonably age-friendly,Less age-friendly,residential,53.504,332:0,0,forward,271,273,53.504,67.789,67.664,67.914,68.914,67.914,68.164,67.914,68.039,68.039,67.914,0
332,1.99,1.0,1.99,3,1.5,1.0,3,3,2,3.0,1,1,3,1,1,1,2,1,2,2.143,2.168,3.0,3.0,2.0,3.0,3,1,3,3,1,1,2,3,2,3,3,3,2,2,3,3,3,2,3,3,3,3,3,2,2,2,1,2,2,1,2,1,2,2,2,1,2,1,2,1,2,1,2,2,2,2,2,1,1,1,3,3,3,2,3,3,3,3,2.118,1.918,2.118,2.068,2.118,2.093,2.093,2.118,Reasonably age-friendly,Less age-friendly,Reasonably age-friendly,Reasonably age-friendly,Reasonably age-friendly,Reasonably age-friendly,Reasonably age-friendly,Reasonably age-friendly,Reasonably age-friendly,Reasonably age-friendly,Less age-friendly,residential,53.504,332:0,0,backward,273,271,53.504,67.789,67.664,67.914,68.914,67.914,68.164,67.914,68.039,68.039,67.914,0
333,1.92,1.5,1.28,3,1.0,3.0,3,3,1,1.0,1,1,3,2,2,1,2,1,3,1.546,1.721,3.0,3.0,2.0,3.0,3,1,3,3,1,1,3,3,2,3,3,3,2,2,3,3,3,2,3,3,3,3,3,2,2,2,1,2,2,1,2,1,2,2,2,1,2,1,2,1,2,1,2,2,2,2,2,1,1,1,2,3,2,2,3,2,1,1,1.421,1.421,1.421,1.571,1.421,1.496,1.446,1.421,Reasonably age-friendly,Less age-friendly,Less age-friendly,Less age-friendly,Reasonably age-friendly,Reasonably age-friendly,Less age-friendly,Less age-friendly,Less age-friendly,Reasonably age-friendly,Less age-friendly,residential,12.924,333:0,0,forward,273,274,12.924,30.194,29.319,30.819,30.819,30.819,30.069000000000003,30.819,30.444,30.694000000000003,30.819,0
333,1.92,1.5,1.28,3,1.0,3.0,3,3,1,1.0,1,1,3,2,2,1,2,1,3,1.546,1.721,3.0,3.0,2.0,3.0,3,1,3,3,1,1,3,3,2,3,3,3,2,2,3,3,3,2,3,3,3,3,3,2,2,2,1,2,2,1,2,1,2,2,2,1,2,1,2,1,2,1,2,2,2,2,2,1,1,1,2,3,2,2,3,2,1,1,1.421,1.421,1.421,1.571,1.421,1.496,1.446,1.421,Reasonably age-friendly,Less age-friendly,Less age-friendly,Less age-friendly,Reasonably age-friendly,Reasonably age-friendly,Less age-friendly,Less age-friendly,Less age-friendly,Reasonably age-friendly,Less age-friendly,residential,12.924,333:0,0,backward,274,273,12.924,30.194,29.319,30.819,30.819,30.819,30.069000000000003,30.819,30.444,30.694000000000003,30.819,0
334,1.92,1.5,1.28,3,1.0,3.0,3,3,1,1.0,1,1,3,2,2,1,2,1,3,1.546,1.721,3.0,3.0,2.0,3.0,3,1,3,3,1,1,3,3,2,3,3,3,2,2,3,3,3,2,3,3,3,3,3,2,2,2,1,2,2,1,2,1,2,2,2,1,2,1,2,1,2,1,2,2,2,2,2,1,1,1,2,3,2,2,3,2,1,1,1.421,1.421,1.421,1.571,1.421,1.496,1.446,1.421,Reasonably age-friendly,Less age-friendly,Less age-friendly,Less age-friendly,Reasonably age-friendly,Reasonably age-friendly,Less age-friendly,Less age-friendly,Less age-friendly,Reasonably age-friendly,Less age-friendly,residential,14.523,334:0,0,forward,274,255,14.523,31.793,30.918,32.418,32.418,32.418,31.668000000000003,32.418,32.043,32.293000000000006,32.418,0
334,1.92,1.5,1.28,3,1.0,3.0,3,3,1,1.0,1,1,3,2,2,1,2,1,3,1.546,1.721,3.0,3.0,2.0,3.0,3,1,3,3,1,1,3,3,2,3,3,3,2,2,3,3,3,2,3,3,3,3,3,2,2,2,1,2,2,1,2,1,2,2,2,1,2,1,2,1,2,1,2,2,2,2,2,1,1,1,2,3,2,2,3,2,1,1,1.421,1.421,1.421,1.571,1.421,1.496,1.446,1.421,Reasonably age-friendly,Less age-friendly,Less age-friendly,Less age-friendly,Reasonably age-friendly,Reasonably age-friendly,Less age-friendly,Less age-friendly,Less age-friendly,Reasonably age-friendly,Less age-friendly,residential,14.523,334:0,0,backward,255,274,14.523,31.793,30.918,32.418,32.418,32.418,31.668000000000003,32.418,32.043,32.293000000000006,32.418,0
335,1.92,1.5,1.28,3,1.0,3.0,3,3,1,1.0,1,1,3,2,2,1,2,1,3,1.546,1.721,3.0,3.0,2.0,3.0,3,1,3,3,1,1,3,3,2,3,3,3,2,2,3,3,3,2,3,3,3,3,3,2,2,2,1,2,2,1,2,1,2,2,2,1,2,1,2,1,2,1,2,2,2,2,2,1,1,1,2,3,2,2,3,2,1,1,1.421,1.421,1.421,1.571,1.421,1.496,1.446,1.421,Reasonably age-friendly,Less age-friendly,Less age-friendly,Less age-friendly,Reasonably age-friendly,Reasonably age-friendly,Less age-friendly,Less age-friendly,Less age-friendly,Reasonably age-friendly,Less age-friendly,residential,14.544,335:0,0,forward,253,273,14.544,31.814,30.939,32.439,32.439,32.439,31.689000000000004,32.439,32.064,32.31400000000001,32.439,0
335,1.92,1.5,1.28,3,1.0,3.0,3,3,1,1.0,1,1,3,2,2,1,2,1,3,1.546,1.721,3.0,3.0,2.0,3.0,3,1,3,3,1,1,3,3,2,3,3,3,2,2,3,3,3,2,3,3,3,3,3,2,2,2,1,2,2,1,2,1,2,2,2,1,2,1,2,1,2,1,2,2,2,2,2,1,1,1,2,3,2,2,3,2,1,1,1.421,1.421,1.421,1.571,1.421,1.496,1.446,1.421,Reasonably age-friendly,Less age-friendly,Less age-friendly,Less age-friendly,Reasonably age-friendly,Reasonably age-friendly,Less age-friendly,Less age-friendly,Less age-friendly,Reasonably age-friendly,Less age-friendly,residential,14.544,335:0,0,backward,273,253,14.544,31.814,30.939,32.439,32.439,32.439,31.689000000000004,32.439,32.064,32.31400000000001,32.439,0
336,2.11,1.5,1.407,3,1.5,1.0,3,3,2,3.0,1,1,2,2,2,1,2,1,3,1.735,1.76,3.0,3.0,2.0,3.0,3,1,3,3,1,1,3,3,1,3,3,2,1,1,3,3,2,1,3,3,3,3,3,2,2,2,1,2,2,1,2,1,2,2,2,1,2,1,2,1,2,1,2,2,2,2,2,1,3,3,3,3,3,3,3,2,3,3,1.66,1.71,1.66,1.66,1.66,1.585,1.685,1.66,Reasonably age-friendly,Less age-friendly,Less age-friendly,Reasonably age-friendly,Reasonably age-friendly,Reasonably age-friendly,Less age-friendly,Less age-friendly,Less age-friendly,Reasonably age-friendly,Less age-friendly,residential,24.671,336:0,0,forward,274,275,24.671,40.995999999999995,40.871,41.370999999999995,41.120999999999995,41.370999999999995,41.370999999999995,41.370999999999995,41.745999999999995,41.245999999999995,41.370999999999995,0
336,2.11,1.5,1.407,3,1.5,1.0,3,3,2,3.0,1,1,2,2,2,1,2,1,3,1.735,1.76,3.0,3.0,2.0,3.0,3,1,3,3,1,1,3,3,1,3,3,2,1,1,3,3,2,1,3,3,3,3,3,2,2,2,1,2,2,1,2,1,2,2,2,1,2,1,2,1,2,1,2,2,2,2,2,1,3,3,3,3,3,3,3,2,3,3,1.66,1.71,1.66,1.66,1.66,1.585,1.685,1.66,Reasonably age-friendly,Less age-friendly,Less age-friendly,Reasonably age-friendly,Reasonably age-friendly,Reasonably age-friendly,Less age-friendly,Less age-friendly,Less age-friendly,Reasonably age-friendly,Less age-friendly,residential,24.671,336:0,0,backward,275,274,24.671,40.995999999999995,40.871,41.370999999999995,41.120999999999995,41.370999999999995,41.370999999999995,41.370999999999995,41.745999999999995,41.245999999999995,41.370999999999995,0
337,2.11,1.5,1.407,3,1.5,1.0,3,3,2,3.0,1,1,2,2,2,1,2,1,2,1.735,1.71,3.0,3.0,2.0,3.0,3,1,3,3,1,1,2,3,1,3,3,2,1,1,3,3,2,1,3,3,3,3,3,2,2,2,1,2,2,1,2,1,2,2,2,1,2,1,2,1,2,1,2,2,2,2,2,1,3,3,3,3,3,3,3,3,3,3,1.66,1.71,1.66,1.66,1.66,1.685,1.635,1.66,Reasonably age-friendly,Less age-friendly,Less age-friendly,Less age-friendly,Reasonably age-friendly,Reasonably age-friendly,Less age-friendly,Less age-friendly,Less age-friendly,Reasonably age-friendly,Less age-friendly,residential,58.172,337:0,0,forward,275,276,58.172,74.497,74.622,74.872,74.622,74.872,74.872,74.872,74.747,74.997,74.872,0
337,2.11,1.5,1.407,3,1.5,1.0,3,3,2,3.0,1,1,2,2,2,1,2,1,2,1.735,1.71,3.0,3.0,2.0,3.0,3,1,3,3,1,1,2,3,1,3,3,2,1,1,3,3,2,1,3,3,3,3,3,2,2,2,1,2,2,1,2,1,2,2,2,1,2,1,2,1,2,1,2,2,2,2,2,1,3,3,3,3,3,3,3,3,3,3,1.66,1.71,1.66,1.66,1.66,1.685,1.635,1.66,Reasonably age-friendly,Less age-friendly,Less age-friendly,Less age-friendly,Reasonably age-friendly,Reasonably age-friendly,Less age-friendly,Less age-friendly,Less age-friendly,Reasonably age-friendly,Less age-friendly,residential,58.172,337:0,0,backward,276,275,58.172,74.497,74.622,74.872,74.622,74.872,74.872,74.872,74.747,74.997,74.872,0
338,1.72,2.0,0.86,3,1.0,3.0,2,2,1,1.0,1,1,3,2,2,2,2,1,3,1.352,1.427,3.0,3.0,2.0,3.0,3,3,3,3,3,1,3,3,2,3,3,3,2,2,3,3,3,2,3,3,3,3,3,2,2,2,1,2,2,1,2,1,2,2,2,1,2,1,2,1,2,1,2,2,2,2,2,1,3,2,3,3,3,3,3,3,1,3,1.327,1.327,1.327,1.377,1.327,1.302,1.152,1.327,Reasonably age-friendly,Less age-friendly,Less age-friendly,Less age-friendly,Reasonably age-friendly,Reasonably age-friendly,Less age-friendly,Less age-friendly,Less age-friendly,Reasonably age-friendly,Less age-friendly,residential,10.992,338:0,0,forward,238,277,5.16764521706108,23.407645217061077,23.032645217061077,23.53264521706108,23.53264521706108,23.53264521706108,23.28264521706108,23.53264521706108,23.657645217061077,24.407645217061077,23.53264521706108,0
338,1.72,2.0,0.86,3,1.0,3.0,2,2,1,1.0,1,1,3,2,2,2,2,1,3,1.352,1.427,3.0,3.0,2.0,3.0,3,3,3,3,3,1,3,3,2,3,3,3,2,2,3,3,3,2,3,3,3,3,3,2,2,2,1,2,2,1,2,1,2,2,2,1,2,1,2,1,2,1,2,2,2,2,2,1,3,2,3,3,3,3,3,3,1,3,1.327,1.327,1.327,1.377,1.327,1.302,1.152,1.327,Reasonably age-friendly,Less age-friendly,Less age-friendly,Less age-friendly,Reasonably age-friendly,Reasonably age-friendly,Less age-friendly,Less age-friendly,Less age-friendly,Reasonably age-friendly,Less age-friendly,residential,10.992,338:0,0,backward,277,238,5.16764521706108,23.407645217061077,23.032645217061077,23.53264521706108,23.53264521706108,23.53264521706108,23.28264521706108,23.53264521706108,23.657645217061077,24.407645217061077,23.53264521706108,0
338,1.72,2.0,0.86,3,1.0,3.0,2,2,1,1.0,1,1,3,2,2,2,2,1,3,1.352,1.427,3.0,3.0,2.0,3.0,3,3,3,3,3,1,3,3,2,3,3,3,2,2,3,3,3,2,3,3,3,3,3,2,2,2,1,2,2,1,2,1,2,2,2,1,2,1,2,1,2,1,2,2,2,2,2,1,3,2,3,3,3,3,3,3,1,3,1.327,1.327,1.327,1.377,1.327,1.302,1.152,1.327,Reasonably age-friendly,Less age-friendly,Less age-friendly,Less age-friendly,Reasonably age-friendly,Reasonably age-friendly,Less age-friendly,Less age-friendly,Less age-friendly,Reasonably age-friendly,Less age-friendly,residential,10.992,338:1,1,forward,25,277,5.823728724788795,24.063728724788795,23.688728724788795,24.188728724788795,24.188728724788795,24.188728724788795,23.938728724788795,24.188728724788795,24.313728724788795,25.063728724788795,24.188728724788795,0
338,1.72,2.0,0.86,3,1.0,3.0,2,2,1,1.0,1,1,3,2,2,2,2,1,3,1.352,1.427,3.0,3.0,2.0,3.0,3,3,3,3,3,1,3,3,2,3,3,3,2,2,3,3,3,2,3,3,3,3,3,2,2,2,1,2,2,1,2,1,2,2,2,1,2,1,2,1,2,1,2,2,2,2,2,1,3,2,3,3,3,3,3,3,1,3,1.327,1.327,1.327,1.377,1.327,1.302,1.152,1.327,Reasonably age-friendly,Less age-friendly,Less age-friendly,Less age-friendly,Reasonably age-friendly,Reasonably age-friendly,Less age-friendly,Less age-friendly,Less age-friendly,Reasonably age-friendly,Less age-friendly,residential,10.992,338:1,1,backward,277,25,5.823728724788795,24.063728724788795,23.688728724788795,24.188728724788795,24.188728724788795,24.188728724788795,23.938728724788795,24.188728724788795,24.313728724788795,25.063728724788795,24.188728724788795,0
339,1.91,1.0,1.91,3,1.5,1.0,3,3,2,2.0,1,1,3,1,1,1,2,1,3,2.087,2.162,3.0,3.0,2.0,3.0,3,1,3,3,1,1,3,3,2,3,3,3,2,2,3,3,3,2,3,3,3,3,3,2,2,2,1,2,2,1,2,1,2,2,2,1,2,1,2,1,2,1,2,2,2,2,2,1,3,3,3,3,3,3,2,3,3,3,2.062,2.062,2.062,1.912,2.062,2.037,2.087,2.062,Reasonably age-friendly,Reasonably age-friendly,Reasonably age-friendly,Reasonably age-friendly,Reasonably age-friendly,Reasonably age-friendly,Less age-friendly,Less age-friendly,Reasonably age-friendly,Reasonably age-friendly,Less age-friendly,residential,41.786,339:0,0,forward,232,278,41.786,56.351,55.976,56.476,56.476,56.476,57.226,56.476,56.601,56.351,56.476,0
339,1.91,1.0,1.91,3,1.5,1.0,3,3,2,2.0,1,1,3,1,1,1,2,1,3,2.087,2.162,3.0,3.0,2.0,3.0,3,1,3,3,1,1,3,3,2,3,3,3,2,2,3,3,3,2,3,3,3,3,3,2,2,2,1,2,2,1,2,1,2,2,2,1,2,1,2,1,2,1,2,2,2,2,2,1,3,3,3,3,3,3,2,3,3,3,2.062,2.062,2.062,1.912,2.062,2.037,2.087,2.062,Reasonably age-friendly,Reasonably age-friendly,Reasonably age-friendly,Reasonably age-friendly,Reasonably age-friendly,Reasonably age-friendly,Less age-friendly,Less age-friendly,Reasonably age-friendly,Reasonably age-friendly,Less age-friendly,residential,41.786,339:0,0,backward,278,232,41.786,56.351,55.976,56.476,56.476,56.476,57.226,56.476,56.601,56.351,56.476,0
340,1.99,1.0,1.99,3,1.5,1.0,3,3,2,3.0,1,1,3,1,1,1,2,1,3,2.143,2.218,3.0,3.0,2.0,3.0,3,1,3,3,1,1,3,3,2,3,3,3,2,2,3,3,3,2,3,3,3,3,3,2,2,2,1,2,2,1,2,1,2,2,2,1,2,1,2,1,2,1,2,2,2,2,2,1,3,3,3,3,3,3,2,3,3,3,2.118,2.118,2.118,1.968,2.118,2.093,2.143,2.118,Reasonably age-friendly,Reasonably age-friendly,Reasonably age-friendly,Reasonably age-friendly,Reasonably age-friendly,Reasonably age-friendly,Reasonably age-friendly,Reasonably age-friendly,Reasonably age-friendly,Reasonably age-friendly,Less age-friendly,residential,5.908,340:0,0,forward,278,279,5.908,20.193,19.818,20.318,20.318,20.318,21.068,20.318,20.443,20.193,20.318,0
340,1.99,1.0,1.99,3,1.5,1.0,3,3,2,3.0,1,1,3,1,1,1,2,1,3,2.143,2.218,3.0,3.0,2.0,3.0,3,1,3,3,1,1,3,3,2,3,3,3,2,2,3,3,3,2,3,3,3,3,3,2,2,2,1,2,2,1,2,1,2,2,2,1,2,1,2,1,2,1,2,2,2,2,2,1,3,3,3,3,3,3,2,3,3,3,2.118,2.118,2.118,1.968,2.118,2.093,2.143,2.118,Reasonably age-friendly,Reasonably age-friendly,Reasonably age-friendly,Reasonably age-friendly,Reasonably age-friendly,Reasonably age-friendly,Reasonably age-friendly,Reasonably age-friendly,Reasonably age-friendly,Reasonably age-friendly,Less age-friendly,residential,5.908,340:0,0,backward,279,278,5.908,20.193,19.818,20.318,20.318,20.318,21.068,20.318,20.443,20.193,20.318,0
341,1.99,1.0,1.99,3,1.5,1.0,3,3,2,3.0,1,1,3,1,1,1,2,1,3,2.143,2.218,3.0,3.0,2.0,3.0,3,1,3,3,1,1,3,3,2,3,3,3,2,2,3,3,3,2,3,3,3,3,3,2,2,2,1,2,2,1,2,1,2,2,2,1,2,1,2,1,2,1,2,2,2,2,2,1,3,3,3,3,3,3,3,3,3,3,2.118,2.118,2.118,2.068,2.118,2.093,2.143,2.118,Reasonably age-friendly,Reasonably age-friendly,Reasonably age-friendly,Reasonably age-friendly,Reasonably age-friendly,Reasonably age-friendly,Reasonably age-friendly,Reasonably age-friendly,Reasonably age-friendly,Reasonably age-friendly,Less age-friendly,residential,42.541,341:0,0,forward,279,280,42.541,56.82599999999999,56.45099999999999,56.95099999999999,56.95099999999999,56.95099999999999,57.20099999999999,56.95099999999999,57.07599999999999,56.82599999999999,56.95099999999999,0
341,1.99,1.0,1.99,3,1.5,1.0,3,3,2,3.0,1,1,3,1,1,1,2,1,3,2.143,2.218,3.0,3.0,2.0,3.0,3,1,3,3,1,1,3,3,2,3,3,3,2,2,3,3,3,2,3,3,3,3,3,2,2,2,1,2,2,1,2,1,2,2,2,1,2,1,2,1,2,1,2,2,2,2,2,1,3,3,3,3,3,3,3,3,3,3,2.118,2.118,2.118,2.068,2.118,2.093,2.143,2.118,Reasonably age-friendly,Reasonably age-friendly,Reasonably age-friendly,Reasonably age-friendly,Reasonably age-friendly,Reasonably age-friendly,Reasonably age-friendly,Reasonably age-friendly,Reasonably age-friendly,Reasonably age-friendly,Less age-friendly,residential,42.541,341:0,0,backward,280,279,42.541,56.82599999999999,56.45099999999999,56.95099999999999,56.95099999999999,56.95099999999999,57.20099999999999,56.95099999999999,57.07599999999999,56.82599999999999,56.95099999999999,0
342,1.96,1.0,1.96,3,1.0,1.0,3,3,2,3.0,1,1,3,1,1,1,2,1,3,2.122,2.197,3.0,3.0,2.0,3.0,3,1,3,3,1,1,3,3,2,3,3,3,2,2,3,3,3,2,3,3,3,3,3,2,2,2,1,2,2,1,2,1,2,2,2,1,2,1,2,1,2,1,2,2,2,2,2,1,3,3,3,3,3,2,3,3,3,3,2.097,2.097,2.097,2.047,2.097,2.072,2.122,2.097,Reasonably age-friendly,Reasonably age-friendly,Reasonably age-friendly,Reasonably age-friendly,Reasonably age-friendly,Reasonably age-friendly,Reasonably age-friendly,Reasonably age-friendly,Reasonably age-friendly,Reasonably age-friendly,Less age-friendly,residential,8.538,342:0,0,forward,280,281,8.538,22.928,22.553,23.053,23.053,23.053,23.302999999999997,23.053,23.178,22.928,23.053,0
342,1.96,1.0,1.96,3,1.0,1.0,3,3,2,3.0,1,1,3,1,1,1,2,1,3,2.122,2.197,3.0,3.0,2.0,3.0,3,1,3,3,1,1,3,3,2,3,3,3,2,2,3,3,3,2,3,3,3,3,3,2,2,2,1,2,2,1,2,1,2,2,2,1,2,1,2,1,2,1,2,2,2,2,2,1,3,3,3,3,3,2,3,3,3,3,2.097,2.097,2.097,2.047,2.097,2.072,2.122,2.097,Reasonably age-friendly,Reasonably age-friendly,Reasonably age-friendly,Reasonably age-friendly,Reasonably age-friendly,Reasonably age-friendly,Reasonably age-friendly,Reasonably age-friendly,Reasonably age-friendly,Reasonably age-friendly,Less age-friendly,residential,8.538,342:0,0,backward,281,280,8.538,22.928,22.553,23.053,23.053,23.053,23.302999999999997,23.053,23.178,22.928,23.053,0
343,1.99,1.0,1.99,3,1.5,1.0,3,3,2,3.0,1,1,3,1,1,1,2,1,2,2.143,2.168,3.0,3.0,2.0,3.0,3,1,3,3,1,1,2,3,2,3,3,3,2,2,3,3,3,2,3,3,3,3,3,2,2,2,1,2,2,1,2,1,2,2,2,1,2,1,2,1,2,1,2,2,2,2,2,1,1,1,3,3,3,2,3,3,3,3,2.118,1.918,2.118,2.068,2.118,2.093,2.093,2.118,Reasonably age-friendly,Less age-friendly,Reasonably age-friendly,Reasonably age-friendly,Reasonably age-friendly,Reasonably age-friendly,Reasonably age-friendly,Reasonably age-friendly,Reasonably age-friendly,Reasonably age-friendly,Less age-friendly,residential,53.23,343:0,0,forward,281,253,53.23,67.515,67.39,67.64,68.64,67.64,67.89,67.64,67.765,67.765,67.64,0
343,1.99,1.0,1.99,3,1.5,1.0,3,3,2,3.0,1,1,3,1,1,1,2,1,2,2.143,2.168,3.0,3.0,2.0,3.0,3,1,3,3,1,1,2,3,2,3,3,3,2,2,3,3,3,2,3,3,3,3,3,2,2,2,1,2,2,1,2,1,2,2,2,1,2,1,2,1,2,1,2,2,2,2,2,1,1,1,3,3,3,2,3,3,3,3,2.118,1.918,2.118,2.068,2.118,2.093,2.093,2.118,Reasonably age-friendly,Less age-friendly,Reasonably age-friendly,Reasonably age-friendly,Reasonably age-friendly,Reasonably age-friendly,Reasonably age-friendly,Reasonably age-friendly,Reasonably age-friendly,Reasonably age-friendly,Less age-friendly,residential,53.23,343:0,0,backward,253,281,53.23,67.515,67.39,67.64,68.64,67.64,67.89,67.64,67.765,67.765,67.64,0
344,1.75,2.0,0.875,3,1.5,1.0,3,3,2,1.5,1,1,2,1,3,1,1,1,3,1.363,1.388,3.0,3.0,2.0,3.0,3,1,3,3,1,1,3,3,1,3,3,2,1,1,3,3,2,1,3,3,3,3,3,2,2,2,1,2,2,1,2,1,2,2,2,1,2,1,2,1,2,1,2,2,2,2,2,1,3,3,3,3,3,3,3,3,3,3,1.287,1.338,1.287,1.288,1.287,1.313,1.313,1.287,Reasonably age-friendly,Less age-friendly,Less age-friendly,Less age-friendly,Reasonably age-friendly,Reasonably age-friendly,Less age-friendly,Less age-friendly,Less age-friendly,Reasonably age-friendly,Less age-friendly,residential,15.41,344:0,0,forward,269,282,15.41,33.595,33.47,33.975,33.72,33.975,33.97,33.975,33.845,33.845,33.975,0
344,1.75,2.0,0.875,3,1.5,1.0,3,3,2,1.5,1,1,2,1,3,1,1,1,3,1.363,1.388,3.0,3.0,2.0,3.0,3,1,3,3,1,1,3,3,1,3,3,2,1,1,3,3,2,1,3,3,3,3,3,2,2,2,1,2,2,1,2,1,2,2,2,1,2,1,2,1,2,1,2,2,2,2,2,1,3,3,3,3,3,3,3,3,3,3,1.287,1.338,1.287,1.288,1.287,1.313,1.313,1.287,Reasonably age-friendly,Less age-friendly,Less age-friendly,Less age-friendly,Reasonably age-friendly,Reasonably age-friendly,Less age-friendly,Less age-friendly,Less age-friendly,Reasonably age-friendly,Less age-friendly,residential,15.41,344:0,0,backward,282,269,15.41,33.595,33.47,33.975,33.72,33.975,33.97,33.975,33.845,33.845,33.975,0
345,1.95,2.0,0.975,2,1.5,1.0,3,3,2,2.0,1,1,2,1,3,1,3,1,3,1.433,1.458,3.0,3.0,2.0,3.0,3,1,3,3,1,1,3,3,1,3,3,2,1,1,3,3,2,1,3,3,3,3,3,2,2,2,1,2,2,1,2,1,2,2,2,1,2,1,2,1,2,1,2,2,2,2,2,1,3,3,3,3,3,3,3,3,3,3,1.358,1.408,1.358,1.358,1.358,1.383,1.383,1.358,Reasonably age-friendly,Less age-friendly,Less age-friendly,Less age-friendly,Reasonably age-friendly,Reasonably age-friendly,Less age-friendly,Less age-friendly,Less age-friendly,Reasonably age-friendly,Less age-friendly,residential,19.401,345:0,0,forward,282,280,19.401,37.236000000000004,37.111000000000004,37.611000000000004,37.361000000000004,37.611000000000004,37.611000000000004,37.611000000000004,37.486000000000004,37.486000000000004,37.611000000000004,0
345,1.95,2.0,0.975,2,1.5,1.0,3,3,2,2.0,1,1,2,1,3,1,3,1,3,1.433,1.458,3.0,3.0,2.0,3.0,3,1,3,3,1,1,3,3,1,3,3,2,1,1,3,3,2,1,3,3,3,3,3,2,2,2,1,2,2,1,2,1,2,2,2,1,2,1,2,1,2,1,2,2,2,2,2,1,3,3,3,3,3,3,3,3,3,3,1.358,1.408,1.358,1.358,1.358,1.383,1.383,1.358,Reasonably age-friendly,Less age-friendly,Less age-friendly,Less age-friendly,Reasonably age-friendly,Reasonably age-friendly,Less age-friendly,Less age-friendly,Less age-friendly,Reasonably age-friendly,Less age-friendly,residential,19.401,345:0,0,backward,280,282,19.401,37.236000000000004,37.111000000000004,37.611000000000004,37.361000000000004,37.611000000000004,37.611000000000004,37.611000000000004,37.486000000000004,37.486000000000004,37.611000000000004,0
346,1.91,1.0,1.91,3,1.5,1.0,3,3,2,1.0,2,1,2,1,1,1,2,1,2,2.087,2.062,3.0,3.0,2.0,3.0,3,1,3,3,1,1,2,3,1,3,3,2,1,1,3,3,2,1,3,3,3,3,3,2,2,2,1,2,2,1,2,1,2,2,2,1,2,1,2,1,2,1,2,2,2,2,2,1,3,3,3,3,1,3,3,3,3,3,2.012,2.062,2.012,2.012,2.012,2.037,1.987,2.012,Reasonably age-friendly,Reasonably age-friendly,Reasonably age-friendly,Reasonably age-friendly,Reasonably age-friendly,Reasonably age-friendly,Reasonably age-friendly,Reasonably age-friendly,Reasonably age-friendly,Reasonably age-friendly,Less age-friendly,residential,26.506,346:0,0,forward,282,283,26.506,41.071,41.196,41.446,41.196,41.446,41.446,41.446,41.321,41.571,41.446,0
346,1.91,1.0,1.91,3,1.5,1.0,3,3,2,1.0,2,1,2,1,1,1,2,1,2,2.087,2.062,3.0,3.0,2.0,3.0,3,1,3,3,1,1,2,3,1,3,3,2,1,1,3,3,2,1,3,3,3,3,3,2,2,2,1,2,2,1,2,1,2,2,2,1,2,1,2,1,2,1,2,2,2,2,2,1,3,3,3,3,1,3,3,3,3,3,2.012,2.062,2.012,2.012,2.012,2.037,1.987,2.012,Reasonably age-friendly,Reasonably age-friendly,Reasonably age-friendly,Reasonably age-friendly,Reasonably age-friendly,Reasonably age-friendly,Reasonably age-friendly,Reasonably age-friendly,Reasonably age-friendly,Reasonably age-friendly,Less age-friendly,residential,26.506,346:0,0,backward,283,282,26.506,41.071,41.196,41.446,41.196,41.446,41.446,41.446,41.321,41.571,41.446,0
347,1.83,1.0,1.83,3,1.5,1.0,3,3,2,1.0,1,1,1,1,1,1,2,1,1,2.031,1.906,3.0,3.0,2.0,3.0,3,1,3,3,1,1,1,3,1,3,3,1,1,1,3,3,1,1,3,3,3,3,3,2,2,2,1,2,2,1,2,1,2,2,2,1,2,1,2,1,2,1,2,2,2,2,2,1,3,3,3,3,3,3,1,1,3,3,1.956,2.006,1.956,1.756,1.956,1.781,1.831,1.956,Reasonably age-friendly,Reasonably age-friendly,Reasonably age-friendly,Less age-friendly,Reasonably age-friendly,Reasonably age-friendly,Less age-friendly,Less age-friendly,Less age-friendly,Reasonably age-friendly,Less age-friendly,residential,39.646,347:0,0,forward,283,262,39.646,54.491,55.116,54.866,54.616,54.866,55.866,54.866,55.741,55.491,54.866,0
347,1.83,1.0,1.83,3,1.5,1.0,3,3,2,1.0,1,1,1,1,1,1,2,1,1,2.031,1.906,3.0,3.0,2.0,3.0,3,1,3,3,1,1,1,3,1,3,3,1,1,1,3,3,1,1,3,3,3,3,3,2,2,2,1,2,2,1,2,1,2,2,2,1,2,1,2,1,2,1,2,2,2,2,2,1,3,3,3,3,3,3,1,1,3,3,1.956,2.006,1.956,1.756,1.956,1.781,1.831,1.956,Reasonably age-friendly,Reasonably age-friendly,Reasonably age-friendly,Less age-friendly,Reasonably age-friendly,Reasonably age-friendly,Less age-friendly,Less age-friendly,Less age-friendly,Reasonably age-friendly,Less age-friendly,residential,39.646,347:0,0,backward,262,283,39.646,54.491,55.116,54.866,54.616,54.866,55.866,54.866,55.741,55.491,54.866,0
348,1.91,1.0,1.91,3,1.5,1.0,3,3,2,1.0,2,1,2,1,1,1,2,1,2,2.087,2.062,3.0,3.0,2.0,3.0,3,1,3,3,1,1,2,3,1,3,3,2,1,1,3,3,2,1,3,3,3,3,3,2,2,2,1,2,2,1,2,1,2,2,2,1,2,1,2,1,2,1,2,2,2,2,2,1,3,3,3,3,3,3,1,1,1,3,2.012,2.062,2.012,1.812,2.012,1.837,1.787,2.012,Reasonably age-friendly,Reasonably age-friendly,Reasonably age-friendly,Reasonably age-friendly,Reasonably age-friendly,Reasonably age-friendly,Less age-friendly,Less age-friendly,Less age-friendly,Reasonably age-friendly,Less age-friendly,residential,20.965,348:0,0,forward,283,284,20.965,35.53,35.655,35.905,35.655,35.905,36.905,35.905,36.78,37.03,35.905,0
348,1.91,1.0,1.91,3,1.5,1.0,3,3,2,1.0,2,1,2,1,1,1,2,1,2,2.087,2.062,3.0,3.0,2.0,3.0,3,1,3,3,1,1,2,3,1,3,3,2,1,1,3,3,2,1,3,3,3,3,3,2,2,2,1,2,2,1,2,1,2,2,2,1,2,1,2,1,2,1,2,2,2,2,2,1,3,3,3,3,3,3,1,1,1,3,2.012,2.062,2.012,1.812,2.012,1.837,1.787,2.012,Reasonably age-friendly,Reasonably age-friendly,Reasonably age-friendly,Reasonably age-friendly,Reasonably age-friendly,Reasonably age-friendly,Less age-friendly,Less age-friendly,Less age-friendly,Reasonably age-friendly,Less age-friendly,residential,20.965,348:0,0,backward,284,283,20.965,35.53,35.655,35.905,35.655,35.905,36.905,35.905,36.78,37.03,35.905,0
349,1.59,2.5,0.636,1,2.5,2.0,2,2,3,1.0,1,1,1,1,3,2,1,3,3,1.295,1.17,3.0,3.0,2.0,3.0,3,3,3,3,3,3,3,3,1,3,3,1,1,1,3,3,1,1,3,3,3,3,3,2,2,2,1,2,2,1,2,1,2,2,2,1,2,1,2,1,2,1,2,2,2,2,2,1,3,3,3,3,3,3,3,3,2,3,1.12,1.27,1.12,1.22,1.12,1.245,0.995,1.12,Reasonably age-friendly,Less age-friendly,Less age-friendly,Less age-friendly,Reasonably age-friendly,Reasonably age-friendly,Less age-friendly,Less age-friendly,Less age-friendly,Reasonably age-friendly,Less age-friendly,residential,24.131,349:0,0,forward,191,285,24.131,42.656,43.281,43.531,42.781,43.531,43.031000000000006,43.531,42.906,44.156,43.531,1
349,1.59,2.5,0.636,1,2.5,2.0,2,2,3,1.0,1,1,1,1,3,2,1,3,3,1.295,1.17,3.0,3.0,2.0,3.0,3,3,3,3,3,3,3,3,1,3,3,1,1,1,3,3,1,1,3,3,3,3,3,2,2,2,1,2,2,1,2,1,2,2,2,1,2,1,2,1,2,1,2,2,2,2,2,1,3,3,3,3,3,3,3,3,2,3,1.12,1.27,1.12,1.22,1.12,1.245,0.995,1.12,Reasonably age-friendly,Less age-friendly,Less age-friendly,Less age-friendly,Reasonably age-friendly,Reasonably age-friendly,Less age-friendly,Less age-friendly,Less age-friendly,Reasonably age-friendly,Less age-friendly,residential,24.131,349:0,0,backward,285,191,24.131,42.656,43.281,43.531,42.781,43.531,43.031000000000006,43.531,42.906,44.156,43.531,1
350,1.92,1.5,1.28,3,1.0,3.0,3,3,1,1.0,1,1,3,2,2,1,2,1,3,1.646,1.721,3.0,3.0,2.0,3.0,3,1,3,3,1,1,3,3,2,3,3,3,2,2,3,3,3,2,3,3,3,3,3,2,2,2,1,2,2,1,2,1,2,2,2,1,2,1,2,1,2,1,2,2,2,2,2,1,3,3,3,3,3,3,3,3,2,1,1.421,1.621,1.421,1.571,1.421,1.596,1.546,1.421,Reasonably age-friendly,Less age-friendly,Less age-friendly,Less age-friendly,Reasonably age-friendly,Reasonably age-friendly,Less age-friendly,Less age-friendly,Less age-friendly,Reasonably age-friendly,Less age-friendly,residential,17.791,350:0,0,forward,285,286,17.791,34.561,34.186,35.686,34.686,35.686,34.93600000000001,35.686,34.811,35.061,35.686,1
350,1.92,1.5,1.28,3,1.0,3.0,3,3,1,1.0,1,1,3,2,2,1,2,1,3,1.646,1.721,3.0,3.0,2.0,3.0,3,1,3,3,1,1,3,3,2,3,3,3,2,2,3,3,3,2,3,3,3,3,3,2,2,2,1,2,2,1,2,1,2,2,2,1,2,1,2,1,2,1,2,2,2,2,2,1,3,3,3,3,3,3,3,3,2,1,1.421,1.621,1.421,1.571,1.421,1.596,1.546,1.421,Reasonably age-friendly,Less age-friendly,Less age-friendly,Less age-friendly,Reasonably age-friendly,Reasonably age-friendly,Less age-friendly,Less age-friendly,Less age-friendly,Reasonably age-friendly,Less age-friendly,residential,17.791,350:0,0,backward,286,285,17.791,34.561,34.186,35.686,34.686,35.686,34.93600000000001,35.686,34.811,35.061,35.686,1
351,2.07,1.5,1.38,3,2.5,2.0,3,3,3,1.0,1,1,1,1,2,1,2,3,2,1.816,1.641,3.0,3.0,2.0,3.0,3,3,3,3,3,3,2,3,1,3,3,1,1,1,3,3,1,1,3,3,3,3,3,2,2,2,1,2,2,1,2,1,2,2,2,1,2,1,2,1,2,1,2,2,2,2,2,1,3,3,3,3,3,3,3,3,3,1,1.441,1.791,1.441,1.741,1.441,1.766,1.566,1.441,Reasonably age-friendly,Reasonably age-friendly,Reasonably age-friendly,Less age-friendly,Reasonably age-friendly,Reasonably age-friendly,Less age-friendly,Reasonably age-friendly,Less age-friendly,Reasonably age-friendly,Less age-friendly,residential,49.115,351:0,0,forward,286,287,49.115,65.035,65.91,66.91,65.16,66.91,65.41,66.91,65.285,66.285,66.91,1
351,2.07,1.5,1.38,3,2.5,2.0,3,3,3,1.0,1,1,1,1,2,1,2,3,2,1.816,1.641,3.0,3.0,2.0,3.0,3,3,3,3,3,3,2,3,1,3,3,1,1,1,3,3,1,1,3,3,3,3,3,2,2,2,1,2,2,1,2,1,2,2,2,1,2,1,2,1,2,1,2,2,2,2,2,1,3,3,3,3,3,3,3,3,3,1,1.441,1.791,1.441,1.741,1.441,1.766,1.566,1.441,Reasonably age-friendly,Reasonably age-friendly,Reasonably age-friendly,Less age-friendly,Reasonably age-friendly,Reasonably age-friendly,Less age-friendly,Reasonably age-friendly,Less age-friendly,Reasonably age-friendly,Less age-friendly,residential,49.115,351:0,0,backward,287,286,49.115,65.035,65.91,66.91,65.16,66.91,65.41,66.91,65.285,66.285,66.91,1
352,2.4,2.0,1.2,3,3.0,3.0,3,3,3,3.0,2,1,2,1,3,1,2,1,3,1.49,1.415,3.0,3.0,2.0,3.0,3,1,3,3,1,1,3,3,1,3,3,2,1,1,3,3,2,1,3,3,3,3,3,2,2,2,1,2,2,1,2,1,2,2,2,1,2,1,2,1,2,1,2,2,2,2,2,1,3,3,2,1,3,3,3,3,3,1,1.315,1.565,1.315,1.515,1.315,1.54,1.54,1.315,Reasonably age-friendly,Less age-friendly,Less age-friendly,Less age-friendly,Reasonably age-friendly,Reasonably age-friendly,Less age-friendly,Less age-friendly,Less age-friendly,Reasonably age-friendly,Less age-friendly,residential,18.773,352:0,0,forward,287,288,18.773,36.32299999999999,36.698,37.198,35.948,37.198,36.198,37.198,36.073,36.073,37.198,1
352,2.4,2.0,1.2,3,3.0,3.0,3,3,3,3.0,2,1,2,1,3,1,2,1,3,1.49,1.415,3.0,3.0,2.0,3.0,3,1,3,3,1,1,3,3,1,3,3,2,1,1,3,3,2,1,3,3,3,3,3,2,2,2,1,2,2,1,2,1,2,2,2,1,2,1,2,1,2,1,2,2,2,2,2,1,3,3,2,1,3,3,3,3,3,1,1.315,1.565,1.315,1.515,1.315,1.54,1.54,1.315,Reasonably age-friendly,Less age-friendly,Less age-friendly,Less age-friendly,Reasonably age-friendly,Reasonably age-friendly,Less age-friendly,Less age-friendly,Less age-friendly,Reasonably age-friendly,Less age-friendly,residential,18.773,352:0,0,backward,288,287,18.773,36.32299999999999,36.698,37.198,35.948,37.198,36.198,37.198,36.073,36.073,37.198,1
353,1.97,1.0,1.97,3,3.0,3.0,2,3,3,1.0,2,1,2,1,1,1,1,1,1,2.129,2.054,3.0,3.0,2.0,3.0,3,1,3,3,1,1,1,3,1,3,3,2,1,1,3,3,2,1,3,3,3,3,3,2,2,2,1,2,2,1,2,1,2,2,2,1,2,1,2,1,2,1,2,2,2,2,2,1,3,3,3,3,3,3,3,3,3,1,1.854,2.104,1.854,2.054,1.854,2.079,1.979,1.854,Reasonably age-friendly,Reasonably age-friendly,Reasonably age-friendly,Reasonably age-friendly,Reasonably age-friendly,Reasonably age-friendly,Reasonably age-friendly,Reasonably age-friendly,Reasonably age-friendly,Reasonably age-friendly,Reasonably age-friendly,residential,21.579,353:0,0,forward,289,290,21.579,35.934,36.309,37.309,36.059,37.309,36.309,37.309,36.184,36.684,37.309,1
353,1.97,1.0,1.97,3,3.0,3.0,2,3,3,1.0,2,1,2,1,1,1,1,1,1,2.129,2.054,3.0,3.0,2.0,3.0,3,1,3,3,1,1,1,3,1,3,3,2,1,1,3,3,2,1,3,3,3,3,3,2,2,2,1,2,2,1,2,1,2,2,2,1,2,1,2,1,2,1,2,2,2,2,2,1,3,3,3,3,3,3,3,3,3,1,1.854,2.104,1.854,2.054,1.854,2.079,1.979,1.854,Reasonably age-friendly,Reasonably age-friendly,Reasonably age-friendly,Reasonably age-friendly,Reasonably age-friendly,Reasonably age-friendly,Reasonably age-friendly,Reasonably age-friendly,Reasonably age-friendly,Reasonably age-friendly,Reasonably age-friendly,residential,21.579,353:0,0,backward,290,289,21.579,35.934,36.309,37.309,36.059,37.309,36.309,37.309,36.184,36.684,37.309,1
354,1.87,2.0,0.935,3,1.5,1.0,3,3,2,1.0,3,1,1,1,3,1,1,3,3,1.505,1.38,3.0,3.0,2.0,3.0,3,1,3,3,1,3,3,3,1,3,3,1,1,1,3,3,1,1,3,3,3,3,3,2,2,2,1,2,2,1,2,1,2,2,2,1,2,1,2,1,2,1,2,2,2,2,2,1,3,3,3,3,3,3,3,3,3,3,1.33,1.38,1.33,1.33,1.33,1.455,1.305,1.33,Reasonably age-friendly,Less age-friendly,Reasonably age-friendly,Less age-friendly,Reasonably age-friendly,Reasonably age-friendly,Less age-friendly,Less age-friendly,Less age-friendly,Reasonably age-friendly,Less age-friendly,residential,24.558,354:0,0,forward,290,291,24.558,42.033,42.658,42.908,42.658,42.908,42.908,42.908,42.283,43.033,42.908,1
354,1.87,2.0,0.935,3,1.5,1.0,3,3,2,1.0,3,1,1,1,3,1,1,3,3,1.505,1.38,3.0,3.0,2.0,3.0,3,1,3,3,1,3,3,3,1,3,3,1,1,1,3,3,1,1,3,3,3,3,3,2,2,2,1,2,2,1,2,1,2,2,2,1,2,1,2,1,2,1,2,2,2,2,2,1,3,3,3,3,3,3,3,3,3,3,1.33,1.38,1.33,1.33,1.33,1.455,1.305,1.33,Reasonably age-friendly,Less age-friendly,Reasonably age-friendly,Less age-friendly,Reasonably age-friendly,Reasonably age-friendly,Less age-friendly,Less age-friendly,Less age-friendly,Reasonably age-friendly,Less age-friendly,residential,24.558,354:0,0,backward,291,290,24.558,42.033,42.658,42.908,42.658,42.908,42.908,42.908,42.283,43.033,42.908,1
355,2.32,1.0,2.32,3,3.0,3.0,3,3,3,1.0,3,1,2,1,1,1,2,1,3,2.374,2.299,3.0,3.0,2.0,3.0,3,1,3,3,1,1,3,3,1,3,3,2,1,1,3,3,2,1,3,3,3,3,3,2,2,2,1,2,2,1,2,1,2,2,2,1,2,1,2,1,2,1,2,2,2,2,2,1,3,3,3,2,3,3,3,3,3,1,2.099,2.349,2.099,2.299,2.099,2.324,2.324,2.099,Reasonably age-friendly,Reasonably age-friendly,Reasonably age-friendly,Reasonably age-friendly,Reasonably age-friendly,Reasonably age-friendly,Reasonably age-friendly,Reasonably age-friendly,Reasonably age-friendly,Reasonably age-friendly,Reasonably age-friendly,residential,22.061,355:0,0,forward,290,292,22.061,35.191,35.566,36.566,35.316,36.566,35.566,36.566,35.441,35.441,36.566,1
355,2.32,1.0,2.32,3,3.0,3.0,3,3,3,1.0,3,1,2,1,1,1,2,1,3,2.374,2.299,3.0,3.0,2.0,3.0,3,1,3,3,1,1,3,3,1,3,3,2,1,1,3,3,2,1,3,3,3,3,3,2,2,2,1,2,2,1,2,1,2,2,2,1,2,1,2,1,2,1,2,2,2,2,2,1,3,3,3,2,3,3,3,3,3,1,2.099,2.349,2.099,2.299,2.099,2.324,2.324,2.099,Reasonably age-friendly,Reasonably age-friendly,Reasonably age-friendly,Reasonably age-friendly,Reasonably age-friendly,Reasonably age-friendly,Reasonably age-friendly,Reasonably age-friendly,Reasonably age-friendly,Reasonably age-friendly,Reasonably age-friendly,residential,22.061,355:0,0,backward,292,290,22.061,35.191,35.566,36.566,35.316,36.566,35.566,36.566,35.441,35.441,36.566,1
356,2.33,2.0,1.165,3,3.0,2.5,3,3,3,1.0,2,1,2,1,3,1,3,2,1,1.516,1.291,3.0,3.0,2.0,3.0,3,1,3,3,1,2,1,3,1,3,3,2,1,1,3,3,2,1,3,3,3,3,3,2,2,2,1,2,2,1,2,1,2,2,2,1,2,1,2,1,2,1,2,2,2,2,2,1,3,1,2,1,3,3,3,3,3,3,1.491,1.341,1.491,1.491,1.491,1.566,1.416,1.491,Reasonably age-friendly,Less age-friendly,Less age-friendly,Less age-friendly,Reasonably age-friendly,Reasonably age-friendly,Less age-friendly,Less age-friendly,Less age-friendly,Reasonably age-friendly,Less age-friendly,residential,54.304,356:0,0,forward,293,294,54.304,71.724,72.849,71.849,72.599,71.849,71.849,71.849,71.474,72.224,71.849,1
356,2.33,2.0,1.165,3,3.0,2.5,3,3,3,1.0,2,1,2,1,3,1,3,2,1,1.516,1.291,3.0,3.0,2.0,3.0,3,1,3,3,1,2,1,3,1,3,3,2,1,1,3,3,2,1,3,3,3,3,3,2,2,2,1,2,2,1,2,1,2,2,2,1,2,1,2,1,2,1,2,2,2,2,2,1,3,1,2,1,3,3,3,3,3,3,1.491,1.341,1.491,1.491,1.491,1.566,1.416,1.491,Reasonably age-friendly,Less age-friendly,Less age-friendly,Less age-friendly,Reasonably age-friendly,Reasonably age-friendly,Less age-friendly,Less age-friendly,Less age-friendly,Reasonably age-friendly,Less age-friendly,residential,54.304,356:0,0,backward,294,293,54.304,71.724,72.849,71.849,72.599,71.849,71.849,71.849,71.474,72.224,71.849,1
357,1.83,1.0,1.83,3,1.5,1.0,3,3,2,1.0,1,1,2,1,1,1,2,1,3,2.031,1.956,3.0,3.0,2.0,3.0,3,1,3,3,1,1,3,3,1,3,3,2,1,1,3,3,2,1,3,3,3,3,3,2,2,2,1,2,2,1,2,1,2,2,2,1,2,1,2,1,2,1,2,2,2,2,2,1,3,3,3,2,3,3,3,3,3,3,1.956,2.006,1.956,1.956,1.956,1.981,1.981,1.956,Reasonably age-friendly,Reasonably age-friendly,Reasonably age-friendly,Reasonably age-friendly,Reasonably age-friendly,Reasonably age-friendly,Reasonably age-friendly,Reasonably age-friendly,Reasonably age-friendly,Reasonably age-friendly,Less age-friendly,residential,23.28,357:0,0,forward,292,295,23.28,38.125,38.5,38.5,38.25,38.5,38.5,38.5,38.375,38.375,38.5,1
357,1.83,1.0,1.83,3,1.5,1.0,3,3,2,1.0,1,1,2,1,1,1,2,1,3,2.031,1.956,3.0,3.0,2.0,3.0,3,1,3,3,1,1,3,3,1,3,3,2,1,1,3,3,2,1,3,3,3,3,3,2,2,2,1,2,2,1,2,1,2,2,2,1,2,1,2,1,2,1,2,2,2,2,2,1,3,3,3,2,3,3,3,3,3,3,1.956,2.006,1.956,1.956,1.956,1.981,1.981,1.956,Reasonably age-friendly,Reasonably age-friendly,Reasonably age-friendly,Reasonably age-friendly,Reasonably age-friendly,Reasonably age-friendly,Reasonably age-friendly,Reasonably age-friendly,Reasonably age-friendly,Reasonably age-friendly,Less age-friendly,residential,23.28,357:0,0,backward,295,292,23.28,38.125,38.5,38.5,38.25,38.5,38.5,38.5,38.375,38.375,38.5,1
358,1.91,1.5,1.273,3,1.5,1.0,3,3,2,1.0,2,1,3,1,2,1,2,1,3,1.641,1.716,3.0,3.0,2.0,3.0,3,1,3,3,1,1,3,3,2,3,3,3,2,2,3,3,3,2,3,3,3,3,3,2,2,2,1,2,2,1,2,1,2,2,2,1,2,1,2,1,2,1,2,2,2,2,2,1,3,3,3,3,3,3,3,3,3,3,1.616,1.616,1.616,1.566,1.616,1.591,1.641,1.616,Reasonably age-friendly,Less age-friendly,Less age-friendly,Less age-friendly,Reasonably age-friendly,Reasonably age-friendly,Less age-friendly,Less age-friendly,Less age-friendly,Reasonably age-friendly,Less age-friendly,residential,21.848,358:0,0,forward,295,296,21.848,38.643,38.268,38.768,38.768,38.768,39.018,38.768,38.893,38.643,38.768,1
358,1.91,1.5,1.273,3,1.5,1.0,3,3,2,1.0,2,1,3,1,2,1,2,1,3,1.641,1.716,3.0,3.0,2.0,3.0,3,1,3,3,1,1,3,3,2,3,3,3,2,2,3,3,3,2,3,3,3,3,3,2,2,2,1,2,2,1,2,1,2,2,2,1,2,1,2,1,2,1,2,2,2,2,2,1,3,3,3,3,3,3,3,3,3,3,1.616,1.616,1.616,1.566,1.616,1.591,1.641,1.616,Reasonably age-friendly,Less age-friendly,Less age-friendly,Less age-friendly,Reasonably age-friendly,Reasonably age-friendly,Less age-friendly,Less age-friendly,Less age-friendly,Reasonably age-friendly,Less age-friendly,residential,21.848,358:0,0,backward,296,295,21.848,38.643,38.268,38.768,38.768,38.768,39.018,38.768,38.893,38.643,38.768,1
359,2.03,2.0,1.015,3,1.5,1.0,3,3,2,1.0,2,1,2,1,3,1,3,3,3,1.56,1.386,3.0,3.0,2.0,3.0,3,1,3,3,1,3,3,3,1,3,3,2,1,1,3,3,2,1,3,3,3,3,3,2,2,2,1,2,2,1,2,1,2,2,2,1,2,1,2,1,2,1,2,2,2,2,2,1,3,3,3,2,3,3,3,3,3,3,1.386,1.435,1.386,1.386,1.386,1.511,1.411,1.386,Reasonably age-friendly,Less age-friendly,Less age-friendly,Less age-friendly,Reasonably age-friendly,Reasonably age-friendly,Less age-friendly,Less age-friendly,Less age-friendly,Reasonably age-friendly,Less age-friendly,residential,60.887,359:0,0,forward,295,297,60.887,78.087,78.957,78.957,78.712,78.957,78.957,78.957,78.332,78.832,78.957,1
359,2.03,2.0,1.015,3,1.5,1.0,3,3,2,1.0,2,1,2,1,3,1,3,3,3,1.56,1.386,3.0,3.0,2.0,3.0,3,1,3,3,1,3,3,3,1,3,3,2,1,1,3,3,2,1,3,3,3,3,3,2,2,2,1,2,2,1,2,1,2,2,2,1,2,1,2,1,2,1,2,2,2,2,2,1,3,3,3,2,3,3,3,3,3,3,1.386,1.435,1.386,1.386,1.386,1.511,1.411,1.386,Reasonably age-friendly,Less age-friendly,Less age-friendly,Less age-friendly,Reasonably age-friendly,Reasonably age-friendly,Less age-friendly,Less age-friendly,Less age-friendly,Reasonably age-friendly,Less age-friendly,residential,60.887,359:0,0,backward,297,295,60.887,78.087,78.957,78.957,78.712,78.957,78.957,78.957,78.332,78.832,78.957,1
360,1.71,1.0,1.71,3,1.5,1.0,3,3,2,1.0,1,1,2,1,1,1,1,1,3,1.947,1.972,3.0,3.0,2.0,3.0,3,1,3,3,1,1,3,3,1,3,3,2,1,1,3,3,2,1,3,3,3,3,3,2,2,2,1,2,2,1,2,1,2,2,2,1,2,1,2,1,2,1,2,2,2,2,2,1,3,3,3,3,3,3,3,3,3,3,1.872,1.922,1.872,1.872,1.872,1.897,1.897,1.872,Reasonably age-friendly,Reasonably age-friendly,Reasonably age-friendly,Reasonably age-friendly,Reasonably age-friendly,Reasonably age-friendly,Reasonably age-friendly,Reasonably age-friendly,Reasonably age-friendly,Reasonably age-friendly,Reasonably age-friendly,residential,20.928,360:0,0,forward,297,298,20.928,36.193,36.068,36.568,36.318,36.568,36.568,36.568,36.443,36.443,36.568,1
360,1.71,1.0,1.71,3,1.5,1.0,3,3,2,1.0,1,1,2,1,1,1,1,1,3,1.947,1.972,3.0,3.0,2.0,3.0,3,1,3,3,1,1,3,3,1,3,3,2,1,1,3,3,2,1,3,3,3,3,3,2,2,2,1,2,2,1,2,1,2,2,2,1,2,1,2,1,2,1,2,2,2,2,2,1,3,3,3,3,3,3,3,3,3,3,1.872,1.922,1.872,1.872,1.872,1.897,1.897,1.872,Reasonably age-friendly,Reasonably age-friendly,Reasonably age-friendly,Reasonably age-friendly,Reasonably age-friendly,Reasonably age-friendly,Reasonably age-friendly,Reasonably age-friendly,Reasonably age-friendly,Reasonably age-friendly,Reasonably age-friendly,residential,20.928,360:0,0,backward,298,297,20.928,36.193,36.068,36.568,36.318,36.568,36.568,36.568,36.443,36.443,36.568,1
361,1.99,1.0,1.99,3,1.5,1.0,3,3,2,2.0,2,1,2,1,1,1,2,3,3,2.043,1.968,3.0,3.0,2.0,3.0,3,2,3,3,2,3,3,3,1,3,3,2,1,1,3,3,2,1,3,3,3,3,3,2,2,2,1,2,2,1,2,1,2,2,2,1,2,1,2,1,2,1,2,2,2,2,2,1,3,1,1,1,3,3,3,3,3,3,2.068,1.968,2.068,2.118,2.068,2.193,2.093,2.068,Reasonably age-friendly,Reasonably age-friendly,Reasonably age-friendly,Reasonably age-friendly,Reasonably age-friendly,Reasonably age-friendly,Reasonably age-friendly,Reasonably age-friendly,Reasonably age-friendly,Reasonably age-friendly,Less age-friendly,residential,56.256,361:0,0,forward,297,299,56.256,71.041,71.416,70.916,71.416,70.916,70.666,70.916,70.291,70.791,70.916,1
361,1.99,1.0,1.99,3,1.5,1.0,3,3,2,2.0,2,1,2,1,1,1,2,3,3,2.043,1.968,3.0,3.0,2.0,3.0,3,2,3,3,2,3,3,3,1,3,3,2,1,1,3,3,2,1,3,3,3,3,3,2,2,2,1,2,2,1,2,1,2,2,2,1,2,1,2,1,2,1,2,2,2,2,2,1,3,1,1,1,3,3,3,3,3,3,2.068,1.968,2.068,2.118,2.068,2.193,2.093,2.068,Reasonably age-friendly,Reasonably age-friendly,Reasonably age-friendly,Reasonably age-friendly,Reasonably age-friendly,Reasonably age-friendly,Reasonably age-friendly,Reasonably age-friendly,Reasonably age-friendly,Reasonably age-friendly,Less age-friendly,residential,56.256,361:0,0,backward,299,297,56.256,71.041,71.416,70.916,71.416,70.916,70.666,70.916,70.291,70.791,70.916,1
362,2.52,1.0,2.52,3,3.0,3.0,3,3,3,3.0,3,3,2,1,1,1,1,3,3,2.614,2.539,3.0,3.0,2.0,3.0,3,3,3,3,3,3,3,3,1,3,3,2,1,1,3,3,2,1,3,3,3,3,3,2,2,2,1,2,2,1,2,1,2,2,2,1,2,1,2,1,2,1,2,2,2,2,2,1,3,3,3,3,3,3,1,2,3,3,2.439,2.589,2.439,2.339,2.439,2.464,2.464,2.439,Reasonably age-friendly,More age-friendly,More age-friendly,More age-friendly,Reasonably age-friendly,Reasonably age-friendly,Reasonably age-friendly,Reasonably age-friendly,Reasonably age-friendly,Reasonably age-friendly,More age-friendly,residential,20.943,362:0,0,forward,249,300,20.943,32.873000000000005,33.248000000000005,33.748000000000005,32.998000000000005,33.748000000000005,34.248000000000005,33.748000000000005,33.623000000000005,33.623000000000005,33.748000000000005,0
362,2.52,1.0,2.52,3,3.0,3.0,3,3,3,3.0,3,3,2,1,1,1,1,3,3,2.614,2.539,3.0,3.0,2.0,3.0,3,3,3,3,3,3,3,3,1,3,3,2,1,1,3,3,2,1,3,3,3,3,3,2,2,2,1,2,2,1,2,1,2,2,2,1,2,1,2,1,2,1,2,2,2,2,2,1,3,3,3,3,3,3,1,2,3,3,2.439,2.589,2.439,2.339,2.439,2.464,2.464,2.439,Reasonably age-friendly,More age-friendly,More age-friendly,More age-friendly,Reasonably age-friendly,Reasonably age-friendly,Reasonably age-friendly,Reasonably age-friendly,Reasonably age-friendly,Reasonably age-friendly,More age-friendly,residential,20.943,362:0,0,backward,300,249,20.943,32.873000000000005,33.248000000000005,33.748000000000005,32.998000000000005,33.748000000000005,34.248000000000005,33.748000000000005,33.623000000000005,33.623000000000005,33.748000000000005,0
363,2.56,1.0,2.56,3,3.0,3.0,3,3,3,3.0,3,2,3,2,1,1,1,3,2,2.642,2.467,3.0,3.0,2.0,3.0,3,1,3,3,1,3,2,3,2,3,3,3,2,2,3,3,3,2,3,3,3,3,3,2,2,2,1,2,2,1,2,1,2,2,2,1,2,1,2,1,2,1,2,2,2,2,2,1,3,2,3,2,3,3,3,1,2,1,2.317,2.417,2.317,2.467,2.317,2.392,2.392,2.317,Reasonably age-friendly,Reasonably age-friendly,More age-friendly,Reasonably age-friendly,Reasonably age-friendly,Reasonably age-friendly,Reasonably age-friendly,Reasonably age-friendly,Reasonably age-friendly,Reasonably age-friendly,Reasonably age-friendly,residential,26.444,363:0,0,forward,250,301,26.444,38.234,39.108999999999995,39.858999999999995,39.359,39.858999999999995,39.108999999999995,39.858999999999995,39.484,39.484,39.858999999999995,0
363,2.56,1.0,2.56,3,3.0,3.0,3,3,3,3.0,3,2,3,2,1,1,1,3,2,2.642,2.467,3.0,3.0,2.0,3.0,3,1,3,3,1,3,2,3,2,3,3,3,2,2,3,3,3,2,3,3,3,3,3,2,2,2,1,2,2,1,2,1,2,2,2,1,2,1,2,1,2,1,2,2,2,2,2,1,3,2,3,2,3,3,3,1,2,1,2.317,2.417,2.317,2.467,2.317,2.392,2.392,2.317,Reasonably age-friendly,Reasonably age-friendly,More age-friendly,Reasonably age-friendly,Reasonably age-friendly,Reasonably age-friendly,Reasonably age-friendly,Reasonably age-friendly,Reasonably age-friendly,Reasonably age-friendly,Reasonably age-friendly,residential,26.444,363:0,0,backward,301,250,26.444,38.234,39.108999999999995,39.858999999999995,39.359,39.858999999999995,39.108999999999995,39.858999999999995,39.484,39.484,39.858999999999995,0
364,1.8,1.5,1.2,3,1.0,3.0,3,3,1,1.0,1,1,3,2,2,1,1,1,1,1.59,1.465,3.0,3.0,2.0,3.0,3,1,3,3,1,1,1,3,2,3,3,3,2,2,3,3,3,2,3,3,3,3,3,2,2,2,1,2,2,1,2,1,2,2,2,1,2,1,2,1,2,1,2,2,2,2,2,1,3,2,3,2,3,3,3,1,2,1,1.365,1.465,1.365,1.515,1.365,1.34,1.39,1.365,Reasonably age-friendly,Less age-friendly,Reasonably age-friendly,Less age-friendly,Reasonably age-friendly,Reasonably age-friendly,Reasonably age-friendly,Less age-friendly,Less age-friendly,Reasonably age-friendly,Less age-friendly,residential,14.771,364:0,0,forward,250,302,14.771,31.821,32.446,32.946,32.446,32.946,32.196,32.946,33.071,32.821,32.946,0
364,1.8,1.5,1.2,3,1.0,3.0,3,3,1,1.0,1,1,3,2,2,1,1,1,1,1.59,1.465,3.0,3.0,2.0,3.0,3,1,3,3,1,1,1,3,2,3,3,3,2,2,3,3,3,2,3,3,3,3,3,2,2,2,1,2,2,1,2,1,2,2,2,1,2,1,2,1,2,1,2,2,2,2,2,1,3,2,3,2,3,3,3,1,2,1,1.365,1.465,1.365,1.515,1.365,1.34,1.39,1.365,Reasonably age-friendly,Less age-friendly,Reasonably age-friendly,Less age-friendly,Reasonably age-friendly,Reasonably age-friendly,Reasonably age-friendly,Less age-friendly,Less age-friendly,Reasonably age-friendly,Less age-friendly,residential,14.771,364:0,0,backward,302,250,14.771,31.821,32.446,32.946,32.446,32.946,32.196,32.946,33.071,32.821,32.946,0
365,2.24,1.0,2.24,3,3.0,3.0,3,3,3,1.0,2,1,2,2,1,1,1,1,2,2.318,2.293,3.0,3.0,2.0,3.0,3,1,3,3,1,1,2,3,1,3,3,2,1,1,3,3,2,1,3,3,3,3,3,2,2,2,1,2,2,1,2,1,2,2,2,1,2,1,2,1,2,1,2,2,2,2,2,1,3,3,3,3,3,3,3,3,3,2,2.143,2.293,2.143,2.243,2.143,2.268,2.218,2.143,Reasonably age-friendly,Reasonably age-friendly,Reasonably age-friendly,Reasonably age-friendly,Reasonably age-friendly,Reasonably age-friendly,Reasonably age-friendly,Reasonably age-friendly,Reasonably age-friendly,Reasonably age-friendly,Reasonably age-friendly,residential,96.275,365:0,0,forward,302,303,96.275,109.685,109.81,110.56,109.81,110.56,110.06,110.56,109.935,110.185,110.56,0
365,2.24,1.0,2.24,3,3.0,3.0,3,3,3,1.0,2,1,2,2,1,1,1,1,2,2.318,2.293,3.0,3.0,2.0,3.0,3,1,3,3,1,1,2,3,1,3,3,2,1,1,3,3,2,1,3,3,3,3,3,2,2,2,1,2,2,1,2,1,2,2,2,1,2,1,2,1,2,1,2,2,2,2,2,1,3,3,3,3,3,3,3,3,3,2,2.143,2.293,2.143,2.243,2.143,2.268,2.218,2.143,Reasonably age-friendly,Reasonably age-friendly,Reasonably age-friendly,Reasonably age-friendly,Reasonably age-friendly,Reasonably age-friendly,Reasonably age-friendly,Reasonably age-friendly,Reasonably age-friendly,Reasonably age-friendly,Reasonably age-friendly,residential,96.275,365:0,0,backward,303,302,96.275,109.685,109.81,110.56,109.81,110.56,110.06,110.56,109.935,110.185,110.56,0
366,1.6,2.5,0.64,3,1.0,3.0,2,2,1,1.0,1,1,2,2,3,2,1,3,3,1.198,1.223,3.0,3.0,2.0,3.0,3,1,3,3,1,3,3,3,1,3,3,2,1,1,3,3,2,1,3,3,3,3,3,2,2,2,1,2,2,1,2,1,2,2,2,1,2,1,2,1,2,1,2,2,2,2,2,1,1,3,2,3,3,1,3,2,3,1,0.923,1.173,0.923,1.123,0.923,1.148,1.148,0.923,Less age-friendly,Less age-friendly,Less age-friendly,Less age-friendly,Less age-friendly,Less age-friendly,Less age-friendly,Less age-friendly,Less age-friendly,Less age-friendly,Less age-friendly,residential,12.222,366:0,0,forward,303,304,12.222,31.232,31.107,32.607,31.357,32.607,31.607,32.607,31.482,31.482,32.607,0
366,1.6,2.5,0.64,3,1.0,3.0,2,2,1,1.0,1,1,2,2,3,2,1,3,3,1.198,1.223,3.0,3.0,2.0,3.0,3,1,3,3,1,3,3,3,1,3,3,2,1,1,3,3,2,1,3,3,3,3,3,2,2,2,1,2,2,1,2,1,2,2,2,1,2,1,2,1,2,1,2,2,2,2,2,1,1,3,2,3,3,1,3,2,3,1,0.923,1.173,0.923,1.123,0.923,1.148,1.148,0.923,Less age-friendly,Less age-friendly,Less age-friendly,Less age-friendly,Less age-friendly,Less age-friendly,Less age-friendly,Less age-friendly,Less age-friendly,Less age-friendly,Less age-friendly,residential,12.222,366:0,0,backward,304,303,12.222,31.232,31.107,32.607,31.357,32.607,31.607,32.607,31.482,31.482,32.607,0
367,1.97,1.5,1.313,3,2.5,3.0,2,2,2,1.5,1,1,3,1,1,2,3,3,3,1.669,1.644,3.0,3.0,2.0,3.0,3,3,3,3,3,3,3,3,2,3,3,3,2,2,3,3,3,2,3,3,3,3,3,2,2,2,1,2,2,1,2,1,2,2,2,1,2,1,2,1,2,1,2,2,2,2,2,1,3,3,2,2,3,3,2,3,3,2,1.544,1.744,1.544,1.594,1.544,1.719,1.669,1.544,Reasonably age-friendly,Reasonably age-friendly,Less age-friendly,Less age-friendly,Reasonably age-friendly,Reasonably age-friendly,Less age-friendly,Less age-friendly,Less age-friendly,Reasonably age-friendly,Less age-friendly,residential,20.253,367:0,0,forward,304,305,20.253,36.908,37.033,37.533,36.533,37.533,37.283,37.533,36.658,36.908,37.533,0
367,1.97,1.5,1.313,3,2.5,3.0,2,2,2,1.5,1,1,3,1,1,2,3,3,3,1.669,1.644,3.0,3.0,2.0,3.0,3,3,3,3,3,3,3,3,2,3,3,3,2,2,3,3,3,2,3,3,3,3,3,2,2,2,1,2,2,1,2,1,2,2,2,1,2,1,2,1,2,1,2,2,2,2,2,1,3,3,2,2,3,3,2,3,3,2,1.544,1.744,1.544,1.594,1.544,1.719,1.669,1.544,Reasonably age-friendly,Reasonably age-friendly,Less age-friendly,Less age-friendly,Reasonably age-friendly,Reasonably age-friendly,Less age-friendly,Less age-friendly,Less age-friendly,Reasonably age-friendly,Less age-friendly,residential,20.253,367:0,0,backward,305,304,20.253,36.908,37.033,37.533,36.533,37.533,37.283,37.533,36.658,36.908,37.533,0
368,1.99,1.0,1.99,3,2.5,2.0,1,3,2,3.0,1,1,2,1,1,1,3,3,3,2.243,2.168,3.0,3.0,2.0,3.0,3,3,3,3,3,3,3,3,1,3,3,2,1,1,3,3,2,1,3,3,3,3,3,2,2,2,1,2,2,1,2,1,2,2,2,1,2,1,2,1,2,1,2,2,2,2,2,1,1,3,3,3,3,1,3,2,3,1,1.868,2.218,1.868,2.168,1.868,2.093,2.093,1.868,Reasonably age-friendly,Reasonably age-friendly,Reasonably age-friendly,Less age-friendly,Reasonably age-friendly,Reasonably age-friendly,Less age-friendly,Less age-friendly,Less age-friendly,Reasonably age-friendly,Less age-friendly,residential,23.33,368:0,0,forward,304,306,23.33,37.114999999999995,37.489999999999995,38.989999999999995,37.239999999999995,38.989999999999995,37.489999999999995,38.989999999999995,37.864999999999995,37.864999999999995,38.989999999999995,0
368,1.99,1.0,1.99,3,2.5,2.0,1,3,2,3.0,1,1,2,1,1,1,3,3,3,2.243,2.168,3.0,3.0,2.0,3.0,3,3,3,3,3,3,3,3,1,3,3,2,1,1,3,3,2,1,3,3,3,3,3,2,2,2,1,2,2,1,2,1,2,2,2,1,2,1,2,1,2,1,2,2,2,2,2,1,1,3,3,3,3,1,3,2,3,1,1.868,2.218,1.868,2.168,1.868,2.093,2.093,1.868,Reasonably age-friendly,Reasonably age-friendly,Reasonably age-friendly,Less age-friendly,Reasonably age-friendly,Reasonably age-friendly,Less age-friendly,Less age-friendly,Less age-friendly,Reasonably age-friendly,Less age-friendly,residential,23.33,368:0,0,backward,306,304,23.33,37.114999999999995,37.489999999999995,38.989999999999995,37.239999999999995,38.989999999999995,37.489999999999995,38.989999999999995,37.864999999999995,37.864999999999995,38.989999999999995,0
369,1.95,1.5,1.3,3,1.5,1.0,3,3,2,3.0,2,1,2,1,2,1,1,1,3,1.66,1.685,3.0,3.0,2.0,3.0,3,1,3,3,1,1,3,3,1,3,3,2,1,1,3,3,2,1,3,3,3,3,3,2,2,2,1,2,2,1,2,1,2,2,2,1,2,1,2,1,2,1,2,2,2,2,2,1,3,3,3,3,3,3,3,3,3,3,1.585,1.635,1.585,1.585,1.585,1.61,1.61,1.585,Reasonably age-friendly,Reasonably age-friendly,Reasonably age-friendly,Reasonably age-friendly,Reasonably age-friendly,Reasonably age-friendly,Reasonably age-friendly,Reasonably age-friendly,Reasonably age-friendly,Reasonably age-friendly,Less age-friendly,residential,27.344,369:0,0,forward,305,307,27.344,44.044,43.919,44.419,44.169000000000004,44.419,44.419,44.419,44.294,44.294,44.419,0
369,1.95,1.5,1.3,3,1.5,1.0,3,3,2,3.0,2,1,2,1,2,1,1,1,3,1.66,1.685,3.0,3.0,2.0,3.0,3,1,3,3,1,1,3,3,1,3,3,2,1,1,3,3,2,1,3,3,3,3,3,2,2,2,1,2,2,1,2,1,2,2,2,1,2,1,2,1,2,1,2,2,2,2,2,1,3,3,3,3,3,3,3,3,3,3,1.585,1.635,1.585,1.585,1.585,1.61,1.61,1.585,Reasonably age-friendly,Reasonably age-friendly,Reasonably age-friendly,Reasonably age-friendly,Reasonably age-friendly,Reasonably age-friendly,Reasonably age-friendly,Reasonably age-friendly,Reasonably age-friendly,Reasonably age-friendly,Less age-friendly,residential,27.344,369:0,0,backward,307,305,27.344,44.044,43.919,44.419,44.169000000000004,44.419,44.419,44.419,44.294,44.294,44.419,0
370,1.95,2.0,0.975,3,2.5,2.0,2,1,2,3.0,1,1,3,1,2,2,3,3,3,1.433,1.408,3.0,3.0,2.0,3.0,3,3,3,3,3,3,3,3,2,3,3,3,2,2,3,3,3,2,3,3,3,3,3,2,2,2,1,2,2,1,2,1,2,2,2,1,2,1,2,1,2,1,2,2,2,2,2,1,3,3,2,2,3,3,2,3,3,2,1.308,1.507,1.308,1.358,1.308,1.483,1.433,1.308,Reasonably age-friendly,Less age-friendly,Less age-friendly,Less age-friendly,Reasonably age-friendly,Reasonably age-friendly,Less age-friendly,Less age-friendly,Less age-friendly,Reasonably age-friendly,Less age-friendly,residential,84.627,370:0,0,forward,308,224,84.627,102.46199999999999,102.58699999999999,103.08699999999999,102.092,103.08699999999999,102.83699999999999,103.08699999999999,102.21199999999999,102.46199999999999,103.08699999999999,0
370,1.95,2.0,0.975,3,2.5,2.0,2,1,2,3.0,1,1,3,1,2,2,3,3,3,1.433,1.408,3.0,3.0,2.0,3.0,3,3,3,3,3,3,3,3,2,3,3,3,2,2,3,3,3,2,3,3,3,3,3,2,2,2,1,2,2,1,2,1,2,2,2,1,2,1,2,1,2,1,2,2,2,2,2,1,3,3,2,2,3,3,2,3,3,2,1.308,1.507,1.308,1.358,1.308,1.483,1.433,1.308,Reasonably age-friendly,Less age-friendly,Less age-friendly,Less age-friendly,Reasonably age-friendly,Reasonably age-friendly,Less age-friendly,Less age-friendly,Less age-friendly,Reasonably age-friendly,Less age-friendly,residential,84.627,370:0,0,backward,224,308,84.627,102.46199999999999,102.58699999999999,103.08699999999999,102.092,103.08699999999999,102.83699999999999,103.08699999999999,102.21199999999999,102.46199999999999,103.08699999999999,0
371,1.48,2.5,0.592,3,1.0,3.0,1,2,1,1.0,1,1,3,2,3,2,1,1,3,1.064,1.139,3.0,3.0,2.0,3.0,3,1,3,3,1,1,3,3,2,3,3,3,2,2,3,3,3,2,3,3,3,3,3,2,2,2,1,2,2,1,2,1,2,2,2,1,2,1,2,1,2,1,2,2,2,2,2,1,3,3,2,2,3,1,2,3,3,1,0.939,1.139,0.939,0.989,0.939,1.114,1.164,0.939,Less age-friendly,Less age-friendly,Less age-friendly,Less age-friendly,Less age-friendly,Less age-friendly,Less age-friendly,Less age-friendly,Less age-friendly,Less age-friendly,Less age-friendly,residential,23.634,371:0,0,forward,304,240,23.634,43.314,42.939,43.939,42.939,43.939,43.689,43.939,43.064,42.814,43.939,0
371,1.48,2.5,0.592,3,1.0,3.0,1,2,1,1.0,1,1,3,2,3,2,1,1,3,1.064,1.139,3.0,3.0,2.0,3.0,3,1,3,3,1,1,3,3,2,3,3,3,2,2,3,3,3,2,3,3,3,3,3,2,2,2,1,2,2,1,2,1,2,2,2,1,2,1,2,1,2,1,2,2,2,2,2,1,3,3,2,2,3,1,2,3,3,1,0.939,1.139,0.939,0.989,0.939,1.114,1.164,0.939,Less age-friendly,Less age-friendly,Less age-friendly,Less age-friendly,Less age-friendly,Less age-friendly,Less age-friendly,Less age-friendly,Less age-friendly,Less age-friendly,Less age-friendly,residential,23.634,371:0,0,backward,240,304,23.634,43.314,42.939,43.939,42.939,43.939,43.689,43.939,43.064,42.814,43.939,0
372,1.67,2.0,0.835,2,1.5,1.0,3,3,2,1.5,1,1,1,1,3,1,1,1,3,1.335,1.31,3.0,3.0,2.0,3.0,3,2,3,3,2,1,3,3,1,3,3,1,1,1,3,3,1,1,3,3,3,3,3,2,2,2,1,2,2,1,2,1,2,2,2,1,2,1,2,1,2,1,2,2,2,2,2,1,3,3,3,3,3,3,3,3,3,3,1.259,1.36,1.259,1.31,1.259,1.285,1.235,1.259,Reasonably age-friendly,Less age-friendly,Less age-friendly,Less age-friendly,Reasonably age-friendly,Reasonably age-friendly,Less age-friendly,Less age-friendly,Less age-friendly,Reasonably age-friendly,Less age-friendly,residential,19.891,372:0,0,forward,243,309,19.891,38.215999999999994,38.340999999999994,38.596000000000004,38.090999999999994,38.596000000000004,38.340999999999994,38.596000000000004,38.465999999999994,38.715999999999994,38.596000000000004,0
372,1.67,2.0,0.835,2,1.5,1.0,3,3,2,1.5,1,1,1,1,3,1,1,1,3,1.335,1.31,3.0,3.0,2.0,3.0,3,2,3,3,2,1,3,3,1,3,3,1,1,1,3,3,1,1,3,3,3,3,3,2,2,2,1,2,2,1,2,1,2,2,2,1,2,1,2,1,2,1,2,2,2,2,2,1,3,3,3,3,3,3,3,3,3,3,1.259,1.36,1.259,1.31,1.259,1.285,1.235,1.259,Reasonably age-friendly,Less age-friendly,Less age-friendly,Less age-friendly,Reasonably age-friendly,Reasonably age-friendly,Less age-friendly,Less age-friendly,Less age-friendly,Reasonably age-friendly,Less age-friendly,residential,19.891,372:0,0,backward,309,243,19.891,38.215999999999994,38.340999999999994,38.596000000000004,38.090999999999994,38.596000000000004,38.340999999999994,38.596000000000004,38.465999999999994,38.715999999999994,38.596000000000004,0
373,1.91,1.0,1.91,3,1.5,1.0,3,3,2,1.0,2,1,2,1,1,1,2,1,3,2.087,2.112,3.0,3.0,2.0,3.0,3,1,3,3,1,1,3,3,1,3,3,2,1,1,3,3,2,1,3,3,3,3,3,2,2,2,1,2,2,1,2,1,2,2,2,1,2,1,2,1,2,1,2,2,2,2,2,1,3,3,3,3,3,3,3,3,3,3,2.012,2.062,2.012,2.012,2.012,2.037,2.037,2.012,Reasonably age-friendly,Reasonably age-friendly,Reasonably age-friendly,Reasonably age-friendly,Reasonably age-friendly,Reasonably age-friendly,Reasonably age-friendly,Reasonably age-friendly,Reasonably age-friendly,Reasonably age-friendly,Less age-friendly,residential,30.434,373:0,0,forward,309,310,30.434,44.999,44.874,45.374,45.124,45.374,45.374,45.374,45.249,45.249,45.374,0
373,1.91,1.0,1.91,3,1.5,1.0,3,3,2,1.0,2,1,2,1,1,1,2,1,3,2.087,2.112,3.0,3.0,2.0,3.0,3,1,3,3,1,1,3,3,1,3,3,2,1,1,3,3,2,1,3,3,3,3,3,2,2,2,1,2,2,1,2,1,2,2,2,1,2,1,2,1,2,1,2,2,2,2,2,1,3,3,3,3,3,3,3,3,3,3,2.012,2.062,2.012,2.012,2.012,2.037,2.037,2.012,Reasonably age-friendly,Reasonably age-friendly,Reasonably age-friendly,Reasonably age-friendly,Reasonably age-friendly,Reasonably age-friendly,Reasonably age-friendly,Reasonably age-friendly,Reasonably age-friendly,Reasonably age-friendly,Less age-friendly,residential,30.434,373:0,0,backward,310,309,30.434,44.999,44.874,45.374,45.124,45.374,45.374,45.374,45.249,45.249,45.374,0
374,1.71,1.0,1.71,3,1.5,1.0,3,3,2,1.0,1,1,2,1,1,1,1,1,3,1.947,1.972,3.0,3.0,2.0,3.0,3,1,3,3,1,1,3,3,1,3,3,2,1,1,3,3,2,1,3,3,3,3,3,2,2,2,1,2,2,1,2,1,2,2,2,1,2,1,2,1,2,1,2,2,2,2,2,1,3,3,3,3,3,3,3,3,3,3,1.872,1.922,1.872,1.872,1.872,1.897,1.897,1.872,Reasonably age-friendly,Reasonably age-friendly,Reasonably age-friendly,Reasonably age-friendly,Reasonably age-friendly,Reasonably age-friendly,Reasonably age-friendly,Reasonably age-friendly,Reasonably age-friendly,Reasonably age-friendly,Reasonably age-friendly,residential,45.207,374:0,0,forward,309,311,45.207,60.472,60.347,60.847,60.597,60.847,60.847,60.847,60.722,60.722,60.847,0
374,1.71,1.0,1.71,3,1.5,1.0,3,3,2,1.0,1,1,2,1,1,1,1,1,3,1.947,1.972,3.0,3.0,2.0,3.0,3,1,3,3,1,1,3,3,1,3,3,2,1,1,3,3,2,1,3,3,3,3,3,2,2,2,1,2,2,1,2,1,2,2,2,1,2,1,2,1,2,1,2,2,2,2,2,1,3,3,3,3,3,3,3,3,3,3,1.872,1.922,1.872,1.872,1.872,1.897,1.897,1.872,Reasonably age-friendly,Reasonably age-friendly,Reasonably age-friendly,Reasonably age-friendly,Reasonably age-friendly,Reasonably age-friendly,Reasonably age-friendly,Reasonably age-friendly,Reasonably age-friendly,Reasonably age-friendly,Reasonably age-friendly,residential,45.207,374:0,0,backward,311,309,45.207,60.472,60.347,60.847,60.597,60.847,60.847,60.847,60.722,60.722,60.847,0
375,1.79,1.0,1.79,3,1.5,1.0,3,3,2,1.0,2,1,2,1,1,1,1,2,2,2.053,1.978,3.0,3.0,2.0,3.0,3,1,3,3,1,2,2,3,1,3,3,2,1,1,3,3,2,1,3,3,3,3,3,2,2,2,1,2,2,1,2,1,2,2,2,1,2,1,2,1,2,1,2,2,2,2,2,1,3,3,3,3,3,2,2,2,1,3,1.928,1.978,1.928,1.828,1.928,1.903,1.703,1.928,Reasonably age-friendly,Reasonably age-friendly,Reasonably age-friendly,Reasonably age-friendly,Reasonably age-friendly,Reasonably age-friendly,Reasonably age-friendly,Reasonably age-friendly,Reasonably age-friendly,Reasonably age-friendly,Reasonably age-friendly,residential,40.978,375:0,0,forward,311,312,40.978,55.713,56.088,56.338,56.088,56.338,56.838,56.338,56.463,57.463,56.338,0
375,1.79,1.0,1.79,3,1.5,1.0,3,3,2,1.0,2,1,2,1,1,1,1,2,2,2.053,1.978,3.0,3.0,2.0,3.0,3,1,3,3,1,2,2,3,1,3,3,2,1,1,3,3,2,1,3,3,3,3,3,2,2,2,1,2,2,1,2,1,2,2,2,1,2,1,2,1,2,1,2,2,2,2,2,1,3,3,3,3,3,2,2,2,1,3,1.928,1.978,1.928,1.828,1.928,1.903,1.703,1.928,Reasonably age-friendly,Reasonably age-friendly,Reasonably age-friendly,Reasonably age-friendly,Reasonably age-friendly,Reasonably age-friendly,Reasonably age-friendly,Reasonably age-friendly,Reasonably age-friendly,Reasonably age-friendly,Reasonably age-friendly,residential,40.978,375:0,0,backward,312,311,40.978,55.713,56.088,56.338,56.088,56.338,56.838,56.338,56.463,57.463,56.338,0
376,1.87,1.0,1.87,3,1.5,1.0,3,3,2,1.5,1,1,2,1,1,1,2,1,3,2.059,2.084,3.0,3.0,2.0,3.0,3,1,3,3,1,1,3,3,1,3,3,2,1,1,3,3,2,1,3,3,3,3,3,2,2,2,1,2,2,1,2,1,2,2,2,1,2,1,2,1,2,1,2,2,2,2,2,1,3,3,3,3,3,3,3,3,3,3,1.984,2.034,1.984,1.984,1.984,2.009,2.009,1.984,Reasonably age-friendly,Reasonably age-friendly,Reasonably age-friendly,Reasonably age-friendly,Reasonably age-friendly,Reasonably age-friendly,Reasonably age-friendly,Reasonably age-friendly,Reasonably age-friendly,Reasonably age-friendly,Less age-friendly,residential,42.498,376:0,0,forward,309,313,42.498,57.202999999999996,57.077999999999996,57.577999999999996,57.328,57.577999999999996,57.577999999999996,57.577999999999996,57.452999999999996,57.452999999999996,57.577999999999996,0
376,1.87,1.0,1.87,3,1.5,1.0,3,3,2,1.5,1,1,2,1,1,1,2,1,3,2.059,2.084,3.0,3.0,2.0,3.0,3,1,3,3,1,1,3,3,1,3,3,2,1,1,3,3,2,1,3,3,3,3,3,2,2,2,1,2,2,1,2,1,2,2,2,1,2,1,2,1,2,1,2,2,2,2,2,1,3,3,3,3,3,3,3,3,3,3,1.984,2.034,1.984,1.984,1.984,2.009,2.009,1.984,Reasonably age-friendly,Reasonably age-friendly,Reasonably age-friendly,Reasonably age-friendly,Reasonably age-friendly,Reasonably age-friendly,Reasonably age-friendly,Reasonably age-friendly,Reasonably age-friendly,Reasonably age-friendly,Less age-friendly,residential,42.498,376:0,0,backward,313,309,42.498,57.202999999999996,57.077999999999996,57.577999999999996,57.328,57.577999999999996,57.577999999999996,57.577999999999996,57.452999999999996,57.452999999999996,57.577999999999996,0
377,1.71,1.0,1.71,3,1.5,1.0,3,3,2,1.0,1,1,1,1,1,1,1,3,3,2.047,1.922,3.0,3.0,2.0,3.0,3,1,3,3,1,3,3,3,1,3,3,1,1,1,3,3,1,1,3,3,3,3,3,2,2,2,1,2,2,1,2,1,2,2,2,1,2,1,2,1,2,1,2,2,2,2,2,1,3,3,3,3,3,3,3,3,3,3,1.872,1.922,1.872,1.872,1.872,1.997,1.847,1.872,Reasonably age-friendly,Reasonably age-friendly,Reasonably age-friendly,Reasonably age-friendly,Reasonably age-friendly,Reasonably age-friendly,Reasonably age-friendly,Reasonably age-friendly,Reasonably age-friendly,Reasonably age-friendly,Reasonably age-friendly,residential,32.424,377:0,0,forward,313,314,32.424,47.189,47.814,48.064,47.814,48.064,48.064,48.064,47.439,48.189,48.064,0
377,1.71,1.0,1.71,3,1.5,1.0,3,3,2,1.0,1,1,1,1,1,1,1,3,3,2.047,1.922,3.0,3.0,2.0,3.0,3,1,3,3,1,3,3,3,1,3,3,1,1,1,3,3,1,1,3,3,3,3,3,2,2,2,1,2,2,1,2,1,2,2,2,1,2,1,2,1,2,1,2,2,2,2,2,1,3,3,3,3,3,3,3,3,3,3,1.872,1.922,1.872,1.872,1.872,1.997,1.847,1.872,Reasonably age-friendly,Reasonably age-friendly,Reasonably age-friendly,Reasonably age-friendly,Reasonably age-friendly,Reasonably age-friendly,Reasonably age-friendly,Reasonably age-friendly,Reasonably age-friendly,Reasonably age-friendly,Reasonably age-friendly,residential,32.424,377:0,0,backward,314,313,32.424,47.189,47.814,48.064,47.814,48.064,48.064,48.064,47.439,48.189,48.064,0
378,1.95,1.0,1.95,3,1.5,1.0,3,3,2,1.0,1,1,1,1,1,1,3,3,3,2.215,2.09,3.0,3.0,2.0,3.0,3,2,3,3,2,3,3,3,1,3,3,1,1,1,3,3,1,1,3,3,3,3,3,2,2,2,1,2,2,1,2,1,2,2,2,1,2,1,2,1,2,1,2,2,2,2,2,1,3,3,3,3,3,3,3,3,3,3,2.04,2.14,2.04,2.09,2.04,2.165,2.015,2.04,Reasonably age-friendly,Less age-friendly,Reasonably age-friendly,Less age-friendly,Reasonably age-friendly,Reasonably age-friendly,Less age-friendly,Reasonably age-friendly,Less age-friendly,Reasonably age-friendly,Less age-friendly,residential,30.037,378:0,0,forward,314,311,30.037,43.962,44.587,44.837,44.336999999999996,44.837,44.587,44.837,44.212,44.961999999999996,44.837,0
378,1.95,1.0,1.95,3,1.5,1.0,3,3,2,1.0,1,1,1,1,1,1,3,3,3,2.215,2.09,3.0,3.0,2.0,3.0,3,2,3,3,2,3,3,3,1,3,3,1,1,1,3,3,1,1,3,3,3,3,3,2,2,2,1,2,2,1,2,1,2,2,2,1,2,1,2,1,2,1,2,2,2,2,2,1,3,3,3,3,3,3,3,3,3,3,2.04,2.14,2.04,2.09,2.04,2.165,2.015,2.04,Reasonably age-friendly,Less age-friendly,Reasonably age-friendly,Less age-friendly,Reasonably age-friendly,Reasonably age-friendly,Less age-friendly,Reasonably age-friendly,Less age-friendly,Reasonably age-friendly,Less age-friendly,residential,30.037,378:0,0,backward,311,314,30.037,43.962,44.587,44.837,44.336999999999996,44.837,44.587,44.837,44.212,44.961999999999996,44.837,0
379,1.95,2.0,0.975,3,1.5,1.0,3,3,2,1.5,2,1,2,1,3,1,2,1,1,1.433,1.158,3.0,3.0,2.0,3.0,3,1,3,3,1,1,1,3,1,3,3,2,1,1,3,3,2,1,3,3,3,3,3,2,2,2,1,2,2,1,2,1,2,2,2,1,2,1,2,1,2,1,2,2,2,2,2,1,3,3,3,1,3,3,3,3,3,3,1.358,1.408,1.358,1.358,1.358,1.383,1.283,1.358,Reasonably age-friendly,Less age-friendly,Less age-friendly,Less age-friendly,Reasonably age-friendly,Reasonably age-friendly,Less age-friendly,Less age-friendly,Less age-friendly,Reasonably age-friendly,Less age-friendly,residential,61.093,379:0,0,forward,313,315,61.093,78.928,80.303,79.303,79.053,79.303,79.303,79.303,79.178,79.678,79.303,0
379,1.95,2.0,0.975,3,1.5,1.0,3,3,2,1.5,2,1,2,1,3,1,2,1,1,1.433,1.158,3.0,3.0,2.0,3.0,3,1,3,3,1,1,1,3,1,3,3,2,1,1,3,3,2,1,3,3,3,3,3,2,2,2,1,2,2,1,2,1,2,2,2,1,2,1,2,1,2,1,2,2,2,2,2,1,3,3,3,1,3,3,3,3,3,3,1.358,1.408,1.358,1.358,1.358,1.383,1.283,1.358,Reasonably age-friendly,Less age-friendly,Less age-friendly,Less age-friendly,Reasonably age-friendly,Reasonably age-friendly,Less age-friendly,Less age-friendly,Less age-friendly,Reasonably age-friendly,Less age-friendly,residential,61.093,379:0,0,backward,315,313,61.093,78.928,80.303,79.303,79.053,79.303,79.303,79.303,79.178,79.678,79.303,0
380,2.03,1.0,2.03,3,1.5,1.0,3,3,2,1.0,2,1,1,1,1,1,3,3,1,2.071,1.846,3.0,3.0,2.0,3.0,3,2,3,3,2,3,1,3,1,3,3,1,1,1,3,3,1,1,3,3,3,3,3,2,2,2,1,2,2,1,2,1,2,2,2,1,2,1,2,1,2,1,2,2,2,2,2,1,3,1,1,1,3,3,3,3,3,3,2.096,1.996,2.096,2.146,2.096,2.221,1.971,2.096,Reasonably age-friendly,Less age-friendly,Less age-friendly,Less age-friendly,Reasonably age-friendly,Reasonably age-friendly,Less age-friendly,Reasonably age-friendly,Less age-friendly,Reasonably age-friendly,Less age-friendly,residential,20.243,380:0,0,forward,315,316,20.243,34.888,36.013,34.763,35.263,34.763,34.513,34.763,34.138,35.388,34.763,0
380,2.03,1.0,2.03,3,1.5,1.0,3,3,2,1.0,2,1,1,1,1,1,3,3,1,2.071,1.846,3.0,3.0,2.0,3.0,3,2,3,3,2,3,1,3,1,3,3,1,1,1,3,3,1,1,3,3,3,3,3,2,2,2,1,2,2,1,2,1,2,2,2,1,2,1,2,1,2,1,2,2,2,2,2,1,3,1,1,1,3,3,3,3,3,3,2.096,1.996,2.096,2.146,2.096,2.221,1.971,2.096,Reasonably age-friendly,Less age-friendly,Less age-friendly,Less age-friendly,Reasonably age-friendly,Reasonably age-friendly,Less age-friendly,Reasonably age-friendly,Less age-friendly,Reasonably age-friendly,Less age-friendly,residential,20.243,380:0,0,backward,316,315,20.243,34.888,36.013,34.763,35.263,34.763,34.513,34.763,34.138,35.388,34.763,0
381,2.03,1.0,2.03,3,1.5,1.0,3,3,2,1.0,2,1,2,1,1,1,3,3,2,2.271,2.146,3.0,3.0,2.0,3.0,3,2,3,3,2,3,2,3,1,3,3,2,1,1,3,3,2,1,3,3,3,3,3,2,2,2,1,2,2,1,2,1,2,2,2,1,2,1,2,1,2,1,2,2,2,2,2,1,3,3,3,3,3,3,3,3,3,3,2.096,2.196,2.096,2.146,2.096,2.221,2.071,2.096,Reasonably age-friendly,Less age-friendly,Reasonably age-friendly,Less age-friendly,Reasonably age-friendly,Reasonably age-friendly,Less age-friendly,Reasonably age-friendly,Less age-friendly,Reasonably age-friendly,Less age-friendly,residential,45.387,381:0,0,forward,315,317,45.387,59.032,59.657,59.907,59.407,59.907,59.657,59.907,59.282,60.032,59.907,0
381,2.03,1.0,2.03,3,1.5,1.0,3,3,2,1.0,2,1,2,1,1,1,3,3,2,2.271,2.146,3.0,3.0,2.0,3.0,3,2,3,3,2,3,2,3,1,3,3,2,1,1,3,3,2,1,3,3,3,3,3,2,2,2,1,2,2,1,2,1,2,2,2,1,2,1,2,1,2,1,2,2,2,2,2,1,3,3,3,3,3,3,3,3,3,3,2.096,2.196,2.096,2.146,2.096,2.221,2.071,2.096,Reasonably age-friendly,Less age-friendly,Reasonably age-friendly,Less age-friendly,Reasonably age-friendly,Reasonably age-friendly,Less age-friendly,Reasonably age-friendly,Less age-friendly,Reasonably age-friendly,Less age-friendly,residential,45.387,381:0,0,backward,317,315,45.387,59.032,59.657,59.907,59.407,59.907,59.657,59.907,59.282,60.032,59.907,0
382,1.71,1.0,1.71,3,1.5,1.0,3,3,2,1.0,1,1,2,1,1,1,1,3,3,2.047,1.972,3.0,3.0,2.0,3.0,3,1,3,3,1,3,3,3,1,3,3,2,1,1,3,3,2,1,3,3,3,3,3,2,2,2,1,2,2,1,2,1,2,2,2,1,2,1,2,1,2,1,2,2,2,2,2,1,3,3,3,3,3,3,3,3,3,3,1.872,1.922,1.872,1.872,1.872,1.997,1.897,1.872,Reasonably age-friendly,Reasonably age-friendly,Reasonably age-friendly,Reasonably age-friendly,Reasonably age-friendly,Reasonably age-friendly,Reasonably age-friendly,Reasonably age-friendly,Reasonably age-friendly,Reasonably age-friendly,Reasonably age-friendly,residential,29.99,382:0,0,forward,314,318,29.99,44.754999999999995,45.129999999999995,45.629999999999995,45.379999999999995,45.629999999999995,45.629999999999995,45.629999999999995,45.004999999999995,45.504999999999995,45.629999999999995,0
382,1.71,1.0,1.71,3,1.5,1.0,3,3,2,1.0,1,1,2,1,1,1,1,3,3,2.047,1.972,3.0,3.0,2.0,3.0,3,1,3,3,1,3,3,3,1,3,3,2,1,1,3,3,2,1,3,3,3,3,3,2,2,2,1,2,2,1,2,1,2,2,2,1,2,1,2,1,2,1,2,2,2,2,2,1,3,3,3,3,3,3,3,3,3,3,1.872,1.922,1.872,1.872,1.872,1.997,1.897,1.872,Reasonably age-friendly,Reasonably age-friendly,Reasonably age-friendly,Reasonably age-friendly,Reasonably age-friendly,Reasonably age-friendly,Reasonably age-friendly,Reasonably age-friendly,Reasonably age-friendly,Reasonably age-friendly,Reasonably age-friendly,residential,29.99,382:0,0,backward,318,314,29.99,44.754999999999995,45.129999999999995,45.629999999999995,45.379999999999995,45.629999999999995,45.629999999999995,45.629999999999995,45.004999999999995,45.504999999999995,45.629999999999995,0
383,1.71,1.5,1.14,3,1.5,1.0,3,3,2,1.0,1,1,1,1,2,1,1,2,3,1.598,1.523,3.0,3.0,2.0,3.0,3,2,3,3,2,2,3,3,1,3,3,1,1,1,3,3,1,1,3,3,3,3,3,2,2,2,1,2,2,1,2,1,2,2,2,1,2,1,2,1,2,1,2,2,2,2,2,1,3,3,3,3,3,3,3,3,3,3,1.473,1.573,1.473,1.523,1.473,1.548,1.448,1.473,Reasonably age-friendly,Reasonably age-friendly,Reasonably age-friendly,Reasonably age-friendly,Reasonably age-friendly,Reasonably age-friendly,Reasonably age-friendly,Reasonably age-friendly,Less age-friendly,Reasonably age-friendly,Less age-friendly,residential,127.598,383:0,0,forward,314,319,127.598,144.608,144.983,145.233,144.733,145.233,144.983,145.233,144.858,145.358,145.233,0
383,1.71,1.5,1.14,3,1.5,1.0,3,3,2,1.0,1,1,1,1,2,1,1,2,3,1.598,1.523,3.0,3.0,2.0,3.0,3,2,3,3,2,2,3,3,1,3,3,1,1,1,3,3,1,1,3,3,3,3,3,2,2,2,1,2,2,1,2,1,2,2,2,1,2,1,2,1,2,1,2,2,2,2,2,1,3,3,3,3,3,3,3,3,3,3,1.473,1.573,1.473,1.523,1.473,1.548,1.448,1.473,Reasonably age-friendly,Reasonably age-friendly,Reasonably age-friendly,Reasonably age-friendly,Reasonably age-friendly,Reasonably age-friendly,Reasonably age-friendly,Reasonably age-friendly,Less age-friendly,Reasonably age-friendly,Less age-friendly,residential,127.598,383:0,0,backward,319,314,127.598,144.608,144.983,145.233,144.733,145.233,144.983,145.233,144.858,145.358,145.233,0
384,1.79,1.0,1.79,3,1.5,1.0,3,3,2,1.0,2,1,2,1,1,1,1,1,1,2.003,1.928,3.0,3.0,2.0,3.0,3,1,3,3,1,1,1,3,1,3,3,2,1,1,3,3,2,1,3,3,3,3,3,2,2,2,1,2,2,1,2,1,2,2,2,1,2,1,2,1,2,1,2,2,2,2,2,1,2,3,3,3,3,3,3,3,3,3,1.928,1.978,1.928,1.928,1.928,1.953,1.853,1.928,Reasonably age-friendly,Reasonably age-friendly,Reasonably age-friendly,Reasonably age-friendly,Reasonably age-friendly,Reasonably age-friendly,Reasonably age-friendly,Reasonably age-friendly,Reasonably age-friendly,Reasonably age-friendly,Reasonably age-friendly,residential,86.267,384:0,0,forward,246,317,86.267,101.252,101.627,101.627,101.377,101.627,101.627,101.627,101.502,102.002,101.627,0
384,1.79,1.0,1.79,3,1.5,1.0,3,3,2,1.0,2,1,2,1,1,1,1,1,1,2.003,1.928,3.0,3.0,2.0,3.0,3,1,3,3,1,1,1,3,1,3,3,2,1,1,3,3,2,1,3,3,3,3,3,2,2,2,1,2,2,1,2,1,2,2,2,1,2,1,2,1,2,1,2,2,2,2,2,1,2,3,3,3,3,3,3,3,3,3,1.928,1.978,1.928,1.928,1.928,1.953,1.853,1.928,Reasonably age-friendly,Reasonably age-friendly,Reasonably age-friendly,Reasonably age-friendly,Reasonably age-friendly,Reasonably age-friendly,Reasonably age-friendly,Reasonably age-friendly,Reasonably age-friendly,Reasonably age-friendly,Reasonably age-friendly,residential,86.267,384:0,0,backward,317,246,86.267,101.252,101.627,101.627,101.377,101.627,101.627,101.627,101.502,102.002,101.627,0
385,1.99,1.0,1.99,3,1.5,1.0,3,3,2,1.0,3,1,2,1,1,1,2,2,2,2.193,2.118,3.0,3.0,2.0,3.0,3,2,3,3,2,2,2,3,1,3,3,2,1,1,3,3,2,1,3,3,3,3,3,2,2,2,1,2,2,1,2,1,2,2,2,1,2,1,2,1,2,1,2,2,2,2,2,1,3,3,3,3,3,3,3,3,3,3,2.068,2.168,2.068,2.118,2.068,2.143,2.043,2.068,Reasonably age-friendly,Reasonably age-friendly,Reasonably age-friendly,Reasonably age-friendly,Reasonably age-friendly,Reasonably age-friendly,Reasonably age-friendly,Reasonably age-friendly,Reasonably age-friendly,Reasonably age-friendly,Less age-friendly,residential,32.086,385:0,0,forward,317,319,32.086,46.120999999999995,46.495999999999995,46.745999999999995,46.245999999999995,46.745999999999995,46.495999999999995,46.745999999999995,46.370999999999995,46.870999999999995,46.745999999999995,0
385,1.99,1.0,1.99,3,1.5,1.0,3,3,2,1.0,3,1,2,1,1,1,2,2,2,2.193,2.118,3.0,3.0,2.0,3.0,3,2,3,3,2,2,2,3,1,3,3,2,1,1,3,3,2,1,3,3,3,3,3,2,2,2,1,2,2,1,2,1,2,2,2,1,2,1,2,1,2,1,2,2,2,2,2,1,3,3,3,3,3,3,3,3,3,3,2.068,2.168,2.068,2.118,2.068,2.143,2.043,2.068,Reasonably age-friendly,Reasonably age-friendly,Reasonably age-friendly,Reasonably age-friendly,Reasonably age-friendly,Reasonably age-friendly,Reasonably age-friendly,Reasonably age-friendly,Reasonably age-friendly,Reasonably age-friendly,Less age-friendly,residential,32.086,385:0,0,backward,319,317,32.086,46.120999999999995,46.495999999999995,46.745999999999995,46.245999999999995,46.745999999999995,46.495999999999995,46.745999999999995,46.370999999999995,46.870999999999995,46.745999999999995,0
386,1.76,2.0,0.88,3,2.5,1.5,1,2,2,3.0,1,1,2,1,2,2,2,3,3,1.466,1.391,3.0,3.0,2.0,3.0,3,3,3,3,3,3,3,3,1,3,3,2,1,1,3,3,2,1,3,3,3,3,3,2,2,2,1,2,2,1,2,1,2,2,2,1,2,1,2,1,2,1,2,2,2,2,2,1,1,3,3,3,3,3,3,3,3,3,1.291,1.441,1.291,1.391,1.291,1.416,1.316,1.291,Reasonably age-friendly,Less age-friendly,Less age-friendly,Less age-friendly,Reasonably age-friendly,Reasonably age-friendly,Less age-friendly,Less age-friendly,Less age-friendly,Reasonably age-friendly,Less age-friendly,residential,14.82,386:0,0,forward,273,320,14.82,32.489999999999995,32.865,33.365,32.615,33.365,32.865,33.365,32.74,33.24,33.365,0
386,1.76,2.0,0.88,3,2.5,1.5,1,2,2,3.0,1,1,2,1,2,2,2,3,3,1.466,1.391,3.0,3.0,2.0,3.0,3,3,3,3,3,3,3,3,1,3,3,2,1,1,3,3,2,1,3,3,3,3,3,2,2,2,1,2,2,1,2,1,2,2,2,1,2,1,2,1,2,1,2,2,2,2,2,1,1,3,3,3,3,3,3,3,3,3,1.291,1.441,1.291,1.391,1.291,1.416,1.316,1.291,Reasonably age-friendly,Less age-friendly,Less age-friendly,Less age-friendly,Reasonably age-friendly,Reasonably age-friendly,Less age-friendly,Less age-friendly,Less age-friendly,Reasonably age-friendly,Less age-friendly,residential,14.82,386:0,0,backward,320,273,14.82,32.489999999999995,32.865,33.365,32.615,33.365,32.865,33.365,32.74,33.24,33.365,0
387,1.83,1.0,1.83,3,1.5,1.0,3,3,2,1.0,1,1,1,1,1,1,2,1,1,2.031,1.906,3.0,3.0,2.0,3.0,3,1,3,3,1,1,1,3,1,3,3,1,1,1,3,3,1,1,3,3,3,3,3,2,2,2,1,2,2,1,2,1,2,2,2,1,2,1,2,1,2,1,2,2,2,2,2,1,3,3,3,3,3,3,3,3,3,3,1.956,2.006,1.956,1.956,1.956,1.981,1.831,1.956,Reasonably age-friendly,Reasonably age-friendly,Reasonably age-friendly,Less age-friendly,Reasonably age-friendly,Reasonably age-friendly,Reasonably age-friendly,Reasonably age-friendly,Less age-friendly,Reasonably age-friendly,Less age-friendly,residential,56.378,387:0,0,forward,321,322,56.378,71.223,71.848,71.598,71.348,71.598,71.598,71.598,71.473,72.223,71.598,0
387,1.83,1.0,1.83,3,1.5,1.0,3,3,2,1.0,1,1,1,1,1,1,2,1,1,2.031,1.906,3.0,3.0,2.0,3.0,3,1,3,3,1,1,1,3,1,3,3,1,1,1,3,3,1,1,3,3,3,3,3,2,2,2,1,2,2,1,2,1,2,2,2,1,2,1,2,1,2,1,2,2,2,2,2,1,3,3,3,3,3,3,3,3,3,3,1.956,2.006,1.956,1.956,1.956,1.981,1.831,1.956,Reasonably age-friendly,Reasonably age-friendly,Reasonably age-friendly,Less age-friendly,Reasonably age-friendly,Reasonably age-friendly,Reasonably age-friendly,Reasonably age-friendly,Less age-friendly,Reasonably age-friendly,Less age-friendly,residential,56.378,387:0,0,backward,322,321,56.378,71.223,71.848,71.598,71.348,71.598,71.598,71.598,71.473,72.223,71.598,0
388,1.83,1.5,1.22,3,1.5,1.0,3,3,2,1.0,1,1,2,1,2,1,2,1,3,1.604,1.629,3.0,3.0,2.0,3.0,3,1,3,3,1,1,3,3,1,3,3,2,1,1,3,3,2,1,3,3,3,3,3,2,2,2,1,2,2,1,2,1,2,2,2,1,2,1,2,1,2,1,2,2,2,2,2,1,3,3,3,3,3,3,3,3,3,3,1.529,1.579,1.529,1.529,1.529,1.554,1.554,1.529,Reasonably age-friendly,Less age-friendly,Less age-friendly,Less age-friendly,Reasonably age-friendly,Reasonably age-friendly,Less age-friendly,Less age-friendly,Less age-friendly,Reasonably age-friendly,Less age-friendly,residential,30.165,388:0,0,forward,321,323,30.165,47.144999999999996,47.019999999999996,47.519999999999996,47.269999999999996,47.519999999999996,47.519999999999996,47.519999999999996,47.394999999999996,47.394999999999996,47.519999999999996,0
388,1.83,1.5,1.22,3,1.5,1.0,3,3,2,1.0,1,1,2,1,2,1,2,1,3,1.604,1.629,3.0,3.0,2.0,3.0,3,1,3,3,1,1,3,3,1,3,3,2,1,1,3,3,2,1,3,3,3,3,3,2,2,2,1,2,2,1,2,1,2,2,2,1,2,1,2,1,2,1,2,2,2,2,2,1,3,3,3,3,3,3,3,3,3,3,1.529,1.579,1.529,1.529,1.529,1.554,1.554,1.529,Reasonably age-friendly,Less age-friendly,Less age-friendly,Less age-friendly,Reasonably age-friendly,Reasonably age-friendly,Less age-friendly,Less age-friendly,Less age-friendly,Reasonably age-friendly,Less age-friendly,residential,30.165,388:0,0,backward,323,321,30.165,47.144999999999996,47.019999999999996,47.519999999999996,47.269999999999996,47.519999999999996,47.519999999999996,47.519999999999996,47.394999999999996,47.394999999999996,47.519999999999996,0
389,1.87,1.0,1.87,3,1.5,1.0,3,3,2,2.0,2,1,2,1,1,1,1,1,3,2.059,2.084,3.0,3.0,2.0,3.0,3,1,3,3,1,1,3,3,1,3,3,2,1,1,3,3,2,1,3,3,3,3,3,2,2,2,1,2,2,1,2,1,2,2,2,1,2,1,2,1,2,1,2,2,2,2,2,1,3,3,3,3,3,3,3,3,3,3,1.984,2.034,1.984,1.984,1.984,2.009,2.009,1.984,Reasonably age-friendly,Reasonably age-friendly,Reasonably age-friendly,Reasonably age-friendly,Reasonably age-friendly,Reasonably age-friendly,Reasonably age-friendly,Reasonably age-friendly,Reasonably age-friendly,Reasonably age-friendly,Reasonably age-friendly,residential,42.672,389:0,0,forward,323,324,42.672,57.376999999999995,57.251999999999995,57.751999999999995,57.501999999999995,57.751999999999995,57.751999999999995,57.751999999999995,57.626999999999995,57.626999999999995,57.751999999999995,0
389,1.87,1.0,1.87,3,1.5,1.0,3,3,2,2.0,2,1,2,1,1,1,1,1,3,2.059,2.084,3.0,3.0,2.0,3.0,3,1,3,3,1,1,3,3,1,3,3,2,1,1,3,3,2,1,3,3,3,3,3,2,2,2,1,2,2,1,2,1,2,2,2,1,2,1,2,1,2,1,2,2,2,2,2,1,3,3,3,3,3,3,3,3,3,3,1.984,2.034,1.984,1.984,1.984,2.009,2.009,1.984,Reasonably age-friendly,Reasonably age-friendly,Reasonably age-friendly,Reasonably age-friendly,Reasonably age-friendly,Reasonably age-friendly,Reasonably age-friendly,Reasonably age-friendly,Reasonably age-friendly,Reasonably age-friendly,Reasonably age-friendly,residential,42.672,389:0,0,backward,324,323,42.672,57.376999999999995,57.251999999999995,57.751999999999995,57.501999999999995,57.751999999999995,57.751999999999995,57.751999999999995,57.626999999999995,57.626999999999995,57.751999999999995,0
390,1.99,1.5,1.327,3,1.5,1.0,3,3,2,3.0,1,1,3,1,2,1,2,1,1,1.679,1.654,3.0,3.0,2.0,3.0,3,1,3,3,1,1,1,3,2,3,3,3,2,2,3,3,3,2,3,3,3,3,3,2,2,2,1,2,2,1,2,1,2,2,2,1,2,1,2,1,2,1,2,2,2,2,2,1,3,2,3,3,3,3,3,3,3,3,1.654,1.554,1.654,1.604,1.654,1.629,1.579,1.654,Reasonably age-friendly,Less age-friendly,Less age-friendly,Less age-friendly,Reasonably age-friendly,Reasonably age-friendly,Less age-friendly,Less age-friendly,Less age-friendly,Reasonably age-friendly,Less age-friendly,residential,42.048,390:0,0,forward,321,325,42.048,58.653,58.778000000000006,58.778000000000006,59.278,58.778000000000006,59.028000000000006,58.778000000000006,58.903000000000006,59.153000000000006,58.778000000000006,0
390,1.99,1.5,1.327,3,1.5,1.0,3,3,2,3.0,1,1,3,1,2,1,2,1,1,1.679,1.654,3.0,3.0,2.0,3.0,3,1,3,3,1,1,1,3,2,3,3,3,2,2,3,3,3,2,3,3,3,3,3,2,2,2,1,2,2,1,2,1,2,2,2,1,2,1,2,1,2,1,2,2,2,2,2,1,3,2,3,3,3,3,3,3,3,3,1.654,1.554,1.654,1.604,1.654,1.629,1.579,1.654,Reasonably age-friendly,Less age-friendly,Less age-friendly,Less age-friendly,Reasonably age-friendly,Reasonably age-friendly,Less age-friendly,Less age-friendly,Less age-friendly,Reasonably age-friendly,Less age-friendly,residential,42.048,390:0,0,backward,325,321,42.048,58.653,58.778000000000006,58.778000000000006,59.278,58.778000000000006,59.028000000000006,58.778000000000006,58.903000000000006,59.153000000000006,58.778000000000006,0
391,1.83,1.0,1.83,3,1.5,1.0,3,3,2,1.0,1,1,3,1,1,1,2,1,3,2.031,2.106,3.0,3.0,2.0,3.0,3,1,3,3,1,1,3,3,2,3,3,3,2,2,3,3,3,2,3,3,3,3,3,2,2,2,1,2,2,1,2,1,2,2,2,1,2,1,2,1,2,1,2,2,2,2,2,1,3,3,3,3,2,3,3,3,3,3,2.006,2.006,2.006,1.956,2.006,1.981,2.031,2.006,Reasonably age-friendly,Reasonably age-friendly,Reasonably age-friendly,Reasonably age-friendly,Reasonably age-friendly,Reasonably age-friendly,Reasonably age-friendly,Reasonably age-friendly,Reasonably age-friendly,Reasonably age-friendly,Less age-friendly,residential,24.546,391:0,0,forward,324,319,24.546,39.391,39.016,39.516,39.516,39.516,39.766,39.516,39.641,39.391,39.516,0
391,1.83,1.0,1.83,3,1.5,1.0,3,3,2,1.0,1,1,3,1,1,1,2,1,3,2.031,2.106,3.0,3.0,2.0,3.0,3,1,3,3,1,1,3,3,2,3,3,3,2,2,3,3,3,2,3,3,3,3,3,2,2,2,1,2,2,1,2,1,2,2,2,1,2,1,2,1,2,1,2,2,2,2,2,1,3,3,3,3,2,3,3,3,3,3,2.006,2.006,2.006,1.956,2.006,1.981,2.031,2.006,Reasonably age-friendly,Reasonably age-friendly,Reasonably age-friendly,Reasonably age-friendly,Reasonably age-friendly,Reasonably age-friendly,Reasonably age-friendly,Reasonably age-friendly,Reasonably age-friendly,Reasonably age-friendly,Less age-friendly,residential,24.546,391:0,0,backward,319,324,24.546,39.391,39.016,39.516,39.516,39.516,39.766,39.516,39.641,39.391,39.516,0
392,1.52,3.0,0.507,3,1.0,3.0,1,1,1,1.0,1,1,2,2,3,3,2,2,3,1.155,1.13,3.0,3.0,2.0,3.0,3,2,3,3,2,2,3,3,1,3,3,2,1,1,3,3,2,1,3,3,3,3,3,2,2,2,1,2,2,1,2,1,2,2,2,1,2,1,2,1,2,1,2,2,2,2,2,1,3,3,3,3,3,3,3,3,3,3,1.03,1.13,1.03,1.08,1.03,1.105,1.055,1.03,Reasonably age-friendly,Less age-friendly,Less age-friendly,Less age-friendly,Reasonably age-friendly,Reasonably age-friendly,Less age-friendly,Less age-friendly,Less age-friendly,Reasonably age-friendly,Less age-friendly,hospital,20.852,392:0,0,forward,326,327,20.852,40.077,40.202,40.702,40.202,40.702,40.452,40.702,40.327,40.577,40.702,0
392,1.52,3.0,0.507,3,1.0,3.0,1,1,1,1.0,1,1,2,2,3,3,2,2,3,1.155,1.13,3.0,3.0,2.0,3.0,3,2,3,3,2,2,3,3,1,3,3,2,1,1,3,3,2,1,3,3,3,3,3,2,2,2,1,2,2,1,2,1,2,2,2,1,2,1,2,1,2,1,2,2,2,2,2,1,3,3,3,3,3,3,3,3,3,3,1.03,1.13,1.03,1.08,1.03,1.105,1.055,1.03,Reasonably age-friendly,Less age-friendly,Less age-friendly,Less age-friendly,Reasonably age-friendly,Reasonably age-friendly,Less age-friendly,Less age-friendly,Less age-friendly,Reasonably age-friendly,Less age-friendly,hospital,20.852,392:0,0,backward,327,326,20.852,40.077,40.202,40.702,40.202,40.702,40.452,40.702,40.327,40.577,40.702,0
393,2.5,1.0,2.5,3,3.0,2.0,3,3,3,1.0,3,1,3,2,1,1,3,1,3,2.5,2.575,3.0,3.0,2.0,3.0,3,2,3,3,2,1,3,3,2,3,3,3,2,2,3,3,3,2,3,3,3,3,3,2,2,2,1,2,2,1,2,1,2,2,2,1,2,1,2,1,2,1,2,2,2,2,2,1,3,3,3,3,3,3,3,3,3,3,2.475,2.525,2.475,2.475,2.475,2.45,2.5,2.475,Reasonably age-friendly,Reasonably age-friendly,Reasonably age-friendly,Reasonably age-friendly,Reasonably age-friendly,Reasonably age-friendly,Reasonably age-friendly,Reasonably age-friendly,Reasonably age-friendly,Reasonably age-friendly,Less age-friendly,hospital,59.854,393:0,0,forward,113,328,59.854,72.354,71.979,72.479,72.229,72.479,72.479,72.479,72.604,72.354,72.479,0
393,2.5,1.0,2.5,3,3.0,2.0,3,3,3,1.0,3,1,3,2,1,1,3,1,3,2.5,2.575,3.0,3.0,2.0,3.0,3,2,3,3,2,1,3,3,2,3,3,3,2,2,3,3,3,2,3,3,3,3,3,2,2,2,1,2,2,1,2,1,2,2,2,1,2,1,2,1,2,1,2,2,2,2,2,1,3,3,3,3,3,3,3,3,3,3,2.475,2.525,2.475,2.475,2.475,2.45,2.5,2.475,Reasonably age-friendly,Reasonably age-friendly,Reasonably age-friendly,Reasonably age-friendly,Reasonably age-friendly,Reasonably age-friendly,Reasonably age-friendly,Reasonably age-friendly,Reasonably age-friendly,Reasonably age-friendly,Less age-friendly,hospital,59.854,393:0,0,backward,328,113,59.854,72.354,71.979,72.479,72.229,72.479,72.479,72.479,72.604,72.354,72.479,0
394,2.6,1.5,1.733,3,3.0,3.0,2,3,3,3.0,3,1,2,2,1,2,3,1,3,1.963,1.988,3.0,3.0,2.0,3.0,3,2,3,3,2,1,3,3,1,3,3,2,1,1,3,3,2,1,3,3,3,3,3,2,2,2,1,2,2,1,2,1,2,2,2,1,2,1,2,1,2,1,2,2,2,2,2,1,3,3,3,3,3,3,3,3,3,3,1.888,1.988,1.888,1.938,1.888,1.913,1.913,1.888,Reasonably age-friendly,Reasonably age-friendly,Reasonably age-friendly,Reasonably age-friendly,Reasonably age-friendly,Reasonably age-friendly,Reasonably age-friendly,Reasonably age-friendly,Reasonably age-friendly,Reasonably age-friendly,Less age-friendly,hospital,113.221,394:0,0,forward,327,104,113.221,128.406,128.281,128.781,128.281,128.781,128.531,128.781,128.656,128.656,128.781,0
394,2.6,1.5,1.733,3,3.0,3.0,2,3,3,3.0,3,1,2,2,1,2,3,1,3,1.963,1.988,3.0,3.0,2.0,3.0,3,2,3,3,2,1,3,3,1,3,3,2,1,1,3,3,2,1,3,3,3,3,3,2,2,2,1,2,2,1,2,1,2,2,2,1,2,1,2,1,2,1,2,2,2,2,2,1,3,3,3,3,3,3,3,3,3,3,1.888,1.988,1.888,1.938,1.888,1.913,1.913,1.888,Reasonably age-friendly,Reasonably age-friendly,Reasonably age-friendly,Reasonably age-friendly,Reasonably age-friendly,Reasonably age-friendly,Reasonably age-friendly,Reasonably age-friendly,Reasonably age-friendly,Reasonably age-friendly,Less age-friendly,hospital,113.221,394:0,0,backward,104,327,113.221,128.406,128.281,128.781,128.281,128.781,128.531,128.781,128.656,128.656,128.781,0
395,2.25,1.0,2.25,3,3.0,2.5,2,3,3,3.0,2,1,2,1,1,1,2,2,3,2.375,2.35,3.0,3.0,2.0,3.0,3,2,3,3,2,2,3,3,1,3,3,2,1,1,3,3,2,1,3,3,3,3,3,2,2,2,1,2,2,1,2,1,2,2,2,1,2,1,2,1,2,1,2,2,2,2,2,1,3,3,3,3,3,3,3,3,3,3,2.25,2.35,2.25,2.3,2.25,2.325,2.275,2.25,Reasonably age-friendly,Reasonably age-friendly,Reasonably age-friendly,Reasonably age-friendly,Reasonably age-friendly,Reasonably age-friendly,Reasonably age-friendly,Reasonably age-friendly,Reasonably age-friendly,Reasonably age-friendly,Less age-friendly,hospital,47.664,395:0,0,forward,326,329,47.664,60.789,60.914,61.414,60.914,61.414,61.164,61.414,61.039,61.289,61.414,0
395,2.25,1.0,2.25,3,3.0,2.5,2,3,3,3.0,2,1,2,1,1,1,2,2,3,2.375,2.35,3.0,3.0,2.0,3.0,3,2,3,3,2,2,3,3,1,3,3,2,1,1,3,3,2,1,3,3,3,3,3,2,2,2,1,2,2,1,2,1,2,2,2,1,2,1,2,1,2,1,2,2,2,2,2,1,3,3,3,3,3,3,3,3,3,3,2.25,2.35,2.25,2.3,2.25,2.325,2.275,2.25,Reasonably age-friendly,Reasonably age-friendly,Reasonably age-friendly,Reasonably age-friendly,Reasonably age-friendly,Reasonably age-friendly,Reasonably age-friendly,Reasonably age-friendly,Reasonably age-friendly,Reasonably age-friendly,Less age-friendly,hospital,47.664,395:0,0,backward,329,326,47.664,60.789,60.914,61.414,60.914,61.414,61.164,61.414,61.039,61.289,61.414,0
396,2.48,1.0,2.48,3,3.0,3.0,3,3,2,3.0,3,1,3,1,1,1,3,1,3,2.486,2.561,3.0,3.0,2.0,3.0,3,3,3,3,3,1,3,3,2,3,3,3,2,2,3,3,3,2,3,3,3,3,3,2,2,2,1,2,2,1,2,1,2,2,2,1,2,1,2,1,2,1,2,2,2,2,2,1,3,3,3,3,3,3,3,3,3,3,2.461,2.561,2.461,2.511,2.461,2.436,2.486,2.461,Reasonably age-friendly,Reasonably age-friendly,Reasonably age-friendly,Reasonably age-friendly,Reasonably age-friendly,Reasonably age-friendly,Reasonably age-friendly,Reasonably age-friendly,Reasonably age-friendly,Reasonably age-friendly,Less age-friendly,hospital,52.93,396:0,0,forward,328,327,52.93,65.5,65.125,65.625,65.125,65.625,65.375,65.625,65.75,65.5,65.625,0
396,2.48,1.0,2.48,3,3.0,3.0,3,3,2,3.0,3,1,3,1,1,1,3,1,3,2.486,2.561,3.0,3.0,2.0,3.0,3,3,3,3,3,1,3,3,2,3,3,3,2,2,3,3,3,2,3,3,3,3,3,2,2,2,1,2,2,1,2,1,2,2,2,1,2,1,2,1,2,1,2,2,2,2,2,1,3,3,3,3,3,3,3,3,3,3,2.461,2.561,2.461,2.511,2.461,2.436,2.486,2.461,Reasonably age-friendly,Reasonably age-friendly,Reasonably age-friendly,Reasonably age-friendly,Reasonably age-friendly,Reasonably age-friendly,Reasonably age-friendly,Reasonably age-friendly,Reasonably age-friendly,Reasonably age-friendly,Less age-friendly,hospital,52.93,396:0,0,backward,327,328,52.93,65.5,65.125,65.625,65.125,65.625,65.375,65.625,65.75,65.5,65.625,0
397,2.57,1.0,2.57,3,3.0,2.5,3,3,3,3.0,3,1,3,1,1,1,3,2,2,2.599,2.574,3.0,3.0,2.0,3.0,3,2,3,3,2,2,2,3,2,3,3,3,2,2,3,3,3,2,3,3,3,3,3,2,2,2,1,2,2,1,2,1,2,2,2,1,2,1,2,1,2,1,2,2,2,2,2,1,3,3,3,3,3,3,3,3,3,3,2.524,2.574,2.524,2.524,2.524,2.549,2.499,2.524,More age-friendly,Reasonably age-friendly,Reasonably age-friendly,Reasonably age-friendly,More age-friendly,More age-friendly,Reasonably age-friendly,Reasonably age-friendly,Reasonably age-friendly,More age-friendly,Less age-friendly,campus,56.853,397:0,0,forward,111,330,56.853,68.858,68.983,69.233,68.983,69.233,69.233,69.233,69.108,69.358,69.233,0
397,2.57,1.0,2.57,3,3.0,2.5,3,3,3,3.0,3,1,3,1,1,1,3,2,2,2.599,2.574,3.0,3.0,2.0,3.0,3,2,3,3,2,2,2,3,2,3,3,3,2,2,3,3,3,2,3,3,3,3,3,2,2,2,1,2,2,1,2,1,2,2,2,1,2,1,2,1,2,1,2,2,2,2,2,1,3,3,3,3,3,3,3,3,3,3,2.524,2.574,2.524,2.524,2.524,2.549,2.499,2.524,More age-friendly,Reasonably age-friendly,Reasonably age-friendly,Reasonably age-friendly,More age-friendly,More age-friendly,Reasonably age-friendly,Reasonably age-friendly,Reasonably age-friendly,More age-friendly,Less age-friendly,campus,56.853,397:0,0,backward,330,111,56.853,68.858,68.983,69.233,68.983,69.233,69.233,69.233,69.108,69.358,69.233,0
398,2.23,1.0,2.23,1,3.0,1.5,3,3,3,3.0,3,1,3,1,1,1,2,3,3,2.411,2.386,3.0,3.0,2.0,3.0,3,1,3,3,1,3,3,3,2,3,3,3,2,2,3,3,3,2,3,3,3,3,3,2,2,2,1,2,2,1,2,1,2,2,2,1,2,1,2,1,2,1,2,2,2,2,2,1,3,3,3,3,3,3,3,3,3,3,2.286,2.286,2.286,2.236,2.286,2.361,2.311,2.286,Reasonably age-friendly,Reasonably age-friendly,Reasonably age-friendly,Reasonably age-friendly,Reasonably age-friendly,Reasonably age-friendly,Reasonably age-friendly,Reasonably age-friendly,Reasonably age-friendly,Reasonably age-friendly,Less age-friendly,campus,48.056,398:0,0,forward,330,331,48.056,61.001,61.126,61.626,61.626,61.626,61.876,61.626,61.251,61.501,61.626,0
398,2.23,1.0,2.23,1,3.0,1.5,3,3,3,3.0,3,1,3,1,1,1,2,3,3,2.411,2.386,3.0,3.0,2.0,3.0,3,1,3,3,1,3,3,3,2,3,3,3,2,2,3,3,3,2,3,3,3,3,3,2,2,2,1,2,2,1,2,1,2,2,2,1,2,1,2,1,2,1,2,2,2,2,2,1,3,3,3,3,3,3,3,3,3,3,2.286,2.286,2.286,2.236,2.286,2.361,2.311,2.286,Reasonably age-friendly,Reasonably age-friendly,Reasonably age-friendly,Reasonably age-friendly,Reasonably age-friendly,Reasonably age-friendly,Reasonably age-friendly,Reasonably age-friendly,Reasonably age-friendly,Reasonably age-friendly,Less age-friendly,campus,48.056,398:0,0,backward,331,330,48.056,61.001,61.126,61.626,61.626,61.626,61.876,61.626,61.251,61.501,61.626,0
399,2.42,1.0,2.42,3,3.0,2.0,3,3,3,3.0,3,1,2,1,1,1,2,3,3,2.544,2.469,3.0,3.0,2.0,3.0,3,2,3,3,2,3,3,3,1,3,3,2,1,1,3,3,2,1,3,3,3,3,3,2,2,2,1,2,2,1,2,1,2,2,2,1,2,1,2,1,2,1,2,2,2,2,2,1,3,3,3,3,3,3,3,3,3,3,2.369,2.469,2.369,2.419,2.369,2.494,2.394,2.369,Reasonably age-friendly,Reasonably age-friendly,Reasonably age-friendly,Reasonably age-friendly,Reasonably age-friendly,Reasonably age-friendly,Reasonably age-friendly,Reasonably age-friendly,Reasonably age-friendly,Reasonably age-friendly,Reasonably age-friendly,campus,61.065,399:0,0,forward,331,332,61.065,73.345,73.72,74.22,73.72,74.22,73.97,74.22,73.595,74.095,74.22,0
399,2.42,1.0,2.42,3,3.0,2.0,3,3,3,3.0,3,1,2,1,1,1,2,3,3,2.544,2.469,3.0,3.0,2.0,3.0,3,2,3,3,2,3,3,3,1,3,3,2,1,1,3,3,2,1,3,3,3,3,3,2,2,2,1,2,2,1,2,1,2,2,2,1,2,1,2,1,2,1,2,2,2,2,2,1,3,3,3,3,3,3,3,3,3,3,2.369,2.469,2.369,2.419,2.369,2.494,2.394,2.369,Reasonably age-friendly,Reasonably age-friendly,Reasonably age-friendly,Reasonably age-friendly,Reasonably age-friendly,Reasonably age-friendly,Reasonably age-friendly,Reasonably age-friendly,Reasonably age-friendly,Reasonably age-friendly,Reasonably age-friendly,campus,61.065,399:0,0,backward,332,331,61.065,73.345,73.72,74.22,73.72,74.22,73.97,74.22,73.595,74.095,74.22,0
400,2.07,1.0,2.07,3,3.0,1.5,3,3,2,1.0,1,1,2,1,1,1,3,1,3,2.199,2.224,3.0,3.0,2.0,3.0,3,2,3,3,2,1,3,3,1,3,3,2,1,1,3,3,2,1,3,3,3,3,3,2,2,2,1,2,2,1,2,1,2,2,2,1,2,1,2,1,2,1,2,2,2,2,2,1,3,3,3,3,3,3,3,3,3,3,2.124,2.224,2.124,2.174,2.124,2.149,2.149,2.124,Reasonably age-friendly,Less age-friendly,Less age-friendly,Less age-friendly,Reasonably age-friendly,Reasonably age-friendly,Less age-friendly,Less age-friendly,Less age-friendly,Reasonably age-friendly,Less age-friendly,campus,45.738,400:0,0,forward,332,328,45.738,59.743,59.617999999999995,60.117999999999995,59.617999999999995,60.117999999999995,59.868,60.117999999999995,59.992999999999995,59.992999999999995,60.117999999999995,0
400,2.07,1.0,2.07,3,3.0,1.5,3,3,2,1.0,1,1,2,1,1,1,3,1,3,2.199,2.224,3.0,3.0,2.0,3.0,3,2,3,3,2,1,3,3,1,3,3,2,1,1,3,3,2,1,3,3,3,3,3,2,2,2,1,2,2,1,2,1,2,2,2,1,2,1,2,1,2,1,2,2,2,2,2,1,3,3,3,3,3,3,3,3,3,3,2.124,2.224,2.124,2.174,2.124,2.149,2.149,2.124,Reasonably age-friendly,Less age-friendly,Less age-friendly,Less age-friendly,Reasonably age-friendly,Reasonably age-friendly,Less age-friendly,Less age-friendly,Less age-friendly,Reasonably age-friendly,Less age-friendly,campus,45.738,400:0,0,backward,328,332,45.738,59.743,59.617999999999995,60.117999999999995,59.617999999999995,60.117999999999995,59.868,60.117999999999995,59.992999999999995,59.992999999999995,60.117999999999995,0
401,1.8,1.5,1.2,3,1.0,3.0,3,3,1,1.0,1,1,3,1,2,1,2,1,3,1.59,1.665,3.0,3.0,2.0,3.0,3,2,3,3,2,1,3,3,2,3,3,3,2,2,3,3,3,2,3,3,3,3,3,2,2,2,1,2,2,1,2,1,2,2,2,1,2,1,2,1,2,1,2,2,2,2,2,1,3,3,3,3,3,3,3,3,3,3,1.565,1.615,1.565,1.565,1.565,1.54,1.59,1.565,Reasonably age-friendly,Less age-friendly,Less age-friendly,Less age-friendly,Reasonably age-friendly,Reasonably age-friendly,Less age-friendly,Less age-friendly,Less age-friendly,Reasonably age-friendly,Less age-friendly,campus,7.739,401:0,0,forward,330,333,7.739,24.789,24.414,24.914,24.663999999999998,24.914,24.914,24.914,25.039,24.789,24.914,0
401,1.8,1.5,1.2,3,1.0,3.0,3,3,1,1.0,1,1,3,1,2,1,2,1,3,1.59,1.665,3.0,3.0,2.0,3.0,3,2,3,3,2,1,3,3,2,3,3,3,2,2,3,3,3,2,3,3,3,3,3,2,2,2,1,2,2,1,2,1,2,2,2,1,2,1,2,1,2,1,2,2,2,2,2,1,3,3,3,3,3,3,3,3,3,3,1.565,1.615,1.565,1.565,1.565,1.54,1.59,1.565,Reasonably age-friendly,Less age-friendly,Less age-friendly,Less age-friendly,Reasonably age-friendly,Reasonably age-friendly,Less age-friendly,Less age-friendly,Less age-friendly,Reasonably age-friendly,Less age-friendly,campus,7.739,401:0,0,backward,333,330,7.739,24.789,24.414,24.914,24.663999999999998,24.914,24.914,24.914,25.039,24.789,24.914,0
402,2.48,1.0,2.48,3,3.0,3.0,3,3,3,3.0,3,1,3,1,1,1,2,3,3,2.586,2.561,3.0,3.0,2.0,3.0,3,3,3,3,3,3,3,3,2,3,3,3,2,2,3,3,3,2,3,3,3,3,3,2,2,2,1,2,2,1,2,1,2,2,2,1,2,1,2,1,2,1,2,2,2,2,2,1,3,3,3,3,3,3,3,3,3,3,2.461,2.561,2.461,2.511,2.461,2.536,2.486,2.461,Reasonably age-friendly,Reasonably age-friendly,Reasonably age-friendly,Reasonably age-friendly,Reasonably age-friendly,Reasonably age-friendly,Reasonably age-friendly,Reasonably age-friendly,Reasonably age-friendly,Reasonably age-friendly,Reasonably age-friendly,campus,24.867,402:0,0,forward,334,335,24.867,36.937,37.062,37.562,37.062,37.562,37.312,37.562,37.187,37.437,37.562,0
402,2.48,1.0,2.48,3,3.0,3.0,3,3,3,3.0,3,1,3,1,1,1,2,3,3,2.586,2.561,3.0,3.0,2.0,3.0,3,3,3,3,3,3,3,3,2,3,3,3,2,2,3,3,3,2,3,3,3,3,3,2,2,2,1,2,2,1,2,1,2,2,2,1,2,1,2,1,2,1,2,2,2,2,2,1,3,3,3,3,3,3,3,3,3,3,2.461,2.561,2.461,2.511,2.461,2.536,2.486,2.461,Reasonably age-friendly,Reasonably age-friendly,Reasonably age-friendly,Reasonably age-friendly,Reasonably age-friendly,Reasonably age-friendly,Reasonably age-friendly,Reasonably age-friendly,Reasonably age-friendly,Reasonably age-friendly,Reasonably age-friendly,campus,24.867,402:0,0,backward,335,334,24.867,36.937,37.062,37.562,37.062,37.562,37.312,37.562,37.187,37.437,37.562,0
403,2.48,1.0,2.48,3,3.0,3.0,3,3,3,3.0,3,1,3,1,1,1,2,3,3,2.586,2.561,3.0,3.0,2.0,3.0,3,3,3,3,3,3,3,3,2,3,3,3,2,2,3,3,3,2,3,3,3,3,3,2,2,2,1,2,2,1,2,1,2,2,2,1,2,1,2,1,2,1,2,2,2,2,2,1,3,3,3,3,3,3,3,3,3,3,2.461,2.561,2.461,2.511,2.461,2.536,2.486,2.461,Reasonably age-friendly,Reasonably age-friendly,Reasonably age-friendly,Reasonably age-friendly,Reasonably age-friendly,Reasonably age-friendly,Reasonably age-friendly,Reasonably age-friendly,Reasonably age-friendly,Reasonably age-friendly,Reasonably age-friendly,campus,16.514,403:0,0,forward,335,336,16.514,28.584,28.709,29.209,28.709,29.209,28.959,29.209,28.834,29.083999999999996,29.209,0
403,2.48,1.0,2.48,3,3.0,3.0,3,3,3,3.0,3,1,3,1,1,1,2,3,3,2.586,2.561,3.0,3.0,2.0,3.0,3,3,3,3,3,3,3,3,2,3,3,3,2,2,3,3,3,2,3,3,3,3,3,2,2,2,1,2,2,1,2,1,2,2,2,1,2,1,2,1,2,1,2,2,2,2,2,1,3,3,3,3,3,3,3,3,3,3,2.461,2.561,2.461,2.511,2.461,2.536,2.486,2.461,Reasonably age-friendly,Reasonably age-friendly,Reasonably age-friendly,Reasonably age-friendly,Reasonably age-friendly,Reasonably age-friendly,Reasonably age-friendly,Reasonably age-friendly,Reasonably age-friendly,Reasonably age-friendly,Reasonably age-friendly,campus,16.514,403:0,0,backward,336,335,16.514,28.584,28.709,29.209,28.709,29.209,28.959,29.209,28.834,29.083999999999996,29.209,0
404,2.48,1.0,2.48,3,3.0,3.0,3,3,3,3.0,3,1,2,1,1,1,2,2,3,2.536,2.511,3.0,3.0,2.0,3.0,3,1,3,3,1,2,3,3,1,3,3,2,1,1,3,3,2,1,3,3,3,3,3,2,2,2,1,2,2,1,2,1,2,2,2,1,2,1,2,1,2,1,2,2,2,2,2,1,3,3,3,3,3,3,3,3,3,3,2.411,2.461,2.411,2.411,2.411,2.486,2.436,2.411,Reasonably age-friendly,Reasonably age-friendly,Reasonably age-friendly,Reasonably age-friendly,Reasonably age-friendly,Reasonably age-friendly,Reasonably age-friendly,Reasonably age-friendly,Reasonably age-friendly,Reasonably age-friendly,Reasonably age-friendly,campus,29.897,404:0,0,forward,336,337,29.897,42.217,42.342,42.842,42.592,42.842,42.842,42.842,42.467,42.717,42.842,0
404,2.48,1.0,2.48,3,3.0,3.0,3,3,3,3.0,3,1,2,1,1,1,2,2,3,2.536,2.511,3.0,3.0,2.0,3.0,3,1,3,3,1,2,3,3,1,3,3,2,1,1,3,3,2,1,3,3,3,3,3,2,2,2,1,2,2,1,2,1,2,2,2,1,2,1,2,1,2,1,2,2,2,2,2,1,3,3,3,3,3,3,3,3,3,3,2.411,2.461,2.411,2.411,2.411,2.486,2.436,2.411,Reasonably age-friendly,Reasonably age-friendly,Reasonably age-friendly,Reasonably age-friendly,Reasonably age-friendly,Reasonably age-friendly,Reasonably age-friendly,Reasonably age-friendly,Reasonably age-friendly,Reasonably age-friendly,Reasonably age-friendly,campus,29.897,404:0,0,backward,337,336,29.897,42.217,42.342,42.842,42.592,42.842,42.842,42.842,42.467,42.717,42.842,0
405,2.3,1.0,2.3,3,3.0,2.0,3,3,2,3.0,3,1,2,1,1,1,2,3,3,2.46,2.385,3.0,3.0,2.0,3.0,3,1,3,3,1,3,3,3,1,3,3,2,1,1,3,3,2,1,3,3,3,3,3,2,2,2,1,2,2,1,2,1,2,2,2,1,2,1,2,1,2,1,2,2,2,2,2,1,3,3,3,3,3,3,3,3,3,3,2.285,2.335,2.285,2.285,2.285,2.41,2.31,2.285,Reasonably age-friendly,Reasonably age-friendly,Reasonably age-friendly,Reasonably age-friendly,Reasonably age-friendly,Reasonably age-friendly,Reasonably age-friendly,Reasonably age-friendly,Reasonably age-friendly,Reasonably age-friendly,Reasonably age-friendly,campus,79.019,405:0,0,forward,337,327,79.019,91.71900000000001,92.09400000000001,92.59400000000001,92.34400000000001,92.59400000000001,92.59400000000001,92.59400000000001,91.96900000000001,92.46900000000001,92.59400000000001,0
405,2.3,1.0,2.3,3,3.0,2.0,3,3,2,3.0,3,1,2,1,1,1,2,3,3,2.46,2.385,3.0,3.0,2.0,3.0,3,1,3,3,1,3,3,3,1,3,3,2,1,1,3,3,2,1,3,3,3,3,3,2,2,2,1,2,2,1,2,1,2,2,2,1,2,1,2,1,2,1,2,2,2,2,2,1,3,3,3,3,3,3,3,3,3,3,2.285,2.335,2.285,2.285,2.285,2.41,2.31,2.285,Reasonably age-friendly,Reasonably age-friendly,Reasonably age-friendly,Reasonably age-friendly,Reasonably age-friendly,Reasonably age-friendly,Reasonably age-friendly,Reasonably age-friendly,Reasonably age-friendly,Reasonably age-friendly,Reasonably age-friendly,campus,79.019,405:0,0,backward,327,337,79.019,91.71900000000001,92.09400000000001,92.59400000000001,92.34400000000001,92.59400000000001,92.59400000000001,92.59400000000001,91.96900000000001,92.46900000000001,92.59400000000001,0
406,2.45,1.0,2.45,3,3.0,2.5,3,3,3,3.0,3,1,2,1,1,1,2,3,3,2.565,2.49,3.0,3.0,2.0,3.0,3,2,3,3,2,3,3,3,1,3,3,2,1,1,3,3,2,1,3,3,3,3,3,2,2,2,1,2,2,1,2,1,2,2,2,1,2,1,2,1,2,1,2,2,2,2,2,1,3,3,3,3,3,3,3,3,3,3,2.39,2.49,2.39,2.44,2.39,2.515,2.415,2.39,Reasonably age-friendly,Reasonably age-friendly,Reasonably age-friendly,Reasonably age-friendly,Reasonably age-friendly,Reasonably age-friendly,Reasonably age-friendly,Reasonably age-friendly,Reasonably age-friendly,Reasonably age-friendly,Reasonably age-friendly,campus,44.076,406:0,0,forward,333,334,44.076,56.251000000000005,56.626,57.126,56.626,57.126,56.876000000000005,57.126,56.501,57.001000000000005,57.126,0
406,2.45,1.0,2.45,3,3.0,2.5,3,3,3,3.0,3,1,2,1,1,1,2,3,3,2.565,2.49,3.0,3.0,2.0,3.0,3,2,3,3,2,3,3,3,1,3,3,2,1,1,3,3,2,1,3,3,3,3,3,2,2,2,1,2,2,1,2,1,2,2,2,1,2,1,2,1,2,1,2,2,2,2,2,1,3,3,3,3,3,3,3,3,3,3,2.39,2.49,2.39,2.44,2.39,2.515,2.415,2.39,Reasonably age-friendly,Reasonably age-friendly,Reasonably age-friendly,Reasonably age-friendly,Reasonably age-friendly,Reasonably age-friendly,Reasonably age-friendly,Reasonably age-friendly,Reasonably age-friendly,Reasonably age-friendly,Reasonably age-friendly,campus,44.076,406:0,0,backward,334,333,44.076,56.251000000000005,56.626,57.126,56.626,57.126,56.876000000000005,57.126,56.501,57.001000000000005,57.126,0
407,1.87,1.0,1.87,3,1.5,1.0,2,2,1,3.0,2,1,2,1,1,1,3,3,3,2.159,2.084,3.0,3.0,2.0,3.0,3,2,3,3,2,3,3,3,1,3,3,2,1,1,3,3,2,1,3,3,3,3,3,2,2,2,1,2,2,1,2,1,2,2,2,1,2,1,2,1,2,1,2,2,2,2,2,1,3,3,3,3,3,3,3,3,3,3,1.984,2.084,1.984,2.034,1.984,2.109,2.009,1.984,Reasonably age-friendly,Less age-friendly,Less age-friendly,Less age-friendly,Reasonably age-friendly,Reasonably age-friendly,Less age-friendly,Less age-friendly,Less age-friendly,Reasonably age-friendly,Less age-friendly,campus,53.634,407:0,0,forward,333,338,53.634,67.839,68.214,68.714,68.214,68.714,68.464,68.714,68.089,68.589,68.714,0
407,1.87,1.0,1.87,3,1.5,1.0,2,2,1,3.0,2,1,2,1,1,1,3,3,3,2.159,2.084,3.0,3.0,2.0,3.0,3,2,3,3,2,3,3,3,1,3,3,2,1,1,3,3,2,1,3,3,3,3,3,2,2,2,1,2,2,1,2,1,2,2,2,1,2,1,2,1,2,1,2,2,2,2,2,1,3,3,3,3,3,3,3,3,3,3,1.984,2.084,1.984,2.034,1.984,2.109,2.009,1.984,Reasonably age-friendly,Less age-friendly,Less age-friendly,Less age-friendly,Reasonably age-friendly,Reasonably age-friendly,Less age-friendly,Less age-friendly,Less age-friendly,Reasonably age-friendly,Less age-friendly,campus,53.634,407:0,0,backward,338,333,53.634,67.839,68.214,68.714,68.214,68.714,68.464,68.714,68.089,68.589,68.714,0
408,1.93,1.5,1.287,2,3.0,2.5,2,2,3,1.0,2,1,3,1,1,2,2,2,3,1.701,1.726,3.0,3.0,2.0,3.0,3,2,3,3,2,2,3,3,2,3,3,3,2,2,3,3,3,2,3,3,3,3,3,2,2,2,1,2,2,1,2,1,2,2,2,1,2,1,2,1,2,1,2,2,2,2,2,1,3,3,3,3,3,3,3,3,3,3,1.626,1.676,1.626,1.626,1.626,1.651,1.651,1.626,Reasonably age-friendly,Reasonably age-friendly,Reasonably age-friendly,Reasonably age-friendly,Reasonably age-friendly,Reasonably age-friendly,Reasonably age-friendly,Reasonably age-friendly,Reasonably age-friendly,Reasonably age-friendly,Less age-friendly,campus,34.311,408:0,0,forward,339,340,34.311,50.806,50.681,51.181,50.931,51.181,51.181,51.181,51.056,51.056,51.181,0
408,1.93,1.5,1.287,2,3.0,2.5,2,2,3,1.0,2,1,3,1,1,2,2,2,3,1.701,1.726,3.0,3.0,2.0,3.0,3,2,3,3,2,2,3,3,2,3,3,3,2,2,3,3,3,2,3,3,3,3,3,2,2,2,1,2,2,1,2,1,2,2,2,1,2,1,2,1,2,1,2,2,2,2,2,1,3,3,3,3,3,3,3,3,3,3,1.626,1.676,1.626,1.626,1.626,1.651,1.651,1.626,Reasonably age-friendly,Reasonably age-friendly,Reasonably age-friendly,Reasonably age-friendly,Reasonably age-friendly,Reasonably age-friendly,Reasonably age-friendly,Reasonably age-friendly,Reasonably age-friendly,Reasonably age-friendly,Less age-friendly,campus,34.311,408:0,0,backward,340,339,34.311,50.806,50.681,51.181,50.931,51.181,51.181,51.181,51.056,51.056,51.181,0
409,1.69,1.5,1.127,1,3.0,2.5,1,3,2,1.0,2,1,2,1,1,2,2,3,3,1.639,1.564,3.0,3.0,2.0,3.0,3,2,3,3,2,3,3,3,1,3,3,2,1,1,3,3,2,1,3,3,3,3,3,2,2,2,1,2,2,1,2,1,2,2,2,1,2,1,2,1,2,1,2,2,2,2,2,1,3,3,3,3,3,3,3,3,3,3,1.464,1.564,1.464,1.514,1.464,1.589,1.489,1.464,Reasonably age-friendly,Reasonably age-friendly,Reasonably age-friendly,Reasonably age-friendly,Reasonably age-friendly,Reasonably age-friendly,Reasonably age-friendly,Reasonably age-friendly,Less age-friendly,Reasonably age-friendly,Less age-friendly,campus,27.233,409:0,0,forward,339,341,27.233,44.038,44.413,44.913,44.413,44.913,44.663,44.913,44.288,44.788,44.913,0
409,1.69,1.5,1.127,1,3.0,2.5,1,3,2,1.0,2,1,2,1,1,2,2,3,3,1.639,1.564,3.0,3.0,2.0,3.0,3,2,3,3,2,3,3,3,1,3,3,2,1,1,3,3,2,1,3,3,3,3,3,2,2,2,1,2,2,1,2,1,2,2,2,1,2,1,2,1,2,1,2,2,2,2,2,1,3,3,3,3,3,3,3,3,3,3,1.464,1.564,1.464,1.514,1.464,1.589,1.489,1.464,Reasonably age-friendly,Reasonably age-friendly,Reasonably age-friendly,Reasonably age-friendly,Reasonably age-friendly,Reasonably age-friendly,Reasonably age-friendly,Reasonably age-friendly,Less age-friendly,Reasonably age-friendly,Less age-friendly,campus,27.233,409:0,0,backward,341,339,27.233,44.038,44.413,44.913,44.413,44.913,44.663,44.913,44.288,44.788,44.913,0
410,1.76,1.5,1.173,3,1.0,3.0,3,3,1,1.0,2,1,1,1,2,1,1,3,3,1.671,1.546,3.0,3.0,2.0,3.0,3,3,3,3,3,3,3,3,1,3,3,1,1,1,3,3,1,1,3,3,3,3,3,2,2,2,1,2,2,1,2,1,2,2,2,1,2,1,2,1,2,1,2,2,2,2,2,1,3,3,3,3,3,3,3,3,3,3,1.496,1.646,1.496,1.596,1.496,1.621,1.471,1.496,Reasonably age-friendly,Reasonably age-friendly,Reasonably age-friendly,Reasonably age-friendly,Reasonably age-friendly,Reasonably age-friendly,Reasonably age-friendly,Reasonably age-friendly,Less age-friendly,Reasonably age-friendly,Less age-friendly,campus,9.46,410:0,0,forward,341,338,9.46,26.105,26.73,26.98,26.23,26.98,26.48,26.98,26.355,27.105,26.98,0
410,1.76,1.5,1.173,3,1.0,3.0,3,3,1,1.0,2,1,1,1,2,1,1,3,3,1.671,1.546,3.0,3.0,2.0,3.0,3,3,3,3,3,3,3,3,1,3,3,1,1,1,3,3,1,1,3,3,3,3,3,2,2,2,1,2,2,1,2,1,2,2,2,1,2,1,2,1,2,1,2,2,2,2,2,1,3,3,3,3,3,3,3,3,3,3,1.496,1.646,1.496,1.596,1.496,1.621,1.471,1.496,Reasonably age-friendly,Reasonably age-friendly,Reasonably age-friendly,Reasonably age-friendly,Reasonably age-friendly,Reasonably age-friendly,Reasonably age-friendly,Reasonably age-friendly,Less age-friendly,Reasonably age-friendly,Less age-friendly,campus,9.46,410:0,0,backward,338,341,9.46,26.105,26.73,26.98,26.23,26.98,26.48,26.98,26.355,27.105,26.98,0
411,2.34,1.0,2.34,2,3.0,2.0,3,3,3,3.0,3,1,1,1,1,1,2,3,3,2.488,2.363,3.0,3.0,2.0,3.0,3,2,3,3,2,3,3,3,1,3,3,1,1,1,3,3,1,1,3,3,3,3,3,2,2,2,1,2,2,1,2,1,2,2,2,1,2,1,2,1,2,1,2,2,2,2,2,1,3,3,3,3,3,3,3,3,3,3,2.313,2.413,2.313,2.363,2.313,2.438,2.288,2.313,Reasonably age-friendly,Reasonably age-friendly,Reasonably age-friendly,Reasonably age-friendly,Reasonably age-friendly,Reasonably age-friendly,Reasonably age-friendly,Reasonably age-friendly,Reasonably age-friendly,Reasonably age-friendly,Reasonably age-friendly,campus,165.335,411:0,0,forward,338,342,165.335,177.895,178.52,178.77,178.27,178.77,178.52,178.77,178.145,178.895,178.77,0
411,2.34,1.0,2.34,2,3.0,2.0,3,3,3,3.0,3,1,1,1,1,1,2,3,3,2.488,2.363,3.0,3.0,2.0,3.0,3,2,3,3,2,3,3,3,1,3,3,1,1,1,3,3,1,1,3,3,3,3,3,2,2,2,1,2,2,1,2,1,2,2,2,1,2,1,2,1,2,1,2,2,2,2,2,1,3,3,3,3,3,3,3,3,3,3,2.313,2.413,2.313,2.363,2.313,2.438,2.288,2.313,Reasonably age-friendly,Reasonably age-friendly,Reasonably age-friendly,Reasonably age-friendly,Reasonably age-friendly,Reasonably age-friendly,Reasonably age-friendly,Reasonably age-friendly,Reasonably age-friendly,Reasonably age-friendly,Reasonably age-friendly,campus,165.335,411:0,0,backward,342,338,165.335,177.895,178.52,178.77,178.27,178.77,178.52,178.77,178.145,178.895,178.77,0
412,2.6,1.0,2.6,3,3.0,3.0,3,3,3,2.0,3,2,3,1,1,1,3,2,3,2.42,2.545,3.0,3.0,2.0,3.0,3,2,3,3,2,2,3,3,2,3,3,3,2,2,3,3,3,2,3,3,3,3,3,2,2,2,1,2,2,1,2,1,2,2,2,1,2,1,2,1,2,1,2,2,2,2,2,1,3,2,1,2,3,3,3,3,2,3,2.545,2.495,2.545,2.545,2.545,2.57,2.47,2.545,More age-friendly,Reasonably age-friendly,Reasonably age-friendly,Reasonably age-friendly,More age-friendly,More age-friendly,Reasonably age-friendly,Reasonably age-friendly,Reasonably age-friendly,More age-friendly,Less age-friendly,residential,183.181,412:0,0,forward,66,75,183.181,196.08100000000002,195.45600000000002,195.45600000000002,195.70600000000002,195.45600000000002,195.45600000000002,195.45600000000002,195.33100000000002,195.83100000000002,195.45600000000002,0
412,2.6,1.0,2.6,3,3.0,3.0,3,3,3,2.0,3,2,3,1,1,1,3,2,3,2.42,2.545,3.0,3.0,2.0,3.0,3,2,3,3,2,2,3,3,2,3,3,3,2,2,3,3,3,2,3,3,3,3,3,2,2,2,1,2,2,1,2,1,2,2,2,1,2,1,2,1,2,1,2,2,2,2,2,1,3,2,1,2,3,3,3,3,2,3,2.545,2.495,2.545,2.545,2.545,2.57,2.47,2.545,More age-friendly,Reasonably age-friendly,Reasonably age-friendly,Reasonably age-friendly,More age-friendly,More age-friendly,Reasonably age-friendly,Reasonably age-friendly,Reasonably age-friendly,More age-friendly,Less age-friendly,residential,183.181,412:0,0,backward,75,66,183.181,196.08100000000002,195.45600000000002,195.45600000000002,195.70600000000002,195.45600000000002,195.45600000000002,195.45600000000002,195.33100000000002,195.83100000000002,195.45600000000002,0
413,1.95,1.0,1.95,3,1.5,1.0,2,3,2,2.0,3,1,1,1,1,1,2,3,3,2.215,2.09,3.0,3.0,2.0,3.0,3,2,3,3,2,3,3,3,1,3,3,1,1,1,3,3,1,1,3,3,3,3,3,2,2,2,1,2,2,1,2,1,2,2,2,1,2,1,2,1,2,1,2,2,2,2,2,1,3,3,3,3,3,3,3,3,3,3,2.04,2.14,2.04,2.09,2.04,2.165,2.015,2.04,Reasonably age-friendly,Reasonably age-friendly,Reasonably age-friendly,Reasonably age-friendly,Reasonably age-friendly,Reasonably age-friendly,Reasonably age-friendly,Reasonably age-friendly,Reasonably age-friendly,Reasonably age-friendly,Less age-friendly,residential,63.73,413:0,0,forward,343,344,63.73,77.655,78.28,78.53,78.03,78.53,78.28,78.53,77.905,78.655,78.53,2
413,1.95,1.0,1.95,3,1.5,1.0,2,3,2,2.0,3,1,1,1,1,1,2,3,3,2.215,2.09,3.0,3.0,2.0,3.0,3,2,3,3,2,3,3,3,1,3,3,1,1,1,3,3,1,1,3,3,3,3,3,2,2,2,1,2,2,1,2,1,2,2,2,1,2,1,2,1,2,1,2,2,2,2,2,1,3,3,3,3,3,3,3,3,3,3,2.04,2.14,2.04,2.09,2.04,2.165,2.015,2.04,Reasonably age-friendly,Reasonably age-friendly,Reasonably age-friendly,Reasonably age-friendly,Reasonably age-friendly,Reasonably age-friendly,Reasonably age-friendly,Reasonably age-friendly,Reasonably age-friendly,Reasonably age-friendly,Less age-friendly,residential,63.73,413:0,0,backward,344,343,63.73,77.655,78.28,78.53,78.03,78.53,78.28,78.53,77.905,78.655,78.53,2
414,2.92,1.0,2.92,3,3.0,3.0,3,3,3,3.0,3,2,2,3,1,1,3,3,3,2.794,2.719,3.0,3.0,2.0,3.0,3,2,3,3,2,3,3,3,1,3,3,2,1,1,3,3,2,1,3,3,3,3,3,2,2,2,1,2,2,1,2,1,2,2,2,1,2,1,2,1,2,1,2,2,2,2,2,1,3,3,2,2,2,2,3,3,3,3,2.719,2.819,2.719,2.769,2.719,2.844,2.744,2.719,More age-friendly,Reasonably age-friendly,Reasonably age-friendly,Reasonably age-friendly,More age-friendly,More age-friendly,Reasonably age-friendly,Reasonably age-friendly,Reasonably age-friendly,More age-friendly,Less age-friendly,hospital,98.757,414:0,0,forward,69,80,98.757,109.787,110.162,110.162,109.662,110.162,109.912,110.162,109.537,110.037,110.162,0
414,2.92,1.0,2.92,3,3.0,3.0,3,3,3,3.0,3,2,2,3,1,1,3,3,3,2.794,2.719,3.0,3.0,2.0,3.0,3,2,3,3,2,3,3,3,1,3,3,2,1,1,3,3,2,1,3,3,3,3,3,2,2,2,1,2,2,1,2,1,2,2,2,1,2,1,2,1,2,1,2,2,2,2,2,1,3,3,2,2,2,2,3,3,3,3,2.719,2.819,2.719,2.769,2.719,2.844,2.744,2.719,More age-friendly,Reasonably age-friendly,Reasonably age-friendly,Reasonably age-friendly,More age-friendly,More age-friendly,Reasonably age-friendly,Reasonably age-friendly,Reasonably age-friendly,More age-friendly,Less age-friendly,hospital,98.757,414:0,0,backward,80,69,98.757,109.787,110.162,110.162,109.662,110.162,109.912,110.162,109.537,110.037,110.162,0
415,1.55,1.5,1.033,1,1.5,1.0,1,2,2,1.0,2,1,1,1,2,1,3,2,3,1.523,1.448,3.0,3.0,2.0,3.0,3,1,3,3,1,2,3,3,1,3,3,1,1,1,3,3,1,1,3,3,3,3,3,2,2,2,1,2,2,1,2,1,2,2,2,1,2,1,2,1,2,1,2,2,2,2,2,1,3,3,3,3,3,3,3,3,3,3,1.398,1.448,1.398,1.398,1.398,1.473,1.373,1.398,Reasonably age-friendly,Less age-friendly,Less age-friendly,Less age-friendly,Reasonably age-friendly,Reasonably age-friendly,Less age-friendly,Less age-friendly,Less age-friendly,Reasonably age-friendly,Less age-friendly,hospital,9.954,415:0,0,forward,69,345,9.954,27.339000000000002,27.714000000000002,27.964000000000002,27.714000000000002,27.964000000000002,27.964000000000002,27.964000000000002,27.589000000000002,28.089,27.964000000000002,0
415,1.55,1.5,1.033,1,1.5,1.0,1,2,2,1.0,2,1,1,1,2,1,3,2,3,1.523,1.448,3.0,3.0,2.0,3.0,3,1,3,3,1,2,3,3,1,3,3,1,1,1,3,3,1,1,3,3,3,3,3,2,2,2,1,2,2,1,2,1,2,2,2,1,2,1,2,1,2,1,2,2,2,2,2,1,3,3,3,3,3,3,3,3,3,3,1.398,1.448,1.398,1.398,1.398,1.473,1.373,1.398,Reasonably age-friendly,Less age-friendly,Less age-friendly,Less age-friendly,Reasonably age-friendly,Reasonably age-friendly,Less age-friendly,Less age-friendly,Less age-friendly,Reasonably age-friendly,Less age-friendly,hospital,9.954,415:0,0,backward,345,69,9.954,27.339000000000002,27.714000000000002,27.964000000000002,27.714000000000002,27.964000000000002,27.964000000000002,27.964000000000002,27.589000000000002,28.089,27.964000000000002,0
416,2.07,1.0,2.07,3,1.5,1.0,3,3,2,3.0,2,1,1,1,1,1,2,3,3,2.299,2.174,3.0,3.0,2.0,3.0,3,2,3,3,2,3,3,3,1,3,3,1,1,1,3,3,1,1,3,3,3,3,3,2,2,2,1,2,2,1,2,1,2,2,2,1,2,1,2,1,2,1,2,2,2,2,2,1,3,3,3,3,3,3,3,3,3,3,2.124,2.224,2.124,2.174,2.124,2.249,2.099,2.124,Reasonably age-friendly,Reasonably age-friendly,Reasonably age-friendly,Reasonably age-friendly,Reasonably age-friendly,Reasonably age-friendly,Reasonably age-friendly,Reasonably age-friendly,Reasonably age-friendly,Reasonably age-friendly,Less age-friendly,hospital,43.109,416:0,0,forward,345,346,43.109,56.614000000000004,57.239000000000004,57.489000000000004,56.989000000000004,57.489000000000004,57.239000000000004,57.489000000000004,56.864000000000004,57.614000000000004,57.489000000000004,0
416,2.07,1.0,2.07,3,1.5,1.0,3,3,2,3.0,2,1,1,1,1,1,2,3,3,2.299,2.174,3.0,3.0,2.0,3.0,3,2,3,3,2,3,3,3,1,3,3,1,1,1,3,3,1,1,3,3,3,3,3,2,2,2,1,2,2,1,2,1,2,2,2,1,2,1,2,1,2,1,2,2,2,2,2,1,3,3,3,3,3,3,3,3,3,3,2.124,2.224,2.124,2.174,2.124,2.249,2.099,2.124,Reasonably age-friendly,Reasonably age-friendly,Reasonably age-friendly,Reasonably age-friendly,Reasonably age-friendly,Reasonably age-friendly,Reasonably age-friendly,Reasonably age-friendly,Reasonably age-friendly,Reasonably age-friendly,Less age-friendly,hospital,43.109,416:0,0,backward,346,345,43.109,56.614000000000004,57.239000000000004,57.489000000000004,56.989000000000004,57.489000000000004,57.239000000000004,57.489000000000004,56.864000000000004,57.614000000000004,57.489000000000004,0
417,2.07,1.0,2.07,3,1.5,1.0,3,3,2,3.0,2,1,1,1,1,1,2,3,3,2.299,2.174,3.0,3.0,2.0,3.0,3,1,3,3,1,3,3,3,1,3,3,1,1,1,3,3,1,1,3,3,3,3,3,2,2,2,1,2,2,1,2,1,2,2,2,1,2,1,2,1,2,1,2,2,2,2,2,1,3,3,3,3,3,3,3,3,3,3,2.124,2.174,2.124,2.124,2.124,2.249,2.099,2.124,Reasonably age-friendly,Reasonably age-friendly,Reasonably age-friendly,Reasonably age-friendly,Reasonably age-friendly,Reasonably age-friendly,Reasonably age-friendly,Reasonably age-friendly,Reasonably age-friendly,Reasonably age-friendly,Less age-friendly,hospital,27.01,417:0,0,forward,345,347,27.01,40.515,41.14,41.39,41.14,41.39,41.39,41.39,40.765,41.515,41.39,0
417,2.07,1.0,2.07,3,1.5,1.0,3,3,2,3.0,2,1,1,1,1,1,2,3,3,2.299,2.174,3.0,3.0,2.0,3.0,3,1,3,3,1,3,3,3,1,3,3,1,1,1,3,3,1,1,3,3,3,3,3,2,2,2,1,2,2,1,2,1,2,2,2,1,2,1,2,1,2,1,2,2,2,2,2,1,3,3,3,3,3,3,3,3,3,3,2.124,2.174,2.124,2.124,2.124,2.249,2.099,2.124,Reasonably age-friendly,Reasonably age-friendly,Reasonably age-friendly,Reasonably age-friendly,Reasonably age-friendly,Reasonably age-friendly,Reasonably age-friendly,Reasonably age-friendly,Reasonably age-friendly,Reasonably age-friendly,Less age-friendly,hospital,27.01,417:0,0,backward,347,345,27.01,40.515,41.14,41.39,41.14,41.39,41.39,41.39,40.765,41.515,41.39,0
418,2.15,1.0,2.15,3,1.5,1.0,3,3,2,3.0,3,1,2,1,1,1,2,3,3,2.355,2.28,3.0,3.0,2.0,3.0,3,2,3,3,2,3,3,3,1,3,3,2,1,1,3,3,2,1,3,3,3,3,3,2,2,2,1,2,2,1,2,1,2,2,2,1,2,1,2,1,2,1,2,2,2,2,2,1,3,3,3,3,3,3,3,3,3,3,2.18,2.28,2.18,2.23,2.18,2.305,2.205,2.18,Reasonably age-friendly,Reasonably age-friendly,Reasonably age-friendly,Reasonably age-friendly,Reasonably age-friendly,Reasonably age-friendly,Reasonably age-friendly,Reasonably age-friendly,Reasonably age-friendly,Reasonably age-friendly,Less age-friendly,hospital,50.387,418:0,0,forward,348,349,50.387,63.612,63.987,64.487,63.987,64.487,64.237,64.487,63.862,64.362,64.487,0
418,2.15,1.0,2.15,3,1.5,1.0,3,3,2,3.0,3,1,2,1,1,1,2,3,3,2.355,2.28,3.0,3.0,2.0,3.0,3,2,3,3,2,3,3,3,1,3,3,2,1,1,3,3,2,1,3,3,3,3,3,2,2,2,1,2,2,1,2,1,2,2,2,1,2,1,2,1,2,1,2,2,2,2,2,1,3,3,3,3,3,3,3,3,3,3,2.18,2.28,2.18,2.23,2.18,2.305,2.205,2.18,Reasonably age-friendly,Reasonably age-friendly,Reasonably age-friendly,Reasonably age-friendly,Reasonably age-friendly,Reasonably age-friendly,Reasonably age-friendly,Reasonably age-friendly,Reasonably age-friendly,Reasonably age-friendly,Less age-friendly,hospital,50.387,418:0,0,backward,349,348,50.387,63.612,63.987,64.487,63.987,64.487,64.237,64.487,63.862,64.362,64.487,0
419,2.52,1.0,2.52,3,3.0,3.0,3,3,3,3.0,2,1,3,1,1,1,3,2,3,2.564,2.589,3.0,3.0,2.0,3.0,3,2,3,3,2,2,3,3,2,3,3,3,2,2,3,3,3,2,3,3,3,3,3,2,2,2,1,2,2,1,2,1,2,2,2,1,2,1,2,1,2,1,2,2,2,2,2,1,3,3,3,3,3,3,3,3,3,3,2.489,2.539,2.489,2.489,2.489,2.514,2.514,2.489,Reasonably age-friendly,Reasonably age-friendly,Reasonably age-friendly,Reasonably age-friendly,Reasonably age-friendly,Reasonably age-friendly,Reasonably age-friendly,Reasonably age-friendly,Reasonably age-friendly,Reasonably age-friendly,Less age-friendly,hospital,66.398,419:0,0,forward,349,84,66.398,78.578,78.453,78.953,78.703,78.953,78.953,78.953,78.828,78.828,78.953,0
419,2.52,1.0,2.52,3,3.0,3.0,3,3,3,3.0,2,1,3,1,1,1,3,2,3,2.564,2.589,3.0,3.0,2.0,3.0,3,2,3,3,2,2,3,3,2,3,3,3,2,2,3,3,3,2,3,3,3,3,3,2,2,2,1,2,2,1,2,1,2,2,2,1,2,1,2,1,2,1,2,2,2,2,2,1,3,3,3,3,3,3,3,3,3,3,2.489,2.539,2.489,2.489,2.489,2.514,2.514,2.489,Reasonably age-friendly,Reasonably age-friendly,Reasonably age-friendly,Reasonably age-friendly,Reasonably age-friendly,Reasonably age-friendly,Reasonably age-friendly,Reasonably age-friendly,Reasonably age-friendly,Reasonably age-friendly,Less age-friendly,hospital,66.398,419:0,0,backward,84,349,66.398,78.578,78.453,78.953,78.703,78.953,78.953,78.953,78.828,78.828,78.953,0
420,2.53,1.0,2.53,3,3.0,2.5,3,3,2,3.0,3,2,2,1,1,1,3,3,3,2.521,2.546,3.0,3.0,2.0,3.0,3,1,3,3,1,3,3,3,1,3,3,2,1,1,3,3,2,1,3,3,3,3,3,2,2,2,1,2,2,1,2,1,2,2,2,1,2,1,2,1,2,1,2,2,2,2,2,1,1,3,2,3,3,3,3,3,3,3,2.446,2.496,2.446,2.446,2.446,2.571,2.471,2.446,Reasonably age-friendly,Reasonably age-friendly,Reasonably age-friendly,Reasonably age-friendly,Reasonably age-friendly,Reasonably age-friendly,Reasonably age-friendly,Reasonably age-friendly,Reasonably age-friendly,Reasonably age-friendly,Less age-friendly,hospital,69.583,420:0,0,forward,84,85,69.583,81.978,81.853,82.353,82.103,82.353,82.353,82.353,81.728,82.228,82.353,0
420,2.53,1.0,2.53,3,3.0,2.5,3,3,2,3.0,3,2,2,1,1,1,3,3,3,2.521,2.546,3.0,3.0,2.0,3.0,3,1,3,3,1,3,3,3,1,3,3,2,1,1,3,3,2,1,3,3,3,3,3,2,2,2,1,2,2,1,2,1,2,2,2,1,2,1,2,1,2,1,2,2,2,2,2,1,1,3,2,3,3,3,3,3,3,3,2.446,2.496,2.446,2.446,2.446,2.571,2.471,2.446,Reasonably age-friendly,Reasonably age-friendly,Reasonably age-friendly,Reasonably age-friendly,Reasonably age-friendly,Reasonably age-friendly,Reasonably age-friendly,Reasonably age-friendly,Reasonably age-friendly,Reasonably age-friendly,Less age-friendly,hospital,69.583,420:0,0,backward,85,84,69.583,81.978,81.853,82.353,82.103,82.353,82.353,82.353,81.728,82.228,82.353,0
422,2.03,1.0,2.03,3,1.5,1.0,3,3,2,3.0,3,1,2,1,1,1,1,3,3,2.271,2.196,3.0,3.0,2.0,3.0,3,2,3,3,2,3,3,3,1,3,3,2,1,1,3,3,2,1,3,3,3,3,3,2,2,2,1,2,2,1,2,1,2,2,2,1,2,1,2,1,2,1,2,2,2,2,2,1,3,3,3,3,3,3,3,3,3,3,2.096,2.196,2.096,2.146,2.096,2.221,2.121,2.096,Reasonably age-friendly,Reasonably age-friendly,Reasonably age-friendly,Reasonably age-friendly,Reasonably age-friendly,Reasonably age-friendly,Reasonably age-friendly,Reasonably age-friendly,Reasonably age-friendly,Reasonably age-friendly,Reasonably age-friendly,hospital,28.743,422:0,0,forward,350,351,28.743,42.388,42.763,43.263,42.763,43.263,43.013,43.263,42.638,43.138,43.263,0
422,2.03,1.0,2.03,3,1.5,1.0,3,3,2,3.0,3,1,2,1,1,1,1,3,3,2.271,2.196,3.0,3.0,2.0,3.0,3,2,3,3,2,3,3,3,1,3,3,2,1,1,3,3,2,1,3,3,3,3,3,2,2,2,1,2,2,1,2,1,2,2,2,1,2,1,2,1,2,1,2,2,2,2,2,1,3,3,3,3,3,3,3,3,3,3,2.096,2.196,2.096,2.146,2.096,2.221,2.121,2.096,Reasonably age-friendly,Reasonably age-friendly,Reasonably age-friendly,Reasonably age-friendly,Reasonably age-friendly,Reasonably age-friendly,Reasonably age-friendly,Reasonably age-friendly,Reasonably age-friendly,Reasonably age-friendly,Reasonably age-friendly,hospital,28.743,422:0,0,backward,351,350,28.743,42.388,42.763,43.263,42.763,43.263,43.013,43.263,42.638,43.138,43.263,0
423,2.03,1.0,2.03,3,1.5,1.0,3,3,2,3.0,3,1,2,1,1,1,1,1,3,2.171,2.196,3.0,3.0,2.0,3.0,3,1,3,3,1,1,3,3,1,3,3,2,1,1,3,3,2,1,3,3,3,3,3,2,2,2,1,2,2,1,2,1,2,2,2,1,2,1,2,1,2,1,2,2,2,2,2,1,3,3,3,3,3,3,3,3,3,3,2.096,2.146,2.096,2.096,2.096,2.121,2.121,2.096,Reasonably age-friendly,Reasonably age-friendly,Reasonably age-friendly,Reasonably age-friendly,Reasonably age-friendly,Reasonably age-friendly,Reasonably age-friendly,Reasonably age-friendly,Reasonably age-friendly,Reasonably age-friendly,Reasonably age-friendly,hospital,35.51,423:0,0,forward,348,350,35.51,49.655,49.53,50.03,49.78,50.03,50.03,50.03,49.905,49.905,50.03,0
423,2.03,1.0,2.03,3,1.5,1.0,3,3,2,3.0,3,1,2,1,1,1,1,1,3,2.171,2.196,3.0,3.0,2.0,3.0,3,1,3,3,1,1,3,3,1,3,3,2,1,1,3,3,2,1,3,3,3,3,3,2,2,2,1,2,2,1,2,1,2,2,2,1,2,1,2,1,2,1,2,2,2,2,2,1,3,3,3,3,3,3,3,3,3,3,2.096,2.146,2.096,2.096,2.096,2.121,2.121,2.096,Reasonably age-friendly,Reasonably age-friendly,Reasonably age-friendly,Reasonably age-friendly,Reasonably age-friendly,Reasonably age-friendly,Reasonably age-friendly,Reasonably age-friendly,Reasonably age-friendly,Reasonably age-friendly,Reasonably age-friendly,hospital,35.51,423:0,0,backward,350,348,35.51,49.655,49.53,50.03,49.78,50.03,50.03,50.03,49.905,49.905,50.03,0
424,2.26,1.0,2.26,3,3.0,2.0,3,3,3,1.0,3,1,1,2,1,1,1,2,3,2.382,2.307,3.0,3.0,2.0,3.0,3,2,3,3,2,2,3,3,1,3,3,1,1,1,3,3,1,1,3,3,3,3,3,2,2,2,1,2,2,1,2,1,2,2,2,1,2,1,2,1,2,1,2,2,2,2,2,1,3,3,3,3,3,3,3,3,3,3,2.257,2.357,2.257,2.307,2.257,2.332,2.232,2.257,Reasonably age-friendly,Reasonably age-friendly,Reasonably age-friendly,Reasonably age-friendly,Reasonably age-friendly,Reasonably age-friendly,Reasonably age-friendly,Reasonably age-friendly,Reasonably age-friendly,Reasonably age-friendly,Reasonably age-friendly,hospital,61.256,424:0,0,forward,348,352,61.256,74.346,74.721,74.971,74.471,74.971,74.721,74.971,74.596,75.096,74.971,0
424,2.26,1.0,2.26,3,3.0,2.0,3,3,3,1.0,3,1,1,2,1,1,1,2,3,2.382,2.307,3.0,3.0,2.0,3.0,3,2,3,3,2,2,3,3,1,3,3,1,1,1,3,3,1,1,3,3,3,3,3,2,2,2,1,2,2,1,2,1,2,2,2,1,2,1,2,1,2,1,2,2,2,2,2,1,3,3,3,3,3,3,3,3,3,3,2.257,2.357,2.257,2.307,2.257,2.332,2.232,2.257,Reasonably age-friendly,Reasonably age-friendly,Reasonably age-friendly,Reasonably age-friendly,Reasonably age-friendly,Reasonably age-friendly,Reasonably age-friendly,Reasonably age-friendly,Reasonably age-friendly,Reasonably age-friendly,Reasonably age-friendly,hospital,61.256,424:0,0,backward,352,348,61.256,74.346,74.721,74.971,74.471,74.971,74.721,74.971,74.596,75.096,74.971,0
425,1.95,1.0,1.95,2,1.5,1.0,3,3,2,3.0,3,1,1,1,1,1,1,3,3,2.215,2.09,3.0,3.0,2.0,3.0,3,2,3,3,2,3,3,3,1,3,3,1,1,1,3,3,1,1,3,3,3,3,3,2,2,2,1,2,2,1,2,1,2,2,2,1,2,1,2,1,2,1,2,2,2,2,2,1,3,3,3,3,3,3,1,1,1,3,2.04,2.14,2.04,1.89,2.04,1.965,1.815,2.04,Reasonably age-friendly,Reasonably age-friendly,Reasonably age-friendly,Reasonably age-friendly,Reasonably age-friendly,Reasonably age-friendly,Reasonably age-friendly,Reasonably age-friendly,Reasonably age-friendly,Reasonably age-friendly,Reasonably age-friendly,hospital,54.532,425:0,0,forward,352,353,54.532,68.457,69.082,69.332,68.832,69.332,70.082,69.332,69.707,70.457,69.332,0
425,1.95,1.0,1.95,2,1.5,1.0,3,3,2,3.0,3,1,1,1,1,1,1,3,3,2.215,2.09,3.0,3.0,2.0,3.0,3,2,3,3,2,3,3,3,1,3,3,1,1,1,3,3,1,1,3,3,3,3,3,2,2,2,1,2,2,1,2,1,2,2,2,1,2,1,2,1,2,1,2,2,2,2,2,1,3,3,3,3,3,3,1,1,1,3,2.04,2.14,2.04,1.89,2.04,1.965,1.815,2.04,Reasonably age-friendly,Reasonably age-friendly,Reasonably age-friendly,Reasonably age-friendly,Reasonably age-friendly,Reasonably age-friendly,Reasonably age-friendly,Reasonably age-friendly,Reasonably age-friendly,Reasonably age-friendly,Reasonably age-friendly,hospital,54.532,425:0,0,backward,353,352,54.532,68.457,69.082,69.332,68.832,69.332,70.082,69.332,69.707,70.457,69.332,0
426,1.99,1.0,1.99,3,1.5,1.0,3,3,2,2.0,2,1,1,1,1,1,2,2,3,2.193,2.118,3.0,3.0,2.0,3.0,3,1,3,3,1,2,3,3,1,3,3,1,1,1,3,3,1,1,3,3,3,3,3,2,2,2,1,2,2,1,2,1,2,2,2,1,2,1,2,1,2,1,2,2,2,2,2,1,3,3,3,3,3,3,1,1,1,3,2.068,2.118,2.068,1.868,2.068,1.943,1.843,2.068,Reasonably age-friendly,Reasonably age-friendly,Reasonably age-friendly,Reasonably age-friendly,Reasonably age-friendly,Reasonably age-friendly,Less age-friendly,Less age-friendly,Less age-friendly,Reasonably age-friendly,Less age-friendly,hospital,26.088,426:0,0,forward,353,354,26.088,40.123000000000005,40.498000000000005,40.748000000000005,40.498000000000005,40.748000000000005,41.748,40.748000000000005,41.373000000000005,41.873000000000005,40.748000000000005,0
426,1.99,1.0,1.99,3,1.5,1.0,3,3,2,2.0,2,1,1,1,1,1,2,2,3,2.193,2.118,3.0,3.0,2.0,3.0,3,1,3,3,1,2,3,3,1,3,3,1,1,1,3,3,1,1,3,3,3,3,3,2,2,2,1,2,2,1,2,1,2,2,2,1,2,1,2,1,2,1,2,2,2,2,2,1,3,3,3,3,3,3,1,1,1,3,2.068,2.118,2.068,1.868,2.068,1.943,1.843,2.068,Reasonably age-friendly,Reasonably age-friendly,Reasonably age-friendly,Reasonably age-friendly,Reasonably age-friendly,Reasonably age-friendly,Less age-friendly,Less age-friendly,Less age-friendly,Reasonably age-friendly,Less age-friendly,hospital,26.088,426:0,0,backward,354,353,26.088,40.123000000000005,40.498000000000005,40.748000000000005,40.498000000000005,40.748000000000005,41.748,40.748000000000005,41.373000000000005,41.873000000000005,40.748000000000005,0
427,2.07,1.0,2.07,3,1.5,1.0,3,3,2,2.0,3,1,1,1,1,1,2,1,3,2.199,2.174,3.0,3.0,2.0,3.0,3,1,3,3,1,1,3,3,1,3,3,1,1,1,3,3,1,1,3,3,3,3,3,2,2,2,1,2,2,1,2,1,2,2,2,1,2,1,2,1,2,1,2,2,2,2,2,1,3,3,3,3,3,3,1,1,1,3,2.124,2.174,2.124,1.924,2.124,1.949,1.899,2.124,Reasonably age-friendly,Reasonably age-friendly,Reasonably age-friendly,Reasonably age-friendly,Reasonably age-friendly,Reasonably age-friendly,Less age-friendly,Less age-friendly,Less age-friendly,Reasonably age-friendly,Less age-friendly,hospital,58.879,427:0,0,forward,354,345,58.879,72.884,73.009,73.259,73.009,73.259,74.259,73.259,74.134,74.384,73.259,0
427,2.07,1.0,2.07,3,1.5,1.0,3,3,2,2.0,3,1,1,1,1,1,2,1,3,2.199,2.174,3.0,3.0,2.0,3.0,3,1,3,3,1,1,3,3,1,3,3,1,1,1,3,3,1,1,3,3,3,3,3,2,2,2,1,2,2,1,2,1,2,2,2,1,2,1,2,1,2,1,2,2,2,2,2,1,3,3,3,3,3,3,1,1,1,3,2.124,2.174,2.124,1.924,2.124,1.949,1.899,2.124,Reasonably age-friendly,Reasonably age-friendly,Reasonably age-friendly,Reasonably age-friendly,Reasonably age-friendly,Reasonably age-friendly,Less age-friendly,Less age-friendly,Less age-friendly,Reasonably age-friendly,Less age-friendly,hospital,58.879,427:0,0,backward,345,354,58.879,72.884,73.009,73.259,73.009,73.259,74.259,73.259,74.134,74.384,73.259,0
428,2.07,1.0,2.07,3,1.5,1.0,3,3,2,3.0,2,1,1,1,1,1,2,2,3,2.249,2.174,3.0,3.0,2.0,3.0,3,1,3,3,1,2,3,3,1,3,3,1,1,1,3,3,1,1,3,3,3,3,3,2,2,2,1,2,2,1,2,1,2,2,2,1,2,1,2,1,2,1,2,2,2,2,2,1,3,3,3,3,3,3,3,3,3,3,2.124,2.174,2.124,2.124,2.124,2.199,2.099,2.124,Reasonably age-friendly,Reasonably age-friendly,Reasonably age-friendly,Reasonably age-friendly,Reasonably age-friendly,Reasonably age-friendly,Reasonably age-friendly,Reasonably age-friendly,Reasonably age-friendly,Reasonably age-friendly,Less age-friendly,hospital,50.804,428:0,0,forward,347,348,50.804,64.559,64.934,65.184,64.934,65.184,65.184,65.184,64.809,65.309,65.184,0
428,2.07,1.0,2.07,3,1.5,1.0,3,3,2,3.0,2,1,1,1,1,1,2,2,3,2.249,2.174,3.0,3.0,2.0,3.0,3,1,3,3,1,2,3,3,1,3,3,1,1,1,3,3,1,1,3,3,3,3,3,2,2,2,1,2,2,1,2,1,2,2,2,1,2,1,2,1,2,1,2,2,2,2,2,1,3,3,3,3,3,3,3,3,3,3,2.124,2.174,2.124,2.124,2.124,2.199,2.099,2.124,Reasonably age-friendly,Reasonably age-friendly,Reasonably age-friendly,Reasonably age-friendly,Reasonably age-friendly,Reasonably age-friendly,Reasonably age-friendly,Reasonably age-friendly,Reasonably age-friendly,Reasonably age-friendly,Less age-friendly,hospital,50.804,428:0,0,backward,348,347,50.804,64.559,64.934,65.184,64.934,65.184,65.184,65.184,64.809,65.309,65.184,0
429,2.11,1.0,2.11,3,1.5,1.0,3,3,2,3.0,1,1,1,2,1,1,2,3,3,2.327,2.202,3.0,3.0,2.0,3.0,3,1,3,3,1,3,3,3,1,3,3,1,1,1,3,3,1,1,3,3,3,3,3,2,2,2,1,2,2,1,2,1,2,2,2,1,2,1,2,1,2,1,2,2,2,2,2,1,3,3,3,3,3,3,3,3,3,3,2.152,2.202,2.152,2.152,2.152,2.277,2.127,2.152,Reasonably age-friendly,Reasonably age-friendly,Reasonably age-friendly,Reasonably age-friendly,Reasonably age-friendly,Reasonably age-friendly,Reasonably age-friendly,Reasonably age-friendly,Reasonably age-friendly,Reasonably age-friendly,Less age-friendly,hospital,58.336,429:0,0,forward,347,353,58.336,71.701,72.326,72.576,72.326,72.576,72.576,72.576,71.951,72.701,72.576,0
429,2.11,1.0,2.11,3,1.5,1.0,3,3,2,3.0,1,1,1,2,1,1,2,3,3,2.327,2.202,3.0,3.0,2.0,3.0,3,1,3,3,1,3,3,3,1,3,3,1,1,1,3,3,1,1,3,3,3,3,3,2,2,2,1,2,2,1,2,1,2,2,2,1,2,1,2,1,2,1,2,2,2,2,2,1,3,3,3,3,3,3,3,3,3,3,2.152,2.202,2.152,2.152,2.152,2.277,2.127,2.152,Reasonably age-friendly,Reasonably age-friendly,Reasonably age-friendly,Reasonably age-friendly,Reasonably age-friendly,Reasonably age-friendly,Reasonably age-friendly,Reasonably age-friendly,Reasonably age-friendly,Reasonably age-friendly,Less age-friendly,hospital,58.336,429:0,0,backward,353,347,58.336,71.701,72.326,72.576,72.326,72.576,72.576,72.576,71.951,72.701,72.576,0
430,2.0,1.0,2.0,3,1.0,3.0,3,3,1,1.0,2,1,3,1,1,1,3,1,3,2.15,2.225,3.0,3.0,2.0,3.0,3,1,3,3,1,1,3,3,2,3,3,3,2,2,3,3,3,2,3,3,3,3,3,2,2,2,1,2,2,1,2,1,2,2,2,1,2,1,2,1,2,1,2,2,2,2,2,1,3,3,3,3,3,3,3,2,2,2,2.025,2.125,2.025,2.075,2.025,2.0,2.05,2.025,Reasonably age-friendly,Less age-friendly,Less age-friendly,Reasonably age-friendly,Reasonably age-friendly,Reasonably age-friendly,Less age-friendly,Less age-friendly,Less age-friendly,Reasonably age-friendly,Less age-friendly,hospital,25.171,430:0,0,forward,70,355,25.171,39.421,39.046,40.046,39.546,40.046,39.796,40.046,40.171,39.921,40.046,0
430,2.0,1.0,2.0,3,1.0,3.0,3,3,1,1.0,2,1,3,1,1,1,3,1,3,2.15,2.225,3.0,3.0,2.0,3.0,3,1,3,3,1,1,3,3,2,3,3,3,2,2,3,3,3,2,3,3,3,3,3,2,2,2,1,2,2,1,2,1,2,2,2,1,2,1,2,1,2,1,2,2,2,2,2,1,3,3,3,3,3,3,3,2,2,2,2.025,2.125,2.025,2.075,2.025,2.0,2.05,2.025,Reasonably age-friendly,Less age-friendly,Less age-friendly,Reasonably age-friendly,Reasonably age-friendly,Reasonably age-friendly,Less age-friendly,Less age-friendly,Less age-friendly,Reasonably age-friendly,Less age-friendly,hospital,25.171,430:0,0,backward,355,70,25.171,39.421,39.046,40.046,39.546,40.046,39.796,40.046,40.171,39.921,40.046,0
431,1.91,1.0,1.91,3,1.5,1.0,3,3,2,1.0,2,1,1,1,1,1,2,1,2,2.087,2.012,3.0,3.0,2.0,3.0,3,1,3,3,1,1,2,3,1,3,3,1,1,1,3,3,1,1,3,3,3,3,3,2,2,2,1,2,2,1,2,1,2,2,2,1,2,1,2,1,2,1,2,2,2,2,2,1,3,3,3,3,3,3,1,1,1,3,2.012,2.062,2.012,1.812,2.012,1.837,1.737,2.012,Reasonably age-friendly,Reasonably age-friendly,Reasonably age-friendly,Reasonably age-friendly,Reasonably age-friendly,Reasonably age-friendly,Less age-friendly,Less age-friendly,Less age-friendly,Reasonably age-friendly,Less age-friendly,hospital,61.4,431:0,0,forward,355,352,61.4,75.965,76.34,76.34,76.09,76.34,77.34,76.34,77.215,77.715,76.34,0
431,1.91,1.0,1.91,3,1.5,1.0,3,3,2,1.0,2,1,1,1,1,1,2,1,2,2.087,2.012,3.0,3.0,2.0,3.0,3,1,3,3,1,1,2,3,1,3,3,1,1,1,3,3,1,1,3,3,3,3,3,2,2,2,1,2,2,1,2,1,2,2,2,1,2,1,2,1,2,1,2,2,2,2,2,1,3,3,3,3,3,3,1,1,1,3,2.012,2.062,2.012,1.812,2.012,1.837,1.737,2.012,Reasonably age-friendly,Reasonably age-friendly,Reasonably age-friendly,Reasonably age-friendly,Reasonably age-friendly,Reasonably age-friendly,Less age-friendly,Less age-friendly,Less age-friendly,Reasonably age-friendly,Less age-friendly,hospital,61.4,431:0,0,backward,352,355,61.4,75.965,76.34,76.34,76.09,76.34,77.34,76.34,77.215,77.715,76.34,0
432,1.92,1.0,1.92,3,1.0,1.0,3,3,1,1.5,2,1,3,1,1,1,3,1,3,2.094,2.169,3.0,3.0,2.0,3.0,3,1,3,3,1,1,3,3,2,3,3,3,2,2,3,3,3,2,3,3,3,3,3,2,2,2,1,2,2,1,2,1,2,2,2,1,2,1,2,1,2,1,2,2,2,2,2,1,3,3,3,3,3,3,3,2,2,2,1.969,2.069,1.969,2.019,1.969,1.944,1.994,1.969,Reasonably age-friendly,Less age-friendly,Less age-friendly,Reasonably age-friendly,Reasonably age-friendly,Reasonably age-friendly,Less age-friendly,Less age-friendly,Less age-friendly,Reasonably age-friendly,Less age-friendly,hospital,32.888,432:0,0,forward,355,71,32.888,47.418,47.043,48.04299999999999,47.543,48.04299999999999,47.793,48.04299999999999,48.168,47.918,48.04299999999999,0
432,1.92,1.0,1.92,3,1.0,1.0,3,3,1,1.5,2,1,3,1,1,1,3,1,3,2.094,2.169,3.0,3.0,2.0,3.0,3,1,3,3,1,1,3,3,2,3,3,3,2,2,3,3,3,2,3,3,3,3,3,2,2,2,1,2,2,1,2,1,2,2,2,1,2,1,2,1,2,1,2,2,2,2,2,1,3,3,3,3,3,3,3,2,2,2,1.969,2.069,1.969,2.019,1.969,1.944,1.994,1.969,Reasonably age-friendly,Less age-friendly,Less age-friendly,Reasonably age-friendly,Reasonably age-friendly,Reasonably age-friendly,Less age-friendly,Less age-friendly,Less age-friendly,Reasonably age-friendly,Less age-friendly,hospital,32.888,432:0,0,backward,71,355,32.888,47.418,47.043,48.04299999999999,47.543,48.04299999999999,47.793,48.04299999999999,48.168,47.918,48.04299999999999,0
433,2.4,1.0,2.4,3,3.0,3.0,3,3,3,3.0,2,1,2,1,1,1,2,2,3,2.28,2.255,3.0,3.0,2.0,3.0,3,1,3,3,1,2,3,3,1,3,3,2,1,1,3,3,2,1,3,3,3,3,3,2,2,2,1,2,2,1,2,1,2,2,2,1,2,1,2,1,2,1,2,2,2,2,2,1,3,1,1,1,3,3,3,2,2,2,2.255,2.205,2.255,2.355,2.255,2.33,2.28,2.255,Reasonably age-friendly,Reasonably age-friendly,Reasonably age-friendly,Reasonably age-friendly,Reasonably age-friendly,Reasonably age-friendly,Reasonably age-friendly,Reasonably age-friendly,Reasonably age-friendly,Reasonably age-friendly,Reasonably age-friendly,hospital,69.549,433:0,0,forward,355,356,69.549,83.149,83.274,83.274,83.524,83.274,82.774,83.274,82.899,83.149,83.274,0
433,2.4,1.0,2.4,3,3.0,3.0,3,3,3,3.0,2,1,2,1,1,1,2,2,3,2.28,2.255,3.0,3.0,2.0,3.0,3,1,3,3,1,2,3,3,1,3,3,2,1,1,3,3,2,1,3,3,3,3,3,2,2,2,1,2,2,1,2,1,2,2,2,1,2,1,2,1,2,1,2,2,2,2,2,1,3,1,1,1,3,3,3,2,2,2,2.255,2.205,2.255,2.355,2.255,2.33,2.28,2.255,Reasonably age-friendly,Reasonably age-friendly,Reasonably age-friendly,Reasonably age-friendly,Reasonably age-friendly,Reasonably age-friendly,Reasonably age-friendly,Reasonably age-friendly,Reasonably age-friendly,Reasonably age-friendly,Reasonably age-friendly,hospital,69.549,433:0,0,backward,356,355,69.549,83.149,83.274,83.274,83.524,83.274,82.774,83.274,82.899,83.149,83.274,0
434,2.52,1.5,1.68,3,3.0,3.0,3,3,3,3.0,2,1,3,2,2,1,2,1,3,1.926,2.001,3.0,3.0,2.0,3.0,3,3,3,3,3,1,3,3,2,3,3,3,2,2,3,3,3,2,3,3,3,3,3,2,2,2,1,2,2,1,2,1,2,2,2,1,2,1,2,1,2,1,2,2,2,2,2,1,3,3,3,3,3,3,3,3,3,3,1.901,2.001,1.901,1.951,1.901,1.876,1.926,1.901,Reasonably age-friendly,Reasonably age-friendly,Reasonably age-friendly,Reasonably age-friendly,Reasonably age-friendly,Reasonably age-friendly,Reasonably age-friendly,Reasonably age-friendly,Reasonably age-friendly,Reasonably age-friendly,Less age-friendly,hospital,51.794,434:0,0,forward,133,357,51.794,67.164,66.789,67.289,66.789,67.289,67.039,67.289,67.414,67.164,67.289,0
434,2.52,1.5,1.68,3,3.0,3.0,3,3,3,3.0,2,1,3,2,2,1,2,1,3,1.926,2.001,3.0,3.0,2.0,3.0,3,3,3,3,3,1,3,3,2,3,3,3,2,2,3,3,3,2,3,3,3,3,3,2,2,2,1,2,2,1,2,1,2,2,2,1,2,1,2,1,2,1,2,2,2,2,2,1,3,3,3,3,3,3,3,3,3,3,1.901,2.001,1.901,1.951,1.901,1.876,1.926,1.901,Reasonably age-friendly,Reasonably age-friendly,Reasonably age-friendly,Reasonably age-friendly,Reasonably age-friendly,Reasonably age-friendly,Reasonably age-friendly,Reasonably age-friendly,Reasonably age-friendly,Reasonably age-friendly,Less age-friendly,hospital,51.794,434:0,0,backward,357,133,51.794,67.164,66.789,67.289,66.789,67.289,67.039,67.289,67.414,67.164,67.289,0
435,2.49,1.0,2.49,3,2.5,3.0,3,3,3,3.0,1,2,3,2,1,1,2,3,3,2.593,2.568,3.0,3.0,2.0,3.0,3,3,3,3,3,3,3,3,2,3,3,3,2,2,3,3,3,2,3,3,3,3,3,2,2,2,1,2,2,1,2,1,2,2,2,1,2,1,2,1,2,1,2,2,2,2,2,1,3,3,3,3,3,3,3,3,3,3,2.468,2.568,2.468,2.518,2.468,2.543,2.493,2.468,Reasonably age-friendly,Reasonably age-friendly,Reasonably age-friendly,Reasonably age-friendly,Reasonably age-friendly,Reasonably age-friendly,Reasonably age-friendly,Reasonably age-friendly,Reasonably age-friendly,Reasonably age-friendly,Less age-friendly,hospital,48.921,435:0,0,forward,357,358,48.921,60.956,61.081,61.581,61.081,61.581,61.331,61.581,61.206,61.456,61.581,0
435,2.49,1.0,2.49,3,2.5,3.0,3,3,3,3.0,1,2,3,2,1,1,2,3,3,2.593,2.568,3.0,3.0,2.0,3.0,3,3,3,3,3,3,3,3,2,3,3,3,2,2,3,3,3,2,3,3,3,3,3,2,2,2,1,2,2,1,2,1,2,2,2,1,2,1,2,1,2,1,2,2,2,2,2,1,3,3,3,3,3,3,3,3,3,3,2.468,2.568,2.468,2.518,2.468,2.543,2.493,2.468,Reasonably age-friendly,Reasonably age-friendly,Reasonably age-friendly,Reasonably age-friendly,Reasonably age-friendly,Reasonably age-friendly,Reasonably age-friendly,Reasonably age-friendly,Reasonably age-friendly,Reasonably age-friendly,Less age-friendly,hospital,48.921,435:0,0,backward,358,357,48.921,60.956,61.081,61.581,61.081,61.581,61.331,61.581,61.206,61.456,61.581,0
436,2.28,1.5,1.52,3,3.0,3.0,3,3,2,3.0,2,1,3,1,2,1,2,3,3,1.914,1.889,3.0,3.0,2.0,3.0,3,3,3,3,3,3,3,3,2,3,3,3,2,2,3,3,3,2,3,3,3,3,3,2,2,2,1,2,2,1,2,1,2,2,2,1,2,1,2,1,2,1,2,2,2,2,2,1,3,3,3,3,3,3,3,3,3,3,1.789,1.889,1.789,1.839,1.789,1.864,1.814,1.789,Reasonably age-friendly,Reasonably age-friendly,Reasonably age-friendly,Reasonably age-friendly,Reasonably age-friendly,Reasonably age-friendly,Reasonably age-friendly,Reasonably age-friendly,Reasonably age-friendly,Reasonably age-friendly,Less age-friendly,hospital,28.222,436:0,0,forward,358,134,28.222,43.652,43.777,44.277,43.777,44.277,44.027,44.277,43.902,44.152,44.277,0
436,2.28,1.5,1.52,3,3.0,3.0,3,3,2,3.0,2,1,3,1,2,1,2,3,3,1.914,1.889,3.0,3.0,2.0,3.0,3,3,3,3,3,3,3,3,2,3,3,3,2,2,3,3,3,2,3,3,3,3,3,2,2,2,1,2,2,1,2,1,2,2,2,1,2,1,2,1,2,1,2,2,2,2,2,1,3,3,3,3,3,3,3,3,3,3,1.789,1.889,1.789,1.839,1.789,1.864,1.814,1.789,Reasonably age-friendly,Reasonably age-friendly,Reasonably age-friendly,Reasonably age-friendly,Reasonably age-friendly,Reasonably age-friendly,Reasonably age-friendly,Reasonably age-friendly,Reasonably age-friendly,Reasonably age-friendly,Less age-friendly,hospital,28.222,436:0,0,backward,134,358,28.222,43.652,43.777,44.277,43.777,44.277,44.027,44.277,43.902,44.152,44.277,0
437,2.46,1.5,1.64,2,3.0,2.0,3,3,3,3.0,3,1,3,2,2,1,2,3,3,1.998,1.973,3.0,3.0,2.0,3.0,3,2,3,3,2,3,3,3,2,3,3,3,2,2,3,3,3,2,3,3,3,3,3,2,2,2,1,2,2,1,2,1,2,2,2,1,2,1,2,1,2,1,2,2,2,2,2,1,3,3,3,3,3,3,3,3,3,3,1.873,1.923,1.873,1.873,1.873,1.948,1.898,1.873,Reasonably age-friendly,Reasonably age-friendly,Reasonably age-friendly,Reasonably age-friendly,Reasonably age-friendly,Reasonably age-friendly,Reasonably age-friendly,Reasonably age-friendly,Reasonably age-friendly,Reasonably age-friendly,Less age-friendly,hospital,27.621,437:0,0,forward,135,359,27.621,42.631,42.756,43.256,43.006,43.256,43.256,43.256,42.881,43.131,43.256,0
437,2.46,1.5,1.64,2,3.0,2.0,3,3,3,3.0,3,1,3,2,2,1,2,3,3,1.998,1.973,3.0,3.0,2.0,3.0,3,2,3,3,2,3,3,3,2,3,3,3,2,2,3,3,3,2,3,3,3,3,3,2,2,2,1,2,2,1,2,1,2,2,2,1,2,1,2,1,2,1,2,2,2,2,2,1,3,3,3,3,3,3,3,3,3,3,1.873,1.923,1.873,1.873,1.873,1.948,1.898,1.873,Reasonably age-friendly,Reasonably age-friendly,Reasonably age-friendly,Reasonably age-friendly,Reasonably age-friendly,Reasonably age-friendly,Reasonably age-friendly,Reasonably age-friendly,Reasonably age-friendly,Reasonably age-friendly,Less age-friendly,hospital,27.621,437:0,0,backward,359,135,27.621,42.631,42.756,43.256,43.006,43.256,43.256,43.256,42.881,43.131,43.256,0
438,2.56,1.0,2.56,3,3.0,3.0,3,3,3,1.5,3,2,3,2,1,1,2,3,3,2.642,2.617,3.0,3.0,2.0,3.0,3,2,3,3,2,3,3,3,2,3,3,3,2,2,3,3,3,2,3,3,3,3,3,2,2,2,1,2,2,1,2,1,2,2,2,1,2,1,2,1,2,1,2,2,2,2,2,1,3,3,3,3,3,3,3,3,3,3,2.517,2.567,2.517,2.517,2.517,2.592,2.542,2.517,More age-friendly,Reasonably age-friendly,Reasonably age-friendly,Reasonably age-friendly,More age-friendly,More age-friendly,Reasonably age-friendly,Reasonably age-friendly,Reasonably age-friendly,More age-friendly,Reasonably age-friendly,hospital,29.486,438:0,0,forward,359,360,29.486,41.276,41.400999999999996,41.901,41.650999999999996,41.901,41.901,41.901,41.525999999999996,41.776,41.901,0
438,2.56,1.0,2.56,3,3.0,3.0,3,3,3,1.5,3,2,3,2,1,1,2,3,3,2.642,2.617,3.0,3.0,2.0,3.0,3,2,3,3,2,3,3,3,2,3,3,3,2,2,3,3,3,2,3,3,3,3,3,2,2,2,1,2,2,1,2,1,2,2,2,1,2,1,2,1,2,1,2,2,2,2,2,1,3,3,3,3,3,3,3,3,3,3,2.517,2.567,2.517,2.517,2.517,2.592,2.542,2.517,More age-friendly,Reasonably age-friendly,Reasonably age-friendly,Reasonably age-friendly,More age-friendly,More age-friendly,Reasonably age-friendly,Reasonably age-friendly,Reasonably age-friendly,More age-friendly,Reasonably age-friendly,hospital,29.486,438:0,0,backward,360,359,29.486,41.276,41.400999999999996,41.901,41.650999999999996,41.901,41.901,41.901,41.525999999999996,41.776,41.901,0
439,2.38,1.0,2.38,3,3.0,2.0,3,3,3,3.0,1,1,3,1,1,1,3,1,3,2.416,2.491,3.0,3.0,2.0,3.0,3,2,3,3,2,1,3,3,2,3,3,3,2,2,3,3,3,2,3,3,3,3,3,2,2,2,1,2,2,1,2,1,2,2,2,1,2,1,2,1,2,1,2,2,2,2,2,1,3,3,3,3,3,3,3,3,3,3,2.391,2.441,2.391,2.391,2.391,2.366,2.416,2.391,Reasonably age-friendly,Less age-friendly,Less age-friendly,Less age-friendly,Reasonably age-friendly,Reasonably age-friendly,Less age-friendly,Less age-friendly,Less age-friendly,Reasonably age-friendly,Less age-friendly,hospital,58.514,439:0,0,forward,358,361,58.514,71.434,71.059,71.559,71.309,71.559,71.559,71.559,71.684,71.434,71.559,0
439,2.38,1.0,2.38,3,3.0,2.0,3,3,3,3.0,1,1,3,1,1,1,3,1,3,2.416,2.491,3.0,3.0,2.0,3.0,3,2,3,3,2,1,3,3,2,3,3,3,2,2,3,3,3,2,3,3,3,3,3,2,2,2,1,2,2,1,2,1,2,2,2,1,2,1,2,1,2,1,2,2,2,2,2,1,3,3,3,3,3,3,3,3,3,3,2.391,2.441,2.391,2.391,2.391,2.366,2.416,2.391,Reasonably age-friendly,Less age-friendly,Less age-friendly,Less age-friendly,Reasonably age-friendly,Reasonably age-friendly,Less age-friendly,Less age-friendly,Less age-friendly,Reasonably age-friendly,Less age-friendly,hospital,58.514,439:0,0,backward,361,358,58.514,71.434,71.059,71.559,71.309,71.559,71.559,71.559,71.684,71.434,71.559,0
441,1.91,1.5,1.273,3,1.5,1.0,3,3,2,1.0,2,1,3,1,2,1,2,1,1,1.641,1.616,3.0,3.0,2.0,3.0,3,1,3,3,1,1,1,3,2,3,3,3,2,2,3,3,3,2,3,3,3,3,3,2,2,2,1,2,2,1,2,1,2,2,2,1,2,1,2,1,2,1,2,2,2,2,2,1,3,3,3,3,3,3,3,3,3,3,1.616,1.616,1.616,1.566,1.616,1.591,1.541,1.616,Reasonably age-friendly,Less age-friendly,Less age-friendly,Less age-friendly,Reasonably age-friendly,Reasonably age-friendly,Less age-friendly,Less age-friendly,Less age-friendly,Reasonably age-friendly,Less age-friendly,hospital,50.783,441:0,0,forward,361,72,50.783,67.578,67.703,67.703,67.703,67.703,67.953,67.703,67.828,68.078,67.703,0
441,1.91,1.5,1.273,3,1.5,1.0,3,3,2,1.0,2,1,3,1,2,1,2,1,1,1.641,1.616,3.0,3.0,2.0,3.0,3,1,3,3,1,1,1,3,2,3,3,3,2,2,3,3,3,2,3,3,3,3,3,2,2,2,1,2,2,1,2,1,2,2,2,1,2,1,2,1,2,1,2,2,2,2,2,1,3,3,3,3,3,3,3,3,3,3,1.616,1.616,1.616,1.566,1.616,1.591,1.541,1.616,Reasonably age-friendly,Less age-friendly,Less age-friendly,Less age-friendly,Reasonably age-friendly,Reasonably age-friendly,Less age-friendly,Less age-friendly,Less age-friendly,Reasonably age-friendly,Less age-friendly,hospital,50.783,441:0,0,backward,72,361,50.783,67.578,67.703,67.703,67.703,67.703,67.953,67.703,67.828,68.078,67.703,0
442,2.07,1.0,2.07,3,1.5,1.0,3,3,2,1.5,2,1,2,2,1,1,2,3,3,2.199,2.024,3.0,3.0,2.0,3.0,3,3,3,3,3,3,3,3,1,3,3,2,1,1,3,3,2,1,3,3,3,3,3,2,2,2,1,2,2,1,2,1,2,2,2,1,2,1,2,1,2,1,2,2,2,2,2,1,3,3,2,1,3,2,2,2,2,2,2.024,2.274,2.024,2.124,2.024,2.149,2.049,2.024,Reasonably age-friendly,Reasonably age-friendly,Reasonably age-friendly,Reasonably age-friendly,Reasonably age-friendly,Reasonably age-friendly,Reasonably age-friendly,Reasonably age-friendly,Reasonably age-friendly,Reasonably age-friendly,Less age-friendly,campus,44.523,442:0,0,forward,362,115,44.523,58.528000000000006,59.403000000000006,59.403000000000006,58.153000000000006,59.403000000000006,58.903000000000006,59.403000000000006,58.778000000000006,59.278000000000006,59.403000000000006,0
442,2.07,1.0,2.07,3,1.5,1.0,3,3,2,1.5,2,1,2,2,1,1,2,3,3,2.199,2.024,3.0,3.0,2.0,3.0,3,3,3,3,3,3,3,3,1,3,3,2,1,1,3,3,2,1,3,3,3,3,3,2,2,2,1,2,2,1,2,1,2,2,2,1,2,1,2,1,2,1,2,2,2,2,2,1,3,3,2,1,3,2,2,2,2,2,2.024,2.274,2.024,2.124,2.024,2.149,2.049,2.024,Reasonably age-friendly,Reasonably age-friendly,Reasonably age-friendly,Reasonably age-friendly,Reasonably age-friendly,Reasonably age-friendly,Reasonably age-friendly,Reasonably age-friendly,Reasonably age-friendly,Reasonably age-friendly,Less age-friendly,campus,44.523,442:0,0,backward,115,362,44.523,58.528000000000006,59.403000000000006,59.403000000000006,58.153000000000006,59.403000000000006,58.903000000000006,59.403000000000006,58.778000000000006,59.278000000000006,59.403000000000006,0
443,2.52,1.0,2.52,3,3.0,3.0,3,3,3,3.0,3,3,2,1,1,1,1,3,3,2.614,2.539,3.0,3.0,2.0,3.0,3,3,3,3,3,3,3,3,1,3,3,2,1,1,3,3,2,1,3,3,3,3,3,2,2,2,1,2,2,1,2,1,2,2,2,1,2,1,2,1,2,1,2,2,2,2,2,1,3,3,3,3,3,3,3,3,3,3,2.439,2.589,2.439,2.539,2.439,2.564,2.464,2.439,Reasonably age-friendly,More age-friendly,More age-friendly,More age-friendly,Reasonably age-friendly,Reasonably age-friendly,More age-friendly,More age-friendly,Reasonably age-friendly,Reasonably age-friendly,More age-friendly,campus,81.02,443:0,0,forward,362,363,81.02,92.94999999999999,93.32499999999999,93.82499999999999,93.07499999999999,93.82499999999999,93.32499999999999,93.82499999999999,93.19999999999999,93.69999999999999,93.82499999999999,0
443,2.52,1.0,2.52,3,3.0,3.0,3,3,3,3.0,3,3,2,1,1,1,1,3,3,2.614,2.539,3.0,3.0,2.0,3.0,3,3,3,3,3,3,3,3,1,3,3,2,1,1,3,3,2,1,3,3,3,3,3,2,2,2,1,2,2,1,2,1,2,2,2,1,2,1,2,1,2,1,2,2,2,2,2,1,3,3,3,3,3,3,3,3,3,3,2.439,2.589,2.439,2.539,2.439,2.564,2.464,2.439,Reasonably age-friendly,More age-friendly,More age-friendly,More age-friendly,Reasonably age-friendly,Reasonably age-friendly,More age-friendly,More age-friendly,Reasonably age-friendly,Reasonably age-friendly,More age-friendly,campus,81.02,443:0,0,backward,363,362,81.02,92.94999999999999,93.32499999999999,93.82499999999999,93.07499999999999,93.82499999999999,93.32499999999999,93.82499999999999,93.19999999999999,93.69999999999999,93.82499999999999,0
444,2.64,1.0,2.64,3,3.0,3.0,3,3,3,3.0,3,3,3,2,1,1,1,3,3,2.698,2.673,3.0,3.0,2.0,3.0,3,2,3,3,2,3,3,3,2,3,3,3,2,2,3,3,3,2,3,3,3,3,3,2,2,2,1,2,2,1,2,1,2,2,2,1,2,1,2,1,2,1,2,2,2,2,2,1,3,3,3,3,3,3,3,3,3,3,2.573,2.623,2.573,2.573,2.573,2.648,2.598,2.573,More age-friendly,More age-friendly,More age-friendly,More age-friendly,More age-friendly,More age-friendly,More age-friendly,More age-friendly,More age-friendly,More age-friendly,More age-friendly,campus,81.461,444:0,0,forward,363,364,81.461,92.971,93.096,93.596,93.346,93.596,93.596,93.596,93.221,93.471,93.596,0
444,2.64,1.0,2.64,3,3.0,3.0,3,3,3,3.0,3,3,3,2,1,1,1,3,3,2.698,2.673,3.0,3.0,2.0,3.0,3,2,3,3,2,3,3,3,2,3,3,3,2,2,3,3,3,2,3,3,3,3,3,2,2,2,1,2,2,1,2,1,2,2,2,1,2,1,2,1,2,1,2,2,2,2,2,1,3,3,3,3,3,3,3,3,3,3,2.573,2.623,2.573,2.573,2.573,2.648,2.598,2.573,More age-friendly,More age-friendly,More age-friendly,More age-friendly,More age-friendly,More age-friendly,More age-friendly,More age-friendly,More age-friendly,More age-friendly,More age-friendly,campus,81.461,444:0,0,backward,364,363,81.461,92.971,93.096,93.596,93.346,93.596,93.596,93.596,93.221,93.471,93.596,0
445,2.07,1.0,2.07,3,1.5,1.0,3,3,2,3.0,2,1,3,2,1,1,1,1,3,1.999,2.074,3.0,3.0,2.0,3.0,3,1,3,3,1,1,3,3,2,3,3,3,2,2,3,3,3,2,3,3,3,3,3,2,2,2,1,2,2,1,2,1,2,2,2,1,2,1,2,1,2,1,2,2,2,2,2,1,3,3,1,1,1,1,1,1,1,1,1.974,2.174,1.974,1.924,1.974,1.949,1.999,1.974,Reasonably age-friendly,Reasonably age-friendly,Reasonably age-friendly,Reasonably age-friendly,Reasonably age-friendly,Reasonably age-friendly,Reasonably age-friendly,Reasonably age-friendly,Reasonably age-friendly,Reasonably age-friendly,Reasonably age-friendly,campus,35.509,445:0,0,forward,364,160,35.509,50.513999999999996,50.139,50.638999999999996,49.639,50.638999999999996,50.889,50.638999999999996,50.764,50.513999999999996,50.638999999999996,0
445,2.07,1.0,2.07,3,1.5,1.0,3,3,2,3.0,2,1,3,2,1,1,1,1,3,1.999,2.074,3.0,3.0,2.0,3.0,3,1,3,3,1,1,3,3,2,3,3,3,2,2,3,3,3,2,3,3,3,3,3,2,2,2,1,2,2,1,2,1,2,2,2,1,2,1,2,1,2,1,2,2,2,2,2,1,3,3,1,1,1,1,1,1,1,1,1.974,2.174,1.974,1.924,1.974,1.949,1.999,1.974,Reasonably age-friendly,Reasonably age-friendly,Reasonably age-friendly,Reasonably age-friendly,Reasonably age-friendly,Reasonably age-friendly,Reasonably age-friendly,Reasonably age-friendly,Reasonably age-friendly,Reasonably age-friendly,Reasonably age-friendly,campus,35.509,445:0,0,backward,160,364,35.509,50.513999999999996,50.139,50.638999999999996,49.639,50.638999999999996,50.889,50.638999999999996,50.764,50.513999999999996,50.638999999999996,0
446,2.18,1.0,2.18,3,3.0,2.0,3,3,2,3.0,3,1,2,1,1,1,1,2,3,2.126,2.301,3.0,3.0,2.0,3.0,3,2,3,3,2,2,3,3,1,3,3,2,1,1,3,3,2,1,3,3,3,3,3,2,2,2,1,2,2,1,2,1,2,2,2,1,2,1,2,1,2,1,2,2,2,2,2,1,3,3,1,3,3,3,3,3,3,3,2.201,2.301,2.201,2.251,2.201,2.276,2.226,2.201,Reasonably age-friendly,Reasonably age-friendly,Reasonably age-friendly,Reasonably age-friendly,Reasonably age-friendly,Reasonably age-friendly,Reasonably age-friendly,Reasonably age-friendly,Reasonably age-friendly,Reasonably age-friendly,Reasonably age-friendly,campus,73.86,446:0,0,forward,157,159,73.86,88.23,87.355,87.855,87.355,87.855,87.605,87.855,87.48,87.73,87.855,0
446,2.18,1.0,2.18,3,3.0,2.0,3,3,2,3.0,3,1,2,1,1,1,1,2,3,2.126,2.301,3.0,3.0,2.0,3.0,3,2,3,3,2,2,3,3,1,3,3,2,1,1,3,3,2,1,3,3,3,3,3,2,2,2,1,2,2,1,2,1,2,2,2,1,2,1,2,1,2,1,2,2,2,2,2,1,3,3,1,3,3,3,3,3,3,3,2.201,2.301,2.201,2.251,2.201,2.276,2.226,2.201,Reasonably age-friendly,Reasonably age-friendly,Reasonably age-friendly,Reasonably age-friendly,Reasonably age-friendly,Reasonably age-friendly,Reasonably age-friendly,Reasonably age-friendly,Reasonably age-friendly,Reasonably age-friendly,Reasonably age-friendly,campus,73.86,446:0,0,backward,159,157,73.86,88.23,87.355,87.855,87.355,87.855,87.605,87.855,87.48,87.73,87.855,0
447,2.42,1.0,2.42,3,3.0,2.0,3,3,3,3.0,3,1,2,1,1,1,2,2,3,2.494,2.469,3.0,3.0,2.0,3.0,3,2,3,3,2,2,3,3,1,3,3,2,1,1,3,3,2,1,3,3,3,3,3,2,2,2,1,2,2,1,2,1,2,2,2,1,2,1,2,1,2,1,2,2,2,2,2,1,3,3,3,3,3,3,3,3,3,3,2.369,2.469,2.369,2.419,2.369,2.444,2.394,2.369,Reasonably age-friendly,Reasonably age-friendly,Reasonably age-friendly,Reasonably age-friendly,Reasonably age-friendly,Reasonably age-friendly,Reasonably age-friendly,Reasonably age-friendly,Reasonably age-friendly,Reasonably age-friendly,Reasonably age-friendly,campus,115.242,447:0,0,forward,160,157,115.242,127.772,127.897,128.397,127.897,128.397,128.147,128.397,128.022,128.272,128.397,0
447,2.42,1.0,2.42,3,3.0,2.0,3,3,3,3.0,3,1,2,1,1,1,2,2,3,2.494,2.469,3.0,3.0,2.0,3.0,3,2,3,3,2,2,3,3,1,3,3,2,1,1,3,3,2,1,3,3,3,3,3,2,2,2,1,2,2,1,2,1,2,2,2,1,2,1,2,1,2,1,2,2,2,2,2,1,3,3,3,3,3,3,3,3,3,3,2.369,2.469,2.369,2.419,2.369,2.444,2.394,2.369,Reasonably age-friendly,Reasonably age-friendly,Reasonably age-friendly,Reasonably age-friendly,Reasonably age-friendly,Reasonably age-friendly,Reasonably age-friendly,Reasonably age-friendly,Reasonably age-friendly,Reasonably age-friendly,Reasonably age-friendly,campus,115.242,447:0,0,backward,157,160,115.242,127.772,127.897,128.397,127.897,128.397,128.147,128.397,128.022,128.272,128.397,0
448,1.87,1.0,1.87,3,1.5,1.0,3,3,2,1.0,3,1,3,1,1,1,1,3,3,1.959,2.134,3.0,3.0,2.0,3.0,3,3,3,3,3,3,3,3,2,3,3,3,2,2,3,3,3,2,3,3,3,3,3,2,2,2,1,2,2,1,2,1,2,2,2,1,2,1,2,1,2,1,2,2,2,2,2,1,3,3,1,3,3,3,3,3,3,3,2.034,2.134,2.034,2.084,2.034,2.109,2.059,2.034,Reasonably age-friendly,Reasonably age-friendly,Reasonably age-friendly,Reasonably age-friendly,Reasonably age-friendly,Reasonably age-friendly,Reasonably age-friendly,Reasonably age-friendly,Reasonably age-friendly,Reasonably age-friendly,Reasonably age-friendly,campus,21.077,448:0,0,forward,156,138,21.077,36.282000000000004,35.407000000000004,35.907000000000004,35.407000000000004,35.907000000000004,35.657000000000004,35.907000000000004,35.532000000000004,35.782,35.907000000000004,0
448,1.87,1.0,1.87,3,1.5,1.0,3,3,2,1.0,3,1,3,1,1,1,1,3,3,1.959,2.134,3.0,3.0,2.0,3.0,3,3,3,3,3,3,3,3,2,3,3,3,2,2,3,3,3,2,3,3,3,3,3,2,2,2,1,2,2,1,2,1,2,2,2,1,2,1,2,1,2,1,2,2,2,2,2,1,3,3,1,3,3,3,3,3,3,3,2.034,2.134,2.034,2.084,2.034,2.109,2.059,2.034,Reasonably age-friendly,Reasonably age-friendly,Reasonably age-friendly,Reasonably age-friendly,Reasonably age-friendly,Reasonably age-friendly,Reasonably age-friendly,Reasonably age-friendly,Reasonably age-friendly,Reasonably age-friendly,Reasonably age-friendly,campus,21.077,448:0,0,backward,138,156,21.077,36.282000000000004,35.407000000000004,35.907000000000004,35.407000000000004,35.907000000000004,35.657000000000004,35.907000000000004,35.532000000000004,35.782,35.907000000000004,0
449,2.36,1.5,1.573,3,1.0,3.0,3,3,1,1.0,3,3,3,3,2,1,2,1,3,1.651,1.926,3.0,3.0,2.0,3.0,3,2,3,3,2,1,3,3,2,3,3,3,2,2,3,3,3,2,3,3,3,3,3,2,2,2,1,2,2,1,2,1,2,2,2,1,2,1,2,1,2,1,2,2,2,2,2,1,3,3,1,3,3,3,3,3,3,3,1.826,1.876,1.826,1.826,1.826,1.801,1.851,1.826,Reasonably age-friendly,Reasonably age-friendly,Less age-friendly,Reasonably age-friendly,Reasonably age-friendly,Reasonably age-friendly,Reasonably age-friendly,Reasonably age-friendly,Reasonably age-friendly,Reasonably age-friendly,Less age-friendly,campus,24.005,449:0,0,forward,157,156,24.005,40.75,39.375,39.875,39.625,39.875,39.875,39.875,40.0,39.75,39.875,0
449,2.36,1.5,1.573,3,1.0,3.0,3,3,1,1.0,3,3,3,3,2,1,2,1,3,1.651,1.926,3.0,3.0,2.0,3.0,3,2,3,3,2,1,3,3,2,3,3,3,2,2,3,3,3,2,3,3,3,3,3,2,2,2,1,2,2,1,2,1,2,2,2,1,2,1,2,1,2,1,2,2,2,2,2,1,3,3,1,3,3,3,3,3,3,3,1.826,1.876,1.826,1.826,1.826,1.801,1.851,1.826,Reasonably age-friendly,Reasonably age-friendly,Less age-friendly,Reasonably age-friendly,Reasonably age-friendly,Reasonably age-friendly,Reasonably age-friendly,Reasonably age-friendly,Reasonably age-friendly,Reasonably age-friendly,Less age-friendly,campus,24.005,449:0,0,backward,156,157,24.005,40.75,39.375,39.875,39.625,39.875,39.875,39.875,40.0,39.75,39.875,0
450,1.96,2.0,0.98,3,3.0,3.0,1,2,3,3.0,2,1,1,1,2,2,1,3,3,1.536,1.411,3.0,3.0,2.0,3.0,3,3,3,3,3,3,3,3,1,3,3,1,1,1,3,3,1,1,3,3,3,3,3,2,2,2,1,2,2,1,2,1,2,2,2,1,2,1,2,1,2,1,2,2,2,2,2,1,3,3,3,3,3,3,3,3,3,3,1.361,1.511,1.361,1.461,1.361,1.486,1.336,1.361,Reasonably age-friendly,Reasonably age-friendly,Reasonably age-friendly,Reasonably age-friendly,Reasonably age-friendly,Reasonably age-friendly,Reasonably age-friendly,Reasonably age-friendly,Reasonably age-friendly,Reasonably age-friendly,Less age-friendly,campus,22.679,450:0,0,forward,156,365,22.679,39.998999999999995,40.623999999999995,40.873999999999995,40.123999999999995,40.873999999999995,40.373999999999995,40.873999999999995,40.248999999999995,40.998999999999995,40.873999999999995,0
450,1.96,2.0,0.98,3,3.0,3.0,1,2,3,3.0,2,1,1,1,2,2,1,3,3,1.536,1.411,3.0,3.0,2.0,3.0,3,3,3,3,3,3,3,3,1,3,3,1,1,1,3,3,1,1,3,3,3,3,3,2,2,2,1,2,2,1,2,1,2,2,2,1,2,1,2,1,2,1,2,2,2,2,2,1,3,3,3,3,3,3,3,3,3,3,1.361,1.511,1.361,1.461,1.361,1.486,1.336,1.361,Reasonably age-friendly,Reasonably age-friendly,Reasonably age-friendly,Reasonably age-friendly,Reasonably age-friendly,Reasonably age-friendly,Reasonably age-friendly,Reasonably age-friendly,Reasonably age-friendly,Reasonably age-friendly,Less age-friendly,campus,22.679,450:0,0,backward,365,156,22.679,39.998999999999995,40.623999999999995,40.873999999999995,40.123999999999995,40.873999999999995,40.373999999999995,40.873999999999995,40.248999999999995,40.998999999999995,40.873999999999995,0
451,2.16,1.5,1.44,2,3.0,3.0,1,2,3,3.0,3,2,2,2,1,2,1,3,3,1.658,1.583,3.0,3.0,2.0,3.0,3,2,3,3,2,3,3,3,1,3,3,2,1,1,3,3,2,1,3,3,3,3,3,2,2,2,1,2,2,1,2,1,2,2,2,1,2,1,2,1,2,1,2,2,2,2,2,1,3,1,1,1,1,3,3,3,3,3,1.683,1.583,1.683,1.733,1.683,1.808,1.708,1.683,Reasonably age-friendly,Reasonably age-friendly,Reasonably age-friendly,Reasonably age-friendly,Reasonably age-friendly,Reasonably age-friendly,Reasonably age-friendly,Reasonably age-friendly,Reasonably age-friendly,Reasonably age-friendly,Reasonably age-friendly,campus,100.271,451:0,0,forward,365,366,100.271,116.981,117.356,116.856,117.356,116.856,116.606,116.856,116.231,116.731,116.856,0
451,2.16,1.5,1.44,2,3.0,3.0,1,2,3,3.0,3,2,2,2,1,2,1,3,3,1.658,1.583,3.0,3.0,2.0,3.0,3,2,3,3,2,3,3,3,1,3,3,2,1,1,3,3,2,1,3,3,3,3,3,2,2,2,1,2,2,1,2,1,2,2,2,1,2,1,2,1,2,1,2,2,2,2,2,1,3,1,1,1,1,3,3,3,3,3,1.683,1.583,1.683,1.733,1.683,1.808,1.708,1.683,Reasonably age-friendly,Reasonably age-friendly,Reasonably age-friendly,Reasonably age-friendly,Reasonably age-friendly,Reasonably age-friendly,Reasonably age-friendly,Reasonably age-friendly,Reasonably age-friendly,Reasonably age-friendly,Reasonably age-friendly,campus,100.271,451:0,0,backward,366,365,100.271,116.981,117.356,116.856,117.356,116.856,116.606,116.856,116.231,116.731,116.856,0
452,2.4,1.0,2.4,2,3.0,3.0,3,3,3,3.0,3,1,2,1,1,1,2,3,3,2.53,2.255,3.0,3.0,2.0,3.0,3,2,3,3,2,3,3,3,1,3,3,2,1,1,3,3,2,1,3,3,3,3,3,2,2,2,1,2,2,1,2,1,2,2,2,1,2,1,2,1,2,1,2,2,2,2,2,1,3,1,3,1,3,3,1,1,1,3,2.355,2.255,2.355,2.205,2.355,2.28,2.18,2.355,Reasonably age-friendly,Reasonably age-friendly,Reasonably age-friendly,Reasonably age-friendly,Reasonably age-friendly,Reasonably age-friendly,Reasonably age-friendly,Reasonably age-friendly,Reasonably age-friendly,Reasonably age-friendly,Reasonably age-friendly,campus,97.286,452:0,0,forward,366,148,97.286,109.636,111.011,110.511,111.011,110.511,111.261,110.511,110.886,111.386,110.511,0
452,2.4,1.0,2.4,2,3.0,3.0,3,3,3,3.0,3,1,2,1,1,1,2,3,3,2.53,2.255,3.0,3.0,2.0,3.0,3,2,3,3,2,3,3,3,1,3,3,2,1,1,3,3,2,1,3,3,3,3,3,2,2,2,1,2,2,1,2,1,2,2,2,1,2,1,2,1,2,1,2,2,2,2,2,1,3,1,3,1,3,3,1,1,1,3,2.355,2.255,2.355,2.205,2.355,2.28,2.18,2.355,Reasonably age-friendly,Reasonably age-friendly,Reasonably age-friendly,Reasonably age-friendly,Reasonably age-friendly,Reasonably age-friendly,Reasonably age-friendly,Reasonably age-friendly,Reasonably age-friendly,Reasonably age-friendly,Reasonably age-friendly,campus,97.286,452:0,0,backward,148,366,97.286,109.636,111.011,110.511,111.011,110.511,111.261,110.511,110.886,111.386,110.511,0
453,2.04,1.5,1.36,3,1.0,3.0,3,3,1,3.0,2,1,2,1,2,1,2,3,3,1.802,1.727,3.0,3.0,2.0,3.0,3,2,3,3,2,3,3,3,1,3,3,2,1,1,3,3,2,1,3,3,3,3,3,2,2,2,1,2,2,1,2,1,2,2,2,1,2,1,2,1,2,1,2,2,2,2,2,1,3,3,3,3,3,3,3,3,3,3,1.627,1.727,1.627,1.677,1.627,1.752,1.652,1.627,Reasonably age-friendly,Reasonably age-friendly,Reasonably age-friendly,Reasonably age-friendly,Reasonably age-friendly,Reasonably age-friendly,Reasonably age-friendly,Reasonably age-friendly,Less age-friendly,Reasonably age-friendly,Less age-friendly,campus,21.925,453:0,0,forward,147,151,21.925,37.915,38.29,38.790000000000006,38.29,38.790000000000006,38.54,38.790000000000006,38.165000000000006,38.665,38.790000000000006,0
453,2.04,1.5,1.36,3,1.0,3.0,3,3,1,3.0,2,1,2,1,2,1,2,3,3,1.802,1.727,3.0,3.0,2.0,3.0,3,2,3,3,2,3,3,3,1,3,3,2,1,1,3,3,2,1,3,3,3,3,3,2,2,2,1,2,2,1,2,1,2,2,2,1,2,1,2,1,2,1,2,2,2,2,2,1,3,3,3,3,3,3,3,3,3,3,1.627,1.727,1.627,1.677,1.627,1.752,1.652,1.627,Reasonably age-friendly,Reasonably age-friendly,Reasonably age-friendly,Reasonably age-friendly,Reasonably age-friendly,Reasonably age-friendly,Reasonably age-friendly,Reasonably age-friendly,Less age-friendly,Reasonably age-friendly,Less age-friendly,campus,21.925,453:0,0,backward,151,147,21.925,37.915,38.29,38.790000000000006,38.29,38.790000000000006,38.54,38.790000000000006,38.165000000000006,38.665,38.790000000000006,0
454,2.11,1.0,2.11,3,1.5,1.0,3,3,2,3.0,1,1,2,2,1,1,2,1,3,2.127,2.052,3.0,3.0,2.0,3.0,3,2,3,3,2,1,3,3,1,3,3,2,1,1,3,3,2,1,3,3,3,3,3,2,2,2,1,2,2,1,2,1,2,2,2,1,2,1,2,1,2,1,2,2,2,2,2,1,3,3,2,1,3,3,2,2,2,2,2.052,2.252,2.052,2.102,2.052,2.077,2.077,2.052,Reasonably age-friendly,Reasonably age-friendly,Reasonably age-friendly,Reasonably age-friendly,Reasonably age-friendly,Reasonably age-friendly,Reasonably age-friendly,Reasonably age-friendly,Reasonably age-friendly,Reasonably age-friendly,Less age-friendly,campus,40.217,454:0,0,forward,367,116,40.217,54.582,54.957,54.957,53.957,54.957,54.707,54.957,54.832,54.832,54.957,0
454,2.11,1.0,2.11,3,1.5,1.0,3,3,2,3.0,1,1,2,2,1,1,2,1,3,2.127,2.052,3.0,3.0,2.0,3.0,3,2,3,3,2,1,3,3,1,3,3,2,1,1,3,3,2,1,3,3,3,3,3,2,2,2,1,2,2,1,2,1,2,2,2,1,2,1,2,1,2,1,2,2,2,2,2,1,3,3,2,1,3,3,2,2,2,2,2.052,2.252,2.052,2.102,2.052,2.077,2.077,2.052,Reasonably age-friendly,Reasonably age-friendly,Reasonably age-friendly,Reasonably age-friendly,Reasonably age-friendly,Reasonably age-friendly,Reasonably age-friendly,Reasonably age-friendly,Reasonably age-friendly,Reasonably age-friendly,Less age-friendly,campus,40.217,454:0,0,backward,116,367,40.217,54.582,54.957,54.957,53.957,54.957,54.707,54.957,54.832,54.832,54.957,0
456,2.56,1.0,2.56,3,3.0,3.0,3,3,3,3.0,3,2,2,1,1,1,2,3,3,2.642,2.567,3.0,3.0,2.0,3.0,3,2,3,3,2,3,3,3,1,3,3,2,1,1,3,3,2,1,3,3,3,3,3,2,2,2,1,2,2,1,2,1,2,2,2,1,2,1,2,1,2,1,2,2,2,2,2,1,3,3,3,3,3,3,3,3,3,3,2.467,2.567,2.467,2.517,2.467,2.592,2.492,2.467,Reasonably age-friendly,Reasonably age-friendly,Reasonably age-friendly,Reasonably age-friendly,Reasonably age-friendly,Reasonably age-friendly,Reasonably age-friendly,Reasonably age-friendly,Reasonably age-friendly,Reasonably age-friendly,Reasonably age-friendly,campus,126.486,456:0,0,forward,367,368,126.486,138.276,138.651,139.151,138.651,139.151,138.901,139.151,138.526,139.026,139.151,0
456,2.56,1.0,2.56,3,3.0,3.0,3,3,3,3.0,3,2,2,1,1,1,2,3,3,2.642,2.567,3.0,3.0,2.0,3.0,3,2,3,3,2,3,3,3,1,3,3,2,1,1,3,3,2,1,3,3,3,3,3,2,2,2,1,2,2,1,2,1,2,2,2,1,2,1,2,1,2,1,2,2,2,2,2,1,3,3,3,3,3,3,3,3,3,3,2.467,2.567,2.467,2.517,2.467,2.592,2.492,2.467,Reasonably age-friendly,Reasonably age-friendly,Reasonably age-friendly,Reasonably age-friendly,Reasonably age-friendly,Reasonably age-friendly,Reasonably age-friendly,Reasonably age-friendly,Reasonably age-friendly,Reasonably age-friendly,Reasonably age-friendly,campus,126.486,456:0,0,backward,368,367,126.486,138.276,138.651,139.151,138.651,139.151,138.901,139.151,138.526,139.026,139.151,0
457,2.31,1.0,2.31,3,1.5,1.0,3,3,2,3.0,3,3,3,2,1,1,1,1,3,2.267,2.342,3.0,3.0,2.0,3.0,3,1,3,3,1,1,3,3,2,3,3,3,2,2,3,3,3,2,3,3,3,3,3,2,2,2,1,2,2,1,2,1,2,2,2,1,2,1,2,1,2,1,2,2,2,2,2,1,3,3,2,2,2,3,3,3,3,3,2.342,2.342,2.342,2.292,2.342,2.317,2.367,2.342,Reasonably age-friendly,Reasonably age-friendly,Reasonably age-friendly,Reasonably age-friendly,Reasonably age-friendly,Reasonably age-friendly,Reasonably age-friendly,Reasonably age-friendly,Reasonably age-friendly,Reasonably age-friendly,Reasonably age-friendly,campus,79.353,457:0,0,forward,364,369,79.353,93.018,92.643,92.643,92.643,92.643,92.893,92.643,92.768,92.518,92.643,0
457,2.31,1.0,2.31,3,1.5,1.0,3,3,2,3.0,3,3,3,2,1,1,1,1,3,2.267,2.342,3.0,3.0,2.0,3.0,3,1,3,3,1,1,3,3,2,3,3,3,2,2,3,3,3,2,3,3,3,3,3,2,2,2,1,2,2,1,2,1,2,2,2,1,2,1,2,1,2,1,2,2,2,2,2,1,3,3,2,2,2,3,3,3,3,3,2.342,2.342,2.342,2.292,2.342,2.317,2.367,2.342,Reasonably age-friendly,Reasonably age-friendly,Reasonably age-friendly,Reasonably age-friendly,Reasonably age-friendly,Reasonably age-friendly,Reasonably age-friendly,Reasonably age-friendly,Reasonably age-friendly,Reasonably age-friendly,Reasonably age-friendly,campus,79.353,457:0,0,backward,369,364,79.353,93.018,92.643,92.643,92.643,92.643,92.893,92.643,92.768,92.518,92.643,0
458,2.19,1.0,2.19,3,1.5,1.0,3,3,2,1.5,2,1,2,3,1,1,2,1,3,2.283,2.308,3.0,3.0,2.0,3.0,3,1,3,3,1,1,3,3,1,3,3,2,1,1,3,3,2,1,3,3,3,3,3,2,2,2,1,2,2,1,2,1,2,2,2,1,2,1,2,1,2,1,2,2,2,2,2,1,3,3,3,3,3,3,3,3,3,3,2.208,2.258,2.208,2.208,2.208,2.233,2.233,2.208,Reasonably age-friendly,Reasonably age-friendly,Reasonably age-friendly,Reasonably age-friendly,Reasonably age-friendly,Reasonably age-friendly,Reasonably age-friendly,Reasonably age-friendly,Reasonably age-friendly,Reasonably age-friendly,Less age-friendly,campus,85.193,458:0,0,forward,166,367,85.193,98.77799999999999,98.65299999999999,99.15299999999999,98.90299999999999,99.15299999999999,99.15299999999999,99.15299999999999,99.02799999999999,99.02799999999999,99.15299999999999,0
458,2.19,1.0,2.19,3,1.5,1.0,3,3,2,1.5,2,1,2,3,1,1,2,1,3,2.283,2.308,3.0,3.0,2.0,3.0,3,1,3,3,1,1,3,3,1,3,3,2,1,1,3,3,2,1,3,3,3,3,3,2,2,2,1,2,2,1,2,1,2,2,2,1,2,1,2,1,2,1,2,2,2,2,2,1,3,3,3,3,3,3,3,3,3,3,2.208,2.258,2.208,2.208,2.208,2.233,2.233,2.208,Reasonably age-friendly,Reasonably age-friendly,Reasonably age-friendly,Reasonably age-friendly,Reasonably age-friendly,Reasonably age-friendly,Reasonably age-friendly,Reasonably age-friendly,Reasonably age-friendly,Reasonably age-friendly,Less age-friendly,campus,85.193,458:0,0,backward,367,166,85.193,98.77799999999999,98.65299999999999,99.15299999999999,98.90299999999999,99.15299999999999,99.15299999999999,99.15299999999999,99.02799999999999,99.02799999999999,99.15299999999999,0
459,1.8,1.0,1.8,3,1.0,3.0,3,3,1,1.0,1,1,3,2,1,1,1,1,3,1.91,1.985,3.0,3.0,2.0,3.0,3,2,3,3,2,1,3,3,2,3,3,3,2,2,3,3,3,2,3,3,3,3,3,2,2,2,1,2,2,1,2,1,2,2,2,1,2,1,2,1,2,1,2,2,2,2,2,1,3,3,2,2,3,3,3,3,3,3,1.985,2.035,1.985,1.985,1.985,1.96,2.01,1.985,Reasonably age-friendly,Reasonably age-friendly,Reasonably age-friendly,Reasonably age-friendly,Reasonably age-friendly,Reasonably age-friendly,Reasonably age-friendly,Reasonably age-friendly,Reasonably age-friendly,Reasonably age-friendly,Reasonably age-friendly,campus,22.101,459:0,0,forward,166,369,22.101,37.551,37.176,37.176,36.926,37.176,37.176,37.176,37.301,37.051,37.176,0
459,1.8,1.0,1.8,3,1.0,3.0,3,3,1,1.0,1,1,3,2,1,1,1,1,3,1.91,1.985,3.0,3.0,2.0,3.0,3,2,3,3,2,1,3,3,2,3,3,3,2,2,3,3,3,2,3,3,3,3,3,2,2,2,1,2,2,1,2,1,2,2,2,1,2,1,2,1,2,1,2,2,2,2,2,1,3,3,2,2,3,3,3,3,3,3,1.985,2.035,1.985,1.985,1.985,1.96,2.01,1.985,Reasonably age-friendly,Reasonably age-friendly,Reasonably age-friendly,Reasonably age-friendly,Reasonably age-friendly,Reasonably age-friendly,Reasonably age-friendly,Reasonably age-friendly,Reasonably age-friendly,Reasonably age-friendly,Reasonably age-friendly,campus,22.101,459:0,0,backward,369,166,22.101,37.551,37.176,37.176,36.926,37.176,37.176,37.176,37.301,37.051,37.176,0
460,2.51,1.0,2.51,3,1.5,1.0,3,3,3,3.0,3,1,3,2,1,1,3,3,3,2.607,2.582,3.0,3.0,2.0,3.0,3,2,3,3,2,3,3,3,2,3,3,3,2,2,3,3,3,2,3,3,3,3,3,2,2,2,1,2,2,1,2,1,2,2,2,1,2,1,2,1,2,1,2,2,2,2,2,1,3,3,3,3,3,3,3,3,3,3,2.482,2.532,2.482,2.482,2.482,2.557,2.507,2.482,Reasonably age-friendly,Reasonably age-friendly,Reasonably age-friendly,Reasonably age-friendly,Reasonably age-friendly,Reasonably age-friendly,Reasonably age-friendly,Reasonably age-friendly,Reasonably age-friendly,Reasonably age-friendly,Less age-friendly,campus,85.759,460:0,0,forward,368,370,85.759,97.724,97.849,98.349,98.099,98.349,98.349,98.349,97.974,98.224,98.349,0
460,2.51,1.0,2.51,3,1.5,1.0,3,3,3,3.0,3,1,3,2,1,1,3,3,3,2.607,2.582,3.0,3.0,2.0,3.0,3,2,3,3,2,3,3,3,2,3,3,3,2,2,3,3,3,2,3,3,3,3,3,2,2,2,1,2,2,1,2,1,2,2,2,1,2,1,2,1,2,1,2,2,2,2,2,1,3,3,3,3,3,3,3,3,3,3,2.482,2.532,2.482,2.482,2.482,2.557,2.507,2.482,Reasonably age-friendly,Reasonably age-friendly,Reasonably age-friendly,Reasonably age-friendly,Reasonably age-friendly,Reasonably age-friendly,Reasonably age-friendly,Reasonably age-friendly,Reasonably age-friendly,Reasonably age-friendly,Less age-friendly,campus,85.759,460:0,0,backward,370,368,85.759,97.724,97.849,98.349,98.099,98.349,98.349,98.349,97.974,98.224,98.349,0
461,2.19,1.0,2.19,3,1.5,1.0,3,3,2,3.0,2,1,3,1,1,1,3,1,3,2.183,2.258,3.0,3.0,2.0,3.0,3,2,3,3,2,1,3,3,2,3,3,3,2,2,3,3,3,2,3,3,3,3,3,2,2,2,1,2,2,1,2,1,2,2,2,1,2,1,2,1,2,1,2,2,2,2,2,1,3,1,2,2,3,3,3,3,3,3,2.258,2.108,2.258,2.258,2.258,2.233,2.283,2.258,Reasonably age-friendly,Less age-friendly,Less age-friendly,Less age-friendly,Reasonably age-friendly,Reasonably age-friendly,Less age-friendly,Less age-friendly,Reasonably age-friendly,Reasonably age-friendly,Less age-friendly,campus,128.443,461:0,0,forward,166,370,128.443,142.52800000000002,142.15300000000002,142.15300000000002,142.90300000000002,142.15300000000002,142.15300000000002,142.15300000000002,142.27800000000002,142.02800000000002,142.15300000000002,0
461,2.19,1.0,2.19,3,1.5,1.0,3,3,2,3.0,2,1,3,1,1,1,3,1,3,2.183,2.258,3.0,3.0,2.0,3.0,3,2,3,3,2,1,3,3,2,3,3,3,2,2,3,3,3,2,3,3,3,3,3,2,2,2,1,2,2,1,2,1,2,2,2,1,2,1,2,1,2,1,2,2,2,2,2,1,3,1,2,2,3,3,3,3,3,3,2.258,2.108,2.258,2.258,2.258,2.233,2.283,2.258,Reasonably age-friendly,Less age-friendly,Less age-friendly,Less age-friendly,Reasonably age-friendly,Reasonably age-friendly,Less age-friendly,Less age-friendly,Reasonably age-friendly,Reasonably age-friendly,Less age-friendly,campus,128.443,461:0,0,backward,370,166,128.443,142.52800000000002,142.15300000000002,142.15300000000002,142.90300000000002,142.15300000000002,142.15300000000002,142.15300000000002,142.27800000000002,142.02800000000002,142.15300000000002,0
462,2.19,1.0,2.19,3,1.5,1.0,3,3,2,3.0,2,1,3,2,1,1,2,3,2,2.383,2.308,3.0,3.0,2.0,3.0,3,2,3,3,2,3,2,3,2,3,3,3,2,2,3,3,3,2,3,3,3,3,3,2,2,2,1,2,2,1,2,1,2,2,2,1,2,1,2,1,2,1,2,2,2,2,2,1,3,3,3,3,3,3,3,3,3,3,2.258,2.308,2.258,2.258,2.258,2.333,2.233,2.258,Reasonably age-friendly,Reasonably age-friendly,Reasonably age-friendly,Reasonably age-friendly,Reasonably age-friendly,Reasonably age-friendly,Reasonably age-friendly,Reasonably age-friendly,Reasonably age-friendly,Reasonably age-friendly,Less age-friendly,campus,79.939,462:0,0,forward,370,371,79.939,93.024,93.399,93.649,93.399,93.649,93.649,93.649,93.27399999999999,93.77399999999999,93.649,0
462,2.19,1.0,2.19,3,1.5,1.0,3,3,2,3.0,2,1,3,2,1,1,2,3,2,2.383,2.308,3.0,3.0,2.0,3.0,3,2,3,3,2,3,2,3,2,3,3,3,2,2,3,3,3,2,3,3,3,3,3,2,2,2,1,2,2,1,2,1,2,2,2,1,2,1,2,1,2,1,2,2,2,2,2,1,3,3,3,3,3,3,3,3,3,3,2.258,2.308,2.258,2.258,2.258,2.333,2.233,2.258,Reasonably age-friendly,Reasonably age-friendly,Reasonably age-friendly,Reasonably age-friendly,Reasonably age-friendly,Reasonably age-friendly,Reasonably age-friendly,Reasonably age-friendly,Reasonably age-friendly,Reasonably age-friendly,Less age-friendly,campus,79.939,462:0,0,backward,371,370,79.939,93.024,93.399,93.649,93.399,93.649,93.649,93.649,93.27399999999999,93.77399999999999,93.649,0
463,2.15,1.0,2.15,3,1.5,1.0,3,3,2,3.0,3,1,2,2,1,1,1,3,3,2.355,2.28,3.0,3.0,2.0,3.0,3,3,3,3,3,3,3,3,1,3,3,2,1,1,3,3,2,1,3,3,3,3,3,2,2,2,1,2,2,1,2,1,2,2,2,1,2,1,2,1,2,1,2,2,2,2,2,1,3,3,3,3,3,3,3,3,3,3,2.18,2.33,2.18,2.28,2.18,2.305,2.205,2.18,Reasonably age-friendly,Reasonably age-friendly,Reasonably age-friendly,Reasonably age-friendly,Reasonably age-friendly,Reasonably age-friendly,Reasonably age-friendly,Reasonably age-friendly,Reasonably age-friendly,Reasonably age-friendly,Reasonably age-friendly,campus,55.248,463:0,0,forward,370,372,55.248,68.473,68.848,69.348,68.598,69.348,68.848,69.348,68.723,69.223,69.348,0
463,2.15,1.0,2.15,3,1.5,1.0,3,3,2,3.0,3,1,2,2,1,1,1,3,3,2.355,2.28,3.0,3.0,2.0,3.0,3,3,3,3,3,3,3,3,1,3,3,2,1,1,3,3,2,1,3,3,3,3,3,2,2,2,1,2,2,1,2,1,2,2,2,1,2,1,2,1,2,1,2,2,2,2,2,1,3,3,3,3,3,3,3,3,3,3,2.18,2.33,2.18,2.28,2.18,2.305,2.205,2.18,Reasonably age-friendly,Reasonably age-friendly,Reasonably age-friendly,Reasonably age-friendly,Reasonably age-friendly,Reasonably age-friendly,Reasonably age-friendly,Reasonably age-friendly,Reasonably age-friendly,Reasonably age-friendly,Reasonably age-friendly,campus,55.248,463:0,0,backward,372,370,55.248,68.473,68.848,69.348,68.598,69.348,68.848,69.348,68.723,69.223,69.348,0
464,2.21,1.0,2.21,3,1.5,2.0,3,3,2,3.0,3,1,3,1,1,1,2,2,3,2.347,2.372,3.0,3.0,2.0,3.0,3,1,3,3,1,2,3,3,2,3,3,3,2,2,3,3,3,2,3,3,3,3,3,2,2,2,1,2,2,1,2,1,2,2,2,1,2,1,2,1,2,1,2,2,2,2,2,1,3,3,3,3,3,3,3,3,3,3,2.272,2.272,2.272,2.222,2.272,2.297,2.297,2.272,Reasonably age-friendly,Reasonably age-friendly,Reasonably age-friendly,Reasonably age-friendly,Reasonably age-friendly,Reasonably age-friendly,Reasonably age-friendly,Reasonably age-friendly,Reasonably age-friendly,Reasonably age-friendly,Less age-friendly,campus,119.777,464:0,0,forward,372,165,119.777,133.042,132.917,133.417,133.417,133.417,133.667,133.417,133.292,133.292,133.417,0
464,2.21,1.0,2.21,3,1.5,2.0,3,3,2,3.0,3,1,3,1,1,1,2,2,3,2.347,2.372,3.0,3.0,2.0,3.0,3,1,3,3,1,2,3,3,2,3,3,3,2,2,3,3,3,2,3,3,3,3,3,2,2,2,1,2,2,1,2,1,2,2,2,1,2,1,2,1,2,1,2,2,2,2,2,1,3,3,3,3,3,3,3,3,3,3,2.272,2.272,2.272,2.222,2.272,2.297,2.297,2.272,Reasonably age-friendly,Reasonably age-friendly,Reasonably age-friendly,Reasonably age-friendly,Reasonably age-friendly,Reasonably age-friendly,Reasonably age-friendly,Reasonably age-friendly,Reasonably age-friendly,Reasonably age-friendly,Less age-friendly,campus,119.777,464:0,0,backward,165,372,119.777,133.042,132.917,133.417,133.417,133.417,133.667,133.417,133.292,133.292,133.417,0
465,2.19,1.0,2.19,2,3.0,1.5,3,3,3,1.0,3,3,1,1,1,1,1,2,3,2.333,2.258,3.0,3.0,2.0,3.0,3,2,3,3,2,2,3,3,1,3,3,1,1,1,3,3,1,1,3,3,3,3,3,2,2,2,1,2,2,1,2,1,2,2,2,1,2,1,2,1,2,1,2,2,2,2,2,1,3,3,3,3,3,3,3,3,3,3,2.208,2.308,2.208,2.258,2.208,2.283,2.183,2.208,Reasonably age-friendly,Reasonably age-friendly,Reasonably age-friendly,Reasonably age-friendly,Reasonably age-friendly,Reasonably age-friendly,Reasonably age-friendly,Reasonably age-friendly,Reasonably age-friendly,Reasonably age-friendly,Reasonably age-friendly,campus,61.203,465:0,0,forward,373,374,61.203,74.538,74.91300000000001,75.163,74.66300000000001,75.163,74.91300000000001,75.163,74.78800000000001,75.28800000000001,75.163,0
465,2.19,1.0,2.19,2,3.0,1.5,3,3,3,1.0,3,3,1,1,1,1,1,2,3,2.333,2.258,3.0,3.0,2.0,3.0,3,2,3,3,2,2,3,3,1,3,3,1,1,1,3,3,1,1,3,3,3,3,3,2,2,2,1,2,2,1,2,1,2,2,2,1,2,1,2,1,2,1,2,2,2,2,2,1,3,3,3,3,3,3,3,3,3,3,2.208,2.308,2.208,2.258,2.208,2.283,2.183,2.208,Reasonably age-friendly,Reasonably age-friendly,Reasonably age-friendly,Reasonably age-friendly,Reasonably age-friendly,Reasonably age-friendly,Reasonably age-friendly,Reasonably age-friendly,Reasonably age-friendly,Reasonably age-friendly,Reasonably age-friendly,campus,61.203,465:0,0,backward,374,373,61.203,74.538,74.91300000000001,75.163,74.66300000000001,75.163,74.91300000000001,75.163,74.78800000000001,75.28800000000001,75.163,0
466,2.03,1.0,2.03,3,1.5,1.0,3,3,2,3.0,3,1,2,1,1,1,1,2,3,2.221,2.196,3.0,3.0,2.0,3.0,3,2,3,3,2,2,3,3,1,3,3,2,1,1,3,3,2,1,3,3,3,3,3,2,2,2,1,2,2,1,2,1,2,2,2,1,2,1,2,1,2,1,2,2,2,2,2,1,3,3,3,3,3,3,3,3,3,3,2.096,2.196,2.096,2.146,2.096,2.171,2.121,2.096,Reasonably age-friendly,Reasonably age-friendly,Reasonably age-friendly,Reasonably age-friendly,Reasonably age-friendly,Reasonably age-friendly,Reasonably age-friendly,Reasonably age-friendly,Reasonably age-friendly,Reasonably age-friendly,Reasonably age-friendly,campus,70.005,466:0,0,forward,369,375,70.005,83.89999999999999,84.02499999999999,84.52499999999999,84.02499999999999,84.52499999999999,84.27499999999999,84.52499999999999,84.14999999999999,84.39999999999999,84.52499999999999,0
466,2.03,1.0,2.03,3,1.5,1.0,3,3,2,3.0,3,1,2,1,1,1,1,2,3,2.221,2.196,3.0,3.0,2.0,3.0,3,2,3,3,2,2,3,3,1,3,3,2,1,1,3,3,2,1,3,3,3,3,3,2,2,2,1,2,2,1,2,1,2,2,2,1,2,1,2,1,2,1,2,2,2,2,2,1,3,3,3,3,3,3,3,3,3,3,2.096,2.196,2.096,2.146,2.096,2.171,2.121,2.096,Reasonably age-friendly,Reasonably age-friendly,Reasonably age-friendly,Reasonably age-friendly,Reasonably age-friendly,Reasonably age-friendly,Reasonably age-friendly,Reasonably age-friendly,Reasonably age-friendly,Reasonably age-friendly,Reasonably age-friendly,campus,70.005,466:0,0,backward,375,369,70.005,83.89999999999999,84.02499999999999,84.52499999999999,84.02499999999999,84.52499999999999,84.27499999999999,84.52499999999999,84.14999999999999,84.39999999999999,84.52499999999999,0
467,1.68,1.0,1.68,3,1.0,3.0,3,3,1,1.0,1,1,2,1,1,1,1,1,3,1.926,1.951,3.0,3.0,2.0,3.0,3,1,3,3,1,1,3,3,1,3,3,2,1,1,3,3,2,1,3,3,3,3,3,2,2,2,1,2,2,1,2,1,2,2,2,1,2,1,2,1,2,1,2,2,2,2,2,1,3,3,3,3,3,3,3,3,3,3,1.851,1.901,1.851,1.851,1.851,1.876,1.876,1.851,Reasonably age-friendly,Reasonably age-friendly,Reasonably age-friendly,Reasonably age-friendly,Reasonably age-friendly,Reasonably age-friendly,Reasonably age-friendly,Reasonably age-friendly,Reasonably age-friendly,Reasonably age-friendly,Reasonably age-friendly,campus,25.924,467:0,0,forward,375,165,25.924,41.294,41.169,41.669,41.419,41.669,41.669,41.669,41.544,41.544,41.669,0
467,1.68,1.0,1.68,3,1.0,3.0,3,3,1,1.0,1,1,2,1,1,1,1,1,3,1.926,1.951,3.0,3.0,2.0,3.0,3,1,3,3,1,1,3,3,1,3,3,2,1,1,3,3,2,1,3,3,3,3,3,2,2,2,1,2,2,1,2,1,2,2,2,1,2,1,2,1,2,1,2,2,2,2,2,1,3,3,3,3,3,3,3,3,3,3,1.851,1.901,1.851,1.851,1.851,1.876,1.876,1.851,Reasonably age-friendly,Reasonably age-friendly,Reasonably age-friendly,Reasonably age-friendly,Reasonably age-friendly,Reasonably age-friendly,Reasonably age-friendly,Reasonably age-friendly,Reasonably age-friendly,Reasonably age-friendly,Reasonably age-friendly,campus,25.924,467:0,0,backward,165,375,25.924,41.294,41.169,41.669,41.419,41.669,41.669,41.669,41.544,41.544,41.669,0
468,2.24,1.5,1.493,3,3.0,3.0,2,3,3,3.0,3,1,2,2,1,2,1,2,3,1.845,1.82,3.0,3.0,2.0,3.0,3,3,3,3,3,2,3,3,1,3,3,2,1,1,3,3,2,1,3,3,3,3,3,2,2,2,1,2,2,1,2,1,2,2,2,1,2,1,2,1,2,1,2,2,2,2,2,1,3,3,3,3,3,3,3,3,3,3,1.72,1.87,1.72,1.82,1.72,1.795,1.745,1.72,Reasonably age-friendly,Reasonably age-friendly,Reasonably age-friendly,Reasonably age-friendly,Reasonably age-friendly,Reasonably age-friendly,Reasonably age-friendly,Reasonably age-friendly,Reasonably age-friendly,Reasonably age-friendly,Less age-friendly,campus,51.369,468:0,0,forward,375,164,51.369,67.144,67.269,67.769,67.019,67.769,67.269,67.769,67.394,67.644,67.769,0
468,2.24,1.5,1.493,3,3.0,3.0,2,3,3,3.0,3,1,2,2,1,2,1,2,3,1.845,1.82,3.0,3.0,2.0,3.0,3,3,3,3,3,2,3,3,1,3,3,2,1,1,3,3,2,1,3,3,3,3,3,2,2,2,1,2,2,1,2,1,2,2,2,1,2,1,2,1,2,1,2,2,2,2,2,1,3,3,3,3,3,3,3,3,3,3,1.72,1.87,1.72,1.82,1.72,1.795,1.745,1.72,Reasonably age-friendly,Reasonably age-friendly,Reasonably age-friendly,Reasonably age-friendly,Reasonably age-friendly,Reasonably age-friendly,Reasonably age-friendly,Reasonably age-friendly,Reasonably age-friendly,Reasonably age-friendly,Less age-friendly,campus,51.369,468:0,0,backward,164,375,51.369,67.144,67.269,67.769,67.019,67.769,67.269,67.769,67.394,67.644,67.769,0
469,2.07,1.0,2.07,3,1.5,1.0,3,3,2,1.5,2,1,2,2,1,1,2,1,3,2.199,2.224,3.0,3.0,2.0,3.0,3,1,3,3,1,1,3,3,1,3,3,2,1,1,3,3,2,1,3,3,3,3,3,2,2,2,1,2,2,1,2,1,2,2,2,1,2,1,2,1,2,1,2,2,2,2,2,1,3,3,3,3,3,3,3,3,3,3,2.124,2.174,2.124,2.124,2.124,2.149,2.149,2.124,Reasonably age-friendly,Reasonably age-friendly,Reasonably age-friendly,Reasonably age-friendly,Reasonably age-friendly,Reasonably age-friendly,Reasonably age-friendly,Reasonably age-friendly,Reasonably age-friendly,Reasonably age-friendly,Less age-friendly,campus,80.033,469:0,0,forward,362,369,80.033,94.038,93.913,94.413,94.163,94.413,94.413,94.413,94.288,94.288,94.413,0
469,2.07,1.0,2.07,3,1.5,1.0,3,3,2,1.5,2,1,2,2,1,1,2,1,3,2.199,2.224,3.0,3.0,2.0,3.0,3,1,3,3,1,1,3,3,1,3,3,2,1,1,3,3,2,1,3,3,3,3,3,2,2,2,1,2,2,1,2,1,2,2,2,1,2,1,2,1,2,1,2,2,2,2,2,1,3,3,3,3,3,3,3,3,3,3,2.124,2.174,2.124,2.124,2.124,2.149,2.149,2.124,Reasonably age-friendly,Reasonably age-friendly,Reasonably age-friendly,Reasonably age-friendly,Reasonably age-friendly,Reasonably age-friendly,Reasonably age-friendly,Reasonably age-friendly,Reasonably age-friendly,Reasonably age-friendly,Less age-friendly,campus,80.033,469:0,0,backward,369,362,80.033,94.038,93.913,94.413,94.163,94.413,94.413,94.413,94.288,94.288,94.413,0
470,2.72,1.0,2.72,3,3.0,3.0,3,3,3,3.0,3,1,3,3,1,1,2,1,3,2.654,2.729,3.0,3.0,2.0,3.0,3,2,3,3,2,1,3,3,2,3,3,3,2,2,3,3,3,2,3,3,3,3,3,2,2,2,1,2,2,1,2,1,2,2,2,1,2,1,2,1,2,1,2,2,2,2,2,1,3,3,3,3,3,3,3,3,3,3,2.629,2.679,2.629,2.629,2.629,2.604,2.654,2.629,More age-friendly,Reasonably age-friendly,Reasonably age-friendly,Reasonably age-friendly,More age-friendly,More age-friendly,Reasonably age-friendly,Reasonably age-friendly,Reasonably age-friendly,More age-friendly,Reasonably age-friendly,campus,62.369,470:0,0,forward,159,164,62.369,74.099,73.724,74.224,73.974,74.224,74.224,74.224,74.349,74.099,74.224,0
470,2.72,1.0,2.72,3,3.0,3.0,3,3,3,3.0,3,1,3,3,1,1,2,1,3,2.654,2.729,3.0,3.0,2.0,3.0,3,2,3,3,2,1,3,3,2,3,3,3,2,2,3,3,3,2,3,3,3,3,3,2,2,2,1,2,2,1,2,1,2,2,2,1,2,1,2,1,2,1,2,2,2,2,2,1,3,3,3,3,3,3,3,3,3,3,2.629,2.679,2.629,2.629,2.629,2.604,2.654,2.629,More age-friendly,Reasonably age-friendly,Reasonably age-friendly,Reasonably age-friendly,More age-friendly,More age-friendly,Reasonably age-friendly,Reasonably age-friendly,Reasonably age-friendly,More age-friendly,Reasonably age-friendly,campus,62.369,470:0,0,backward,164,159,62.369,74.099,73.724,74.224,73.974,74.224,74.224,74.224,74.349,74.099,74.224,0
471,2.36,1.5,1.573,3,1.0,3.0,3,3,1,3.0,3,1,2,3,2,1,2,1,3,1.851,1.876,3.0,3.0,2.0,3.0,3,2,3,3,2,1,3,3,1,3,3,2,1,1,3,3,2,1,3,3,3,3,3,2,2,2,1,2,2,1,2,1,2,2,2,1,2,1,2,1,2,1,2,2,2,2,2,1,3,3,3,3,3,3,3,3,3,3,1.776,1.876,1.776,1.826,1.776,1.801,1.801,1.776,Reasonably age-friendly,Less age-friendly,Less age-friendly,Less age-friendly,Reasonably age-friendly,Reasonably age-friendly,Less age-friendly,Less age-friendly,Less age-friendly,Reasonably age-friendly,Less age-friendly,campus,34.269,471:0,0,forward,164,158,34.269,50.013999999999996,49.888999999999996,50.388999999999996,49.888999999999996,50.388999999999996,50.138999999999996,50.388999999999996,50.263999999999996,50.263999999999996,50.388999999999996,0
471,2.36,1.5,1.573,3,1.0,3.0,3,3,1,3.0,3,1,2,3,2,1,2,1,3,1.851,1.876,3.0,3.0,2.0,3.0,3,2,3,3,2,1,3,3,1,3,3,2,1,1,3,3,2,1,3,3,3,3,3,2,2,2,1,2,2,1,2,1,2,2,2,1,2,1,2,1,2,1,2,2,2,2,2,1,3,3,3,3,3,3,3,3,3,3,1.776,1.876,1.776,1.826,1.776,1.801,1.801,1.776,Reasonably age-friendly,Less age-friendly,Less age-friendly,Less age-friendly,Reasonably age-friendly,Reasonably age-friendly,Less age-friendly,Less age-friendly,Less age-friendly,Reasonably age-friendly,Less age-friendly,campus,34.269,471:0,0,backward,158,164,34.269,50.013999999999996,49.888999999999996,50.388999999999996,49.888999999999996,50.388999999999996,50.138999999999996,50.388999999999996,50.263999999999996,50.263999999999996,50.388999999999996,0
472,2.32,1.5,1.547,3,1.0,3.0,3,3,1,3.0,3,2,3,3,2,1,1,3,3,1.933,1.908,3.0,3.0,2.0,3.0,3,3,3,3,3,3,3,3,2,3,3,3,2,2,3,3,3,2,3,3,3,3,3,2,2,2,1,2,2,1,2,1,2,2,2,1,2,1,2,1,2,1,2,2,2,2,2,1,3,3,3,3,3,3,3,3,3,3,1.808,1.908,1.808,1.858,1.808,1.883,1.833,1.808,Reasonably age-friendly,Reasonably age-friendly,Reasonably age-friendly,Reasonably age-friendly,Reasonably age-friendly,Reasonably age-friendly,Reasonably age-friendly,Reasonably age-friendly,Reasonably age-friendly,Reasonably age-friendly,Less age-friendly,campus,13.077,472:0,0,forward,373,162,13.077,28.412,28.537,29.037,28.537,29.037,28.787,29.037,28.662,28.912,29.037,0
472,2.32,1.5,1.547,3,1.0,3.0,3,3,1,3.0,3,2,3,3,2,1,1,3,3,1.933,1.908,3.0,3.0,2.0,3.0,3,3,3,3,3,3,3,3,2,3,3,3,2,2,3,3,3,2,3,3,3,3,3,2,2,2,1,2,2,1,2,1,2,2,2,1,2,1,2,1,2,1,2,2,2,2,2,1,3,3,3,3,3,3,3,3,3,3,1.808,1.908,1.808,1.858,1.808,1.883,1.833,1.808,Reasonably age-friendly,Reasonably age-friendly,Reasonably age-friendly,Reasonably age-friendly,Reasonably age-friendly,Reasonably age-friendly,Reasonably age-friendly,Reasonably age-friendly,Reasonably age-friendly,Reasonably age-friendly,Less age-friendly,campus,13.077,472:0,0,backward,162,373,13.077,28.412,28.537,29.037,28.537,29.037,28.787,29.037,28.662,28.912,29.037,0
473,2.15,1.0,2.15,3,1.5,1.0,3,3,2,3.0,3,1,2,2,1,1,1,3,3,2.355,2.28,3.0,3.0,2.0,3.0,3,3,3,3,3,3,3,3,1,3,3,2,1,1,3,3,2,1,3,3,3,3,3,2,2,2,1,2,2,1,2,1,2,2,2,1,2,1,2,1,2,1,2,2,2,2,2,1,3,3,3,3,3,3,3,3,3,3,2.18,2.33,2.18,2.28,2.18,2.305,2.205,2.18,Reasonably age-friendly,Reasonably age-friendly,Reasonably age-friendly,Reasonably age-friendly,Reasonably age-friendly,Reasonably age-friendly,Reasonably age-friendly,Reasonably age-friendly,Reasonably age-friendly,Reasonably age-friendly,Reasonably age-friendly,campus,76.064,473:0,0,forward,372,373,76.064,89.28899999999999,89.66399999999999,90.16399999999999,89.41399999999999,90.16399999999999,89.66399999999999,90.16399999999999,89.53899999999999,90.03899999999999,90.16399999999999,0
473,2.15,1.0,2.15,3,1.5,1.0,3,3,2,3.0,3,1,2,2,1,1,1,3,3,2.355,2.28,3.0,3.0,2.0,3.0,3,3,3,3,3,3,3,3,1,3,3,2,1,1,3,3,2,1,3,3,3,3,3,2,2,2,1,2,2,1,2,1,2,2,2,1,2,1,2,1,2,1,2,2,2,2,2,1,3,3,3,3,3,3,3,3,3,3,2.18,2.33,2.18,2.28,2.18,2.305,2.205,2.18,Reasonably age-friendly,Reasonably age-friendly,Reasonably age-friendly,Reasonably age-friendly,Reasonably age-friendly,Reasonably age-friendly,Reasonably age-friendly,Reasonably age-friendly,Reasonably age-friendly,Reasonably age-friendly,Reasonably age-friendly,campus,76.064,473:0,0,backward,373,372,76.064,89.28899999999999,89.66399999999999,90.16399999999999,89.41399999999999,90.16399999999999,89.66399999999999,90.16399999999999,89.53899999999999,90.03899999999999,90.16399999999999,0
474,2.07,1.0,2.07,3,1.5,1.0,3,3,2,3.0,2,1,2,2,1,1,1,1,3,2.199,2.224,3.0,3.0,2.0,3.0,3,1,3,3,1,1,3,3,1,3,3,2,1,1,3,3,2,1,3,3,3,3,3,2,2,2,1,2,2,1,2,1,2,2,2,1,2,1,2,1,2,1,2,2,2,2,2,1,3,3,3,3,3,3,3,3,3,3,2.124,2.174,2.124,2.124,2.124,2.149,2.149,2.124,Reasonably age-friendly,Reasonably age-friendly,Reasonably age-friendly,Reasonably age-friendly,Reasonably age-friendly,Reasonably age-friendly,Reasonably age-friendly,Reasonably age-friendly,Reasonably age-friendly,Reasonably age-friendly,Reasonably age-friendly,campus,85.946,474:0,0,forward,153,154,85.946,99.951,99.826,100.326,100.076,100.326,100.326,100.326,100.201,100.201,100.326,0
474,2.07,1.0,2.07,3,1.5,1.0,3,3,2,3.0,2,1,2,2,1,1,1,1,3,2.199,2.224,3.0,3.0,2.0,3.0,3,1,3,3,1,1,3,3,1,3,3,2,1,1,3,3,2,1,3,3,3,3,3,2,2,2,1,2,2,1,2,1,2,2,2,1,2,1,2,1,2,1,2,2,2,2,2,1,3,3,3,3,3,3,3,3,3,3,2.124,2.174,2.124,2.124,2.124,2.149,2.149,2.124,Reasonably age-friendly,Reasonably age-friendly,Reasonably age-friendly,Reasonably age-friendly,Reasonably age-friendly,Reasonably age-friendly,Reasonably age-friendly,Reasonably age-friendly,Reasonably age-friendly,Reasonably age-friendly,Reasonably age-friendly,campus,85.946,474:0,0,backward,154,153,85.946,99.951,99.826,100.326,100.076,100.326,100.326,100.326,100.201,100.201,100.326,0
475,2.19,1.0,2.19,2,3.0,1.5,3,3,3,3.0,3,1,2,1,1,1,1,2,3,2.333,2.308,3.0,3.0,2.0,3.0,3,2,3,3,2,2,3,3,1,3,3,2,1,1,3,3,2,1,3,3,3,3,3,2,2,2,1,2,2,1,2,1,2,2,2,1,2,1,2,1,2,1,2,2,2,2,2,1,3,3,3,3,3,3,3,3,3,3,2.208,2.308,2.208,2.258,2.208,2.283,2.233,2.208,Reasonably age-friendly,Reasonably age-friendly,Reasonably age-friendly,Reasonably age-friendly,Reasonably age-friendly,Reasonably age-friendly,Reasonably age-friendly,Reasonably age-friendly,Reasonably age-friendly,Reasonably age-friendly,Reasonably age-friendly,campus,36.471,475:0,0,forward,374,163,36.471,49.806,49.931,50.431,49.931,50.431,50.181,50.431,50.056,50.306,50.431,0
475,2.19,1.0,2.19,2,3.0,1.5,3,3,3,3.0,3,1,2,1,1,1,1,2,3,2.333,2.308,3.0,3.0,2.0,3.0,3,2,3,3,2,2,3,3,1,3,3,2,1,1,3,3,2,1,3,3,3,3,3,2,2,2,1,2,2,1,2,1,2,2,2,1,2,1,2,1,2,1,2,2,2,2,2,1,3,3,3,3,3,3,3,3,3,3,2.208,2.308,2.208,2.258,2.208,2.283,2.233,2.208,Reasonably age-friendly,Reasonably age-friendly,Reasonably age-friendly,Reasonably age-friendly,Reasonably age-friendly,Reasonably age-friendly,Reasonably age-friendly,Reasonably age-friendly,Reasonably age-friendly,Reasonably age-friendly,Reasonably age-friendly,campus,36.471,475:0,0,backward,163,374,36.471,49.806,49.931,50.431,49.931,50.431,50.181,50.431,50.056,50.306,50.431,0
476,2.0,1.5,1.333,3,1.0,3.0,3,3,1,3.0,3,1,2,1,2,1,1,3,3,1.783,1.708,3.0,3.0,2.0,3.0,3,2,3,3,2,3,3,3,1,3,3,2,1,1,3,3,2,1,3,3,3,3,3,2,2,2,1,2,2,1,2,1,2,2,2,1,2,1,2,1,2,1,2,2,2,2,2,1,3,3,3,3,3,3,3,3,3,3,1.608,1.708,1.608,1.658,1.608,1.733,1.633,1.608,Reasonably age-friendly,Reasonably age-friendly,Reasonably age-friendly,Reasonably age-friendly,Reasonably age-friendly,Reasonably age-friendly,Reasonably age-friendly,Reasonably age-friendly,Reasonably age-friendly,Reasonably age-friendly,Less age-friendly,campus,13.861,476:0,0,forward,374,161,13.861,29.946,30.321,30.821,30.321,30.821,30.571,30.821,30.196,30.696,30.821,0
476,2.0,1.5,1.333,3,1.0,3.0,3,3,1,3.0,3,1,2,1,2,1,1,3,3,1.783,1.708,3.0,3.0,2.0,3.0,3,2,3,3,2,3,3,3,1,3,3,2,1,1,3,3,2,1,3,3,3,3,3,2,2,2,1,2,2,1,2,1,2,2,2,1,2,1,2,1,2,1,2,2,2,2,2,1,3,3,3,3,3,3,3,3,3,3,1.608,1.708,1.608,1.658,1.608,1.733,1.633,1.608,Reasonably age-friendly,Reasonably age-friendly,Reasonably age-friendly,Reasonably age-friendly,Reasonably age-friendly,Reasonably age-friendly,Reasonably age-friendly,Reasonably age-friendly,Reasonably age-friendly,Reasonably age-friendly,Less age-friendly,campus,13.861,476:0,0,backward,161,374,13.861,29.946,30.321,30.821,30.321,30.821,30.571,30.821,30.196,30.696,30.821,0
477,2.19,1.0,2.19,3,1.5,1.0,3,3,2,3.0,2,1,3,2,1,1,2,3,3,2.383,2.358,3.0,3.0,2.0,3.0,3,3,3,3,3,3,3,3,2,3,3,3,2,2,3,3,3,2,3,3,3,3,3,2,2,2,1,2,2,1,2,1,2,2,2,1,2,1,2,1,2,1,2,2,2,2,2,1,3,3,3,3,3,3,3,3,3,3,2.258,2.358,2.258,2.308,2.258,2.333,2.283,2.258,Reasonably age-friendly,Reasonably age-friendly,Reasonably age-friendly,Reasonably age-friendly,Reasonably age-friendly,Reasonably age-friendly,Reasonably age-friendly,Reasonably age-friendly,Reasonably age-friendly,Reasonably age-friendly,Less age-friendly,campus,56.658,477:0,0,forward,162,152,56.658,69.743,69.868,70.368,69.868,70.368,70.118,70.368,69.993,70.243,70.368,0
477,2.19,1.0,2.19,3,1.5,1.0,3,3,2,3.0,2,1,3,2,1,1,2,3,3,2.383,2.358,3.0,3.0,2.0,3.0,3,3,3,3,3,3,3,3,2,3,3,3,2,2,3,3,3,2,3,3,3,3,3,2,2,2,1,2,2,1,2,1,2,2,2,1,2,1,2,1,2,1,2,2,2,2,2,1,3,3,3,3,3,3,3,3,3,3,2.258,2.358,2.258,2.308,2.258,2.333,2.283,2.258,Reasonably age-friendly,Reasonably age-friendly,Reasonably age-friendly,Reasonably age-friendly,Reasonably age-friendly,Reasonably age-friendly,Reasonably age-friendly,Reasonably age-friendly,Reasonably age-friendly,Reasonably age-friendly,Less age-friendly,campus,56.658,477:0,0,backward,152,162,56.658,69.743,69.868,70.368,69.868,70.368,70.118,70.368,69.993,70.243,70.368,0
478,2.48,1.0,2.48,3,3.0,3.0,3,3,3,3.0,3,1,2,1,1,1,2,3,3,2.586,2.511,3.0,3.0,2.0,3.0,3,3,3,3,3,3,3,3,1,3,3,2,1,1,3,3,2,1,3,3,3,3,3,2,2,2,1,2,2,1,2,1,2,2,2,1,2,1,2,1,2,1,2,2,2,2,2,1,3,3,3,3,3,3,3,3,3,3,2.411,2.561,2.411,2.511,2.411,2.536,2.436,2.411,Reasonably age-friendly,Reasonably age-friendly,Reasonably age-friendly,Reasonably age-friendly,Reasonably age-friendly,Reasonably age-friendly,Reasonably age-friendly,Reasonably age-friendly,Reasonably age-friendly,Reasonably age-friendly,Reasonably age-friendly,campus,116.102,478:0,0,forward,64,175,116.102,128.172,128.547,129.047,128.297,129.047,128.547,129.047,128.422,128.922,129.047,0
478,2.48,1.0,2.48,3,3.0,3.0,3,3,3,3.0,3,1,2,1,1,1,2,3,3,2.586,2.511,3.0,3.0,2.0,3.0,3,3,3,3,3,3,3,3,1,3,3,2,1,1,3,3,2,1,3,3,3,3,3,2,2,2,1,2,2,1,2,1,2,2,2,1,2,1,2,1,2,1,2,2,2,2,2,1,3,3,3,3,3,3,3,3,3,3,2.411,2.561,2.411,2.511,2.411,2.536,2.436,2.411,Reasonably age-friendly,Reasonably age-friendly,Reasonably age-friendly,Reasonably age-friendly,Reasonably age-friendly,Reasonably age-friendly,Reasonably age-friendly,Reasonably age-friendly,Reasonably age-friendly,Reasonably age-friendly,Reasonably age-friendly,campus,116.102,478:0,0,backward,175,64,116.102,128.172,128.547,129.047,128.297,129.047,128.547,129.047,128.422,128.922,129.047,0
479,2.27,1.0,2.27,3,1.5,1.0,3,3,2,3.0,3,1,3,2,1,1,2,1,3,2.339,2.414,3.0,3.0,2.0,3.0,3,2,3,3,2,1,3,3,2,3,3,3,2,2,3,3,3,2,3,3,3,3,3,2,2,2,1,2,2,1,2,1,2,2,2,1,2,1,2,1,2,1,2,2,2,2,2,1,3,3,3,3,3,3,3,3,3,3,2.314,2.364,2.314,2.314,2.314,2.289,2.339,2.314,Reasonably age-friendly,Reasonably age-friendly,Reasonably age-friendly,Reasonably age-friendly,Reasonably age-friendly,Reasonably age-friendly,Reasonably age-friendly,Reasonably age-friendly,Reasonably age-friendly,Reasonably age-friendly,Reasonably age-friendly,campus,15.856,479:0,0,forward,57,376,15.856,29.161,28.786,29.286,29.036,29.286,29.286,29.286,29.411,29.161,29.286,0
479,2.27,1.0,2.27,3,1.5,1.0,3,3,2,3.0,3,1,3,2,1,1,2,1,3,2.339,2.414,3.0,3.0,2.0,3.0,3,2,3,3,2,1,3,3,2,3,3,3,2,2,3,3,3,2,3,3,3,3,3,2,2,2,1,2,2,1,2,1,2,2,2,1,2,1,2,1,2,1,2,2,2,2,2,1,3,3,3,3,3,3,3,3,3,3,2.314,2.364,2.314,2.314,2.314,2.289,2.339,2.314,Reasonably age-friendly,Reasonably age-friendly,Reasonably age-friendly,Reasonably age-friendly,Reasonably age-friendly,Reasonably age-friendly,Reasonably age-friendly,Reasonably age-friendly,Reasonably age-friendly,Reasonably age-friendly,Reasonably age-friendly,campus,15.856,479:0,0,backward,376,57,15.856,29.161,28.786,29.286,29.036,29.286,29.286,29.286,29.411,29.161,29.286,0
480,2.27,1.0,2.27,3,1.5,1.0,3,3,2,3.0,3,1,3,2,1,1,2,2,3,2.389,2.414,3.0,3.0,2.0,3.0,3,2,3,3,2,2,3,3,2,3,3,3,2,2,3,3,3,2,3,3,3,3,3,2,2,2,1,2,2,1,2,1,2,2,2,1,2,1,2,1,2,1,2,2,2,2,2,1,3,3,3,3,3,3,3,3,3,3,2.314,2.364,2.314,2.314,2.314,2.339,2.339,2.314,Reasonably age-friendly,Reasonably age-friendly,Reasonably age-friendly,Reasonably age-friendly,Reasonably age-friendly,Reasonably age-friendly,Reasonably age-friendly,Reasonably age-friendly,Reasonably age-friendly,Reasonably age-friendly,Reasonably age-friendly,campus,60.543,480:0,0,forward,376,377,60.543,73.598,73.473,73.973,73.723,73.973,73.973,73.973,73.848,73.848,73.973,0
480,2.27,1.0,2.27,3,1.5,1.0,3,3,2,3.0,3,1,3,2,1,1,2,2,3,2.389,2.414,3.0,3.0,2.0,3.0,3,2,3,3,2,2,3,3,2,3,3,3,2,2,3,3,3,2,3,3,3,3,3,2,2,2,1,2,2,1,2,1,2,2,2,1,2,1,2,1,2,1,2,2,2,2,2,1,3,3,3,3,3,3,3,3,3,3,2.314,2.364,2.314,2.314,2.314,2.339,2.339,2.314,Reasonably age-friendly,Reasonably age-friendly,Reasonably age-friendly,Reasonably age-friendly,Reasonably age-friendly,Reasonably age-friendly,Reasonably age-friendly,Reasonably age-friendly,Reasonably age-friendly,Reasonably age-friendly,Reasonably age-friendly,campus,60.543,480:0,0,backward,377,376,60.543,73.598,73.473,73.973,73.723,73.973,73.973,73.973,73.848,73.848,73.973,0
481,2.42,1.0,2.42,3,3.0,2.0,3,3,3,3.0,3,1,3,1,1,1,2,3,3,2.344,2.319,3.0,3.0,2.0,3.0,3,2,3,3,2,3,3,3,2,3,3,3,2,2,3,3,3,2,3,3,3,3,3,2,2,2,1,2,2,1,2,1,2,2,2,1,2,1,2,1,2,1,2,2,2,2,2,1,3,3,1,1,2,3,1,1,1,1,2.219,2.469,2.219,2.219,2.219,2.294,2.244,2.219,Reasonably age-friendly,Reasonably age-friendly,Reasonably age-friendly,Reasonably age-friendly,Reasonably age-friendly,Reasonably age-friendly,Reasonably age-friendly,Reasonably age-friendly,Reasonably age-friendly,Reasonably age-friendly,Reasonably age-friendly,campus,188.697,481:0,0,forward,376,378,188.697,201.977,202.102,202.602,201.352,202.602,202.602,202.602,202.227,202.477,202.602,0
481,2.42,1.0,2.42,3,3.0,2.0,3,3,3,3.0,3,1,3,1,1,1,2,3,3,2.344,2.319,3.0,3.0,2.0,3.0,3,2,3,3,2,3,3,3,2,3,3,3,2,2,3,3,3,2,3,3,3,3,3,2,2,2,1,2,2,1,2,1,2,2,2,1,2,1,2,1,2,1,2,2,2,2,2,1,3,3,1,1,2,3,1,1,1,1,2.219,2.469,2.219,2.219,2.219,2.294,2.244,2.219,Reasonably age-friendly,Reasonably age-friendly,Reasonably age-friendly,Reasonably age-friendly,Reasonably age-friendly,Reasonably age-friendly,Reasonably age-friendly,Reasonably age-friendly,Reasonably age-friendly,Reasonably age-friendly,Reasonably age-friendly,campus,188.697,481:0,0,backward,378,376,188.697,201.977,202.102,202.602,201.352,202.602,202.602,202.602,202.227,202.477,202.602,0
482,2.27,1.0,2.27,3,1.5,3.0,3,3,2,3.0,3,1,3,1,1,1,2,1,3,2.339,2.414,3.0,3.0,2.0,3.0,3,2,3,3,2,1,3,3,2,3,3,3,2,2,3,3,3,2,3,3,3,3,3,2,2,2,1,2,2,1,2,1,2,2,2,1,2,1,2,1,2,1,2,2,2,2,2,1,3,3,3,3,3,3,3,3,3,3,2.314,2.364,2.314,2.314,2.314,2.289,2.339,2.314,Reasonably age-friendly,Reasonably age-friendly,Reasonably age-friendly,Reasonably age-friendly,Reasonably age-friendly,Reasonably age-friendly,Reasonably age-friendly,Reasonably age-friendly,Reasonably age-friendly,Reasonably age-friendly,Reasonably age-friendly,campus,216.104,482:0,0,forward,376,379,216.104,229.40900000000002,229.03400000000002,229.53400000000002,229.28400000000002,229.53400000000002,229.53400000000002,229.53400000000002,229.65900000000002,229.40900000000002,229.53400000000002,0
482,2.27,1.0,2.27,3,1.5,3.0,3,3,2,3.0,3,1,3,1,1,1,2,1,3,2.339,2.414,3.0,3.0,2.0,3.0,3,2,3,3,2,1,3,3,2,3,3,3,2,2,3,3,3,2,3,3,3,3,3,2,2,2,1,2,2,1,2,1,2,2,2,1,2,1,2,1,2,1,2,2,2,2,2,1,3,3,3,3,3,3,3,3,3,3,2.314,2.364,2.314,2.314,2.314,2.289,2.339,2.314,Reasonably age-friendly,Reasonably age-friendly,Reasonably age-friendly,Reasonably age-friendly,Reasonably age-friendly,Reasonably age-friendly,Reasonably age-friendly,Reasonably age-friendly,Reasonably age-friendly,Reasonably age-friendly,Reasonably age-friendly,campus,216.104,482:0,0,backward,379,376,216.104,229.40900000000002,229.03400000000002,229.53400000000002,229.28400000000002,229.53400000000002,229.53400000000002,229.53400000000002,229.65900000000002,229.40900000000002,229.53400000000002,0
483,2.3,1.0,2.3,3,3.0,2.0,3,3,2,3.0,3,1,2,1,1,1,2,3,2,2.46,2.235,3.0,3.0,2.0,3.0,3,2,3,3,2,3,2,3,1,3,3,2,1,1,3,3,2,1,3,3,3,3,3,2,2,2,1,2,2,1,2,1,2,2,2,1,2,1,2,1,2,1,2,2,2,2,2,1,3,3,3,2,3,3,3,3,3,3,2.285,2.385,2.285,2.335,2.285,2.41,2.26,2.285,Reasonably age-friendly,Reasonably age-friendly,Reasonably age-friendly,Reasonably age-friendly,Reasonably age-friendly,Reasonably age-friendly,Reasonably age-friendly,Reasonably age-friendly,Reasonably age-friendly,Reasonably age-friendly,Reasonably age-friendly,campus,252.092,483:0,0,forward,38,57,252.092,264.79200000000003,265.91700000000003,265.66700000000003,265.16700000000003,265.66700000000003,265.41700000000003,265.66700000000003,265.04200000000003,265.79200000000003,265.66700000000003,0
483,2.3,1.0,2.3,3,3.0,2.0,3,3,2,3.0,3,1,2,1,1,1,2,3,2,2.46,2.235,3.0,3.0,2.0,3.0,3,2,3,3,2,3,2,3,1,3,3,2,1,1,3,3,2,1,3,3,3,3,3,2,2,2,1,2,2,1,2,1,2,2,2,1,2,1,2,1,2,1,2,2,2,2,2,1,3,3,3,2,3,3,3,3,3,3,2.285,2.385,2.285,2.335,2.285,2.41,2.26,2.285,Reasonably age-friendly,Reasonably age-friendly,Reasonably age-friendly,Reasonably age-friendly,Reasonably age-friendly,Reasonably age-friendly,Reasonably age-friendly,Reasonably age-friendly,Reasonably age-friendly,Reasonably age-friendly,Reasonably age-friendly,campus,252.092,483:0,0,backward,57,38,252.092,264.79200000000003,265.91700000000003,265.66700000000003,265.16700000000003,265.66700000000003,265.41700000000003,265.66700000000003,265.04200000000003,265.79200000000003,265.66700000000003,0
484,1.92,1.5,1.28,3,1.0,3.0,3,3,1,1.0,1,1,3,1,2,1,3,1,3,1.646,1.521,3.0,3.0,2.0,3.0,3,2,3,3,2,1,3,3,2,3,3,3,2,2,3,3,3,2,3,3,3,3,3,2,2,2,1,2,2,1,2,1,2,2,2,1,2,1,2,1,2,1,2,2,2,2,2,1,3,3,3,1,3,3,3,3,3,3,1.621,1.671,1.621,1.621,1.621,1.596,1.646,1.621,Reasonably age-friendly,Less age-friendly,Less age-friendly,Less age-friendly,Reasonably age-friendly,Reasonably age-friendly,Less age-friendly,Less age-friendly,Less age-friendly,Reasonably age-friendly,Less age-friendly,campus,9.25,484:0,0,forward,175,173,9.25,26.02,26.645,26.145,25.895,26.145,26.145,26.145,26.27,26.02,26.145,0
484,1.92,1.5,1.28,3,1.0,3.0,3,3,1,1.0,1,1,3,1,2,1,3,1,3,1.646,1.521,3.0,3.0,2.0,3.0,3,2,3,3,2,1,3,3,2,3,3,3,2,2,3,3,3,2,3,3,3,3,3,2,2,2,1,2,2,1,2,1,2,2,2,1,2,1,2,1,2,1,2,2,2,2,2,1,3,3,3,1,3,3,3,3,3,3,1.621,1.671,1.621,1.621,1.621,1.596,1.646,1.621,Reasonably age-friendly,Less age-friendly,Less age-friendly,Less age-friendly,Reasonably age-friendly,Reasonably age-friendly,Less age-friendly,Less age-friendly,Less age-friendly,Reasonably age-friendly,Less age-friendly,campus,9.25,484:0,0,backward,173,175,9.25,26.02,26.645,26.145,25.895,26.145,26.145,26.145,26.27,26.02,26.145,0
485,2.27,1.0,2.27,3,1.5,1.0,3,3,1,3.0,3,1,2,2,1,1,3,2,3,2.189,2.164,3.0,3.0,2.0,3.0,3,2,3,3,2,2,3,3,1,3,3,2,1,1,3,3,2,1,3,3,3,3,3,2,2,2,1,2,2,1,2,1,2,2,2,1,2,1,2,1,2,1,2,2,2,2,2,1,3,3,1,1,3,3,3,3,3,3,2.264,2.364,2.264,2.314,2.264,2.339,2.289,2.264,Reasonably age-friendly,Reasonably age-friendly,Less age-friendly,Less age-friendly,Reasonably age-friendly,Reasonably age-friendly,Reasonably age-friendly,Reasonably age-friendly,Less age-friendly,Reasonably age-friendly,Less age-friendly,campus,160.892,485:0,0,forward,173,62,160.892,174.947,175.072,174.572,174.072,174.572,174.322,174.572,174.197,174.447,174.572,0
485,2.27,1.0,2.27,3,1.5,1.0,3,3,1,3.0,3,1,2,2,1,1,3,2,3,2.189,2.164,3.0,3.0,2.0,3.0,3,2,3,3,2,2,3,3,1,3,3,2,1,1,3,3,2,1,3,3,3,3,3,2,2,2,1,2,2,1,2,1,2,2,2,1,2,1,2,1,2,1,2,2,2,2,2,1,3,3,1,1,3,3,3,3,3,3,2.264,2.364,2.264,2.314,2.264,2.339,2.289,2.264,Reasonably age-friendly,Reasonably age-friendly,Less age-friendly,Less age-friendly,Reasonably age-friendly,Reasonably age-friendly,Reasonably age-friendly,Reasonably age-friendly,Less age-friendly,Reasonably age-friendly,Less age-friendly,campus,160.892,485:0,0,backward,62,173,160.892,174.947,175.072,174.572,174.072,174.572,174.322,174.572,174.197,174.447,174.572,0
486,2.57,1.0,2.57,3,3.0,2.5,3,3,3,3.0,3,1,3,2,1,1,2,3,3,2.649,2.624,3.0,3.0,2.0,3.0,3,3,3,3,3,3,3,3,2,3,3,3,2,2,3,3,3,2,3,3,3,3,3,2,2,2,1,2,2,1,2,1,2,2,2,1,2,1,2,1,2,1,2,2,2,2,2,1,3,3,3,3,3,3,3,3,3,3,2.524,2.624,2.524,2.574,2.524,2.599,2.549,2.524,More age-friendly,Reasonably age-friendly,Reasonably age-friendly,Reasonably age-friendly,More age-friendly,More age-friendly,Reasonably age-friendly,Reasonably age-friendly,Reasonably age-friendly,More age-friendly,Reasonably age-friendly,campus,69.377,486:0,0,forward,174,179,69.377,81.13199999999999,81.25699999999999,81.75699999999999,81.25699999999999,81.75699999999999,81.50699999999999,81.75699999999999,81.38199999999999,81.63199999999999,81.75699999999999,0
486,2.57,1.0,2.57,3,3.0,2.5,3,3,3,3.0,3,1,3,2,1,1,2,3,3,2.649,2.624,3.0,3.0,2.0,3.0,3,3,3,3,3,3,3,3,2,3,3,3,2,2,3,3,3,2,3,3,3,3,3,2,2,2,1,2,2,1,2,1,2,2,2,1,2,1,2,1,2,1,2,2,2,2,2,1,3,3,3,3,3,3,3,3,3,3,2.524,2.624,2.524,2.574,2.524,2.599,2.549,2.524,More age-friendly,Reasonably age-friendly,Reasonably age-friendly,Reasonably age-friendly,More age-friendly,More age-friendly,Reasonably age-friendly,Reasonably age-friendly,Reasonably age-friendly,More age-friendly,Reasonably age-friendly,campus,69.377,486:0,0,backward,179,174,69.377,81.13199999999999,81.25699999999999,81.75699999999999,81.25699999999999,81.75699999999999,81.50699999999999,81.75699999999999,81.38199999999999,81.63199999999999,81.75699999999999,0
487,2.84,1.0,2.84,3,3.0,3.0,3,3,3,3.0,3,1,2,3,1,1,3,2,3,2.788,2.763,3.0,3.0,2.0,3.0,3,1,3,3,1,2,3,3,1,3,3,2,1,1,3,3,2,1,3,3,3,3,3,2,2,2,1,2,2,1,2,1,2,2,2,1,2,1,2,1,2,1,2,2,2,2,2,1,3,3,3,3,3,3,3,3,3,3,2.663,2.713,2.663,2.663,2.663,2.738,2.688,2.663,More age-friendly,Reasonably age-friendly,Reasonably age-friendly,Reasonably age-friendly,More age-friendly,More age-friendly,Reasonably age-friendly,Reasonably age-friendly,Reasonably age-friendly,More age-friendly,Less age-friendly,campus,92.243,487:0,0,forward,61,62,92.243,103.303,103.428,103.928,103.678,103.928,103.928,103.928,103.553,103.803,103.928,0
487,2.84,1.0,2.84,3,3.0,3.0,3,3,3,3.0,3,1,2,3,1,1,3,2,3,2.788,2.763,3.0,3.0,2.0,3.0,3,1,3,3,1,2,3,3,1,3,3,2,1,1,3,3,2,1,3,3,3,3,3,2,2,2,1,2,2,1,2,1,2,2,2,1,2,1,2,1,2,1,2,2,2,2,2,1,3,3,3,3,3,3,3,3,3,3,2.663,2.713,2.663,2.663,2.663,2.738,2.688,2.663,More age-friendly,Reasonably age-friendly,Reasonably age-friendly,Reasonably age-friendly,More age-friendly,More age-friendly,Reasonably age-friendly,Reasonably age-friendly,Reasonably age-friendly,More age-friendly,Less age-friendly,campus,92.243,487:0,0,backward,62,61,92.243,103.303,103.428,103.928,103.678,103.928,103.928,103.928,103.553,103.803,103.928,0
488,1.95,1.5,1.3,3,1.5,1.0,2,2,2,3.0,3,1,1,1,1,2,2,3,3,1.76,1.635,3.0,3.0,2.0,3.0,3,2,3,3,2,3,3,3,1,3,3,1,1,1,3,3,1,1,3,3,3,3,3,2,2,2,1,2,2,1,2,1,2,2,2,1,2,1,2,1,2,1,2,2,2,2,2,1,3,3,3,3,3,3,3,3,3,3,1.585,1.685,1.585,1.635,1.585,1.71,1.56,1.585,Reasonably age-friendly,Reasonably age-friendly,Reasonably age-friendly,Reasonably age-friendly,Reasonably age-friendly,Reasonably age-friendly,Reasonably age-friendly,Reasonably age-friendly,Reasonably age-friendly,Reasonably age-friendly,Less age-friendly,campus,157.611,488:0,0,forward,174,61,157.611,173.81099999999998,174.43599999999998,174.68599999999998,174.18599999999998,174.68599999999998,174.43599999999998,174.68599999999998,174.06099999999998,174.81099999999998,174.68599999999998,0
488,1.95,1.5,1.3,3,1.5,1.0,2,2,2,3.0,3,1,1,1,1,2,2,3,3,1.76,1.635,3.0,3.0,2.0,3.0,3,2,3,3,2,3,3,3,1,3,3,1,1,1,3,3,1,1,3,3,3,3,3,2,2,2,1,2,2,1,2,1,2,2,2,1,2,1,2,1,2,1,2,2,2,2,2,1,3,3,3,3,3,3,3,3,3,3,1.585,1.685,1.585,1.635,1.585,1.71,1.56,1.585,Reasonably age-friendly,Reasonably age-friendly,Reasonably age-friendly,Reasonably age-friendly,Reasonably age-friendly,Reasonably age-friendly,Reasonably age-friendly,Reasonably age-friendly,Reasonably age-friendly,Reasonably age-friendly,Less age-friendly,campus,157.611,488:0,0,backward,61,174,157.611,173.81099999999998,174.43599999999998,174.68599999999998,174.18599999999998,174.68599999999998,174.43599999999998,174.68599999999998,174.06099999999998,174.81099999999998,174.68599999999998,0
489,2.62,1.0,2.62,3,3.0,2.0,3,3,3,2.0,3,3,3,1,1,1,3,3,3,2.684,2.659,3.0,3.0,2.0,3.0,3,3,3,3,3,3,3,3,2,3,3,3,2,2,3,3,3,2,3,3,3,3,3,2,2,2,1,2,2,1,2,1,2,2,2,1,2,1,2,1,2,1,2,2,2,2,2,1,3,3,3,3,3,3,3,3,3,3,2.559,2.659,2.559,2.609,2.559,2.634,2.584,2.559,More age-friendly,Reasonably age-friendly,Reasonably age-friendly,Reasonably age-friendly,More age-friendly,More age-friendly,Reasonably age-friendly,Reasonably age-friendly,Reasonably age-friendly,More age-friendly,Less age-friendly,campus,59.824,489:0,0,forward,141,380,59.824,71.404,71.529,72.029,71.529,72.029,71.779,72.029,71.654,71.904,72.029,0
489,2.62,1.0,2.62,3,3.0,2.0,3,3,3,2.0,3,3,3,1,1,1,3,3,3,2.684,2.659,3.0,3.0,2.0,3.0,3,3,3,3,3,3,3,3,2,3,3,3,2,2,3,3,3,2,3,3,3,3,3,2,2,2,1,2,2,1,2,1,2,2,2,1,2,1,2,1,2,1,2,2,2,2,2,1,3,3,3,3,3,3,3,3,3,3,2.559,2.659,2.559,2.609,2.559,2.634,2.584,2.559,More age-friendly,Reasonably age-friendly,Reasonably age-friendly,Reasonably age-friendly,More age-friendly,More age-friendly,Reasonably age-friendly,Reasonably age-friendly,Reasonably age-friendly,More age-friendly,Less age-friendly,campus,59.824,489:0,0,backward,380,141,59.824,71.404,71.529,72.029,71.529,72.029,71.779,72.029,71.654,71.904,72.029,0
490,2.36,1.0,2.36,3,3.0,3.0,3,3,2,3.0,3,1,3,1,1,1,2,3,3,2.502,2.477,3.0,3.0,2.0,3.0,3,3,3,3,3,3,3,3,2,3,3,3,2,2,3,3,3,2,3,3,3,3,3,2,2,2,1,2,2,1,2,1,2,2,2,1,2,1,2,1,2,1,2,2,2,2,2,1,3,3,3,3,3,3,3,3,3,3,2.377,2.477,2.377,2.427,2.377,2.452,2.402,2.377,Reasonably age-friendly,Reasonably age-friendly,Reasonably age-friendly,Reasonably age-friendly,Reasonably age-friendly,Reasonably age-friendly,Reasonably age-friendly,Reasonably age-friendly,Reasonably age-friendly,Reasonably age-friendly,Less age-friendly,campus,97.504,490:0,0,forward,380,381,97.504,109.994,110.119,110.619,110.119,110.619,110.369,110.619,110.244,110.494,110.619,0
490,2.36,1.0,2.36,3,3.0,3.0,3,3,2,3.0,3,1,3,1,1,1,2,3,3,2.502,2.477,3.0,3.0,2.0,3.0,3,3,3,3,3,3,3,3,2,3,3,3,2,2,3,3,3,2,3,3,3,3,3,2,2,2,1,2,2,1,2,1,2,2,2,1,2,1,2,1,2,1,2,2,2,2,2,1,3,3,3,3,3,3,3,3,3,3,2.377,2.477,2.377,2.427,2.377,2.452,2.402,2.377,Reasonably age-friendly,Reasonably age-friendly,Reasonably age-friendly,Reasonably age-friendly,Reasonably age-friendly,Reasonably age-friendly,Reasonably age-friendly,Reasonably age-friendly,Reasonably age-friendly,Reasonably age-friendly,Less age-friendly,campus,97.504,490:0,0,backward,381,380,97.504,109.994,110.119,110.619,110.119,110.619,110.369,110.619,110.244,110.494,110.619,0
491,2.11,1.0,2.11,2,1.5,1.0,3,3,2,3.0,2,1,2,1,1,1,3,3,3,2.327,2.252,3.0,3.0,2.0,3.0,3,2,3,3,2,3,3,3,1,3,3,2,1,1,3,3,2,1,3,3,3,3,3,2,2,2,1,2,2,1,2,1,2,2,2,1,2,1,2,1,2,1,2,2,2,2,2,1,3,3,3,3,3,3,3,3,3,3,2.152,2.252,2.152,2.202,2.152,2.277,2.177,2.152,Reasonably age-friendly,Reasonably age-friendly,Reasonably age-friendly,Reasonably age-friendly,Reasonably age-friendly,Reasonably age-friendly,Less age-friendly,Reasonably age-friendly,Less age-friendly,Reasonably age-friendly,Less age-friendly,campus,63.412,491:0,0,forward,168,382,63.412,76.777,77.152,77.652,77.152,77.652,77.402,77.652,77.027,77.527,77.652,0
491,2.11,1.0,2.11,2,1.5,1.0,3,3,2,3.0,2,1,2,1,1,1,3,3,3,2.327,2.252,3.0,3.0,2.0,3.0,3,2,3,3,2,3,3,3,1,3,3,2,1,1,3,3,2,1,3,3,3,3,3,2,2,2,1,2,2,1,2,1,2,2,2,1,2,1,2,1,2,1,2,2,2,2,2,1,3,3,3,3,3,3,3,3,3,3,2.152,2.252,2.152,2.202,2.152,2.277,2.177,2.152,Reasonably age-friendly,Reasonably age-friendly,Reasonably age-friendly,Reasonably age-friendly,Reasonably age-friendly,Reasonably age-friendly,Less age-friendly,Reasonably age-friendly,Less age-friendly,Reasonably age-friendly,Less age-friendly,campus,63.412,491:0,0,backward,382,168,63.412,76.777,77.152,77.652,77.152,77.652,77.402,77.652,77.027,77.527,77.652,0
492,2.11,1.5,1.407,1,3.0,1.5,3,3,2,3.0,3,1,2,1,2,1,2,3,3,1.635,1.76,3.0,3.0,2.0,3.0,3,3,3,3,3,3,3,3,1,3,3,2,1,1,3,3,2,1,3,3,3,3,3,2,2,2,1,2,2,1,2,1,2,2,2,1,2,1,2,1,2,1,2,2,2,2,2,1,3,1,1,3,3,3,3,3,3,3,1.66,1.61,1.66,1.76,1.66,1.785,1.685,1.66,Reasonably age-friendly,Less age-friendly,Less age-friendly,Reasonably age-friendly,Reasonably age-friendly,Reasonably age-friendly,Reasonably age-friendly,Reasonably age-friendly,Less age-friendly,Reasonably age-friendly,Less age-friendly,campus,130.458,492:0,0,forward,169,170,130.458,147.28300000000002,146.65800000000002,147.158,147.408,147.158,146.65800000000002,147.158,146.533,147.033,147.158,0
492,2.11,1.5,1.407,1,3.0,1.5,3,3,2,3.0,3,1,2,1,2,1,2,3,3,1.635,1.76,3.0,3.0,2.0,3.0,3,3,3,3,3,3,3,3,1,3,3,2,1,1,3,3,2,1,3,3,3,3,3,2,2,2,1,2,2,1,2,1,2,2,2,1,2,1,2,1,2,1,2,2,2,2,2,1,3,1,1,3,3,3,3,3,3,3,1.66,1.61,1.66,1.76,1.66,1.785,1.685,1.66,Reasonably age-friendly,Less age-friendly,Less age-friendly,Reasonably age-friendly,Reasonably age-friendly,Reasonably age-friendly,Reasonably age-friendly,Reasonably age-friendly,Less age-friendly,Reasonably age-friendly,Less age-friendly,campus,130.458,492:0,0,backward,170,169,130.458,147.28300000000002,146.65800000000002,147.158,147.408,147.158,146.65800000000002,147.158,146.533,147.033,147.158,0
493,2.53,1.0,2.53,3,3.0,2.5,3,3,2,3.0,3,2,1,1,1,1,3,2,3,2.571,2.396,3.0,3.0,2.0,3.0,3,2,3,3,2,2,3,3,1,3,3,1,1,1,3,3,1,1,3,3,3,3,3,2,2,2,1,2,2,1,2,1,2,2,2,1,2,1,2,1,2,1,2,2,2,2,2,1,3,3,3,2,3,3,3,3,3,3,2.446,2.546,2.446,2.496,2.446,2.521,2.421,2.446,Reasonably age-friendly,Reasonably age-friendly,Reasonably age-friendly,Reasonably age-friendly,Reasonably age-friendly,Reasonably age-friendly,Reasonably age-friendly,Reasonably age-friendly,Reasonably age-friendly,Reasonably age-friendly,Less age-friendly,campus,100.687,493:0,0,forward,144,23,100.687,112.832,113.707,113.457,112.957,113.457,113.207,113.457,113.082,113.582,113.457,0
493,2.53,1.0,2.53,3,3.0,2.5,3,3,2,3.0,3,2,1,1,1,1,3,2,3,2.571,2.396,3.0,3.0,2.0,3.0,3,2,3,3,2,2,3,3,1,3,3,1,1,1,3,3,1,1,3,3,3,3,3,2,2,2,1,2,2,1,2,1,2,2,2,1,2,1,2,1,2,1,2,2,2,2,2,1,3,3,3,2,3,3,3,3,3,3,2.446,2.546,2.446,2.496,2.446,2.521,2.421,2.446,Reasonably age-friendly,Reasonably age-friendly,Reasonably age-friendly,Reasonably age-friendly,Reasonably age-friendly,Reasonably age-friendly,Reasonably age-friendly,Reasonably age-friendly,Reasonably age-friendly,Reasonably age-friendly,Less age-friendly,campus,100.687,493:0,0,backward,23,144,100.687,112.832,113.707,113.457,112.957,113.457,113.207,113.457,113.082,113.582,113.457,0
494,2.07,1.5,1.38,3,1.5,1.0,2,3,2,3.0,2,1,1,1,1,2,3,3,3,1.816,1.691,3.0,3.0,2.0,3.0,3,2,3,3,2,3,3,3,1,3,3,1,1,1,3,3,1,1,3,3,3,3,3,2,2,2,1,2,2,1,2,1,2,2,2,1,2,1,2,1,2,1,2,2,2,2,2,1,3,3,3,3,3,3,3,3,3,3,1.641,1.741,1.641,1.691,1.641,1.766,1.616,1.641,Reasonably age-friendly,Less age-friendly,Reasonably age-friendly,Less age-friendly,Reasonably age-friendly,Reasonably age-friendly,Less age-friendly,Reasonably age-friendly,Less age-friendly,Reasonably age-friendly,Less age-friendly,campus,66.464,494:0,0,forward,169,144,66.464,82.384,83.009,83.259,82.759,83.259,83.009,83.259,82.634,83.384,83.259,0
494,2.07,1.5,1.38,3,1.5,1.0,2,3,2,3.0,2,1,1,1,1,2,3,3,3,1.816,1.691,3.0,3.0,2.0,3.0,3,2,3,3,2,3,3,3,1,3,3,1,1,1,3,3,1,1,3,3,3,3,3,2,2,2,1,2,2,1,2,1,2,2,2,1,2,1,2,1,2,1,2,2,2,2,2,1,3,3,3,3,3,3,3,3,3,3,1.641,1.741,1.641,1.691,1.641,1.766,1.616,1.641,Reasonably age-friendly,Less age-friendly,Reasonably age-friendly,Less age-friendly,Reasonably age-friendly,Reasonably age-friendly,Less age-friendly,Reasonably age-friendly,Less age-friendly,Reasonably age-friendly,Less age-friendly,campus,66.464,494:0,0,backward,144,169,66.464,82.384,83.009,83.259,82.759,83.259,83.009,83.259,82.634,83.384,83.259,0
495,1.83,2.0,0.915,1,3.0,1.5,2,1,2,3.0,3,1,2,1,2,2,2,3,3,1.291,1.416,3.0,3.0,2.0,3.0,3,3,3,3,3,3,3,3,1,3,3,2,1,1,3,3,2,1,3,3,3,3,3,2,2,2,1,2,2,1,2,1,2,2,2,1,2,1,2,1,2,1,2,2,2,2,2,1,3,1,1,3,3,3,3,3,3,3,1.316,1.265,1.316,1.415,1.316,1.441,1.341,1.316,Reasonably age-friendly,Less age-friendly,Less age-friendly,Less age-friendly,Reasonably age-friendly,Reasonably age-friendly,Less age-friendly,Less age-friendly,Less age-friendly,Reasonably age-friendly,Less age-friendly,campus,163.736,495:0,0,forward,167,182,163.736,182.281,181.656,182.156,182.411,182.156,181.661,182.156,181.531,182.03099999999998,182.156,0
495,1.83,2.0,0.915,1,3.0,1.5,2,1,2,3.0,3,1,2,1,2,2,2,3,3,1.291,1.416,3.0,3.0,2.0,3.0,3,3,3,3,3,3,3,3,1,3,3,2,1,1,3,3,2,1,3,3,3,3,3,2,2,2,1,2,2,1,2,1,2,2,2,1,2,1,2,1,2,1,2,2,2,2,2,1,3,1,1,3,3,3,3,3,3,3,1.316,1.265,1.316,1.415,1.316,1.441,1.341,1.316,Reasonably age-friendly,Less age-friendly,Less age-friendly,Less age-friendly,Reasonably age-friendly,Reasonably age-friendly,Less age-friendly,Less age-friendly,Less age-friendly,Reasonably age-friendly,Less age-friendly,campus,163.736,495:0,0,backward,182,167,163.736,182.281,181.656,182.156,182.411,182.156,181.661,182.156,181.531,182.03099999999998,182.156,0
496,2.18,1.0,2.18,2,3.0,2.0,3,3,3,1.5,3,2,1,1,1,1,1,3,3,2.376,2.251,3.0,3.0,2.0,3.0,3,3,3,3,3,3,3,3,1,3,3,1,1,1,3,3,1,1,3,3,3,3,3,2,2,2,1,2,2,1,2,1,2,2,2,1,2,1,2,1,2,1,2,2,2,2,2,1,3,3,3,3,3,3,3,3,3,3,2.201,2.351,2.201,2.301,2.201,2.326,2.176,2.201,Reasonably age-friendly,Reasonably age-friendly,Reasonably age-friendly,Reasonably age-friendly,Reasonably age-friendly,Reasonably age-friendly,Reasonably age-friendly,Reasonably age-friendly,Reasonably age-friendly,Reasonably age-friendly,Reasonably age-friendly,campus,167.29,496:0,0,forward,383,177,167.29,180.41,181.035,181.285,180.535,181.285,180.785,181.285,180.66,181.41,181.285,0
496,2.18,1.0,2.18,2,3.0,2.0,3,3,3,1.5,3,2,1,1,1,1,1,3,3,2.376,2.251,3.0,3.0,2.0,3.0,3,3,3,3,3,3,3,3,1,3,3,1,1,1,3,3,1,1,3,3,3,3,3,2,2,2,1,2,2,1,2,1,2,2,2,1,2,1,2,1,2,1,2,2,2,2,2,1,3,3,3,3,3,3,3,3,3,3,2.201,2.351,2.201,2.301,2.201,2.326,2.176,2.201,Reasonably age-friendly,Reasonably age-friendly,Reasonably age-friendly,Reasonably age-friendly,Reasonably age-friendly,Reasonably age-friendly,Reasonably age-friendly,Reasonably age-friendly,Reasonably age-friendly,Reasonably age-friendly,Reasonably age-friendly,campus,167.29,496:0,0,backward,177,383,167.29,180.41,181.035,181.285,180.535,181.285,180.785,181.285,180.66,181.41,181.285,0
497,2.33,1.0,2.33,3,3.0,2.5,3,3,3,1.5,3,1,1,1,1,1,2,3,3,2.481,2.356,3.0,3.0,2.0,3.0,3,2,3,3,2,3,3,3,1,3,3,1,1,1,3,3,1,1,3,3,3,3,3,2,2,2,1,2,2,1,2,1,2,2,2,1,2,1,2,1,2,1,2,2,2,2,2,1,3,3,3,3,3,3,3,3,3,3,2.306,2.406,2.306,2.356,2.306,2.431,2.281,2.306,Reasonably age-friendly,Reasonably age-friendly,Reasonably age-friendly,Reasonably age-friendly,Reasonably age-friendly,Reasonably age-friendly,Reasonably age-friendly,Reasonably age-friendly,Reasonably age-friendly,Reasonably age-friendly,Reasonably age-friendly,campus,117.379,497:0,0,forward,167,383,117.379,129.97400000000002,130.59900000000002,130.849,130.349,130.849,130.59900000000002,130.849,130.224,130.974,130.849,0
497,2.33,1.0,2.33,3,3.0,2.5,3,3,3,1.5,3,1,1,1,1,1,2,3,3,2.481,2.356,3.0,3.0,2.0,3.0,3,2,3,3,2,3,3,3,1,3,3,1,1,1,3,3,1,1,3,3,3,3,3,2,2,2,1,2,2,1,2,1,2,2,2,1,2,1,2,1,2,1,2,2,2,2,2,1,3,3,3,3,3,3,3,3,3,3,2.306,2.406,2.306,2.356,2.306,2.431,2.281,2.306,Reasonably age-friendly,Reasonably age-friendly,Reasonably age-friendly,Reasonably age-friendly,Reasonably age-friendly,Reasonably age-friendly,Reasonably age-friendly,Reasonably age-friendly,Reasonably age-friendly,Reasonably age-friendly,Reasonably age-friendly,campus,117.379,497:0,0,backward,383,167,117.379,129.97400000000002,130.59900000000002,130.849,130.349,130.849,130.59900000000002,130.849,130.224,130.974,130.849,0
498,2.36,1.5,1.573,3,3.0,1.0,2,3,3,3.0,2,2,2,2,1,2,2,1,3,1.851,1.676,3.0,3.0,2.0,3.0,3,2,3,3,2,1,3,3,1,3,3,2,1,1,3,3,2,1,3,3,3,3,3,2,2,2,1,2,2,1,2,1,2,2,2,1,2,1,2,1,2,1,2,2,2,2,2,1,3,3,3,1,3,3,3,3,3,3,1.776,1.876,1.776,1.826,1.776,1.801,1.801,1.776,Reasonably age-friendly,Reasonably age-friendly,Reasonably age-friendly,Reasonably age-friendly,Reasonably age-friendly,Reasonably age-friendly,Reasonably age-friendly,Reasonably age-friendly,Reasonably age-friendly,Reasonably age-friendly,Reasonably age-friendly,campus,31.424,498:0,0,forward,53,384,31.424,47.169,48.044,47.544,47.044,47.544,47.294,47.544,47.419,47.419,47.544,0
498,2.36,1.5,1.573,3,3.0,1.0,2,3,3,3.0,2,2,2,2,1,2,2,1,3,1.851,1.676,3.0,3.0,2.0,3.0,3,2,3,3,2,1,3,3,1,3,3,2,1,1,3,3,2,1,3,3,3,3,3,2,2,2,1,2,2,1,2,1,2,2,2,1,2,1,2,1,2,1,2,2,2,2,2,1,3,3,3,1,3,3,3,3,3,3,1.776,1.876,1.776,1.826,1.776,1.801,1.801,1.776,Reasonably age-friendly,Reasonably age-friendly,Reasonably age-friendly,Reasonably age-friendly,Reasonably age-friendly,Reasonably age-friendly,Reasonably age-friendly,Reasonably age-friendly,Reasonably age-friendly,Reasonably age-friendly,Reasonably age-friendly,campus,31.424,498:0,0,backward,384,53,31.424,47.169,48.044,47.544,47.044,47.544,47.294,47.544,47.419,47.419,47.544,0
499,2.6,1.0,2.6,3,3.0,3.0,3,3,3,3.0,3,1,3,2,1,1,2,3,3,2.67,2.645,3.0,3.0,2.0,3.0,3,2,3,3,2,3,3,3,2,3,3,3,2,2,3,3,3,2,3,3,3,3,3,2,2,2,1,2,2,1,2,1,2,2,2,1,2,1,2,1,2,1,2,2,2,2,2,1,3,3,3,3,3,3,3,3,3,3,2.545,2.595,2.545,2.545,2.545,2.62,2.57,2.545,More age-friendly,Reasonably age-friendly,Reasonably age-friendly,Reasonably age-friendly,More age-friendly,More age-friendly,Reasonably age-friendly,Reasonably age-friendly,Reasonably age-friendly,More age-friendly,Reasonably age-friendly,campus,131.92,499:0,0,forward,181,384,131.92,143.57,143.695,144.195,143.945,144.195,144.195,144.195,143.82,144.07,144.195,0
499,2.6,1.0,2.6,3,3.0,3.0,3,3,3,3.0,3,1,3,2,1,1,2,3,3,2.67,2.645,3.0,3.0,2.0,3.0,3,2,3,3,2,3,3,3,2,3,3,3,2,2,3,3,3,2,3,3,3,3,3,2,2,2,1,2,2,1,2,1,2,2,2,1,2,1,2,1,2,1,2,2,2,2,2,1,3,3,3,3,3,3,3,3,3,3,2.545,2.595,2.545,2.545,2.545,2.62,2.57,2.545,More age-friendly,Reasonably age-friendly,Reasonably age-friendly,Reasonably age-friendly,More age-friendly,More age-friendly,Reasonably age-friendly,Reasonably age-friendly,Reasonably age-friendly,More age-friendly,Reasonably age-friendly,campus,131.92,499:0,0,backward,384,181,131.92,143.57,143.695,144.195,143.945,144.195,144.195,144.195,143.82,144.07,144.195,0
500,2.69,1.0,2.69,3,3.0,2.5,3,3,2,3.0,3,1,2,3,1,1,3,2,3,2.683,2.658,3.0,3.0,2.0,3.0,3,2,3,3,2,2,3,3,1,3,3,2,1,1,3,3,2,1,3,3,3,3,3,2,2,2,1,2,2,1,2,1,2,2,2,1,2,1,2,1,2,1,2,2,2,2,2,1,3,3,3,3,3,3,3,2,3,3,2.558,2.658,2.558,2.608,2.558,2.533,2.583,2.558,More age-friendly,Reasonably age-friendly,Reasonably age-friendly,Reasonably age-friendly,More age-friendly,More age-friendly,Reasonably age-friendly,Reasonably age-friendly,Reasonably age-friendly,More age-friendly,Less age-friendly,campus,60.848,500:0,0,forward,54,55,60.848,72.43299999999999,72.55799999999999,73.05799999999999,72.55799999999999,73.05799999999999,72.80799999999999,73.05799999999999,73.18299999999999,72.93299999999999,73.05799999999999,0
500,2.69,1.0,2.69,3,3.0,2.5,3,3,2,3.0,3,1,2,3,1,1,3,2,3,2.683,2.658,3.0,3.0,2.0,3.0,3,2,3,3,2,2,3,3,1,3,3,2,1,1,3,3,2,1,3,3,3,3,3,2,2,2,1,2,2,1,2,1,2,2,2,1,2,1,2,1,2,1,2,2,2,2,2,1,3,3,3,3,3,3,3,2,3,3,2.558,2.658,2.558,2.608,2.558,2.533,2.583,2.558,More age-friendly,Reasonably age-friendly,Reasonably age-friendly,Reasonably age-friendly,More age-friendly,More age-friendly,Reasonably age-friendly,Reasonably age-friendly,Reasonably age-friendly,More age-friendly,Less age-friendly,campus,60.848,500:0,0,backward,55,54,60.848,72.43299999999999,72.55799999999999,73.05799999999999,72.55799999999999,73.05799999999999,72.80799999999999,73.05799999999999,73.18299999999999,72.93299999999999,73.05799999999999,0
501,2.11,1.5,1.407,3,1.5,1.0,3,3,1,3.0,3,2,3,1,2,1,2,3,3,1.835,1.81,3.0,3.0,2.0,3.0,3,2,3,3,2,3,3,3,2,3,3,3,2,2,3,3,3,2,3,3,3,3,3,2,2,2,1,2,2,1,2,1,2,2,2,1,2,1,2,1,2,1,2,2,2,2,2,1,3,3,3,3,3,3,3,3,3,3,1.71,1.76,1.71,1.71,1.71,1.785,1.735,1.71,Reasonably age-friendly,Reasonably age-friendly,Reasonably age-friendly,Reasonably age-friendly,Reasonably age-friendly,Reasonably age-friendly,Less age-friendly,Reasonably age-friendly,Less age-friendly,Reasonably age-friendly,Less age-friendly,campus,169.063,501:0,0,forward,180,54,169.063,184.88799999999998,185.01299999999998,185.51299999999998,185.26299999999998,185.51299999999998,185.51299999999998,185.51299999999998,185.13799999999998,185.38799999999998,185.51299999999998,0
501,2.11,1.5,1.407,3,1.5,1.0,3,3,1,3.0,3,2,3,1,2,1,2,3,3,1.835,1.81,3.0,3.0,2.0,3.0,3,2,3,3,2,3,3,3,2,3,3,3,2,2,3,3,3,2,3,3,3,3,3,2,2,2,1,2,2,1,2,1,2,2,2,1,2,1,2,1,2,1,2,2,2,2,2,1,3,3,3,3,3,3,3,3,3,3,1.71,1.76,1.71,1.71,1.71,1.785,1.735,1.71,Reasonably age-friendly,Reasonably age-friendly,Reasonably age-friendly,Reasonably age-friendly,Reasonably age-friendly,Reasonably age-friendly,Less age-friendly,Reasonably age-friendly,Less age-friendly,Reasonably age-friendly,Less age-friendly,campus,169.063,501:0,0,backward,54,180,169.063,184.88799999999998,185.01299999999998,185.51299999999998,185.26299999999998,185.51299999999998,185.51299999999998,185.51299999999998,185.13799999999998,185.38799999999998,185.51299999999998,0
502,2.04,1.5,1.36,3,1.0,3.0,3,3,1,1.0,1,1,3,3,2,1,2,2,3,1.752,1.677,3.0,3.0,2.0,3.0,3,2,3,3,2,2,3,3,2,3,3,3,2,2,3,3,3,2,3,3,3,3,3,2,2,2,1,2,2,1,2,1,2,2,2,1,2,1,2,1,2,1,2,2,2,2,2,1,3,3,3,2,3,3,3,2,3,3,1.677,1.727,1.677,1.677,1.677,1.602,1.702,1.677,Reasonably age-friendly,Less age-friendly,Reasonably age-friendly,Less age-friendly,Reasonably age-friendly,Reasonably age-friendly,Less age-friendly,Less age-friendly,Less age-friendly,Reasonably age-friendly,Less age-friendly,campus,28.384,502:0,0,forward,56,57,28.384,44.624,44.998999999999995,44.998999999999995,44.748999999999995,44.998999999999995,44.998999999999995,44.998999999999995,45.373999999999995,44.874,44.998999999999995,0
502,2.04,1.5,1.36,3,1.0,3.0,3,3,1,1.0,1,1,3,3,2,1,2,2,3,1.752,1.677,3.0,3.0,2.0,3.0,3,2,3,3,2,2,3,3,2,3,3,3,2,2,3,3,3,2,3,3,3,3,3,2,2,2,1,2,2,1,2,1,2,2,2,1,2,1,2,1,2,1,2,2,2,2,2,1,3,3,3,2,3,3,3,2,3,3,1.677,1.727,1.677,1.677,1.677,1.602,1.702,1.677,Reasonably age-friendly,Less age-friendly,Reasonably age-friendly,Less age-friendly,Reasonably age-friendly,Reasonably age-friendly,Less age-friendly,Less age-friendly,Less age-friendly,Reasonably age-friendly,Less age-friendly,campus,28.384,502:0,0,backward,57,56,28.384,44.624,44.998999999999995,44.998999999999995,44.748999999999995,44.998999999999995,44.998999999999995,44.998999999999995,45.373999999999995,44.874,44.998999999999995,0
503,2.33,1.0,2.33,3,3.0,2.5,3,3,3,3.0,3,1,3,1,1,1,1,3,3,2.481,2.456,3.0,3.0,2.0,3.0,3,2,3,3,2,3,3,3,2,3,3,3,2,2,3,3,3,2,3,3,3,3,3,2,2,2,1,2,2,1,2,1,2,2,2,1,2,1,2,1,2,1,2,2,2,2,2,1,3,3,3,3,3,3,3,3,3,3,2.356,2.406,2.356,2.356,2.356,2.431,2.381,2.356,Reasonably age-friendly,Reasonably age-friendly,Reasonably age-friendly,Reasonably age-friendly,Reasonably age-friendly,Reasonably age-friendly,Reasonably age-friendly,Reasonably age-friendly,Reasonably age-friendly,Reasonably age-friendly,Reasonably age-friendly,campus,114.682,503:0,0,forward,182,177,114.682,127.277,127.402,127.902,127.652,127.902,127.902,127.902,127.527,127.777,127.902,0
503,2.33,1.0,2.33,3,3.0,2.5,3,3,3,3.0,3,1,3,1,1,1,1,3,3,2.481,2.456,3.0,3.0,2.0,3.0,3,2,3,3,2,3,3,3,2,3,3,3,2,2,3,3,3,2,3,3,3,3,3,2,2,2,1,2,2,1,2,1,2,2,2,1,2,1,2,1,2,1,2,2,2,2,2,1,3,3,3,3,3,3,3,3,3,3,2.356,2.406,2.356,2.356,2.356,2.431,2.381,2.356,Reasonably age-friendly,Reasonably age-friendly,Reasonably age-friendly,Reasonably age-friendly,Reasonably age-friendly,Reasonably age-friendly,Reasonably age-friendly,Reasonably age-friendly,Reasonably age-friendly,Reasonably age-friendly,Reasonably age-friendly,campus,114.682,503:0,0,backward,177,182,114.682,127.277,127.402,127.902,127.652,127.902,127.902,127.902,127.527,127.777,127.902,0
504,2.64,1.0,2.64,3,3.0,3.0,3,3,3,3.0,3,3,3,2,1,1,1,3,3,2.498,2.673,3.0,3.0,2.0,3.0,3,2,3,3,2,3,3,3,2,3,3,3,2,2,3,3,3,2,3,3,3,3,3,2,2,2,1,2,2,1,2,1,2,2,2,1,2,1,2,1,2,1,2,2,2,2,2,1,3,1,1,3,3,3,3,3,1,1,2.373,2.423,2.373,2.573,2.373,2.648,2.398,2.373,Reasonably age-friendly,Reasonably age-friendly,Reasonably age-friendly,More age-friendly,Reasonably age-friendly,Reasonably age-friendly,More age-friendly,More age-friendly,Reasonably age-friendly,Reasonably age-friendly,More age-friendly,campus,60.52,504:0,0,forward,171,381,60.52,73.03,72.155,73.655,73.405,73.655,72.655,73.655,72.28,73.53,73.655,0
504,2.64,1.0,2.64,3,3.0,3.0,3,3,3,3.0,3,3,3,2,1,1,1,3,3,2.498,2.673,3.0,3.0,2.0,3.0,3,2,3,3,2,3,3,3,2,3,3,3,2,2,3,3,3,2,3,3,3,3,3,2,2,2,1,2,2,1,2,1,2,2,2,1,2,1,2,1,2,1,2,2,2,2,2,1,3,1,1,3,3,3,3,3,1,1,2.373,2.423,2.373,2.573,2.373,2.648,2.398,2.373,Reasonably age-friendly,Reasonably age-friendly,Reasonably age-friendly,More age-friendly,Reasonably age-friendly,Reasonably age-friendly,More age-friendly,More age-friendly,Reasonably age-friendly,Reasonably age-friendly,More age-friendly,campus,60.52,504:0,0,backward,381,171,60.52,73.03,72.155,73.655,73.405,73.655,72.655,73.655,72.28,73.53,73.655,0
505,2.08,1.5,1.387,3,1.0,3.0,3,3,1,1.0,3,1,3,3,2,1,1,3,3,1.621,1.796,3.0,3.0,2.0,3.0,3,3,3,3,3,3,3,3,2,3,3,3,2,2,3,3,3,2,3,3,3,3,3,2,2,2,1,2,2,1,2,1,2,2,2,1,2,1,2,1,2,1,2,2,2,2,2,1,3,1,1,3,3,3,3,3,1,1,1.496,1.596,1.496,1.746,1.496,1.771,1.521,1.496,Reasonably age-friendly,Reasonably age-friendly,Reasonably age-friendly,Reasonably age-friendly,Reasonably age-friendly,Reasonably age-friendly,Reasonably age-friendly,Reasonably age-friendly,Reasonably age-friendly,Reasonably age-friendly,Less age-friendly,campus,15.643,505:0,0,forward,381,170,15.643,32.538,31.663,33.163,32.663,33.163,31.913,33.163,31.788,33.038,33.163,0
505,2.08,1.5,1.387,3,1.0,3.0,3,3,1,1.0,3,1,3,3,2,1,1,3,3,1.621,1.796,3.0,3.0,2.0,3.0,3,3,3,3,3,3,3,3,2,3,3,3,2,2,3,3,3,2,3,3,3,3,3,2,2,2,1,2,2,1,2,1,2,2,2,1,2,1,2,1,2,1,2,2,2,2,2,1,3,1,1,3,3,3,3,3,1,1,1.496,1.596,1.496,1.746,1.496,1.771,1.521,1.496,Reasonably age-friendly,Reasonably age-friendly,Reasonably age-friendly,Reasonably age-friendly,Reasonably age-friendly,Reasonably age-friendly,Reasonably age-friendly,Reasonably age-friendly,Reasonably age-friendly,Reasonably age-friendly,Less age-friendly,campus,15.643,505:0,0,backward,170,381,15.643,32.538,31.663,33.163,32.663,33.163,31.913,33.163,31.788,33.038,33.163,0
506,2.36,1.5,1.573,2,3.0,3.0,3,3,3,1.0,3,1,3,3,2,1,1,3,3,1.751,1.926,3.0,3.0,2.0,3.0,3,3,3,3,3,3,3,3,2,3,3,3,2,2,3,3,3,2,3,3,3,3,3,2,2,2,1,2,2,1,2,1,2,2,2,1,2,1,2,1,2,1,2,2,2,2,2,1,3,1,1,3,3,3,3,3,1,1,1.626,1.726,1.626,1.876,1.626,1.901,1.651,1.626,Reasonably age-friendly,Reasonably age-friendly,Reasonably age-friendly,Reasonably age-friendly,Reasonably age-friendly,Reasonably age-friendly,Reasonably age-friendly,Reasonably age-friendly,Reasonably age-friendly,Reasonably age-friendly,Reasonably age-friendly,campus,19.42,506:0,0,forward,381,182,19.42,35.665000000000006,34.79,36.290000000000006,35.790000000000006,36.290000000000006,35.040000000000006,36.290000000000006,34.915000000000006,36.165000000000006,36.290000000000006,0
506,2.36,1.5,1.573,2,3.0,3.0,3,3,3,1.0,3,1,3,3,2,1,1,3,3,1.751,1.926,3.0,3.0,2.0,3.0,3,3,3,3,3,3,3,3,2,3,3,3,2,2,3,3,3,2,3,3,3,3,3,2,2,2,1,2,2,1,2,1,2,2,2,1,2,1,2,1,2,1,2,2,2,2,2,1,3,1,1,3,3,3,3,3,1,1,1.626,1.726,1.626,1.876,1.626,1.901,1.651,1.626,Reasonably age-friendly,Reasonably age-friendly,Reasonably age-friendly,Reasonably age-friendly,Reasonably age-friendly,Reasonably age-friendly,Reasonably age-friendly,Reasonably age-friendly,Reasonably age-friendly,Reasonably age-friendly,Reasonably age-friendly,campus,19.42,506:0,0,backward,182,381,19.42,35.665000000000006,34.79,36.290000000000006,35.790000000000006,36.290000000000006,35.040000000000006,36.290000000000006,34.915000000000006,36.165000000000006,36.290000000000006,0
507,2.36,1.0,2.36,3,3.0,3.0,3,3,3,3.0,3,1,2,1,1,1,1,3,3,2.502,2.427,3.0,3.0,2.0,3.0,3,2,3,3,2,3,3,3,1,3,3,2,1,1,3,3,2,1,3,3,3,3,3,2,2,2,1,2,2,1,2,1,2,2,2,1,2,1,2,1,2,1,2,2,2,2,2,1,3,3,3,3,3,3,3,3,3,3,2.327,2.427,2.327,2.377,2.327,2.452,2.352,2.327,Reasonably age-friendly,Reasonably age-friendly,More age-friendly,Reasonably age-friendly,Reasonably age-friendly,Reasonably age-friendly,Reasonably age-friendly,Reasonably age-friendly,Reasonably age-friendly,Reasonably age-friendly,Reasonably age-friendly,campus,134.234,507:0,0,forward,381,178,134.234,146.72400000000002,147.09900000000002,147.59900000000002,147.09900000000002,147.59900000000002,147.34900000000002,147.59900000000002,146.97400000000002,147.47400000000002,147.59900000000002,0
507,2.36,1.0,2.36,3,3.0,3.0,3,3,3,3.0,3,1,2,1,1,1,1,3,3,2.502,2.427,3.0,3.0,2.0,3.0,3,2,3,3,2,3,3,3,1,3,3,2,1,1,3,3,2,1,3,3,3,3,3,2,2,2,1,2,2,1,2,1,2,2,2,1,2,1,2,1,2,1,2,2,2,2,2,1,3,3,3,3,3,3,3,3,3,3,2.327,2.427,2.327,2.377,2.327,2.452,2.352,2.327,Reasonably age-friendly,Reasonably age-friendly,More age-friendly,Reasonably age-friendly,Reasonably age-friendly,Reasonably age-friendly,Reasonably age-friendly,Reasonably age-friendly,Reasonably age-friendly,Reasonably age-friendly,Reasonably age-friendly,campus,134.234,507:0,0,backward,178,381,134.234,146.72400000000002,147.09900000000002,147.59900000000002,147.09900000000002,147.59900000000002,147.34900000000002,147.59900000000002,146.97400000000002,147.47400000000002,147.59900000000002,0
508,1.84,1.5,1.227,2,1.0,3.0,2,3,1,1.0,1,1,3,3,1,2,2,2,3,1.659,1.684,3.0,3.0,2.0,3.0,3,3,3,3,3,2,3,3,2,3,3,3,2,2,3,3,3,2,3,3,3,3,3,2,2,2,1,2,2,1,2,1,2,2,2,1,2,1,2,1,2,1,2,2,2,2,2,1,3,3,3,3,3,3,3,3,3,3,1.584,1.684,1.584,1.634,1.584,1.609,1.609,1.584,Reasonably age-friendly,Reasonably age-friendly,Reasonably age-friendly,Reasonably age-friendly,Reasonably age-friendly,Reasonably age-friendly,Reasonably age-friendly,Reasonably age-friendly,Reasonably age-friendly,Reasonably age-friendly,Less age-friendly,campus,19.572,508:0,0,forward,178,179,19.572,36.277,36.152,36.652,36.152,36.652,36.402,36.652,36.527,36.527,36.652,0
508,1.84,1.5,1.227,2,1.0,3.0,2,3,1,1.0,1,1,3,3,1,2,2,2,3,1.659,1.684,3.0,3.0,2.0,3.0,3,3,3,3,3,2,3,3,2,3,3,3,2,2,3,3,3,2,3,3,3,3,3,2,2,2,1,2,2,1,2,1,2,2,2,1,2,1,2,1,2,1,2,2,2,2,2,1,3,3,3,3,3,3,3,3,3,3,1.584,1.684,1.584,1.634,1.584,1.609,1.609,1.584,Reasonably age-friendly,Reasonably age-friendly,Reasonably age-friendly,Reasonably age-friendly,Reasonably age-friendly,Reasonably age-friendly,Reasonably age-friendly,Reasonably age-friendly,Reasonably age-friendly,Reasonably age-friendly,Less age-friendly,campus,19.572,508:0,0,backward,179,178,19.572,36.277,36.152,36.652,36.152,36.652,36.402,36.652,36.527,36.527,36.652,0
509,1.92,1.0,1.92,3,1.0,3.0,3,3,1,1.0,1,1,3,1,1,1,3,2,3,2.144,2.169,3.0,3.0,2.0,3.0,3,3,3,3,3,2,3,3,2,3,3,3,2,2,3,3,3,2,3,3,3,3,3,2,2,2,1,2,2,1,2,1,2,2,2,1,2,1,2,1,2,1,2,2,2,2,2,1,3,3,3,3,3,3,3,3,3,3,2.069,2.169,2.069,2.119,2.069,2.094,2.094,2.069,Reasonably age-friendly,Less age-friendly,Less age-friendly,Less age-friendly,Reasonably age-friendly,Reasonably age-friendly,Less age-friendly,Less age-friendly,Less age-friendly,Reasonably age-friendly,Less age-friendly,campus,16.671,509:0,0,forward,177,179,16.671,30.951,30.826,31.326,30.826,31.326,31.076,31.326,31.201,31.201,31.326,0
509,1.92,1.0,1.92,3,1.0,3.0,3,3,1,1.0,1,1,3,1,1,1,3,2,3,2.144,2.169,3.0,3.0,2.0,3.0,3,3,3,3,3,2,3,3,2,3,3,3,2,2,3,3,3,2,3,3,3,3,3,2,2,2,1,2,2,1,2,1,2,2,2,1,2,1,2,1,2,1,2,2,2,2,2,1,3,3,3,3,3,3,3,3,3,3,2.069,2.169,2.069,2.119,2.069,2.094,2.094,2.069,Reasonably age-friendly,Less age-friendly,Less age-friendly,Less age-friendly,Reasonably age-friendly,Reasonably age-friendly,Less age-friendly,Less age-friendly,Less age-friendly,Reasonably age-friendly,Less age-friendly,campus,16.671,509:0,0,backward,179,177,16.671,30.951,30.826,31.326,30.826,31.326,31.076,31.326,31.201,31.201,31.326,0
510,2.12,1.0,2.12,3,1.5,2.5,3,3,1,3.0,3,1,2,1,1,1,2,3,3,2.334,2.259,3.0,3.0,2.0,3.0,3,3,3,3,3,3,3,3,1,3,3,2,1,1,3,3,2,1,3,3,3,3,3,2,2,2,1,2,2,1,2,1,2,2,2,1,2,1,2,1,2,1,2,2,2,2,2,1,3,3,3,3,3,3,1,1,1,1,1.959,2.309,1.959,2.059,1.959,2.084,1.984,1.959,Reasonably age-friendly,Reasonably age-friendly,Reasonably age-friendly,Reasonably age-friendly,Reasonably age-friendly,Reasonably age-friendly,Reasonably age-friendly,Reasonably age-friendly,Less age-friendly,Reasonably age-friendly,Less age-friendly,campus,156.475,510:0,0,forward,179,55,156.475,169.805,170.18,171.68,169.93,171.68,171.18,171.68,171.055,171.555,171.68,0
510,2.12,1.0,2.12,3,1.5,2.5,3,3,1,3.0,3,1,2,1,1,1,2,3,3,2.334,2.259,3.0,3.0,2.0,3.0,3,3,3,3,3,3,3,3,1,3,3,2,1,1,3,3,2,1,3,3,3,3,3,2,2,2,1,2,2,1,2,1,2,2,2,1,2,1,2,1,2,1,2,2,2,2,2,1,3,3,3,3,3,3,1,1,1,1,1.959,2.309,1.959,2.059,1.959,2.084,1.984,1.959,Reasonably age-friendly,Reasonably age-friendly,Reasonably age-friendly,Reasonably age-friendly,Reasonably age-friendly,Reasonably age-friendly,Reasonably age-friendly,Reasonably age-friendly,Less age-friendly,Reasonably age-friendly,Less age-friendly,campus,156.475,510:0,0,backward,55,179,156.475,169.805,170.18,171.68,169.93,171.68,171.18,171.68,171.055,171.555,171.68,0
511,2.52,1.0,2.52,3,3.0,3.0,3,3,3,2.5,3,2,3,2,1,1,1,3,3,2.614,2.589,3.0,3.0,2.0,3.0,3,3,3,3,3,3,3,3,2,3,3,3,2,2,3,3,3,2,3,3,3,3,3,2,2,2,1,2,2,1,2,1,2,2,2,1,2,1,2,1,2,1,2,2,2,2,2,1,3,3,3,3,3,3,3,3,3,3,2.489,2.589,2.489,2.539,2.489,2.564,2.514,2.489,Reasonably age-friendly,More age-friendly,More age-friendly,More age-friendly,Reasonably age-friendly,Reasonably age-friendly,More age-friendly,More age-friendly,More age-friendly,Reasonably age-friendly,More age-friendly,campus,54.605,511:0,0,forward,176,178,54.605,66.535,66.66,67.16,66.66,67.16,66.91,67.16,66.785,67.035,67.16,0
511,2.52,1.0,2.52,3,3.0,3.0,3,3,3,2.5,3,2,3,2,1,1,1,3,3,2.614,2.589,3.0,3.0,2.0,3.0,3,3,3,3,3,3,3,3,2,3,3,3,2,2,3,3,3,2,3,3,3,3,3,2,2,2,1,2,2,1,2,1,2,2,2,1,2,1,2,1,2,1,2,2,2,2,2,1,3,3,3,3,3,3,3,3,3,3,2.489,2.589,2.489,2.539,2.489,2.564,2.514,2.489,Reasonably age-friendly,More age-friendly,More age-friendly,More age-friendly,Reasonably age-friendly,Reasonably age-friendly,More age-friendly,More age-friendly,More age-friendly,Reasonably age-friendly,More age-friendly,campus,54.605,511:0,0,backward,178,176,54.605,66.535,66.66,67.16,66.66,67.16,66.91,67.16,66.785,67.035,67.16,0
512,2.12,1.5,1.413,3,1.0,3.0,3,3,1,1.0,2,1,3,2,2,1,3,3,3,1.839,1.814,3.0,3.0,2.0,3.0,3,2,3,3,2,3,3,3,2,3,3,3,2,2,3,3,3,2,3,3,3,3,3,2,2,2,1,2,2,1,2,1,2,2,2,1,2,1,2,1,2,1,2,2,2,2,2,1,3,3,3,3,3,3,3,3,3,3,1.714,1.764,1.714,1.714,1.714,1.789,1.739,1.714,Reasonably age-friendly,Less age-friendly,Less age-friendly,Less age-friendly,Reasonably age-friendly,Reasonably age-friendly,Less age-friendly,Less age-friendly,Less age-friendly,Reasonably age-friendly,Less age-friendly,campus,11.604,512:0,0,forward,176,174,11.604,27.409,27.534,28.034,27.784,28.034,28.034,28.034,27.659,27.909,28.034,0
512,2.12,1.5,1.413,3,1.0,3.0,3,3,1,1.0,2,1,3,2,2,1,3,3,3,1.839,1.814,3.0,3.0,2.0,3.0,3,2,3,3,2,3,3,3,2,3,3,3,2,2,3,3,3,2,3,3,3,3,3,2,2,2,1,2,2,1,2,1,2,2,2,1,2,1,2,1,2,1,2,2,2,2,2,1,3,3,3,3,3,3,3,3,3,3,1.714,1.764,1.714,1.714,1.714,1.789,1.739,1.714,Reasonably age-friendly,Less age-friendly,Less age-friendly,Less age-friendly,Reasonably age-friendly,Reasonably age-friendly,Less age-friendly,Less age-friendly,Less age-friendly,Reasonably age-friendly,Less age-friendly,campus,11.604,512:0,0,backward,174,176,11.604,27.409,27.534,28.034,27.784,28.034,28.034,28.034,27.659,27.909,28.034,0
513,2.15,1.5,1.433,3,1.5,1.0,3,3,2,2.0,1,1,3,2,2,1,3,1,3,1.753,1.828,3.0,3.0,2.0,3.0,3,1,3,3,1,1,3,3,2,3,3,3,2,2,3,3,3,2,3,3,3,3,3,2,2,2,1,2,2,1,2,1,2,2,2,1,2,1,2,1,2,1,2,2,2,2,2,1,3,3,3,3,3,3,3,3,2,3,1.728,1.728,1.728,1.678,1.728,1.703,1.653,1.728,Reasonably age-friendly,Less age-friendly,Reasonably age-friendly,Reasonably age-friendly,Reasonably age-friendly,Reasonably age-friendly,Less age-friendly,Less age-friendly,Less age-friendly,Reasonably age-friendly,Less age-friendly,residential,58.666,513:0,0,forward,187,254,58.666,74.901,74.526,75.026,75.026,75.026,75.276,75.026,75.151,75.401,75.026,0
513,2.15,1.5,1.433,3,1.5,1.0,3,3,2,2.0,1,1,3,2,2,1,3,1,3,1.753,1.828,3.0,3.0,2.0,3.0,3,1,3,3,1,1,3,3,2,3,3,3,2,2,3,3,3,2,3,3,3,3,3,2,2,2,1,2,2,1,2,1,2,2,2,1,2,1,2,1,2,1,2,2,2,2,2,1,3,3,3,3,3,3,3,3,2,3,1.728,1.728,1.728,1.678,1.728,1.703,1.653,1.728,Reasonably age-friendly,Less age-friendly,Reasonably age-friendly,Reasonably age-friendly,Reasonably age-friendly,Reasonably age-friendly,Less age-friendly,Less age-friendly,Less age-friendly,Reasonably age-friendly,Less age-friendly,residential,58.666,513:0,0,backward,254,187,58.666,74.901,74.526,75.026,75.026,75.026,75.276,75.026,75.151,75.401,75.026,0
514,1.83,1.0,1.83,3,1.5,1.0,3,3,2,1.0,1,1,1,1,1,1,2,1,3,2.031,2.006,3.0,3.0,2.0,3.0,3,1,3,3,1,1,3,3,1,3,3,1,1,1,3,3,1,1,3,3,3,3,3,2,2,2,1,2,2,1,2,1,2,2,2,1,2,1,2,1,2,1,2,2,2,2,2,1,3,3,3,3,3,3,1,1,1,3,1.956,2.006,1.956,1.756,1.956,1.781,1.731,1.956,Reasonably age-friendly,Reasonably age-friendly,Reasonably age-friendly,Reasonably age-friendly,Reasonably age-friendly,Reasonably age-friendly,Less age-friendly,Less age-friendly,Less age-friendly,Reasonably age-friendly,Less age-friendly,residential,33.748,514:0,0,forward,284,261,33.748,48.592999999999996,48.717999999999996,48.967999999999996,48.717999999999996,48.967999999999996,49.967999999999996,48.967999999999996,49.843,50.092999999999996,48.967999999999996,0
514,1.83,1.0,1.83,3,1.5,1.0,3,3,2,1.0,1,1,1,1,1,1,2,1,3,2.031,2.006,3.0,3.0,2.0,3.0,3,1,3,3,1,1,3,3,1,3,3,1,1,1,3,3,1,1,3,3,3,3,3,2,2,2,1,2,2,1,2,1,2,2,2,1,2,1,2,1,2,1,2,2,2,2,2,1,3,3,3,3,3,3,1,1,1,3,1.956,2.006,1.956,1.756,1.956,1.781,1.731,1.956,Reasonably age-friendly,Reasonably age-friendly,Reasonably age-friendly,Reasonably age-friendly,Reasonably age-friendly,Reasonably age-friendly,Less age-friendly,Less age-friendly,Less age-friendly,Reasonably age-friendly,Less age-friendly,residential,33.748,514:0,0,backward,261,284,33.748,48.592999999999996,48.717999999999996,48.967999999999996,48.717999999999996,48.967999999999996,49.967999999999996,48.967999999999996,49.843,50.092999999999996,48.967999999999996,0
515,2.04,1.5,1.36,3,1.0,3.0,3,3,1,1.0,1,1,3,2,2,1,3,1,3,1.602,1.677,3.0,3.0,2.0,3.0,3,1,3,3,1,1,3,3,2,3,3,3,2,2,3,3,3,2,3,3,3,3,3,2,2,2,1,2,2,1,2,1,2,2,2,1,2,1,2,1,2,1,2,2,2,2,2,1,3,2,2,2,3,2,1,3,1,1,1.477,1.577,1.477,1.427,1.477,1.652,1.502,1.477,Reasonably age-friendly,Less age-friendly,Less age-friendly,Less age-friendly,Reasonably age-friendly,Reasonably age-friendly,Less age-friendly,Less age-friendly,Less age-friendly,Reasonably age-friendly,Less age-friendly,residential,31.516,515:0,0,forward,385,219,22.537017761645792,39.527017761645794,39.152017761645794,40.152017761645794,39.652017761645794,40.152017761645794,40.402017761645794,40.152017761645794,39.277017761645794,40.027017761645794,40.152017761645794,0
515,2.04,1.5,1.36,3,1.0,3.0,3,3,1,1.0,1,1,3,2,2,1,3,1,3,1.602,1.677,3.0,3.0,2.0,3.0,3,1,3,3,1,1,3,3,2,3,3,3,2,2,3,3,3,2,3,3,3,3,3,2,2,2,1,2,2,1,2,1,2,2,2,1,2,1,2,1,2,1,2,2,2,2,2,1,3,2,2,2,3,2,1,3,1,1,1.477,1.577,1.477,1.427,1.477,1.652,1.502,1.477,Reasonably age-friendly,Less age-friendly,Less age-friendly,Less age-friendly,Reasonably age-friendly,Reasonably age-friendly,Less age-friendly,Less age-friendly,Less age-friendly,Reasonably age-friendly,Less age-friendly,residential,31.516,515:0,0,backward,219,385,22.537017761645792,39.527017761645794,39.152017761645794,40.152017761645794,39.652017761645794,40.152017761645794,40.402017761645794,40.152017761645794,39.277017761645794,40.027017761645794,40.152017761645794,0
515,2.04,1.5,1.36,3,1.0,3.0,3,3,1,1.0,1,1,3,2,2,1,3,1,3,1.602,1.677,3.0,3.0,2.0,3.0,3,1,3,3,1,1,3,3,2,3,3,3,2,2,3,3,3,2,3,3,3,3,3,2,2,2,1,2,2,1,2,1,2,2,2,1,2,1,2,1,2,1,2,2,2,2,2,1,3,2,2,2,3,2,1,3,1,1,1.477,1.577,1.477,1.427,1.477,1.652,1.502,1.477,Reasonably age-friendly,Less age-friendly,Less age-friendly,Less age-friendly,Reasonably age-friendly,Reasonably age-friendly,Less age-friendly,Less age-friendly,Less age-friendly,Reasonably age-friendly,Less age-friendly,residential,31.516,515:1,1,forward,218,385,8.978350190835423,25.968350190835423,25.593350190835423,26.593350190835423,26.093350190835423,26.593350190835423,26.843350190835423,26.593350190835423,25.718350190835423,26.468350190835423,26.593350190835423,0
515,2.04,1.5,1.36,3,1.0,3.0,3,3,1,1.0,1,1,3,2,2,1,3,1,3,1.602,1.677,3.0,3.0,2.0,3.0,3,1,3,3,1,1,3,3,2,3,3,3,2,2,3,3,3,2,3,3,3,3,3,2,2,2,1,2,2,1,2,1,2,2,2,1,2,1,2,1,2,1,2,2,2,2,2,1,3,2,2,2,3,2,1,3,1,1,1.477,1.577,1.477,1.427,1.477,1.652,1.502,1.477,Reasonably age-friendly,Less age-friendly,Less age-friendly,Less age-friendly,Reasonably age-friendly,Reasonably age-friendly,Less age-friendly,Less age-friendly,Less age-friendly,Reasonably age-friendly,Less age-friendly,residential,31.516,515:1,1,backward,385,218,8.978350190835423,25.968350190835423,25.593350190835423,26.593350190835423,26.093350190835423,26.593350190835423,26.843350190835423,26.593350190835423,25.718350190835423,26.468350190835423,26.593350190835423,0
516,1.71,1.0,1.71,3,1.5,1.0,3,3,2,1.0,1,1,2,1,1,1,1,1,3,1.947,1.972,3.0,3.0,2.0,3.0,3,1,3,3,1,1,3,3,1,3,3,2,1,1,3,3,2,1,3,3,3,3,3,2,2,2,1,2,2,1,2,1,2,2,2,1,2,1,2,1,2,1,2,2,2,2,2,1,3,3,3,3,1,3,3,3,3,3,1.872,1.922,1.872,1.872,1.872,1.897,1.897,1.872,Reasonably age-friendly,Reasonably age-friendly,Reasonably age-friendly,Reasonably age-friendly,Reasonably age-friendly,Reasonably age-friendly,Reasonably age-friendly,Reasonably age-friendly,Reasonably age-friendly,Reasonably age-friendly,Reasonably age-friendly,residential,80.534,516:0,0,forward,222,386,80.534,95.799,95.674,96.174,95.924,96.174,96.174,96.174,96.049,96.049,96.174,0
516,1.71,1.0,1.71,3,1.5,1.0,3,3,2,1.0,1,1,2,1,1,1,1,1,3,1.947,1.972,3.0,3.0,2.0,3.0,3,1,3,3,1,1,3,3,1,3,3,2,1,1,3,3,2,1,3,3,3,3,3,2,2,2,1,2,2,1,2,1,2,2,2,1,2,1,2,1,2,1,2,2,2,2,2,1,3,3,3,3,1,3,3,3,3,3,1.872,1.922,1.872,1.872,1.872,1.897,1.897,1.872,Reasonably age-friendly,Reasonably age-friendly,Reasonably age-friendly,Reasonably age-friendly,Reasonably age-friendly,Reasonably age-friendly,Reasonably age-friendly,Reasonably age-friendly,Reasonably age-friendly,Reasonably age-friendly,Reasonably age-friendly,residential,80.534,516:0,0,backward,386,222,80.534,95.799,95.674,96.174,95.924,96.174,96.174,96.174,96.049,96.049,96.174,0
517,2.45,1.0,2.45,3,3.0,2.5,3,3,3,3.0,2,2,2,1,1,1,2,2,1,2.515,2.29,3.0,3.0,2.0,3.0,3,2,3,3,2,2,1,3,1,3,3,2,1,1,3,3,2,1,3,3,3,3,3,2,2,2,1,2,2,1,2,1,2,2,2,1,2,1,2,1,2,1,2,2,2,2,2,1,3,2,3,2,2,3,3,1,2,2,2.29,2.39,2.29,2.44,2.29,2.265,2.215,2.29,Reasonably age-friendly,Reasonably age-friendly,Reasonably age-friendly,Reasonably age-friendly,Reasonably age-friendly,Reasonably age-friendly,Reasonably age-friendly,Reasonably age-friendly,Reasonably age-friendly,Reasonably age-friendly,Reasonably age-friendly,residential,205.173,517:0,0,forward,194,195,205.173,217.598,218.723,218.723,218.223,218.723,217.973,218.723,218.848,219.098,218.723,0
517,2.45,1.0,2.45,3,3.0,2.5,3,3,3,3.0,2,2,2,1,1,1,2,2,1,2.515,2.29,3.0,3.0,2.0,3.0,3,2,3,3,2,2,1,3,1,3,3,2,1,1,3,3,2,1,3,3,3,3,3,2,2,2,1,2,2,1,2,1,2,2,2,1,2,1,2,1,2,1,2,2,2,2,2,1,3,2,3,2,2,3,3,1,2,2,2.29,2.39,2.29,2.44,2.29,2.265,2.215,2.29,Reasonably age-friendly,Reasonably age-friendly,Reasonably age-friendly,Reasonably age-friendly,Reasonably age-friendly,Reasonably age-friendly,Reasonably age-friendly,Reasonably age-friendly,Reasonably age-friendly,Reasonably age-friendly,Reasonably age-friendly,residential,205.173,517:0,0,backward,195,194,205.173,217.598,218.723,218.723,218.223,218.723,217.973,218.723,218.848,219.098,218.723,0
518,1.83,1.5,1.22,3,2.5,2.0,1,1,2,3.0,1,1,2,1,1,2,3,3,3,1.604,1.529,3.0,3.0,2.0,3.0,3,3,3,3,3,3,3,3,1,3,3,2,1,1,3,3,2,1,3,3,3,3,3,2,2,2,1,2,2,1,2,1,2,2,2,1,2,1,2,1,2,1,2,2,2,2,2,1,3,3,2,2,3,3,3,3,3,3,1.529,1.679,1.529,1.629,1.529,1.654,1.554,1.529,Reasonably age-friendly,Less age-friendly,Less age-friendly,Less age-friendly,Reasonably age-friendly,Reasonably age-friendly,Less age-friendly,Less age-friendly,Less age-friendly,Reasonably age-friendly,Less age-friendly,residential,82.94,518:0,0,forward,387,217,31.750289125449918,48.730289125449914,49.105289125449914,49.105289125449914,48.355289125449914,49.105289125449914,48.605289125449914,49.105289125449914,48.480289125449914,48.980289125449914,49.105289125449914,0
518,1.83,1.5,1.22,3,2.5,2.0,1,1,2,3.0,1,1,2,1,1,2,3,3,3,1.604,1.529,3.0,3.0,2.0,3.0,3,3,3,3,3,3,3,3,1,3,3,2,1,1,3,3,2,1,3,3,3,3,3,2,2,2,1,2,2,1,2,1,2,2,2,1,2,1,2,1,2,1,2,2,2,2,2,1,3,3,2,2,3,3,3,3,3,3,1.529,1.679,1.529,1.629,1.529,1.654,1.554,1.529,Reasonably age-friendly,Less age-friendly,Less age-friendly,Less age-friendly,Reasonably age-friendly,Reasonably age-friendly,Less age-friendly,Less age-friendly,Less age-friendly,Reasonably age-friendly,Less age-friendly,residential,82.94,518:0,0,backward,217,387,31.750289125449918,48.730289125449914,49.105289125449914,49.105289125449914,48.355289125449914,49.105289125449914,48.605289125449914,49.105289125449914,48.480289125449914,48.980289125449914,49.105289125449914,0
518,1.83,1.5,1.22,3,2.5,2.0,1,1,2,3.0,1,1,2,1,1,2,3,3,3,1.604,1.529,3.0,3.0,2.0,3.0,3,3,3,3,3,3,3,3,1,3,3,2,1,1,3,3,2,1,3,3,3,3,3,2,2,2,1,2,2,1,2,1,2,2,2,1,2,1,2,1,2,1,2,2,2,2,2,1,3,3,2,2,3,3,3,3,3,3,1.529,1.679,1.529,1.629,1.529,1.654,1.554,1.529,Reasonably age-friendly,Less age-friendly,Less age-friendly,Less age-friendly,Reasonably age-friendly,Reasonably age-friendly,Less age-friendly,Less age-friendly,Less age-friendly,Reasonably age-friendly,Less age-friendly,residential,82.94,518:1,1,forward,388,387,32.163233970416535,49.14323397041653,49.51823397041653,49.51823397041653,48.76823397041653,49.51823397041653,49.01823397041653,49.51823397041653,48.89323397041653,49.39323397041653,49.51823397041653,0
518,1.83,1.5,1.22,3,2.5,2.0,1,1,2,3.0,1,1,2,1,1,2,3,3,3,1.604,1.529,3.0,3.0,2.0,3.0,3,3,3,3,3,3,3,3,1,3,3,2,1,1,3,3,2,1,3,3,3,3,3,2,2,2,1,2,2,1,2,1,2,2,2,1,2,1,2,1,2,1,2,2,2,2,2,1,3,3,2,2,3,3,3,3,3,3,1.529,1.679,1.529,1.629,1.529,1.654,1.554,1.529,Reasonably age-friendly,Less age-friendly,Less age-friendly,Less age-friendly,Reasonably age-friendly,Reasonably age-friendly,Less age-friendly,Less age-friendly,Less age-friendly,Reasonably age-friendly,Less age-friendly,residential,82.94,518:1,1,backward,387,388,32.163233970416535,49.14323397041653,49.51823397041653,49.51823397041653,48.76823397041653,49.51823397041653,49.01823397041653,49.51823397041653,48.89323397041653,49.39323397041653,49.51823397041653,0
518,1.83,1.5,1.22,3,2.5,2.0,1,1,2,3.0,1,1,2,1,1,2,3,3,3,1.604,1.529,3.0,3.0,2.0,3.0,3,3,3,3,3,3,3,3,1,3,3,2,1,1,3,3,2,1,3,3,3,3,3,2,2,2,1,2,2,1,2,1,2,2,2,1,2,1,2,1,2,1,2,2,2,2,2,1,3,3,2,2,3,3,3,3,3,3,1.529,1.679,1.529,1.629,1.529,1.654,1.554,1.529,Reasonably age-friendly,Less age-friendly,Less age-friendly,Less age-friendly,Reasonably age-friendly,Reasonably age-friendly,Less age-friendly,Less age-friendly,Less age-friendly,Reasonably age-friendly,Less age-friendly,residential,82.94,518:2,2,forward,216,388,19.02492815175623,36.00492815175623,36.37992815175623,36.37992815175623,35.62992815175623,36.37992815175623,35.87992815175623,36.37992815175623,35.75492815175623,36.25492815175623,36.37992815175623,0
518,1.83,1.5,1.22,3,2.5,2.0,1,1,2,3.0,1,1,2,1,1,2,3,3,3,1.604,1.529,3.0,3.0,2.0,3.0,3,3,3,3,3,3,3,3,1,3,3,2,1,1,3,3,2,1,3,3,3,3,3,2,2,2,1,2,2,1,2,1,2,2,2,1,2,1,2,1,2,1,2,2,2,2,2,1,3,3,2,2,3,3,3,3,3,3,1.529,1.679,1.529,1.629,1.529,1.654,1.554,1.529,Reasonably age-friendly,Less age-friendly,Less age-friendly,Less age-friendly,Reasonably age-friendly,Reasonably age-friendly,Less age-friendly,Less age-friendly,Less age-friendly,Reasonably age-friendly,Less age-friendly,residential,82.94,518:2,2,backward,388,216,19.02492815175623,36.00492815175623,36.37992815175623,36.37992815175623,35.62992815175623,36.37992815175623,35.87992815175623,36.37992815175623,35.75492815175623,36.25492815175623,36.37992815175623,0
519,1.8,1.5,1.2,3,1.0,3.0,3,3,1,1.0,1,1,3,2,2,1,1,1,2,1.59,1.515,3.0,3.0,2.0,3.0,3,1,3,3,1,1,2,3,2,3,3,3,2,2,3,3,3,2,3,3,3,3,3,2,2,2,1,2,2,1,2,1,2,2,2,1,2,1,2,1,2,1,2,2,2,2,2,1,3,3,3,2,3,3,3,3,3,3,1.565,1.565,1.565,1.515,1.565,1.54,1.54,1.565,Reasonably age-friendly,Reasonably age-friendly,Reasonably age-friendly,Reasonably age-friendly,Reasonably age-friendly,Reasonably age-friendly,Reasonably age-friendly,Reasonably age-friendly,Reasonably age-friendly,Reasonably age-friendly,Less age-friendly,residential,27.802,519:0,0,forward,216,208,27.802,44.852000000000004,45.227000000000004,44.977000000000004,44.977000000000004,44.977000000000004,45.227000000000004,44.977000000000004,45.102000000000004,45.102000000000004,44.977000000000004,0
519,1.8,1.5,1.2,3,1.0,3.0,3,3,1,1.0,1,1,3,2,2,1,1,1,2,1.59,1.515,3.0,3.0,2.0,3.0,3,1,3,3,1,1,2,3,2,3,3,3,2,2,3,3,3,2,3,3,3,3,3,2,2,2,1,2,2,1,2,1,2,2,2,1,2,1,2,1,2,1,2,2,2,2,2,1,3,3,3,2,3,3,3,3,3,3,1.565,1.565,1.565,1.515,1.565,1.54,1.54,1.565,Reasonably age-friendly,Reasonably age-friendly,Reasonably age-friendly,Reasonably age-friendly,Reasonably age-friendly,Reasonably age-friendly,Reasonably age-friendly,Reasonably age-friendly,Reasonably age-friendly,Reasonably age-friendly,Less age-friendly,residential,27.802,519:0,0,backward,208,216,27.802,44.852000000000004,45.227000000000004,44.977000000000004,44.977000000000004,44.977000000000004,45.227000000000004,44.977000000000004,45.102000000000004,45.102000000000004,44.977000000000004,0
520,2.08,1.0,2.08,3,3.0,3.0,2,2,3,2.0,3,1,2,1,1,1,1,1,1,2.206,2.031,3.0,3.0,2.0,3.0,3,1,3,3,1,1,1,3,1,3,3,2,1,1,3,3,2,1,3,3,3,3,3,2,2,2,1,2,2,1,2,1,2,2,2,1,2,1,2,1,2,1,2,2,2,2,2,1,3,2,3,2,3,2,3,3,3,2,2.031,2.081,2.031,2.131,2.031,2.156,2.056,2.031,Reasonably age-friendly,Reasonably age-friendly,Reasonably age-friendly,Reasonably age-friendly,Reasonably age-friendly,Reasonably age-friendly,Reasonably age-friendly,Reasonably age-friendly,Reasonably age-friendly,Reasonably age-friendly,Less age-friendly,residential,82.418,520:0,0,forward,198,199,82.418,96.388,97.263,97.263,97.013,97.263,96.763,97.263,96.638,97.138,97.263,0
520,2.08,1.0,2.08,3,3.0,3.0,2,2,3,2.0,3,1,2,1,1,1,1,1,1,2.206,2.031,3.0,3.0,2.0,3.0,3,1,3,3,1,1,1,3,1,3,3,2,1,1,3,3,2,1,3,3,3,3,3,2,2,2,1,2,2,1,2,1,2,2,2,1,2,1,2,1,2,1,2,2,2,2,2,1,3,2,3,2,3,2,3,3,3,2,2.031,2.081,2.031,2.131,2.031,2.156,2.056,2.031,Reasonably age-friendly,Reasonably age-friendly,Reasonably age-friendly,Reasonably age-friendly,Reasonably age-friendly,Reasonably age-friendly,Reasonably age-friendly,Reasonably age-friendly,Reasonably age-friendly,Reasonably age-friendly,Less age-friendly,residential,82.418,520:0,0,backward,199,198,82.418,96.388,97.263,97.263,97.013,97.263,96.763,97.263,96.638,97.138,97.263,0
521,2.23,1.0,2.23,3,2.5,2.0,3,3,2,3.0,1,1,2,1,1,1,3,3,3,2.411,2.236,3.0,3.0,2.0,3.0,3,3,3,3,3,3,3,3,1,3,3,2,1,1,3,3,2,1,3,3,3,3,3,2,2,2,1,2,2,1,2,1,2,2,2,1,2,1,2,1,2,1,2,2,2,2,2,1,3,2,3,2,2,3,3,3,2,2,2.136,2.286,2.136,2.336,2.136,2.361,2.161,2.136,Reasonably age-friendly,Reasonably age-friendly,Reasonably age-friendly,Less age-friendly,Reasonably age-friendly,Reasonably age-friendly,Reasonably age-friendly,Reasonably age-friendly,Less age-friendly,Reasonably age-friendly,Less age-friendly,residential,98.685,521:0,0,forward,221,222,98.685,111.63,112.505,113.005,112.255,113.005,112.005,113.005,111.88,112.88,113.005,0
521,2.23,1.0,2.23,3,2.5,2.0,3,3,2,3.0,1,1,2,1,1,1,3,3,3,2.411,2.236,3.0,3.0,2.0,3.0,3,3,3,3,3,3,3,3,1,3,3,2,1,1,3,3,2,1,3,3,3,3,3,2,2,2,1,2,2,1,2,1,2,2,2,1,2,1,2,1,2,1,2,2,2,2,2,1,3,2,3,2,2,3,3,3,2,2,2.136,2.286,2.136,2.336,2.136,2.361,2.161,2.136,Reasonably age-friendly,Reasonably age-friendly,Reasonably age-friendly,Less age-friendly,Reasonably age-friendly,Reasonably age-friendly,Reasonably age-friendly,Reasonably age-friendly,Less age-friendly,Reasonably age-friendly,Less age-friendly,residential,98.685,521:0,0,backward,222,221,98.685,111.63,112.505,113.005,112.255,113.005,112.005,113.005,111.88,112.88,113.005,0
522,2.04,1.5,1.36,3,1.0,3.0,3,3,1,1.0,1,1,3,2,2,1,3,1,3,1.702,1.677,3.0,3.0,2.0,3.0,3,2,3,3,2,1,3,3,2,3,3,3,2,2,3,3,3,2,3,3,3,3,3,2,2,2,1,2,2,1,2,1,2,2,2,1,2,1,2,1,2,1,2,2,2,2,2,1,3,2,3,2,2,3,3,1,2,2,1.577,1.627,1.577,1.677,1.577,1.452,1.602,1.577,Reasonably age-friendly,Less age-friendly,Less age-friendly,Less age-friendly,Reasonably age-friendly,Reasonably age-friendly,Less age-friendly,Less age-friendly,Less age-friendly,Reasonably age-friendly,Less age-friendly,residential,23.311,522:0,0,forward,196,221,23.311,39.801,39.926,40.426,40.176,40.426,39.926,40.426,41.051,40.301,40.426,0
522,2.04,1.5,1.36,3,1.0,3.0,3,3,1,1.0,1,1,3,2,2,1,3,1,3,1.702,1.677,3.0,3.0,2.0,3.0,3,2,3,3,2,1,3,3,2,3,3,3,2,2,3,3,3,2,3,3,3,3,3,2,2,2,1,2,2,1,2,1,2,2,2,1,2,1,2,1,2,1,2,2,2,2,2,1,3,2,3,2,2,3,3,1,2,2,1.577,1.627,1.577,1.677,1.577,1.452,1.602,1.577,Reasonably age-friendly,Less age-friendly,Less age-friendly,Less age-friendly,Reasonably age-friendly,Reasonably age-friendly,Less age-friendly,Less age-friendly,Less age-friendly,Reasonably age-friendly,Less age-friendly,residential,23.311,522:0,0,backward,221,196,23.311,39.801,39.926,40.426,40.176,40.426,39.926,40.426,41.051,40.301,40.426,0
523,2.15,1.0,2.15,3,1.5,1.0,3,3,2,1.0,2,1,2,2,1,1,3,1,1,2.255,2.18,3.0,3.0,2.0,3.0,3,1,3,3,1,1,1,3,1,3,3,2,1,1,3,3,2,1,3,3,3,3,3,2,2,2,1,2,2,1,2,1,2,2,2,1,2,1,2,1,2,1,2,2,2,2,2,1,3,3,3,3,3,3,3,1,3,2,2.08,2.23,2.08,2.18,2.08,2.005,2.105,2.08,Reasonably age-friendly,Less age-friendly,Reasonably age-friendly,Less age-friendly,Reasonably age-friendly,Reasonably age-friendly,Less age-friendly,Less age-friendly,Less age-friendly,Reasonably age-friendly,Less age-friendly,residential,28.472,523:0,0,forward,197,389,28.472,42.197,42.572,43.072,42.322,43.072,42.572,43.072,43.447,42.947,43.072,0
523,2.15,1.0,2.15,3,1.5,1.0,3,3,2,1.0,2,1,2,2,1,1,3,1,1,2.255,2.18,3.0,3.0,2.0,3.0,3,1,3,3,1,1,1,3,1,3,3,2,1,1,3,3,2,1,3,3,3,3,3,2,2,2,1,2,2,1,2,1,2,2,2,1,2,1,2,1,2,1,2,2,2,2,2,1,3,3,3,3,3,3,3,1,3,2,2.08,2.23,2.08,2.18,2.08,2.005,2.105,2.08,Reasonably age-friendly,Less age-friendly,Reasonably age-friendly,Less age-friendly,Reasonably age-friendly,Reasonably age-friendly,Less age-friendly,Less age-friendly,Less age-friendly,Reasonably age-friendly,Less age-friendly,residential,28.472,523:0,0,backward,389,197,28.472,42.197,42.572,43.072,42.322,43.072,42.572,43.072,43.447,42.947,43.072,0
524,1.91,1.0,1.91,3,1.5,1.0,3,3,2,2.0,1,1,3,1,1,1,2,1,1,2.087,2.062,3.0,3.0,2.0,3.0,3,1,3,3,1,1,1,3,2,3,3,3,2,2,3,3,3,2,3,3,3,3,3,2,2,2,1,2,2,1,2,1,2,2,2,1,2,1,2,1,2,1,2,2,2,2,2,1,3,3,3,3,3,3,3,3,3,3,2.062,2.062,2.062,2.012,2.062,2.037,1.987,2.062,Reasonably age-friendly,Reasonably age-friendly,Reasonably age-friendly,Reasonably age-friendly,Reasonably age-friendly,Reasonably age-friendly,Reasonably age-friendly,Reasonably age-friendly,Reasonably age-friendly,Reasonably age-friendly,Less age-friendly,residential,28.013,524:0,0,forward,389,390,28.013,42.578,42.703,42.703,42.703,42.703,42.953,42.703,42.828,43.078,42.703,0
524,1.91,1.0,1.91,3,1.5,1.0,3,3,2,2.0,1,1,3,1,1,1,2,1,1,2.087,2.062,3.0,3.0,2.0,3.0,3,1,3,3,1,1,1,3,2,3,3,3,2,2,3,3,3,2,3,3,3,3,3,2,2,2,1,2,2,1,2,1,2,2,2,1,2,1,2,1,2,1,2,2,2,2,2,1,3,3,3,3,3,3,3,3,3,3,2.062,2.062,2.062,2.012,2.062,2.037,1.987,2.062,Reasonably age-friendly,Reasonably age-friendly,Reasonably age-friendly,Reasonably age-friendly,Reasonably age-friendly,Reasonably age-friendly,Reasonably age-friendly,Reasonably age-friendly,Reasonably age-friendly,Reasonably age-friendly,Less age-friendly,residential,28.013,524:0,0,backward,390,389,28.013,42.578,42.703,42.703,42.703,42.703,42.953,42.703,42.828,43.078,42.703,0
525,1.99,1.0,1.99,3,1.5,1.0,3,3,2,1.5,1,1,2,1,1,1,3,1,1,2.043,1.968,3.0,3.0,2.0,3.0,3,1,3,3,1,1,1,3,1,3,3,2,1,1,3,3,2,1,3,3,3,3,3,2,2,2,1,2,2,1,2,1,2,2,2,1,2,1,2,1,2,1,2,2,2,2,2,1,3,3,2,2,2,3,3,3,3,3,2.068,2.118,2.068,2.068,2.068,2.093,1.993,2.068,Reasonably age-friendly,Less age-friendly,Less age-friendly,Less age-friendly,Reasonably age-friendly,Reasonably age-friendly,Less age-friendly,Less age-friendly,Less age-friendly,Reasonably age-friendly,Less age-friendly,residential,28.847,525:0,0,forward,390,196,28.847,43.632000000000005,44.007000000000005,43.507000000000005,43.257000000000005,43.507000000000005,43.507000000000005,43.507000000000005,43.382000000000005,43.882,43.507000000000005,0
525,1.99,1.0,1.99,3,1.5,1.0,3,3,2,1.5,1,1,2,1,1,1,3,1,1,2.043,1.968,3.0,3.0,2.0,3.0,3,1,3,3,1,1,1,3,1,3,3,2,1,1,3,3,2,1,3,3,3,3,3,2,2,2,1,2,2,1,2,1,2,2,2,1,2,1,2,1,2,1,2,2,2,2,2,1,3,3,2,2,2,3,3,3,3,3,2.068,2.118,2.068,2.068,2.068,2.093,1.993,2.068,Reasonably age-friendly,Less age-friendly,Less age-friendly,Less age-friendly,Reasonably age-friendly,Reasonably age-friendly,Less age-friendly,Less age-friendly,Less age-friendly,Reasonably age-friendly,Less age-friendly,residential,28.847,525:0,0,backward,196,390,28.847,43.632000000000005,44.007000000000005,43.507000000000005,43.257000000000005,43.507000000000005,43.507000000000005,43.507000000000005,43.382000000000005,43.882,43.507000000000005,0
526,2.03,1.0,2.03,3,1.5,1.0,3,3,2,2.5,2,1,2,1,1,1,2,1,3,2.171,2.196,3.0,3.0,2.0,3.0,3,1,3,3,1,1,3,3,1,3,3,2,1,1,3,3,2,1,3,3,3,3,3,2,2,2,1,2,2,1,2,1,2,2,2,1,2,1,2,1,2,1,2,2,2,2,2,1,3,3,3,3,3,3,3,3,3,3,2.096,2.146,2.096,2.096,2.096,2.121,2.121,2.096,Reasonably age-friendly,Reasonably age-friendly,Reasonably age-friendly,Reasonably age-friendly,Reasonably age-friendly,Reasonably age-friendly,Reasonably age-friendly,Reasonably age-friendly,Reasonably age-friendly,Reasonably age-friendly,Less age-friendly,residential,57.407,526:0,0,forward,390,391,57.407,71.55199999999999,71.42699999999999,71.92699999999999,71.67699999999999,71.92699999999999,71.92699999999999,71.92699999999999,71.80199999999999,71.80199999999999,71.92699999999999,0
526,2.03,1.0,2.03,3,1.5,1.0,3,3,2,2.5,2,1,2,1,1,1,2,1,3,2.171,2.196,3.0,3.0,2.0,3.0,3,1,3,3,1,1,3,3,1,3,3,2,1,1,3,3,2,1,3,3,3,3,3,2,2,2,1,2,2,1,2,1,2,2,2,1,2,1,2,1,2,1,2,2,2,2,2,1,3,3,3,3,3,3,3,3,3,3,2.096,2.146,2.096,2.096,2.096,2.121,2.121,2.096,Reasonably age-friendly,Reasonably age-friendly,Reasonably age-friendly,Reasonably age-friendly,Reasonably age-friendly,Reasonably age-friendly,Reasonably age-friendly,Reasonably age-friendly,Reasonably age-friendly,Reasonably age-friendly,Less age-friendly,residential,57.407,526:0,0,backward,391,390,57.407,71.55199999999999,71.42699999999999,71.92699999999999,71.67699999999999,71.92699999999999,71.92699999999999,71.92699999999999,71.80199999999999,71.80199999999999,71.92699999999999,0
527,1.91,1.0,1.91,3,1.5,1.0,3,3,2,2.0,1,1,2,1,1,1,2,3,3,2.087,2.112,3.0,3.0,2.0,3.0,3,2,3,3,2,3,3,3,1,3,3,2,1,1,3,3,2,1,3,3,3,3,3,2,2,2,1,2,2,1,2,1,2,2,2,1,2,1,2,1,2,1,2,2,2,2,2,1,3,3,2,3,3,3,3,3,3,3,2.012,2.112,2.012,2.062,2.012,2.137,2.037,2.012,Reasonably age-friendly,Reasonably age-friendly,Reasonably age-friendly,Reasonably age-friendly,Reasonably age-friendly,Reasonably age-friendly,Reasonably age-friendly,Reasonably age-friendly,Reasonably age-friendly,Reasonably age-friendly,Less age-friendly,residential,109.805,527:0,0,forward,391,392,109.805,124.37,124.245,124.745,124.245,124.745,124.495,124.745,124.12,124.62,124.745,0
527,1.91,1.0,1.91,3,1.5,1.0,3,3,2,2.0,1,1,2,1,1,1,2,3,3,2.087,2.112,3.0,3.0,2.0,3.0,3,2,3,3,2,3,3,3,1,3,3,2,1,1,3,3,2,1,3,3,3,3,3,2,2,2,1,2,2,1,2,1,2,2,2,1,2,1,2,1,2,1,2,2,2,2,2,1,3,3,2,3,3,3,3,3,3,3,2.012,2.112,2.012,2.062,2.012,2.137,2.037,2.012,Reasonably age-friendly,Reasonably age-friendly,Reasonably age-friendly,Reasonably age-friendly,Reasonably age-friendly,Reasonably age-friendly,Reasonably age-friendly,Reasonably age-friendly,Reasonably age-friendly,Reasonably age-friendly,Less age-friendly,residential,109.805,527:0,0,backward,392,391,109.805,124.37,124.245,124.745,124.245,124.745,124.495,124.745,124.12,124.62,124.745,0
528,2.11,1.0,2.11,3,1.5,1.0,3,3,2,2.0,2,1,2,1,1,1,3,1,3,2.127,2.252,3.0,3.0,2.0,3.0,3,1,3,3,1,1,3,3,1,3,3,2,1,1,3,3,2,1,3,3,3,3,3,2,2,2,1,2,2,1,2,1,2,2,2,1,2,1,2,1,2,1,2,2,2,2,2,1,3,3,2,3,3,3,3,3,3,3,2.152,2.202,2.152,2.152,2.152,2.177,2.177,2.152,Reasonably age-friendly,Less age-friendly,Less age-friendly,Reasonably age-friendly,Reasonably age-friendly,Reasonably age-friendly,Less age-friendly,Less age-friendly,Less age-friendly,Reasonably age-friendly,Less age-friendly,residential,59.694,528:0,0,forward,391,393,59.694,74.059,73.434,73.934,73.684,73.934,73.934,73.934,73.809,73.809,73.934,0
528,2.11,1.0,2.11,3,1.5,1.0,3,3,2,2.0,2,1,2,1,1,1,3,1,3,2.127,2.252,3.0,3.0,2.0,3.0,3,1,3,3,1,1,3,3,1,3,3,2,1,1,3,3,2,1,3,3,3,3,3,2,2,2,1,2,2,1,2,1,2,2,2,1,2,1,2,1,2,1,2,2,2,2,2,1,3,3,2,3,3,3,3,3,3,3,2.152,2.202,2.152,2.152,2.152,2.177,2.177,2.152,Reasonably age-friendly,Less age-friendly,Less age-friendly,Reasonably age-friendly,Reasonably age-friendly,Reasonably age-friendly,Less age-friendly,Less age-friendly,Less age-friendly,Reasonably age-friendly,Less age-friendly,residential,59.694,528:0,0,backward,393,391,59.694,74.059,73.434,73.934,73.684,73.934,73.934,73.934,73.809,73.809,73.934,0
529,1.99,1.0,1.99,3,1.5,1.0,3,3,2,1.5,1,1,2,1,1,1,3,1,2,2.143,2.118,3.0,3.0,2.0,3.0,3,1,3,3,1,1,2,3,1,3,3,2,1,1,3,3,2,1,3,3,3,3,3,2,2,2,1,2,2,1,2,1,2,2,2,1,2,1,2,1,2,1,2,2,2,2,2,1,3,3,3,3,3,3,3,3,3,3,2.068,2.118,2.068,2.068,2.068,2.093,2.043,2.068,Reasonably age-friendly,Less age-friendly,Less age-friendly,Less age-friendly,Reasonably age-friendly,Reasonably age-friendly,Less age-friendly,Less age-friendly,Less age-friendly,Reasonably age-friendly,Less age-friendly,residential,75.036,529:0,0,forward,389,394,75.036,89.321,89.446,89.696,89.446,89.696,89.696,89.696,89.571,89.821,89.696,0
529,1.99,1.0,1.99,3,1.5,1.0,3,3,2,1.5,1,1,2,1,1,1,3,1,2,2.143,2.118,3.0,3.0,2.0,3.0,3,1,3,3,1,1,2,3,1,3,3,2,1,1,3,3,2,1,3,3,3,3,3,2,2,2,1,2,2,1,2,1,2,2,2,1,2,1,2,1,2,1,2,2,2,2,2,1,3,3,3,3,3,3,3,3,3,3,2.068,2.118,2.068,2.068,2.068,2.093,2.043,2.068,Reasonably age-friendly,Less age-friendly,Less age-friendly,Less age-friendly,Reasonably age-friendly,Reasonably age-friendly,Less age-friendly,Less age-friendly,Less age-friendly,Reasonably age-friendly,Less age-friendly,residential,75.036,529:0,0,backward,394,389,75.036,89.321,89.446,89.696,89.446,89.696,89.696,89.696,89.571,89.821,89.696,0
530,1.87,1.0,1.87,3,1.5,1.0,3,3,2,1.5,1,1,3,2,1,1,1,1,2,2.059,2.084,3.0,3.0,2.0,3.0,3,1,3,3,1,1,2,3,2,3,3,3,2,2,3,3,3,2,3,3,3,3,3,2,2,2,1,2,2,1,2,1,2,2,2,1,2,1,2,1,2,1,2,2,2,2,2,1,3,3,3,3,3,3,3,3,3,3,2.034,2.034,2.034,1.984,2.034,2.009,2.009,2.034,Reasonably age-friendly,Reasonably age-friendly,Reasonably age-friendly,Reasonably age-friendly,Reasonably age-friendly,Reasonably age-friendly,Reasonably age-friendly,Reasonably age-friendly,Reasonably age-friendly,Reasonably age-friendly,Reasonably age-friendly,residential,48.702,530:0,0,forward,394,395,48.702,63.407,63.282,63.532,63.532,63.532,63.782,63.532,63.657,63.657,63.532,0
530,1.87,1.0,1.87,3,1.5,1.0,3,3,2,1.5,1,1,3,2,1,1,1,1,2,2.059,2.084,3.0,3.0,2.0,3.0,3,1,3,3,1,1,2,3,2,3,3,3,2,2,3,3,3,2,3,3,3,3,3,2,2,2,1,2,2,1,2,1,2,2,2,1,2,1,2,1,2,1,2,2,2,2,2,1,3,3,3,3,3,3,3,3,3,3,2.034,2.034,2.034,1.984,2.034,2.009,2.009,2.034,Reasonably age-friendly,Reasonably age-friendly,Reasonably age-friendly,Reasonably age-friendly,Reasonably age-friendly,Reasonably age-friendly,Reasonably age-friendly,Reasonably age-friendly,Reasonably age-friendly,Reasonably age-friendly,Reasonably age-friendly,residential,48.702,530:0,0,backward,395,394,48.702,63.407,63.282,63.532,63.532,63.532,63.782,63.532,63.657,63.657,63.532,0
531,1.87,1.0,1.87,3,1.5,1.0,3,3,2,1.5,1,1,3,2,1,1,1,1,2,2.059,1.984,3.0,3.0,2.0,3.0,3,1,3,3,1,1,2,3,2,3,3,3,2,2,3,3,3,2,3,3,3,3,3,2,2,2,1,2,2,1,2,1,2,2,2,1,2,1,2,1,2,1,2,2,2,2,2,1,3,3,3,2,3,3,3,3,3,3,2.034,2.034,2.034,1.984,2.034,2.009,2.009,2.034,Reasonably age-friendly,Reasonably age-friendly,Reasonably age-friendly,Reasonably age-friendly,Reasonably age-friendly,Reasonably age-friendly,Reasonably age-friendly,Reasonably age-friendly,Reasonably age-friendly,Reasonably age-friendly,Reasonably age-friendly,residential,7.119,531:0,0,forward,395,202,7.119,21.823999999999998,22.198999999999998,21.949,21.949,21.949,22.198999999999998,21.949,22.073999999999998,22.073999999999998,21.949,0
531,1.87,1.0,1.87,3,1.5,1.0,3,3,2,1.5,1,1,3,2,1,1,1,1,2,2.059,1.984,3.0,3.0,2.0,3.0,3,1,3,3,1,1,2,3,2,3,3,3,2,2,3,3,3,2,3,3,3,3,3,2,2,2,1,2,2,1,2,1,2,2,2,1,2,1,2,1,2,1,2,2,2,2,2,1,3,3,3,2,3,3,3,3,3,3,2.034,2.034,2.034,1.984,2.034,2.009,2.009,2.034,Reasonably age-friendly,Reasonably age-friendly,Reasonably age-friendly,Reasonably age-friendly,Reasonably age-friendly,Reasonably age-friendly,Reasonably age-friendly,Reasonably age-friendly,Reasonably age-friendly,Reasonably age-friendly,Reasonably age-friendly,residential,7.119,531:0,0,backward,202,395,7.119,21.823999999999998,22.198999999999998,21.949,21.949,21.949,22.198999999999998,21.949,22.073999999999998,22.073999999999998,21.949,0
532,1.91,1.0,1.91,3,1.5,1.0,3,3,2,1.0,2,1,2,1,1,1,2,1,2,2.087,1.962,3.0,3.0,2.0,3.0,3,1,3,3,1,1,2,3,1,3,3,2,1,1,3,3,2,1,3,3,3,3,3,2,2,2,1,2,2,1,2,1,2,2,2,1,2,1,2,1,2,1,2,2,2,2,2,1,2,3,3,2,3,3,3,3,3,3,2.012,2.062,2.012,2.012,2.012,2.037,1.987,2.012,Reasonably age-friendly,Reasonably age-friendly,Reasonably age-friendly,Reasonably age-friendly,Reasonably age-friendly,Reasonably age-friendly,Reasonably age-friendly,Reasonably age-friendly,Reasonably age-friendly,Reasonably age-friendly,Less age-friendly,residential,107.533,532:0,0,forward,395,396,107.533,122.098,122.723,122.473,122.223,122.473,122.473,122.473,122.348,122.598,122.473,0
532,1.91,1.0,1.91,3,1.5,1.0,3,3,2,1.0,2,1,2,1,1,1,2,1,2,2.087,1.962,3.0,3.0,2.0,3.0,3,1,3,3,1,1,2,3,1,3,3,2,1,1,3,3,2,1,3,3,3,3,3,2,2,2,1,2,2,1,2,1,2,2,2,1,2,1,2,1,2,1,2,2,2,2,2,1,2,3,3,2,3,3,3,3,3,3,2.012,2.062,2.012,2.012,2.012,2.037,1.987,2.012,Reasonably age-friendly,Reasonably age-friendly,Reasonably age-friendly,Reasonably age-friendly,Reasonably age-friendly,Reasonably age-friendly,Reasonably age-friendly,Reasonably age-friendly,Reasonably age-friendly,Reasonably age-friendly,Less age-friendly,residential,107.533,532:0,0,backward,396,395,107.533,122.098,122.723,122.473,122.223,122.473,122.473,122.473,122.348,122.598,122.473,0
533,2.25,1.0,2.25,2,3.0,2.5,3,3,1,3.0,3,1,2,1,1,1,3,3,3,2.425,2.35,3.0,3.0,2.0,3.0,3,2,3,3,2,3,3,3,1,3,3,2,1,1,3,3,2,1,3,3,3,3,3,2,2,2,1,2,2,1,2,1,2,2,2,1,2,1,2,1,2,1,2,2,2,2,2,1,3,3,3,3,3,3,3,3,3,3,2.25,2.35,2.25,2.3,2.25,2.375,2.275,2.25,Reasonably age-friendly,Less age-friendly,Less age-friendly,Less age-friendly,Reasonably age-friendly,Reasonably age-friendly,Less age-friendly,Less age-friendly,Less age-friendly,Reasonably age-friendly,Less age-friendly,residential,78.675,533:0,0,forward,397,398,78.675,91.55,91.925,92.425,91.925,92.425,92.175,92.425,91.8,92.3,92.425,0
533,2.25,1.0,2.25,2,3.0,2.5,3,3,1,3.0,3,1,2,1,1,1,3,3,3,2.425,2.35,3.0,3.0,2.0,3.0,3,2,3,3,2,3,3,3,1,3,3,2,1,1,3,3,2,1,3,3,3,3,3,2,2,2,1,2,2,1,2,1,2,2,2,1,2,1,2,1,2,1,2,2,2,2,2,1,3,3,3,3,3,3,3,3,3,3,2.25,2.35,2.25,2.3,2.25,2.375,2.275,2.25,Reasonably age-friendly,Less age-friendly,Less age-friendly,Less age-friendly,Reasonably age-friendly,Reasonably age-friendly,Less age-friendly,Less age-friendly,Less age-friendly,Reasonably age-friendly,Less age-friendly,residential,78.675,533:0,0,backward,398,397,78.675,91.55,91.925,92.425,91.925,92.425,92.175,92.425,91.8,92.3,92.425,0
534,2.15,1.0,2.15,3,1.5,1.0,3,3,2,3.0,3,1,3,2,1,1,1,3,3,2.355,2.33,3.0,3.0,2.0,3.0,3,2,3,3,2,3,3,3,2,3,3,3,2,2,3,3,3,2,3,3,3,3,3,2,2,2,1,2,2,1,2,1,2,2,2,1,2,1,2,1,2,1,2,2,2,2,2,1,3,3,3,3,3,3,3,3,3,3,2.23,2.28,2.23,2.23,2.23,2.305,2.255,2.23,Reasonably age-friendly,Reasonably age-friendly,Reasonably age-friendly,Reasonably age-friendly,Reasonably age-friendly,Reasonably age-friendly,Reasonably age-friendly,Reasonably age-friendly,Reasonably age-friendly,Reasonably age-friendly,Reasonably age-friendly,residential,76.234,534:0,0,forward,398,399,76.234,89.45899999999999,89.58399999999999,90.08399999999999,89.834,90.08399999999999,90.08399999999999,90.08399999999999,89.70899999999999,89.959,90.08399999999999,0
534,2.15,1.0,2.15,3,1.5,1.0,3,3,2,3.0,3,1,3,2,1,1,1,3,3,2.355,2.33,3.0,3.0,2.0,3.0,3,2,3,3,2,3,3,3,2,3,3,3,2,2,3,3,3,2,3,3,3,3,3,2,2,2,1,2,2,1,2,1,2,2,2,1,2,1,2,1,2,1,2,2,2,2,2,1,3,3,3,3,3,3,3,3,3,3,2.23,2.28,2.23,2.23,2.23,2.305,2.255,2.23,Reasonably age-friendly,Reasonably age-friendly,Reasonably age-friendly,Reasonably age-friendly,Reasonably age-friendly,Reasonably age-friendly,Reasonably age-friendly,Reasonably age-friendly,Reasonably age-friendly,Reasonably age-friendly,Reasonably age-friendly,residential,76.234,534:0,0,backward,399,398,76.234,89.45899999999999,89.58399999999999,90.08399999999999,89.834,90.08399999999999,90.08399999999999,90.08399999999999,89.70899999999999,89.959,90.08399999999999,0
535,2.25,1.0,2.25,2,3.0,2.5,3,3,3,3.0,3,1,2,1,1,1,1,3,2,2.425,2.3,3.0,3.0,2.0,3.0,3,2,3,3,2,3,2,3,1,3,3,2,1,1,3,3,2,1,3,3,3,3,3,2,2,2,1,2,2,1,2,1,2,2,2,1,2,1,2,1,2,1,2,2,2,2,2,1,3,3,3,3,3,3,3,3,3,3,2.25,2.35,2.25,2.3,2.25,2.375,2.225,2.25,Reasonably age-friendly,Reasonably age-friendly,Reasonably age-friendly,Reasonably age-friendly,Reasonably age-friendly,Reasonably age-friendly,Reasonably age-friendly,Reasonably age-friendly,Reasonably age-friendly,Reasonably age-friendly,Less age-friendly,residential,65.338,535:0,0,forward,398,400,65.338,78.213,78.838,79.088,78.588,79.088,78.838,79.088,78.463,79.213,79.088,0
535,2.25,1.0,2.25,2,3.0,2.5,3,3,3,3.0,3,1,2,1,1,1,1,3,2,2.425,2.3,3.0,3.0,2.0,3.0,3,2,3,3,2,3,2,3,1,3,3,2,1,1,3,3,2,1,3,3,3,3,3,2,2,2,1,2,2,1,2,1,2,2,2,1,2,1,2,1,2,1,2,2,2,2,2,1,3,3,3,3,3,3,3,3,3,3,2.25,2.35,2.25,2.3,2.25,2.375,2.225,2.25,Reasonably age-friendly,Reasonably age-friendly,Reasonably age-friendly,Reasonably age-friendly,Reasonably age-friendly,Reasonably age-friendly,Reasonably age-friendly,Reasonably age-friendly,Reasonably age-friendly,Reasonably age-friendly,Less age-friendly,residential,65.338,535:0,0,backward,400,398,65.338,78.213,78.838,79.088,78.588,79.088,78.838,79.088,78.463,79.213,79.088,0
536,2.03,1.0,2.03,3,1.5,1.0,3,3,2,1.0,2,1,1,1,1,1,3,1,3,2.071,2.046,3.0,3.0,2.0,3.0,3,1,3,3,1,1,3,3,1,3,3,1,1,1,3,3,1,1,3,3,3,3,3,2,2,2,1,2,2,1,2,1,2,2,2,1,2,1,2,1,2,1,2,2,2,2,2,1,3,3,2,2,2,3,3,3,3,2,1.996,2.146,1.996,2.096,1.996,2.121,2.071,1.996,Reasonably age-friendly,Less age-friendly,Less age-friendly,Less age-friendly,Reasonably age-friendly,Reasonably age-friendly,Less age-friendly,Less age-friendly,Less age-friendly,Reasonably age-friendly,Less age-friendly,residential,24.918,536:0,0,forward,183,401,24.918,39.563,39.688,39.938,39.188,39.938,39.438,39.938,39.313,39.563,39.938,0
536,2.03,1.0,2.03,3,1.5,1.0,3,3,2,1.0,2,1,1,1,1,1,3,1,3,2.071,2.046,3.0,3.0,2.0,3.0,3,1,3,3,1,1,3,3,1,3,3,1,1,1,3,3,1,1,3,3,3,3,3,2,2,2,1,2,2,1,2,1,2,2,2,1,2,1,2,1,2,1,2,2,2,2,2,1,3,3,2,2,2,3,3,3,3,2,1.996,2.146,1.996,2.096,1.996,2.121,2.071,1.996,Reasonably age-friendly,Less age-friendly,Less age-friendly,Less age-friendly,Reasonably age-friendly,Reasonably age-friendly,Less age-friendly,Less age-friendly,Less age-friendly,Reasonably age-friendly,Less age-friendly,residential,24.918,536:0,0,backward,401,183,24.918,39.563,39.688,39.938,39.188,39.938,39.438,39.938,39.313,39.563,39.938,0
537,2.19,1.0,2.19,3,1.5,1.0,3,3,2,3.0,2,1,2,2,1,1,2,1,2,2.283,2.258,3.0,3.0,2.0,3.0,3,1,3,3,1,1,2,3,1,3,3,2,1,1,3,3,2,1,3,3,3,3,3,2,2,2,1,2,2,1,2,1,2,2,2,1,2,1,2,1,2,1,2,2,2,2,2,1,3,3,3,3,3,3,2,3,3,3,2.208,2.258,2.208,2.108,2.208,2.233,2.183,2.208,Reasonably age-friendly,Reasonably age-friendly,Reasonably age-friendly,Reasonably age-friendly,Reasonably age-friendly,Reasonably age-friendly,Reasonably age-friendly,Reasonably age-friendly,Reasonably age-friendly,Reasonably age-friendly,Less age-friendly,residential,248.067,537:0,0,forward,49,402,248.067,261.652,261.777,262.027,261.777,262.027,262.527,262.027,261.902,262.152,262.027,0
537,2.19,1.0,2.19,3,1.5,1.0,3,3,2,3.0,2,1,2,2,1,1,2,1,2,2.283,2.258,3.0,3.0,2.0,3.0,3,1,3,3,1,1,2,3,1,3,3,2,1,1,3,3,2,1,3,3,3,3,3,2,2,2,1,2,2,1,2,1,2,2,2,1,2,1,2,1,2,1,2,2,2,2,2,1,3,3,3,3,3,3,2,3,3,3,2.208,2.258,2.208,2.108,2.208,2.233,2.183,2.208,Reasonably age-friendly,Reasonably age-friendly,Reasonably age-friendly,Reasonably age-friendly,Reasonably age-friendly,Reasonably age-friendly,Reasonably age-friendly,Reasonably age-friendly,Reasonably age-friendly,Reasonably age-friendly,Less age-friendly,residential,248.067,537:0,0,backward,402,49,248.067,261.652,261.777,262.027,261.777,262.027,262.527,262.027,261.902,262.152,262.027,0
538,2.23,1.0,2.23,3,3.0,1.5,3,3,3,2.0,2,1,3,1,1,1,2,1,1,2.211,2.186,3.0,3.0,2.0,3.0,3,2,3,3,2,1,1,3,2,3,3,3,2,2,3,3,3,2,3,3,3,3,3,2,2,2,1,2,2,1,2,1,2,2,2,1,2,1,2,1,2,1,2,2,2,2,2,1,3,3,2,2,3,3,1,3,1,3,2.286,2.336,2.286,2.086,2.286,2.261,2.011,2.286,Reasonably age-friendly,Reasonably age-friendly,Reasonably age-friendly,Reasonably age-friendly,Reasonably age-friendly,Reasonably age-friendly,Reasonably age-friendly,Reasonably age-friendly,Less age-friendly,Reasonably age-friendly,Less age-friendly,residential,21.311,538:0,0,forward,403,404,21.311,35.256,35.381,34.881,34.631,34.881,35.881,34.881,35.006,36.256,34.881,0
538,2.23,1.0,2.23,3,3.0,1.5,3,3,3,2.0,2,1,3,1,1,1,2,1,1,2.211,2.186,3.0,3.0,2.0,3.0,3,2,3,3,2,1,1,3,2,3,3,3,2,2,3,3,3,2,3,3,3,3,3,2,2,2,1,2,2,1,2,1,2,2,2,1,2,1,2,1,2,1,2,2,2,2,2,1,3,3,2,2,3,3,1,3,1,3,2.286,2.336,2.286,2.086,2.286,2.261,2.011,2.286,Reasonably age-friendly,Reasonably age-friendly,Reasonably age-friendly,Reasonably age-friendly,Reasonably age-friendly,Reasonably age-friendly,Reasonably age-friendly,Reasonably age-friendly,Less age-friendly,Reasonably age-friendly,Less age-friendly,residential,21.311,538:0,0,backward,404,403,21.311,35.256,35.381,34.881,34.631,34.881,35.881,34.881,35.006,36.256,34.881,0
539,1.83,1.0,1.83,3,1.5,1.0,3,3,2,1.0,1,1,1,1,1,1,2,2,3,1.981,1.906,3.0,3.0,2.0,3.0,3,2,3,3,2,2,3,3,1,3,3,1,1,1,3,3,1,1,3,3,3,3,3,2,2,2,1,2,2,1,2,1,2,2,2,1,2,1,2,1,2,1,2,2,2,2,2,1,3,3,2,2,3,3,3,3,3,3,1.956,2.056,1.956,2.006,1.956,2.031,1.931,1.956,Reasonably age-friendly,Less age-friendly,Less age-friendly,Less age-friendly,Reasonably age-friendly,Reasonably age-friendly,Less age-friendly,Less age-friendly,Less age-friendly,Reasonably age-friendly,Less age-friendly,residential,27.966,539:0,0,forward,404,405,27.966,43.061,43.43600000000001,43.186,42.686,43.186,42.936,43.186,42.811,43.311,43.186,0
539,1.83,1.0,1.83,3,1.5,1.0,3,3,2,1.0,1,1,1,1,1,1,2,2,3,1.981,1.906,3.0,3.0,2.0,3.0,3,2,3,3,2,2,3,3,1,3,3,1,1,1,3,3,1,1,3,3,3,3,3,2,2,2,1,2,2,1,2,1,2,2,2,1,2,1,2,1,2,1,2,2,2,2,2,1,3,3,2,2,3,3,3,3,3,3,1.956,2.056,1.956,2.006,1.956,2.031,1.931,1.956,Reasonably age-friendly,Less age-friendly,Less age-friendly,Less age-friendly,Reasonably age-friendly,Reasonably age-friendly,Less age-friendly,Less age-friendly,Less age-friendly,Reasonably age-friendly,Less age-friendly,residential,27.966,539:0,0,backward,405,404,27.966,43.061,43.43600000000001,43.186,42.686,43.186,42.936,43.186,42.811,43.311,43.186,0
540,1.95,1.0,1.95,3,1.5,1.0,3,3,2,1.5,2,1,2,1,1,1,2,3,1,2.215,2.04,3.0,3.0,2.0,3.0,3,2,3,3,2,3,1,3,1,3,3,2,1,1,3,3,2,1,3,3,3,3,3,2,2,2,1,2,2,1,2,1,2,2,2,1,2,1,2,1,2,1,2,2,2,2,2,1,3,3,3,3,3,3,3,3,3,3,2.04,2.14,2.04,2.09,2.04,2.165,1.965,2.04,Reasonably age-friendly,Reasonably age-friendly,Reasonably age-friendly,Reasonably age-friendly,Reasonably age-friendly,Reasonably age-friendly,Reasonably age-friendly,Reasonably age-friendly,Reasonably age-friendly,Reasonably age-friendly,Less age-friendly,residential,102.475,540:0,0,forward,404,406,102.475,116.39999999999999,117.27499999999999,117.27499999999999,116.77499999999999,117.27499999999999,117.02499999999999,117.27499999999999,116.64999999999999,117.64999999999999,117.27499999999999,0
540,1.95,1.0,1.95,3,1.5,1.0,3,3,2,1.5,2,1,2,1,1,1,2,3,1,2.215,2.04,3.0,3.0,2.0,3.0,3,2,3,3,2,3,1,3,1,3,3,2,1,1,3,3,2,1,3,3,3,3,3,2,2,2,1,2,2,1,2,1,2,2,2,1,2,1,2,1,2,1,2,2,2,2,2,1,3,3,3,3,3,3,3,3,3,3,2.04,2.14,2.04,2.09,2.04,2.165,1.965,2.04,Reasonably age-friendly,Reasonably age-friendly,Reasonably age-friendly,Reasonably age-friendly,Reasonably age-friendly,Reasonably age-friendly,Reasonably age-friendly,Reasonably age-friendly,Reasonably age-friendly,Reasonably age-friendly,Less age-friendly,residential,102.475,540:0,0,backward,406,404,102.475,116.39999999999999,117.27499999999999,117.27499999999999,116.77499999999999,117.27499999999999,117.02499999999999,117.27499999999999,116.64999999999999,117.64999999999999,117.27499999999999,0
541,2.07,1.0,2.07,3,1.5,1.0,3,3,3,1.5,2,1,1,1,1,1,2,2,3,2.149,2.074,3.0,3.0,2.0,3.0,3,2,3,3,2,2,3,3,1,3,3,1,1,1,3,3,1,1,3,3,3,3,3,2,2,2,1,2,2,1,2,1,2,2,2,1,2,1,2,1,2,1,2,2,2,2,2,1,3,3,2,2,3,3,3,3,3,3,2.124,2.224,2.124,2.174,2.124,2.199,2.099,2.124,Reasonably age-friendly,Reasonably age-friendly,Reasonably age-friendly,Reasonably age-friendly,Reasonably age-friendly,Reasonably age-friendly,Reasonably age-friendly,Reasonably age-friendly,Reasonably age-friendly,Reasonably age-friendly,Less age-friendly,residential,39.532,541:0,0,forward,405,407,39.532,53.78699999999999,54.162,53.91199999999999,53.41199999999999,53.91199999999999,53.662,53.91199999999999,53.537,54.03699999999999,53.91199999999999,0
541,2.07,1.0,2.07,3,1.5,1.0,3,3,3,1.5,2,1,1,1,1,1,2,2,3,2.149,2.074,3.0,3.0,2.0,3.0,3,2,3,3,2,2,3,3,1,3,3,1,1,1,3,3,1,1,3,3,3,3,3,2,2,2,1,2,2,1,2,1,2,2,2,1,2,1,2,1,2,1,2,2,2,2,2,1,3,3,2,2,3,3,3,3,3,3,2.124,2.224,2.124,2.174,2.124,2.199,2.099,2.124,Reasonably age-friendly,Reasonably age-friendly,Reasonably age-friendly,Reasonably age-friendly,Reasonably age-friendly,Reasonably age-friendly,Reasonably age-friendly,Reasonably age-friendly,Reasonably age-friendly,Reasonably age-friendly,Less age-friendly,residential,39.532,541:0,0,backward,407,405,39.532,53.78699999999999,54.162,53.91199999999999,53.41199999999999,53.91199999999999,53.662,53.91199999999999,53.537,54.03699999999999,53.91199999999999,0
542,2.44,1.0,2.44,3,3.0,3.0,3,3,3,1.0,3,1,1,1,1,1,3,2,2,2.408,2.283,3.0,3.0,2.0,3.0,3,2,3,3,2,2,2,3,1,3,3,1,1,1,3,3,1,1,3,3,3,3,3,2,2,2,1,2,2,1,2,1,2,2,2,1,2,1,2,1,2,1,2,2,2,2,2,1,3,3,2,2,3,3,3,3,3,3,2.383,2.483,2.383,2.433,2.383,2.458,2.308,2.383,Reasonably age-friendly,Reasonably age-friendly,Reasonably age-friendly,Less age-friendly,Reasonably age-friendly,Reasonably age-friendly,Reasonably age-friendly,Reasonably age-friendly,Less age-friendly,Reasonably age-friendly,Less age-friendly,residential,171.492,542:0,0,forward,403,408,171.492,184.452,185.077,184.577,184.077,184.577,184.327,184.577,184.202,184.952,184.577,0
542,2.44,1.0,2.44,3,3.0,3.0,3,3,3,1.0,3,1,1,1,1,1,3,2,2,2.408,2.283,3.0,3.0,2.0,3.0,3,2,3,3,2,2,2,3,1,3,3,1,1,1,3,3,1,1,3,3,3,3,3,2,2,2,1,2,2,1,2,1,2,2,2,1,2,1,2,1,2,1,2,2,2,2,2,1,3,3,2,2,3,3,3,3,3,3,2.383,2.483,2.383,2.433,2.383,2.458,2.308,2.383,Reasonably age-friendly,Reasonably age-friendly,Reasonably age-friendly,Less age-friendly,Reasonably age-friendly,Reasonably age-friendly,Reasonably age-friendly,Reasonably age-friendly,Less age-friendly,Reasonably age-friendly,Less age-friendly,residential,171.492,542:0,0,backward,408,403,171.492,184.452,185.077,184.577,184.077,184.577,184.327,184.577,184.202,184.952,184.577,0
543,2.12,1.0,2.12,3,3.0,3.0,3,3,3,1.0,2,1,1,1,1,1,1,2,3,2.184,2.109,3.0,3.0,2.0,3.0,3,2,3,3,2,2,3,3,1,3,3,1,1,1,3,3,1,1,3,3,3,3,3,2,2,2,1,2,2,1,2,1,2,2,2,1,2,1,2,1,2,1,2,2,2,2,2,1,3,3,2,2,2,3,3,3,3,3,2.159,2.259,2.159,2.209,2.159,2.234,2.134,2.159,Reasonably age-friendly,Reasonably age-friendly,Reasonably age-friendly,Reasonably age-friendly,Reasonably age-friendly,Reasonably age-friendly,Reasonably age-friendly,Reasonably age-friendly,Reasonably age-friendly,Reasonably age-friendly,Reasonably age-friendly,residential,43.092,543:0,0,forward,408,409,43.092,57.172,57.547,57.297,56.797,57.297,57.047,57.297,56.922,57.422,57.297,0
543,2.12,1.0,2.12,3,3.0,3.0,3,3,3,1.0,2,1,1,1,1,1,1,2,3,2.184,2.109,3.0,3.0,2.0,3.0,3,2,3,3,2,2,3,3,1,3,3,1,1,1,3,3,1,1,3,3,3,3,3,2,2,2,1,2,2,1,2,1,2,2,2,1,2,1,2,1,2,1,2,2,2,2,2,1,3,3,2,2,2,3,3,3,3,3,2.159,2.259,2.159,2.209,2.159,2.234,2.134,2.159,Reasonably age-friendly,Reasonably age-friendly,Reasonably age-friendly,Reasonably age-friendly,Reasonably age-friendly,Reasonably age-friendly,Reasonably age-friendly,Reasonably age-friendly,Reasonably age-friendly,Reasonably age-friendly,Reasonably age-friendly,residential,43.092,543:0,0,backward,409,408,43.092,57.172,57.547,57.297,56.797,57.297,57.047,57.297,56.922,57.422,57.297,0
544,2.46,1.0,2.46,3,3.0,2.0,3,3,3,2.0,3,1,2,2,1,1,2,3,3,2.572,2.497,3.0,3.0,2.0,3.0,3,3,3,3,3,3,3,3,1,3,3,2,1,1,3,3,2,1,3,3,3,3,3,2,2,2,1,2,2,1,2,1,2,2,2,1,2,1,2,1,2,1,2,2,2,2,2,1,3,3,3,3,3,3,3,1,3,3,2.397,2.547,2.397,2.497,2.397,2.322,2.422,2.397,Reasonably age-friendly,Reasonably age-friendly,Reasonably age-friendly,Reasonably age-friendly,Reasonably age-friendly,Reasonably age-friendly,Reasonably age-friendly,Reasonably age-friendly,Reasonably age-friendly,Reasonably age-friendly,Reasonably age-friendly,residential,26.36,544:0,0,forward,403,410,26.36,38.5,38.875,39.375,38.625,39.375,38.875,39.375,39.75,39.25,39.375,0
544,2.46,1.0,2.46,3,3.0,2.0,3,3,3,2.0,3,1,2,2,1,1,2,3,3,2.572,2.497,3.0,3.0,2.0,3.0,3,3,3,3,3,3,3,3,1,3,3,2,1,1,3,3,2,1,3,3,3,3,3,2,2,2,1,2,2,1,2,1,2,2,2,1,2,1,2,1,2,1,2,2,2,2,2,1,3,3,3,3,3,3,3,1,3,3,2.397,2.547,2.397,2.497,2.397,2.322,2.422,2.397,Reasonably age-friendly,Reasonably age-friendly,Reasonably age-friendly,Reasonably age-friendly,Reasonably age-friendly,Reasonably age-friendly,Reasonably age-friendly,Reasonably age-friendly,Reasonably age-friendly,Reasonably age-friendly,Reasonably age-friendly,residential,26.36,544:0,0,backward,410,403,26.36,38.5,38.875,39.375,38.625,39.375,38.875,39.375,39.75,39.25,39.375,0
545,2.03,1.0,2.03,3,1.5,1.0,3,3,2,1.5,3,1,1,1,1,1,2,3,3,2.071,2.046,3.0,3.0,2.0,3.0,3,3,3,3,3,3,3,3,1,3,3,1,1,1,3,3,1,1,3,3,3,3,3,2,2,2,1,2,2,1,2,1,2,2,2,1,2,1,2,1,2,1,2,2,2,2,2,1,3,3,1,2,3,3,3,3,3,3,2.096,2.246,2.096,2.196,2.096,2.221,2.071,2.096,Reasonably age-friendly,Reasonably age-friendly,Reasonably age-friendly,Reasonably age-friendly,Reasonably age-friendly,Reasonably age-friendly,Reasonably age-friendly,Reasonably age-friendly,Reasonably age-friendly,Reasonably age-friendly,Less age-friendly,residential,135.995,545:0,0,forward,409,410,135.995,150.64000000000001,150.76500000000001,150.51500000000001,149.76500000000001,150.51500000000001,150.01500000000001,150.51500000000001,149.89000000000001,150.64000000000001,150.51500000000001,0
545,2.03,1.0,2.03,3,1.5,1.0,3,3,2,1.5,3,1,1,1,1,1,2,3,3,2.071,2.046,3.0,3.0,2.0,3.0,3,3,3,3,3,3,3,3,1,3,3,1,1,1,3,3,1,1,3,3,3,3,3,2,2,2,1,2,2,1,2,1,2,2,2,1,2,1,2,1,2,1,2,2,2,2,2,1,3,3,1,2,3,3,3,3,3,3,2.096,2.246,2.096,2.196,2.096,2.221,2.071,2.096,Reasonably age-friendly,Reasonably age-friendly,Reasonably age-friendly,Reasonably age-friendly,Reasonably age-friendly,Reasonably age-friendly,Reasonably age-friendly,Reasonably age-friendly,Reasonably age-friendly,Reasonably age-friendly,Less age-friendly,residential,135.995,545:0,0,backward,410,409,135.995,150.64000000000001,150.76500000000001,150.51500000000001,149.76500000000001,150.51500000000001,150.01500000000001,150.51500000000001,149.89000000000001,150.64000000000001,150.51500000000001,0
546,2.15,1.0,2.15,2,1.5,1.0,3,3,2,2.5,3,1,1,1,1,1,3,3,2,2.155,2.18,3.0,3.0,2.0,3.0,3,2,3,3,2,3,2,3,1,3,3,1,1,1,3,3,1,1,3,3,3,3,3,2,2,2,1,2,2,1,2,1,2,2,2,1,2,1,2,1,2,1,2,2,2,2,2,1,3,3,1,3,3,3,2,2,2,3,2.18,2.28,2.18,2.13,2.18,2.205,2.005,2.18,Reasonably age-friendly,Reasonably age-friendly,Less age-friendly,Less age-friendly,Reasonably age-friendly,Reasonably age-friendly,Less age-friendly,Less age-friendly,Less age-friendly,Reasonably age-friendly,Less age-friendly,residential,95.342,546:0,0,forward,410,411,95.342,109.56700000000001,109.442,109.442,108.94200000000001,109.442,109.69200000000001,109.442,109.317,110.31700000000001,109.442,0
546,2.15,1.0,2.15,2,1.5,1.0,3,3,2,2.5,3,1,1,1,1,1,3,3,2,2.155,2.18,3.0,3.0,2.0,3.0,3,2,3,3,2,3,2,3,1,3,3,1,1,1,3,3,1,1,3,3,3,3,3,2,2,2,1,2,2,1,2,1,2,2,2,1,2,1,2,1,2,1,2,2,2,2,2,1,3,3,1,3,3,3,2,2,2,3,2.18,2.28,2.18,2.13,2.18,2.205,2.005,2.18,Reasonably age-friendly,Reasonably age-friendly,Less age-friendly,Less age-friendly,Reasonably age-friendly,Reasonably age-friendly,Less age-friendly,Less age-friendly,Less age-friendly,Reasonably age-friendly,Less age-friendly,residential,95.342,546:0,0,backward,411,410,95.342,109.56700000000001,109.442,109.442,108.94200000000001,109.442,109.69200000000001,109.442,109.317,110.31700000000001,109.442,0
547,2.51,1.0,2.51,3,1.5,1.0,3,3,2,3.0,3,1,3,3,1,1,3,1,3,2.307,2.582,3.0,3.0,2.0,3.0,3,1,3,3,1,1,3,3,2,3,3,3,2,2,3,3,3,2,3,3,3,3,3,2,2,2,1,2,2,1,2,1,2,2,2,1,2,1,2,1,2,1,2,2,2,2,2,1,3,3,1,3,1,3,3,2,3,3,2.482,2.482,2.482,2.432,2.482,2.357,2.507,2.482,Reasonably age-friendly,Reasonably age-friendly,Less age-friendly,Reasonably age-friendly,Reasonably age-friendly,Reasonably age-friendly,Reasonably age-friendly,Less age-friendly,Reasonably age-friendly,Reasonably age-friendly,Less age-friendly,residential,150.963,547:0,0,forward,411,31,150.963,164.428,163.053,163.553,163.553,163.553,163.803,163.553,164.178,163.428,163.553,0
547,2.51,1.0,2.51,3,1.5,1.0,3,3,2,3.0,3,1,3,3,1,1,3,1,3,2.307,2.582,3.0,3.0,2.0,3.0,3,1,3,3,1,1,3,3,2,3,3,3,2,2,3,3,3,2,3,3,3,3,3,2,2,2,1,2,2,1,2,1,2,2,2,1,2,1,2,1,2,1,2,2,2,2,2,1,3,3,1,3,1,3,3,2,3,3,2.482,2.482,2.482,2.432,2.482,2.357,2.507,2.482,Reasonably age-friendly,Reasonably age-friendly,Less age-friendly,Reasonably age-friendly,Reasonably age-friendly,Reasonably age-friendly,Reasonably age-friendly,Less age-friendly,Reasonably age-friendly,Reasonably age-friendly,Less age-friendly,residential,150.963,547:0,0,backward,31,411,150.963,164.428,163.053,163.553,163.553,163.553,163.803,163.553,164.178,163.428,163.553,0
548,2.15,1.0,2.15,3,1.5,1.0,3,3,2,3.0,3,1,2,1,1,1,2,1,2,2.155,2.13,3.0,3.0,2.0,3.0,3,2,3,3,2,1,2,3,1,3,3,2,1,1,3,3,2,1,3,3,3,3,3,2,2,2,1,2,2,1,2,1,2,2,2,1,2,1,2,1,2,1,2,2,2,2,2,1,3,3,2,2,3,3,3,3,3,3,2.18,2.28,2.18,2.23,2.18,2.205,2.155,2.18,Reasonably age-friendly,Reasonably age-friendly,Reasonably age-friendly,Reasonably age-friendly,Reasonably age-friendly,Reasonably age-friendly,Reasonably age-friendly,Reasonably age-friendly,Reasonably age-friendly,Reasonably age-friendly,Less age-friendly,residential,123.848,548:0,0,forward,409,412,123.848,138.073,138.198,137.948,137.448,137.948,137.698,137.948,137.823,138.073,137.948,0
548,2.15,1.0,2.15,3,1.5,1.0,3,3,2,3.0,3,1,2,1,1,1,2,1,2,2.155,2.13,3.0,3.0,2.0,3.0,3,2,3,3,2,1,2,3,1,3,3,2,1,1,3,3,2,1,3,3,3,3,3,2,2,2,1,2,2,1,2,1,2,2,2,1,2,1,2,1,2,1,2,2,2,2,2,1,3,3,2,2,3,3,3,3,3,3,2.18,2.28,2.18,2.23,2.18,2.205,2.155,2.18,Reasonably age-friendly,Reasonably age-friendly,Reasonably age-friendly,Reasonably age-friendly,Reasonably age-friendly,Reasonably age-friendly,Reasonably age-friendly,Reasonably age-friendly,Reasonably age-friendly,Reasonably age-friendly,Less age-friendly,residential,123.848,548:0,0,backward,412,409,123.848,138.073,138.198,137.948,137.448,137.948,137.698,137.948,137.823,138.073,137.948,0
549,2.18,2.0,1.09,3,3.0,2.0,3,3,3,1.0,2,1,2,1,3,1,2,1,1,1.413,1.438,3.0,3.0,2.0,3.0,3,1,3,3,1,1,1,3,1,3,3,2,1,1,3,3,2,1,3,3,3,3,3,2,2,2,1,2,2,1,2,1,2,2,2,1,2,1,2,1,2,1,2,2,2,2,2,1,3,2,2,3,3,3,3,3,3,3,1.438,1.388,1.438,1.438,1.438,1.463,1.363,1.438,Reasonably age-friendly,Less age-friendly,Less age-friendly,Less age-friendly,Reasonably age-friendly,Reasonably age-friendly,Less age-friendly,Less age-friendly,Less age-friendly,Reasonably age-friendly,Less age-friendly,residential,33.456,549:0,0,forward,412,413,33.456,51.391000000000005,51.266000000000005,51.266000000000005,51.516000000000005,51.266000000000005,51.266000000000005,51.266000000000005,51.141000000000005,51.641000000000005,51.266000000000005,0
549,2.18,2.0,1.09,3,3.0,2.0,3,3,3,1.0,2,1,2,1,3,1,2,1,1,1.413,1.438,3.0,3.0,2.0,3.0,3,1,3,3,1,1,1,3,1,3,3,2,1,1,3,3,2,1,3,3,3,3,3,2,2,2,1,2,2,1,2,1,2,2,2,1,2,1,2,1,2,1,2,2,2,2,2,1,3,2,2,3,3,3,3,3,3,3,1.438,1.388,1.438,1.438,1.438,1.463,1.363,1.438,Reasonably age-friendly,Less age-friendly,Less age-friendly,Less age-friendly,Reasonably age-friendly,Reasonably age-friendly,Less age-friendly,Less age-friendly,Less age-friendly,Reasonably age-friendly,Less age-friendly,residential,33.456,549:0,0,backward,413,412,33.456,51.391000000000005,51.266000000000005,51.266000000000005,51.516000000000005,51.266000000000005,51.266000000000005,51.266000000000005,51.141000000000005,51.641000000000005,51.266000000000005,0
550,1.99,2.0,0.995,3,1.5,1.0,3,3,2,1.0,3,1,1,1,3,1,2,3,2,1.547,1.372,3.0,3.0,2.0,3.0,3,2,3,3,2,3,2,3,1,3,3,1,1,1,3,3,1,1,3,3,3,3,3,2,2,2,1,2,2,1,2,1,2,2,2,1,2,1,2,1,2,1,2,2,2,2,2,1,3,3,3,3,3,3,3,3,3,3,1.372,1.472,1.372,1.422,1.372,1.497,1.297,1.372,Reasonably age-friendly,Less age-friendly,Less age-friendly,Less age-friendly,Reasonably age-friendly,Reasonably age-friendly,Less age-friendly,Less age-friendly,Less age-friendly,Reasonably age-friendly,Less age-friendly,residential,36.879,550:0,0,forward,413,414,36.879,54.144,55.019,55.019,54.519,55.019,54.769,55.019,54.394,55.394,55.019,0
550,1.99,2.0,0.995,3,1.5,1.0,3,3,2,1.0,3,1,1,1,3,1,2,3,2,1.547,1.372,3.0,3.0,2.0,3.0,3,2,3,3,2,3,2,3,1,3,3,1,1,1,3,3,1,1,3,3,3,3,3,2,2,2,1,2,2,1,2,1,2,2,2,1,2,1,2,1,2,1,2,2,2,2,2,1,3,3,3,3,3,3,3,3,3,3,1.372,1.472,1.372,1.422,1.372,1.497,1.297,1.372,Reasonably age-friendly,Less age-friendly,Less age-friendly,Less age-friendly,Reasonably age-friendly,Reasonably age-friendly,Less age-friendly,Less age-friendly,Less age-friendly,Reasonably age-friendly,Less age-friendly,residential,36.879,550:0,0,backward,414,413,36.879,54.144,55.019,55.019,54.519,55.019,54.769,55.019,54.394,55.394,55.019,0
551,2.29,2.0,1.145,3,3.0,2.5,2,2,2,3.0,3,3,2,2,2,2,1,3,3,1.652,1.577,3.0,3.0,2.0,3.0,3,2,3,3,2,3,3,3,1,3,3,2,1,1,3,3,2,1,3,3,3,3,3,2,2,2,1,2,2,1,2,1,2,2,2,1,2,1,2,1,2,1,2,2,2,2,2,1,2,3,3,3,3,3,3,3,3,3,1.477,1.577,1.477,1.527,1.477,1.602,1.502,1.477,Reasonably age-friendly,Reasonably age-friendly,Reasonably age-friendly,Reasonably age-friendly,Reasonably age-friendly,Reasonably age-friendly,Reasonably age-friendly,Reasonably age-friendly,Reasonably age-friendly,Reasonably age-friendly,Reasonably age-friendly,residential,35.673,551:0,0,forward,27,28,35.673,52.413,52.788000000000004,53.288,52.788000000000004,53.288,53.038,53.288,52.663,53.163000000000004,53.288,0
551,2.29,2.0,1.145,3,3.0,2.5,2,2,2,3.0,3,3,2,2,2,2,1,3,3,1.652,1.577,3.0,3.0,2.0,3.0,3,2,3,3,2,3,3,3,1,3,3,2,1,1,3,3,2,1,3,3,3,3,3,2,2,2,1,2,2,1,2,1,2,2,2,1,2,1,2,1,2,1,2,2,2,2,2,1,2,3,3,3,3,3,3,3,3,3,1.477,1.577,1.477,1.527,1.477,1.602,1.502,1.477,Reasonably age-friendly,Reasonably age-friendly,Reasonably age-friendly,Reasonably age-friendly,Reasonably age-friendly,Reasonably age-friendly,Reasonably age-friendly,Reasonably age-friendly,Reasonably age-friendly,Reasonably age-friendly,Reasonably age-friendly,residential,35.673,551:0,0,backward,28,27,35.673,52.413,52.788000000000004,53.288,52.788000000000004,53.288,53.038,53.288,52.663,53.163000000000004,53.288,0
552,2.48,1.5,1.653,3,3.0,3.0,3,3,3,3.0,3,1,1,1,2,1,2,2,2,1.957,1.732,3.0,3.0,2.0,3.0,3,2,3,3,2,2,2,3,1,3,3,1,1,1,3,3,1,1,3,3,3,3,3,2,2,2,1,2,2,1,2,1,2,2,2,1,2,1,2,1,2,1,2,2,2,2,2,1,3,3,3,2,3,3,3,3,3,3,1.832,1.932,1.832,1.882,1.832,1.907,1.757,1.832,Reasonably age-friendly,Reasonably age-friendly,Reasonably age-friendly,Less age-friendly,Reasonably age-friendly,Reasonably age-friendly,Reasonably age-friendly,Reasonably age-friendly,Less age-friendly,Reasonably age-friendly,Less age-friendly,residential,119.687,552:0,0,forward,27,413,119.687,134.902,136.027,135.527,135.027,135.527,135.277,135.527,135.152,135.902,135.527,0
552,2.48,1.5,1.653,3,3.0,3.0,3,3,3,3.0,3,1,1,1,2,1,2,2,2,1.957,1.732,3.0,3.0,2.0,3.0,3,2,3,3,2,2,2,3,1,3,3,1,1,1,3,3,1,1,3,3,3,3,3,2,2,2,1,2,2,1,2,1,2,2,2,1,2,1,2,1,2,1,2,2,2,2,2,1,3,3,3,2,3,3,3,3,3,3,1.832,1.932,1.832,1.882,1.832,1.907,1.757,1.832,Reasonably age-friendly,Reasonably age-friendly,Reasonably age-friendly,Less age-friendly,Reasonably age-friendly,Reasonably age-friendly,Reasonably age-friendly,Reasonably age-friendly,Less age-friendly,Reasonably age-friendly,Less age-friendly,residential,119.687,552:0,0,backward,413,27,119.687,134.902,136.027,135.527,135.027,135.527,135.277,135.527,135.152,135.902,135.527,0
553,2.07,1.0,2.07,3,1.5,1.0,3,3,2,3.0,2,1,2,1,1,1,2,1,2,2.199,2.174,3.0,3.0,2.0,3.0,3,2,3,3,2,1,2,3,1,3,3,2,1,1,3,3,2,1,3,3,3,3,3,2,2,2,1,2,2,1,2,1,2,2,2,1,2,1,2,1,2,1,2,2,2,2,2,1,3,3,3,3,3,3,3,3,3,3,2.124,2.224,2.124,2.174,2.124,2.149,2.099,2.124,Reasonably age-friendly,Reasonably age-friendly,Reasonably age-friendly,Reasonably age-friendly,Reasonably age-friendly,Reasonably age-friendly,Reasonably age-friendly,Reasonably age-friendly,Reasonably age-friendly,Reasonably age-friendly,Less age-friendly,residential,81.951,553:0,0,forward,414,411,81.951,95.95599999999999,96.08099999999999,96.33099999999999,95.83099999999999,96.33099999999999,96.08099999999999,96.33099999999999,96.20599999999999,96.45599999999999,96.33099999999999,0
553,2.07,1.0,2.07,3,1.5,1.0,3,3,2,3.0,2,1,2,1,1,1,2,1,2,2.199,2.174,3.0,3.0,2.0,3.0,3,2,3,3,2,1,2,3,1,3,3,2,1,1,3,3,2,1,3,3,3,3,3,2,2,2,1,2,2,1,2,1,2,2,2,1,2,1,2,1,2,1,2,2,2,2,2,1,3,3,3,3,3,3,3,3,3,3,2.124,2.224,2.124,2.174,2.124,2.149,2.099,2.124,Reasonably age-friendly,Reasonably age-friendly,Reasonably age-friendly,Reasonably age-friendly,Reasonably age-friendly,Reasonably age-friendly,Reasonably age-friendly,Reasonably age-friendly,Reasonably age-friendly,Reasonably age-friendly,Less age-friendly,residential,81.951,553:0,0,backward,411,414,81.951,95.95599999999999,96.08099999999999,96.33099999999999,95.83099999999999,96.33099999999999,96.08099999999999,96.33099999999999,96.20599999999999,96.45599999999999,96.33099999999999,0
554,2.03,1.0,2.03,3,1.5,1.0,3,3,2,3.0,3,1,3,1,1,1,1,1,3,2.071,2.246,3.0,3.0,2.0,3.0,3,1,3,3,1,1,3,3,2,3,3,3,2,2,3,3,3,2,3,3,3,3,3,2,2,2,1,2,2,1,2,1,2,2,2,1,2,1,2,1,2,1,2,2,2,2,2,1,3,3,2,3,3,3,2,2,3,3,2.146,2.146,2.146,1.996,2.146,2.021,2.171,2.146,Reasonably age-friendly,Reasonably age-friendly,Reasonably age-friendly,Reasonably age-friendly,Reasonably age-friendly,Reasonably age-friendly,Reasonably age-friendly,Reasonably age-friendly,Reasonably age-friendly,Reasonably age-friendly,Reasonably age-friendly,residential,53.754,554:0,0,forward,210,415,53.754,68.399,67.524,68.024,68.024,68.024,68.774,68.024,68.649,67.899,68.024,0
554,2.03,1.0,2.03,3,1.5,1.0,3,3,2,3.0,3,1,3,1,1,1,1,1,3,2.071,2.246,3.0,3.0,2.0,3.0,3,1,3,3,1,1,3,3,2,3,3,3,2,2,3,3,3,2,3,3,3,3,3,2,2,2,1,2,2,1,2,1,2,2,2,1,2,1,2,1,2,1,2,2,2,2,2,1,3,3,2,3,3,3,2,2,3,3,2.146,2.146,2.146,1.996,2.146,2.021,2.171,2.146,Reasonably age-friendly,Reasonably age-friendly,Reasonably age-friendly,Reasonably age-friendly,Reasonably age-friendly,Reasonably age-friendly,Reasonably age-friendly,Reasonably age-friendly,Reasonably age-friendly,Reasonably age-friendly,Reasonably age-friendly,residential,53.754,554:0,0,backward,415,210,53.754,68.399,67.524,68.024,68.024,68.024,68.774,68.024,68.649,67.899,68.024,0
555,1.95,1.5,1.3,3,2.5,2.0,3,1,2,1.5,1,1,3,1,1,2,3,3,3,1.76,1.735,3.0,3.0,2.0,3.0,3,3,3,3,3,3,3,3,2,3,3,3,2,2,3,3,3,2,3,3,3,3,3,2,2,2,1,2,2,1,2,1,2,2,2,1,2,1,2,1,2,1,2,2,2,2,2,1,3,3,3,3,3,3,3,3,3,3,1.635,1.735,1.635,1.685,1.635,1.71,1.66,1.635,Reasonably age-friendly,Less age-friendly,Less age-friendly,Less age-friendly,Reasonably age-friendly,Reasonably age-friendly,Less age-friendly,Less age-friendly,Less age-friendly,Reasonably age-friendly,Less age-friendly,residential,21.425,555:0,0,forward,211,212,21.425,37.625,37.75,38.25,37.75,38.25,38.0,38.25,37.875,38.125,38.25,0
555,1.95,1.5,1.3,3,2.5,2.0,3,1,2,1.5,1,1,3,1,1,2,3,3,3,1.76,1.735,3.0,3.0,2.0,3.0,3,3,3,3,3,3,3,3,2,3,3,3,2,2,3,3,3,2,3,3,3,3,3,2,2,2,1,2,2,1,2,1,2,2,2,1,2,1,2,1,2,1,2,2,2,2,2,1,3,3,3,3,3,3,3,3,3,3,1.635,1.735,1.635,1.685,1.635,1.71,1.66,1.635,Reasonably age-friendly,Less age-friendly,Less age-friendly,Less age-friendly,Reasonably age-friendly,Reasonably age-friendly,Less age-friendly,Less age-friendly,Less age-friendly,Reasonably age-friendly,Less age-friendly,residential,21.425,555:0,0,backward,212,211,21.425,37.625,37.75,38.25,37.75,38.25,38.0,38.25,37.875,38.125,38.25,0
556,1.79,1.0,1.79,3,1.5,1.0,3,3,2,2.0,1,1,2,1,1,1,1,3,3,2.103,2.028,3.0,3.0,2.0,3.0,3,1,3,3,1,3,3,3,1,3,3,2,1,1,3,3,2,1,3,3,3,3,3,2,2,2,1,2,2,1,2,1,2,2,2,1,2,1,2,1,2,1,2,2,2,2,2,1,3,3,3,3,3,3,3,3,3,3,1.928,1.978,1.928,1.928,1.928,2.053,1.953,1.928,Reasonably age-friendly,Reasonably age-friendly,Reasonably age-friendly,Reasonably age-friendly,Reasonably age-friendly,Reasonably age-friendly,Reasonably age-friendly,Reasonably age-friendly,Reasonably age-friendly,Reasonably age-friendly,Reasonably age-friendly,residential,47.767,556:0,0,forward,212,416,47.767,62.252,62.627,63.127,62.877,63.127,63.127,63.127,62.502,63.002,63.127,0
556,1.79,1.0,1.79,3,1.5,1.0,3,3,2,2.0,1,1,2,1,1,1,1,3,3,2.103,2.028,3.0,3.0,2.0,3.0,3,1,3,3,1,3,3,3,1,3,3,2,1,1,3,3,2,1,3,3,3,3,3,2,2,2,1,2,2,1,2,1,2,2,2,1,2,1,2,1,2,1,2,2,2,2,2,1,3,3,3,3,3,3,3,3,3,3,1.928,1.978,1.928,1.928,1.928,2.053,1.953,1.928,Reasonably age-friendly,Reasonably age-friendly,Reasonably age-friendly,Reasonably age-friendly,Reasonably age-friendly,Reasonably age-friendly,Reasonably age-friendly,Reasonably age-friendly,Reasonably age-friendly,Reasonably age-friendly,Reasonably age-friendly,residential,47.767,556:0,0,backward,416,212,47.767,62.252,62.627,63.127,62.877,63.127,63.127,63.127,62.502,63.002,63.127,0
557,1.6,2.0,0.8,3,1.0,3.0,2,2,1,1.0,1,1,3,2,2,2,1,1,3,1.31,1.285,3.0,3.0,2.0,3.0,3,1,3,3,1,1,3,3,2,3,3,3,2,2,3,3,3,2,3,3,3,3,3,2,2,2,1,2,2,1,2,1,2,2,2,1,2,1,2,1,2,1,2,2,2,2,2,1,3,3,3,2,3,3,3,3,3,3,1.285,1.285,1.285,1.235,1.285,1.26,1.31,1.285,Reasonably age-friendly,Less age-friendly,Less age-friendly,Less age-friendly,Reasonably age-friendly,Reasonably age-friendly,Less age-friendly,Less age-friendly,Less age-friendly,Reasonably age-friendly,Less age-friendly,residential,23.592,557:0,0,forward,212,206,23.592,42.042,42.167,42.167,42.167,42.167,42.417,42.167,42.292,42.042,42.167,0
557,1.6,2.0,0.8,3,1.0,3.0,2,2,1,1.0,1,1,3,2,2,2,1,1,3,1.31,1.285,3.0,3.0,2.0,3.0,3,1,3,3,1,1,3,3,2,3,3,3,2,2,3,3,3,2,3,3,3,3,3,2,2,2,1,2,2,1,2,1,2,2,2,1,2,1,2,1,2,1,2,2,2,2,2,1,3,3,3,2,3,3,3,3,3,3,1.285,1.285,1.285,1.235,1.285,1.26,1.31,1.285,Reasonably age-friendly,Less age-friendly,Less age-friendly,Less age-friendly,Reasonably age-friendly,Reasonably age-friendly,Less age-friendly,Less age-friendly,Less age-friendly,Reasonably age-friendly,Less age-friendly,residential,23.592,557:0,0,backward,206,212,23.592,42.042,42.167,42.167,42.167,42.167,42.417,42.167,42.292,42.042,42.167,0
558,1.92,1.5,1.28,3,1.0,3.0,3,3,1,1.0,1,1,3,2,2,1,2,1,3,1.646,1.621,3.0,3.0,2.0,3.0,3,1,3,3,1,1,3,3,2,3,3,3,2,2,3,3,3,2,3,3,3,3,3,2,2,2,1,2,2,1,2,1,2,2,2,1,2,1,2,1,2,1,2,2,2,2,2,1,3,3,3,2,3,3,3,3,3,3,1.621,1.621,1.621,1.571,1.621,1.596,1.646,1.621,Reasonably age-friendly,Less age-friendly,Less age-friendly,Less age-friendly,Reasonably age-friendly,Reasonably age-friendly,Less age-friendly,Less age-friendly,Less age-friendly,Reasonably age-friendly,Less age-friendly,residential,22.407,558:0,0,forward,207,213,22.407,39.177,39.302,39.302,39.302,39.302,39.55200000000001,39.302,39.427,39.177,39.302,0
558,1.92,1.5,1.28,3,1.0,3.0,3,3,1,1.0,1,1,3,2,2,1,2,1,3,1.646,1.621,3.0,3.0,2.0,3.0,3,1,3,3,1,1,3,3,2,3,3,3,2,2,3,3,3,2,3,3,3,3,3,2,2,2,1,2,2,1,2,1,2,2,2,1,2,1,2,1,2,1,2,2,2,2,2,1,3,3,3,2,3,3,3,3,3,3,1.621,1.621,1.621,1.571,1.621,1.596,1.646,1.621,Reasonably age-friendly,Less age-friendly,Less age-friendly,Less age-friendly,Reasonably age-friendly,Reasonably age-friendly,Less age-friendly,Less age-friendly,Less age-friendly,Reasonably age-friendly,Less age-friendly,residential,22.407,558:0,0,backward,213,207,22.407,39.177,39.302,39.302,39.302,39.302,39.55200000000001,39.302,39.427,39.177,39.302,0
559,2.11,1.5,1.407,3,1.5,1.0,3,3,2,2.0,2,1,3,1,2,1,3,1,3,1.735,1.71,3.0,3.0,2.0,3.0,3,1,3,3,1,1,3,3,2,3,3,3,2,2,3,3,3,2,3,3,3,3,3,2,2,2,1,2,2,1,2,1,2,2,2,1,2,1,2,1,2,1,2,2,2,2,2,1,3,1,3,2,3,3,3,3,3,2,1.61,1.51,1.61,1.66,1.61,1.685,1.735,1.61,Reasonably age-friendly,Less age-friendly,Less age-friendly,Less age-friendly,Reasonably age-friendly,Reasonably age-friendly,Less age-friendly,Less age-friendly,Less age-friendly,Reasonably age-friendly,Less age-friendly,residential,19.716,559:0,0,forward,396,206,19.716,36.041,36.166,36.666,37.166000000000004,36.666,36.416,36.666,36.291,36.041,36.666,0
559,2.11,1.5,1.407,3,1.5,1.0,3,3,2,2.0,2,1,3,1,2,1,3,1,3,1.735,1.71,3.0,3.0,2.0,3.0,3,1,3,3,1,1,3,3,2,3,3,3,2,2,3,3,3,2,3,3,3,3,3,2,2,2,1,2,2,1,2,1,2,2,2,1,2,1,2,1,2,1,2,2,2,2,2,1,3,1,3,2,3,3,3,3,3,2,1.61,1.51,1.61,1.66,1.61,1.685,1.735,1.61,Reasonably age-friendly,Less age-friendly,Less age-friendly,Less age-friendly,Reasonably age-friendly,Reasonably age-friendly,Less age-friendly,Less age-friendly,Less age-friendly,Reasonably age-friendly,Less age-friendly,residential,19.716,559:0,0,backward,206,396,19.716,36.041,36.166,36.666,37.166000000000004,36.666,36.416,36.666,36.291,36.041,36.666,0
560,1.99,1.0,1.99,3,1.5,1.0,3,3,2,2.0,2,1,3,1,1,1,2,1,3,2.043,2.218,3.0,3.0,2.0,3.0,3,1,3,3,1,1,3,3,2,3,3,3,2,2,3,3,3,2,3,3,3,3,3,2,2,2,1,2,2,1,2,1,2,2,2,1,2,1,2,1,2,1,2,2,2,2,2,1,2,1,2,3,3,3,3,3,3,3,2.118,1.918,2.118,2.068,2.118,2.093,2.143,2.118,Reasonably age-friendly,Less age-friendly,Reasonably age-friendly,Reasonably age-friendly,Reasonably age-friendly,Reasonably age-friendly,Reasonably age-friendly,Reasonably age-friendly,Reasonably age-friendly,Reasonably age-friendly,Less age-friendly,residential,54.551,560:0,0,forward,185,184,54.551,69.336,68.461,68.961,69.961,68.961,69.211,68.961,69.086,68.836,68.961,0
560,1.99,1.0,1.99,3,1.5,1.0,3,3,2,2.0,2,1,3,1,1,1,2,1,3,2.043,2.218,3.0,3.0,2.0,3.0,3,1,3,3,1,1,3,3,2,3,3,3,2,2,3,3,3,2,3,3,3,3,3,2,2,2,1,2,2,1,2,1,2,2,2,1,2,1,2,1,2,1,2,2,2,2,2,1,2,1,2,3,3,3,3,3,3,3,2.118,1.918,2.118,2.068,2.118,2.093,2.143,2.118,Reasonably age-friendly,Less age-friendly,Reasonably age-friendly,Reasonably age-friendly,Reasonably age-friendly,Reasonably age-friendly,Reasonably age-friendly,Reasonably age-friendly,Reasonably age-friendly,Reasonably age-friendly,Less age-friendly,residential,54.551,560:0,0,backward,184,185,54.551,69.336,68.461,68.961,69.961,68.961,69.211,68.961,69.086,68.836,68.961,0
561,2.07,1.0,2.07,3,1.5,1.0,3,3,2,3.0,2,1,3,1,1,1,2,1,3,2.199,2.274,3.0,3.0,2.0,3.0,3,1,3,3,1,1,3,3,2,3,3,3,2,2,3,3,3,2,3,3,3,3,3,2,2,2,1,2,2,1,2,1,2,2,2,1,2,1,2,1,2,1,2,2,2,2,2,1,3,3,3,3,3,3,3,1,3,3,2.174,2.174,2.174,2.124,2.174,1.949,2.199,2.174,Reasonably age-friendly,Reasonably age-friendly,Reasonably age-friendly,Reasonably age-friendly,Reasonably age-friendly,Reasonably age-friendly,Reasonably age-friendly,Less age-friendly,Reasonably age-friendly,Reasonably age-friendly,Less age-friendly,residential,30.052,561:0,0,forward,184,417,30.052,44.057,43.682,44.182,44.182,44.182,44.432,44.182,45.307,44.057,44.182,0
561,2.07,1.0,2.07,3,1.5,1.0,3,3,2,3.0,2,1,3,1,1,1,2,1,3,2.199,2.274,3.0,3.0,2.0,3.0,3,1,3,3,1,1,3,3,2,3,3,3,2,2,3,3,3,2,3,3,3,3,3,2,2,2,1,2,2,1,2,1,2,2,2,1,2,1,2,1,2,1,2,2,2,2,2,1,3,3,3,3,3,3,3,1,3,3,2.174,2.174,2.174,2.124,2.174,1.949,2.199,2.174,Reasonably age-friendly,Reasonably age-friendly,Reasonably age-friendly,Reasonably age-friendly,Reasonably age-friendly,Reasonably age-friendly,Reasonably age-friendly,Less age-friendly,Reasonably age-friendly,Reasonably age-friendly,Less age-friendly,residential,30.052,561:0,0,backward,417,184,30.052,44.057,43.682,44.182,44.182,44.182,44.432,44.182,45.307,44.057,44.182,0
562,2.07,1.0,2.07,3,1.5,1.0,3,3,2,2.0,3,1,2,1,1,1,2,1,3,2.199,2.124,3.0,3.0,2.0,3.0,3,1,3,3,1,1,3,3,1,3,3,2,1,1,3,3,2,1,3,3,3,3,3,2,2,2,1,2,2,1,2,1,2,2,2,1,2,1,2,1,2,1,2,2,2,2,2,1,3,1,3,2,3,3,3,3,3,3,2.124,1.974,2.124,2.124,2.124,2.149,2.149,2.124,Reasonably age-friendly,Less age-friendly,Reasonably age-friendly,Reasonably age-friendly,Reasonably age-friendly,Reasonably age-friendly,Reasonably age-friendly,Reasonably age-friendly,Reasonably age-friendly,Reasonably age-friendly,Less age-friendly,residential,45.198,562:0,0,forward,417,203,45.198,59.203,59.578,59.578,60.328,59.578,59.578,59.578,59.453,59.453,59.578,0
562,2.07,1.0,2.07,3,1.5,1.0,3,3,2,2.0,3,1,2,1,1,1,2,1,3,2.199,2.124,3.0,3.0,2.0,3.0,3,1,3,3,1,1,3,3,1,3,3,2,1,1,3,3,2,1,3,3,3,3,3,2,2,2,1,2,2,1,2,1,2,2,2,1,2,1,2,1,2,1,2,2,2,2,2,1,3,1,3,2,3,3,3,3,3,3,2.124,1.974,2.124,2.124,2.124,2.149,2.149,2.124,Reasonably age-friendly,Less age-friendly,Reasonably age-friendly,Reasonably age-friendly,Reasonably age-friendly,Reasonably age-friendly,Reasonably age-friendly,Reasonably age-friendly,Reasonably age-friendly,Reasonably age-friendly,Less age-friendly,residential,45.198,562:0,0,backward,203,417,45.198,59.203,59.578,59.578,60.328,59.578,59.578,59.578,59.453,59.453,59.578,0
563,2.15,1.0,2.15,3,1.5,1.0,3,3,2,3.0,3,1,2,1,1,1,2,2,3,2.305,2.28,3.0,3.0,2.0,3.0,3,1,3,3,1,2,3,3,1,3,3,2,1,1,3,3,2,1,3,3,3,3,3,2,2,2,1,2,2,1,2,1,2,2,2,1,2,1,2,1,2,1,2,2,2,2,2,1,3,3,3,3,3,3,3,3,3,3,2.18,2.23,2.18,2.18,2.18,2.255,2.205,2.18,Reasonably age-friendly,Reasonably age-friendly,Reasonably age-friendly,Reasonably age-friendly,Reasonably age-friendly,Reasonably age-friendly,Reasonably age-friendly,Reasonably age-friendly,Reasonably age-friendly,Reasonably age-friendly,Less age-friendly,residential,161.561,563:0,0,forward,417,396,161.561,175.036,175.161,175.661,175.411,175.661,175.661,175.661,175.286,175.536,175.661,0
563,2.15,1.0,2.15,3,1.5,1.0,3,3,2,3.0,3,1,2,1,1,1,2,2,3,2.305,2.28,3.0,3.0,2.0,3.0,3,1,3,3,1,2,3,3,1,3,3,2,1,1,3,3,2,1,3,3,3,3,3,2,2,2,1,2,2,1,2,1,2,2,2,1,2,1,2,1,2,1,2,2,2,2,2,1,3,3,3,3,3,3,3,3,3,3,2.18,2.23,2.18,2.18,2.18,2.255,2.205,2.18,Reasonably age-friendly,Reasonably age-friendly,Reasonably age-friendly,Reasonably age-friendly,Reasonably age-friendly,Reasonably age-friendly,Reasonably age-friendly,Reasonably age-friendly,Reasonably age-friendly,Reasonably age-friendly,Less age-friendly,residential,161.561,563:0,0,backward,396,417,161.561,175.036,175.161,175.661,175.411,175.661,175.661,175.661,175.286,175.536,175.661,0
564,2.03,1.0,2.03,3,1.5,1.0,3,3,2,1.0,2,1,1,1,1,1,3,2,3,2.221,2.146,3.0,3.0,2.0,3.0,3,1,3,3,1,2,3,3,1,3,3,1,1,1,3,3,1,1,3,3,3,3,3,2,2,2,1,2,2,1,2,1,2,2,2,1,2,1,2,1,2,1,2,2,2,2,2,1,3,3,3,3,3,3,2,3,3,3,2.096,2.146,2.096,1.996,2.096,2.171,2.071,2.096,Reasonably age-friendly,Less age-friendly,Reasonably age-friendly,Less age-friendly,Reasonably age-friendly,Reasonably age-friendly,Less age-friendly,Less age-friendly,Less age-friendly,Reasonably age-friendly,Less age-friendly,residential,48.678,564:0,0,forward,396,402,48.678,62.57299999999999,62.94799999999999,63.19799999999999,62.94799999999999,63.19799999999999,63.69799999999999,63.19799999999999,62.823,63.32299999999999,63.19799999999999,0
564,2.03,1.0,2.03,3,1.5,1.0,3,3,2,1.0,2,1,1,1,1,1,3,2,3,2.221,2.146,3.0,3.0,2.0,3.0,3,1,3,3,1,2,3,3,1,3,3,1,1,1,3,3,1,1,3,3,3,3,3,2,2,2,1,2,2,1,2,1,2,2,2,1,2,1,2,1,2,1,2,2,2,2,2,1,3,3,3,3,3,3,2,3,3,3,2.096,2.146,2.096,1.996,2.096,2.171,2.071,2.096,Reasonably age-friendly,Less age-friendly,Reasonably age-friendly,Less age-friendly,Reasonably age-friendly,Reasonably age-friendly,Less age-friendly,Less age-friendly,Less age-friendly,Reasonably age-friendly,Less age-friendly,residential,48.678,564:0,0,backward,402,396,48.678,62.57299999999999,62.94799999999999,63.19799999999999,62.94799999999999,63.19799999999999,63.69799999999999,63.19799999999999,62.823,63.32299999999999,63.19799999999999,0
565,2.27,2.0,1.135,3,1.5,1.0,3,3,2,3.0,3,1,2,1,3,1,3,1,2,1.545,1.52,3.0,3.0,2.0,3.0,3,1,3,3,1,1,2,3,1,3,3,2,1,1,3,3,2,1,3,3,3,3,3,2,2,2,1,2,2,1,2,1,2,2,2,1,2,1,2,1,2,1,2,2,2,2,2,1,3,3,3,3,3,3,3,3,3,3,1.47,1.519,1.47,1.47,1.47,1.495,1.445,1.47,Reasonably age-friendly,Less age-friendly,Less age-friendly,Less age-friendly,Reasonably age-friendly,Reasonably age-friendly,Less age-friendly,Less age-friendly,Less age-friendly,Reasonably age-friendly,Less age-friendly,residential,65.405,565:0,0,forward,412,192,65.405,82.68,82.805,83.055,82.81,83.055,83.055,83.055,82.93,83.18,83.055,0
565,2.27,2.0,1.135,3,1.5,1.0,3,3,2,3.0,3,1,2,1,3,1,3,1,2,1.545,1.52,3.0,3.0,2.0,3.0,3,1,3,3,1,1,2,3,1,3,3,2,1,1,3,3,2,1,3,3,3,3,3,2,2,2,1,2,2,1,2,1,2,2,2,1,2,1,2,1,2,1,2,2,2,2,2,1,3,3,3,3,3,3,3,3,3,3,1.47,1.519,1.47,1.47,1.47,1.495,1.445,1.47,Reasonably age-friendly,Less age-friendly,Less age-friendly,Less age-friendly,Reasonably age-friendly,Reasonably age-friendly,Less age-friendly,Less age-friendly,Less age-friendly,Reasonably age-friendly,Less age-friendly,residential,65.405,565:0,0,backward,192,412,65.405,82.68,82.805,83.055,82.81,83.055,83.055,83.055,82.93,83.18,83.055,0
566,2.26,1.5,1.507,1,3.0,2.0,3,3,3,3.0,2,2,3,1,2,1,2,1,3,1.805,1.78,3.0,3.0,2.0,3.0,3,2,3,3,2,1,3,3,2,3,3,3,2,2,3,3,3,2,3,3,3,3,3,2,2,2,1,2,2,1,2,1,2,2,2,1,2,1,2,1,2,1,2,2,2,2,2,1,3,3,3,2,3,3,3,3,3,3,1.78,1.83,1.78,1.78,1.78,1.755,1.805,1.78,Reasonably age-friendly,Reasonably age-friendly,Reasonably age-friendly,Reasonably age-friendly,Reasonably age-friendly,Reasonably age-friendly,Reasonably age-friendly,Less age-friendly,Reasonably age-friendly,Reasonably age-friendly,Less age-friendly,residential,63.049,566:0,0,forward,237,236,63.049,79.024,79.149,79.149,78.899,79.149,79.149,79.149,79.274,79.024,79.149,0
566,2.26,1.5,1.507,1,3.0,2.0,3,3,3,3.0,2,2,3,1,2,1,2,1,3,1.805,1.78,3.0,3.0,2.0,3.0,3,2,3,3,2,1,3,3,2,3,3,3,2,2,3,3,3,2,3,3,3,3,3,2,2,2,1,2,2,1,2,1,2,2,2,1,2,1,2,1,2,1,2,2,2,2,2,1,3,3,3,2,3,3,3,3,3,3,1.78,1.83,1.78,1.78,1.78,1.755,1.805,1.78,Reasonably age-friendly,Reasonably age-friendly,Reasonably age-friendly,Reasonably age-friendly,Reasonably age-friendly,Reasonably age-friendly,Reasonably age-friendly,Less age-friendly,Reasonably age-friendly,Reasonably age-friendly,Less age-friendly,residential,63.049,566:0,0,backward,236,237,63.049,79.024,79.149,79.149,78.899,79.149,79.149,79.149,79.274,79.024,79.149,0
567,1.64,2.0,0.82,3,1.0,3.0,2,2,1,3.0,1,1,2,1,2,2,1,3,3,1.324,1.249,3.0,3.0,2.0,3.0,3,1,3,3,1,3,3,3,1,3,3,2,1,1,3,3,2,1,3,3,3,3,3,2,2,2,1,2,2,1,2,1,2,2,2,1,2,1,2,1,2,1,2,2,2,2,2,1,3,3,2,2,3,3,2,3,3,2,1.149,1.299,1.149,1.149,1.149,1.374,1.274,1.149,Reasonably age-friendly,Less age-friendly,Reasonably age-friendly,Less age-friendly,Reasonably age-friendly,Reasonably age-friendly,Less age-friendly,Reasonably age-friendly,Less age-friendly,Reasonably age-friendly,Less age-friendly,residential,7.993,567:0,0,forward,308,305,7.993,26.373000000000005,26.747999999999998,27.247999999999998,26.497999999999998,27.247999999999998,27.247999999999998,27.247999999999998,26.122999999999998,26.622999999999998,27.247999999999998,0
567,1.64,2.0,0.82,3,1.0,3.0,2,2,1,3.0,1,1,2,1,2,2,1,3,3,1.324,1.249,3.0,3.0,2.0,3.0,3,1,3,3,1,3,3,3,1,3,3,2,1,1,3,3,2,1,3,3,3,3,3,2,2,2,1,2,2,1,2,1,2,2,2,1,2,1,2,1,2,1,2,2,2,2,2,1,3,3,2,2,3,3,2,3,3,2,1.149,1.299,1.149,1.149,1.149,1.374,1.274,1.149,Reasonably age-friendly,Less age-friendly,Reasonably age-friendly,Less age-friendly,Reasonably age-friendly,Reasonably age-friendly,Less age-friendly,Reasonably age-friendly,Less age-friendly,Reasonably age-friendly,Less age-friendly,residential,7.993,567:0,0,backward,305,308,7.993,26.373000000000005,26.747999999999998,27.247999999999998,26.497999999999998,27.247999999999998,27.247999999999998,27.247999999999998,26.122999999999998,26.622999999999998,27.247999999999998,0
568,2.07,1.0,2.07,3,2.5,2.0,3,3,3,1.0,1,1,1,1,1,1,2,3,3,2.299,2.174,3.0,3.0,2.0,3.0,3,3,3,3,3,3,3,3,1,3,3,1,1,1,3,3,1,1,3,3,3,3,3,2,2,2,1,2,2,1,2,1,2,2,2,1,2,1,2,1,2,1,2,2,2,2,2,1,3,3,3,3,3,3,3,2,3,2,2.024,2.274,2.024,2.224,2.024,2.149,2.099,2.024,Reasonably age-friendly,Reasonably age-friendly,Reasonably age-friendly,Reasonably age-friendly,Reasonably age-friendly,Reasonably age-friendly,Reasonably age-friendly,Reasonably age-friendly,Reasonably age-friendly,Reasonably age-friendly,Less age-friendly,residential,78.845,568:0,0,forward,247,248,78.845,92.35,92.975,93.725,92.475,93.725,92.725,93.725,93.1,93.35,93.725,0
568,2.07,1.0,2.07,3,2.5,2.0,3,3,3,1.0,1,1,1,1,1,1,2,3,3,2.299,2.174,3.0,3.0,2.0,3.0,3,3,3,3,3,3,3,3,1,3,3,1,1,1,3,3,1,1,3,3,3,3,3,2,2,2,1,2,2,1,2,1,2,2,2,1,2,1,2,1,2,1,2,2,2,2,2,1,3,3,3,3,3,3,3,2,3,2,2.024,2.274,2.024,2.224,2.024,2.149,2.099,2.024,Reasonably age-friendly,Reasonably age-friendly,Reasonably age-friendly,Reasonably age-friendly,Reasonably age-friendly,Reasonably age-friendly,Reasonably age-friendly,Reasonably age-friendly,Reasonably age-friendly,Reasonably age-friendly,Less age-friendly,residential,78.845,568:0,0,backward,248,247,78.845,92.35,92.975,93.725,92.475,93.725,92.725,93.725,93.1,93.35,93.725,0
569,1.99,1.5,1.327,3,1.5,1.0,3,3,2,3.0,1,1,3,1,2,1,2,3,3,1.579,1.654,3.0,3.0,2.0,3.0,3,2,3,3,2,3,3,3,2,3,3,3,2,2,3,3,3,2,3,3,3,3,3,2,2,2,1,2,2,1,2,1,2,2,2,1,2,1,2,1,2,1,2,2,2,2,2,1,3,3,1,2,3,3,3,1,3,3,1.654,1.704,1.654,1.654,1.654,1.529,1.679,1.654,Reasonably age-friendly,Less age-friendly,Less age-friendly,Less age-friendly,Reasonably age-friendly,Reasonably age-friendly,Less age-friendly,Less age-friendly,Less age-friendly,Reasonably age-friendly,Less age-friendly,residential,31.799,569:0,0,forward,325,324,31.799,48.903999999999996,48.528999999999996,48.528999999999996,48.278999999999996,48.528999999999996,48.528999999999996,48.528999999999996,49.153999999999996,48.403999999999996,48.528999999999996,0
569,1.99,1.5,1.327,3,1.5,1.0,3,3,2,3.0,1,1,3,1,2,1,2,3,3,1.579,1.654,3.0,3.0,2.0,3.0,3,2,3,3,2,3,3,3,2,3,3,3,2,2,3,3,3,2,3,3,3,3,3,2,2,2,1,2,2,1,2,1,2,2,2,1,2,1,2,1,2,1,2,2,2,2,2,1,3,3,1,2,3,3,3,1,3,3,1.654,1.704,1.654,1.654,1.654,1.529,1.679,1.654,Reasonably age-friendly,Less age-friendly,Less age-friendly,Less age-friendly,Reasonably age-friendly,Reasonably age-friendly,Less age-friendly,Less age-friendly,Less age-friendly,Reasonably age-friendly,Less age-friendly,residential,31.799,569:0,0,backward,324,325,31.799,48.903999999999996,48.528999999999996,48.528999999999996,48.278999999999996,48.528999999999996,48.528999999999996,48.528999999999996,49.153999999999996,48.403999999999996,48.528999999999996,0
570,1.87,1.0,1.87,3,1.5,1.0,3,3,2,1.5,1,1,2,1,1,1,2,1,3,2.059,2.084,3.0,3.0,2.0,3.0,3,1,3,3,1,1,3,3,1,3,3,2,1,1,3,3,2,1,3,3,3,3,3,2,2,2,1,2,2,1,2,1,2,2,2,1,2,1,2,1,2,1,2,2,2,2,2,1,3,3,3,3,3,3,3,3,2,3,1.984,2.034,1.984,1.984,1.984,2.009,1.909,1.984,Reasonably age-friendly,Reasonably age-friendly,Reasonably age-friendly,Reasonably age-friendly,Reasonably age-friendly,Reasonably age-friendly,Reasonably age-friendly,Reasonably age-friendly,Less age-friendly,Reasonably age-friendly,Less age-friendly,residential,45.414,570:0,0,forward,319,418,45.414,60.119,59.994,60.494,60.244,60.494,60.494,60.494,60.369,60.869,60.494,0
570,1.87,1.0,1.87,3,1.5,1.0,3,3,2,1.5,1,1,2,1,1,1,2,1,3,2.059,2.084,3.0,3.0,2.0,3.0,3,1,3,3,1,1,3,3,1,3,3,2,1,1,3,3,2,1,3,3,3,3,3,2,2,2,1,2,2,1,2,1,2,2,2,1,2,1,2,1,2,1,2,2,2,2,2,1,3,3,3,3,3,3,3,3,2,3,1.984,2.034,1.984,1.984,1.984,2.009,1.909,1.984,Reasonably age-friendly,Reasonably age-friendly,Reasonably age-friendly,Reasonably age-friendly,Reasonably age-friendly,Reasonably age-friendly,Reasonably age-friendly,Reasonably age-friendly,Less age-friendly,Reasonably age-friendly,Less age-friendly,residential,45.414,570:0,0,backward,418,319,45.414,60.119,59.994,60.494,60.244,60.494,60.494,60.494,60.369,60.869,60.494,0
571,2.03,1.0,2.03,3,1.5,1.0,3,3,2,1.0,2,1,2,1,1,1,3,1,3,2.171,2.196,3.0,3.0,2.0,3.0,3,1,3,3,1,1,3,3,1,3,3,2,1,1,3,3,2,1,3,3,3,3,3,2,2,2,1,2,2,1,2,1,2,2,2,1,2,1,2,1,2,1,2,2,2,2,2,1,3,3,3,3,1,3,3,3,3,3,2.096,2.146,2.096,2.096,2.096,2.121,2.121,2.096,Reasonably age-friendly,Less age-friendly,Less age-friendly,Less age-friendly,Reasonably age-friendly,Reasonably age-friendly,Less age-friendly,Less age-friendly,Less age-friendly,Reasonably age-friendly,Less age-friendly,residential,24.424,571:0,0,forward,323,418,24.424,38.569,38.444,38.944,38.694,38.944,38.944,38.944,38.819,38.819,38.944,0
571,2.03,1.0,2.03,3,1.5,1.0,3,3,2,1.0,2,1,2,1,1,1,3,1,3,2.171,2.196,3.0,3.0,2.0,3.0,3,1,3,3,1,1,3,3,1,3,3,2,1,1,3,3,2,1,3,3,3,3,3,2,2,2,1,2,2,1,2,1,2,2,2,1,2,1,2,1,2,1,2,2,2,2,2,1,3,3,3,3,1,3,3,3,3,3,2.096,2.146,2.096,2.096,2.096,2.121,2.121,2.096,Reasonably age-friendly,Less age-friendly,Less age-friendly,Less age-friendly,Reasonably age-friendly,Reasonably age-friendly,Less age-friendly,Less age-friendly,Less age-friendly,Reasonably age-friendly,Less age-friendly,residential,24.424,571:0,0,backward,418,323,24.424,38.569,38.444,38.944,38.694,38.944,38.944,38.944,38.819,38.819,38.944,0
572,1.95,1.0,1.95,3,1.5,1.0,3,3,2,1.0,1,1,2,1,1,1,3,1,3,2.115,2.14,3.0,3.0,2.0,3.0,3,1,3,3,1,1,3,3,1,3,3,2,1,1,3,3,2,1,3,3,3,3,3,2,2,2,1,2,2,1,2,1,2,2,2,1,2,1,2,1,2,1,2,2,2,2,2,1,3,3,3,3,3,3,2,2,3,3,2.04,2.09,2.04,1.94,2.04,1.965,2.065,2.04,Reasonably age-friendly,Less age-friendly,Less age-friendly,Less age-friendly,Reasonably age-friendly,Reasonably age-friendly,Less age-friendly,Less age-friendly,Less age-friendly,Reasonably age-friendly,Less age-friendly,residential,23.852,572:0,0,forward,418,419,23.852,38.277,38.152,38.652,38.402,38.652,39.152,38.652,39.027,38.527,38.652,0
572,1.95,1.0,1.95,3,1.5,1.0,3,3,2,1.0,1,1,2,1,1,1,3,1,3,2.115,2.14,3.0,3.0,2.0,3.0,3,1,3,3,1,1,3,3,1,3,3,2,1,1,3,3,2,1,3,3,3,3,3,2,2,2,1,2,2,1,2,1,2,2,2,1,2,1,2,1,2,1,2,2,2,2,2,1,3,3,3,3,3,3,2,2,3,3,2.04,2.09,2.04,1.94,2.04,1.965,2.065,2.04,Reasonably age-friendly,Less age-friendly,Less age-friendly,Less age-friendly,Reasonably age-friendly,Reasonably age-friendly,Less age-friendly,Less age-friendly,Less age-friendly,Reasonably age-friendly,Less age-friendly,residential,23.852,572:0,0,backward,419,418,23.852,38.277,38.152,38.652,38.402,38.652,39.152,38.652,39.027,38.527,38.652,0
573,1.83,1.0,1.83,2,1.5,1.0,3,3,2,1.0,2,1,2,1,1,1,2,2,2,2.081,2.006,3.0,3.0,2.0,3.0,3,1,3,3,1,2,2,3,1,3,3,2,1,1,3,3,2,1,3,3,3,3,3,2,2,2,1,2,2,1,2,1,2,2,2,1,2,1,2,1,2,1,2,2,2,2,2,1,3,3,3,3,3,3,3,3,3,3,1.956,2.006,1.956,1.956,1.956,2.031,1.931,1.956,Reasonably age-friendly,Reasonably age-friendly,Reasonably age-friendly,Reasonably age-friendly,Reasonably age-friendly,Reasonably age-friendly,Reasonably age-friendly,Reasonably age-friendly,Reasonably age-friendly,Reasonably age-friendly,Less age-friendly,residential,58.219,573:0,0,forward,419,317,58.219,72.81400000000001,73.18900000000001,73.43900000000001,73.18900000000001,73.43900000000001,73.43900000000001,73.43900000000001,73.064,73.564,73.43900000000001,0
573,1.83,1.0,1.83,2,1.5,1.0,3,3,2,1.0,2,1,2,1,1,1,2,2,2,2.081,2.006,3.0,3.0,2.0,3.0,3,1,3,3,1,2,2,3,1,3,3,2,1,1,3,3,2,1,3,3,3,3,3,2,2,2,1,2,2,1,2,1,2,2,2,1,2,1,2,1,2,1,2,2,2,2,2,1,3,3,3,3,3,3,3,3,3,3,1.956,2.006,1.956,1.956,1.956,2.031,1.931,1.956,Reasonably age-friendly,Reasonably age-friendly,Reasonably age-friendly,Reasonably age-friendly,Reasonably age-friendly,Reasonably age-friendly,Reasonably age-friendly,Reasonably age-friendly,Reasonably age-friendly,Reasonably age-friendly,Less age-friendly,residential,58.219,573:0,0,backward,317,419,58.219,72.81400000000001,73.18900000000001,73.43900000000001,73.18900000000001,73.43900000000001,73.43900000000001,73.43900000000001,73.064,73.564,73.43900000000001,0
574,1.95,1.0,1.95,3,1.5,1.0,3,3,2,1.0,1,1,2,1,1,1,3,2,3,2.165,2.14,3.0,3.0,2.0,3.0,3,2,3,3,2,2,3,3,1,3,3,2,1,1,3,3,2,1,3,3,3,3,3,2,2,2,1,2,2,1,2,1,2,2,2,1,2,1,2,1,2,1,2,2,2,2,2,1,3,3,3,3,3,1,2,2,3,1,1.84,2.14,1.84,1.99,1.84,2.015,2.065,1.84,Reasonably age-friendly,Less age-friendly,Less age-friendly,Less age-friendly,Reasonably age-friendly,Reasonably age-friendly,Less age-friendly,Less age-friendly,Less age-friendly,Reasonably age-friendly,Less age-friendly,residential,32.238,574:0,0,forward,419,276,32.238,46.413,46.538,48.038,46.538,48.038,47.288,48.038,47.163,46.913,48.038,0
574,1.95,1.0,1.95,3,1.5,1.0,3,3,2,1.0,1,1,2,1,1,1,3,2,3,2.165,2.14,3.0,3.0,2.0,3.0,3,2,3,3,2,2,3,3,1,3,3,2,1,1,3,3,2,1,3,3,3,3,3,2,2,2,1,2,2,1,2,1,2,2,2,1,2,1,2,1,2,1,2,2,2,2,2,1,3,3,3,3,3,1,2,2,3,1,1.84,2.14,1.84,1.99,1.84,2.015,2.065,1.84,Reasonably age-friendly,Less age-friendly,Less age-friendly,Less age-friendly,Reasonably age-friendly,Reasonably age-friendly,Less age-friendly,Less age-friendly,Less age-friendly,Reasonably age-friendly,Less age-friendly,residential,32.238,574:0,0,backward,276,419,32.238,46.413,46.538,48.038,46.538,48.038,47.288,48.038,47.163,46.913,48.038,0
575,1.99,1.5,1.327,3,1.5,1.0,3,3,2,3.0,1,1,2,1,2,1,2,1,2,1.679,1.654,3.0,3.0,2.0,3.0,3,1,3,3,1,1,2,3,1,3,3,2,1,1,3,3,2,1,3,3,3,3,3,2,2,2,1,2,2,1,2,1,2,2,2,1,2,1,2,1,2,1,2,2,2,2,2,1,3,3,3,3,3,3,3,3,3,3,1.604,1.654,1.604,1.604,1.604,1.629,1.579,1.604,Reasonably age-friendly,Less age-friendly,Less age-friendly,Less age-friendly,Reasonably age-friendly,Reasonably age-friendly,Less age-friendly,Less age-friendly,Less age-friendly,Reasonably age-friendly,Less age-friendly,residential,87.084,575:0,0,forward,238,420,87.084,103.689,103.81400000000001,104.06400000000001,103.81400000000001,104.06400000000001,104.06400000000001,104.06400000000001,103.93900000000001,104.18900000000001,104.06400000000001,0
575,1.99,1.5,1.327,3,1.5,1.0,3,3,2,3.0,1,1,2,1,2,1,2,1,2,1.679,1.654,3.0,3.0,2.0,3.0,3,1,3,3,1,1,2,3,1,3,3,2,1,1,3,3,2,1,3,3,3,3,3,2,2,2,1,2,2,1,2,1,2,2,2,1,2,1,2,1,2,1,2,2,2,2,2,1,3,3,3,3,3,3,3,3,3,3,1.604,1.654,1.604,1.604,1.604,1.629,1.579,1.604,Reasonably age-friendly,Less age-friendly,Less age-friendly,Less age-friendly,Reasonably age-friendly,Reasonably age-friendly,Less age-friendly,Less age-friendly,Less age-friendly,Reasonably age-friendly,Less age-friendly,residential,87.084,575:0,0,backward,420,238,87.084,103.689,103.81400000000001,104.06400000000001,103.81400000000001,104.06400000000001,104.06400000000001,104.06400000000001,103.93900000000001,104.18900000000001,104.06400000000001,0
576,1.99,1.5,1.327,3,1.5,1.0,3,3,2,3.0,1,1,2,1,2,1,2,1,3,1.679,1.704,3.0,3.0,2.0,3.0,3,1,3,3,1,1,3,3,1,3,3,2,1,1,3,3,2,1,3,3,3,3,3,2,2,2,1,2,2,1,2,1,2,2,2,1,2,1,2,1,2,1,2,2,2,2,2,1,3,3,3,3,3,3,3,3,3,3,1.604,1.654,1.604,1.604,1.604,1.629,1.629,1.604,Reasonably age-friendly,Less age-friendly,Less age-friendly,Less age-friendly,Reasonably age-friendly,Reasonably age-friendly,Less age-friendly,Less age-friendly,Less age-friendly,Reasonably age-friendly,Less age-friendly,residential,12.654,576:0,0,forward,420,228,12.654,29.258999999999997,29.134,29.634,29.384,29.634,29.634,29.634,29.509,29.509,29.634,0
576,1.99,1.5,1.327,3,1.5,1.0,3,3,2,3.0,1,1,2,1,2,1,2,1,3,1.679,1.704,3.0,3.0,2.0,3.0,3,1,3,3,1,1,3,3,1,3,3,2,1,1,3,3,2,1,3,3,3,3,3,2,2,2,1,2,2,1,2,1,2,2,2,1,2,1,2,1,2,1,2,2,2,2,2,1,3,3,3,3,3,3,3,3,3,3,1.604,1.654,1.604,1.604,1.604,1.629,1.629,1.604,Reasonably age-friendly,Less age-friendly,Less age-friendly,Less age-friendly,Reasonably age-friendly,Reasonably age-friendly,Less age-friendly,Less age-friendly,Less age-friendly,Reasonably age-friendly,Less age-friendly,residential,12.654,576:0,0,backward,228,420,12.654,29.258999999999997,29.134,29.634,29.384,29.634,29.634,29.634,29.509,29.509,29.634,0
577,1.83,1.5,1.22,2,1.5,1.0,3,3,2,2.0,1,1,1,1,2,1,2,1,3,1.604,1.579,3.0,3.0,2.0,3.0,3,2,3,3,2,1,3,3,1,3,3,1,1,1,3,3,1,1,3,3,3,3,3,2,2,2,1,2,2,1,2,1,2,2,2,1,2,1,2,1,2,1,2,2,2,2,2,1,3,3,3,3,3,3,3,3,3,3,1.529,1.629,1.529,1.579,1.529,1.554,1.504,1.529,Reasonably age-friendly,Less age-friendly,Less age-friendly,Less age-friendly,Reasonably age-friendly,Reasonably age-friendly,Less age-friendly,Less age-friendly,Less age-friendly,Reasonably age-friendly,Less age-friendly,residential,71.265,577:0,0,forward,420,421,71.265,88.245,88.37,88.62,88.12,88.62,88.37,88.62,88.495,88.745,88.62,0
577,1.83,1.5,1.22,2,1.5,1.0,3,3,2,2.0,1,1,1,1,2,1,2,1,3,1.604,1.579,3.0,3.0,2.0,3.0,3,2,3,3,2,1,3,3,1,3,3,1,1,1,3,3,1,1,3,3,3,3,3,2,2,2,1,2,2,1,2,1,2,2,2,1,2,1,2,1,2,1,2,2,2,2,2,1,3,3,3,3,3,3,3,3,3,3,1.529,1.629,1.529,1.579,1.529,1.554,1.504,1.529,Reasonably age-friendly,Less age-friendly,Less age-friendly,Less age-friendly,Reasonably age-friendly,Reasonably age-friendly,Less age-friendly,Less age-friendly,Less age-friendly,Reasonably age-friendly,Less age-friendly,residential,71.265,577:0,0,backward,421,420,71.265,88.245,88.37,88.62,88.12,88.62,88.37,88.62,88.495,88.745,88.62,0
578,1.43,1.5,0.953,1,1.5,1.0,1,3,2,1.0,1,1,1,1,2,1,2,1,2,1.417,1.342,3.0,3.0,2.0,3.0,3,1,3,3,1,1,2,3,1,3,3,1,1,1,3,3,1,1,3,3,3,3,3,2,2,2,1,2,2,1,2,1,2,2,2,1,2,1,2,1,2,1,2,2,2,2,2,1,3,3,3,3,3,3,3,3,3,3,1.342,1.392,1.342,1.342,1.342,1.367,1.267,1.342,Reasonably age-friendly,Less age-friendly,Less age-friendly,Less age-friendly,Reasonably age-friendly,Reasonably age-friendly,Less age-friendly,Less age-friendly,Less age-friendly,Reasonably age-friendly,Less age-friendly,residential,63.279,578:0,0,forward,421,422,63.279,81.194,81.569,81.569,81.319,81.569,81.569,81.569,81.444,81.944,81.569,0
578,1.43,1.5,0.953,1,1.5,1.0,1,3,2,1.0,1,1,1,1,2,1,2,1,2,1.417,1.342,3.0,3.0,2.0,3.0,3,1,3,3,1,1,2,3,1,3,3,1,1,1,3,3,1,1,3,3,3,3,3,2,2,2,1,2,2,1,2,1,2,2,2,1,2,1,2,1,2,1,2,2,2,2,2,1,3,3,3,3,3,3,3,3,3,3,1.342,1.392,1.342,1.342,1.342,1.367,1.267,1.342,Reasonably age-friendly,Less age-friendly,Less age-friendly,Less age-friendly,Reasonably age-friendly,Reasonably age-friendly,Less age-friendly,Less age-friendly,Less age-friendly,Reasonably age-friendly,Less age-friendly,residential,63.279,578:0,0,backward,422,421,63.279,81.194,81.569,81.569,81.319,81.569,81.569,81.569,81.444,81.944,81.569,0
579,1.91,1.0,1.91,3,1.5,1.0,3,3,2,2.0,1,1,3,1,1,1,2,1,3,2.087,2.162,3.0,3.0,2.0,3.0,3,1,3,3,1,1,3,3,2,3,3,3,2,2,3,3,3,2,3,3,3,3,3,2,2,2,1,2,2,1,2,1,2,2,2,1,2,1,2,1,2,1,2,2,2,2,2,1,3,3,3,3,3,3,2,2,1,3,2.062,2.062,2.062,1.912,2.062,1.937,1.887,2.062,Reasonably age-friendly,Reasonably age-friendly,Reasonably age-friendly,Reasonably age-friendly,Reasonably age-friendly,Reasonably age-friendly,Less age-friendly,Less age-friendly,Less age-friendly,Reasonably age-friendly,Less age-friendly,residential,29.16,579:0,0,forward,228,423,29.16,43.725,43.35,43.85,43.85,43.85,44.6,43.85,44.474999999999994,44.725,43.85,0
579,1.91,1.0,1.91,3,1.5,1.0,3,3,2,2.0,1,1,3,1,1,1,2,1,3,2.087,2.162,3.0,3.0,2.0,3.0,3,1,3,3,1,1,3,3,2,3,3,3,2,2,3,3,3,2,3,3,3,3,3,2,2,2,1,2,2,1,2,1,2,2,2,1,2,1,2,1,2,1,2,2,2,2,2,1,3,3,3,3,3,3,2,2,1,3,2.062,2.062,2.062,1.912,2.062,1.937,1.887,2.062,Reasonably age-friendly,Reasonably age-friendly,Reasonably age-friendly,Reasonably age-friendly,Reasonably age-friendly,Reasonably age-friendly,Less age-friendly,Less age-friendly,Less age-friendly,Reasonably age-friendly,Less age-friendly,residential,29.16,579:0,0,backward,423,228,29.16,43.725,43.35,43.85,43.85,43.85,44.6,43.85,44.474999999999994,44.725,43.85,0
580,1.75,2.0,0.875,2,1.5,1.0,3,3,2,1.0,1,1,2,1,3,1,2,1,1,1.363,1.288,3.0,3.0,2.0,3.0,3,1,3,3,1,1,1,3,1,3,3,2,1,1,3,3,2,1,3,3,3,3,3,2,2,2,1,2,2,1,2,1,2,2,2,1,2,1,2,1,2,1,2,2,2,2,2,1,3,3,3,3,3,3,3,3,3,3,1.287,1.338,1.287,1.288,1.287,1.313,1.213,1.287,Reasonably age-friendly,Less age-friendly,Less age-friendly,Less age-friendly,Reasonably age-friendly,Reasonably age-friendly,Less age-friendly,Less age-friendly,Less age-friendly,Reasonably age-friendly,Less age-friendly,residential,30.185,580:0,0,forward,423,424,30.185,48.37,48.745,48.75,48.495,48.75,48.745,48.75,48.620000000000005,49.12,48.75,0
580,1.75,2.0,0.875,2,1.5,1.0,3,3,2,1.0,1,1,2,1,3,1,2,1,1,1.363,1.288,3.0,3.0,2.0,3.0,3,1,3,3,1,1,1,3,1,3,3,2,1,1,3,3,2,1,3,3,3,3,3,2,2,2,1,2,2,1,2,1,2,2,2,1,2,1,2,1,2,1,2,2,2,2,2,1,3,3,3,3,3,3,3,3,3,3,1.287,1.338,1.287,1.288,1.287,1.313,1.213,1.287,Reasonably age-friendly,Less age-friendly,Less age-friendly,Less age-friendly,Reasonably age-friendly,Reasonably age-friendly,Less age-friendly,Less age-friendly,Less age-friendly,Reasonably age-friendly,Less age-friendly,residential,30.185,580:0,0,backward,424,423,30.185,48.37,48.745,48.75,48.495,48.75,48.745,48.75,48.620000000000005,49.12,48.75,0
581,1.83,1.0,1.83,3,1.5,1.0,3,3,2,1.0,1,1,2,1,1,1,2,1,1,2.031,1.956,3.0,3.0,2.0,3.0,3,1,3,3,1,1,1,3,1,3,3,2,1,1,3,3,2,1,3,3,3,3,3,2,2,2,1,2,2,1,2,1,2,2,2,1,2,1,2,1,2,1,2,2,2,2,2,1,3,3,3,3,3,3,3,3,3,3,1.956,2.006,1.956,1.956,1.956,1.981,1.881,1.956,Reasonably age-friendly,Reasonably age-friendly,Reasonably age-friendly,Reasonably age-friendly,Reasonably age-friendly,Reasonably age-friendly,Reasonably age-friendly,Reasonably age-friendly,Less age-friendly,Reasonably age-friendly,Less age-friendly,residential,44.261,581:0,0,forward,424,425,44.261,59.106,59.481,59.481,59.231,59.481,59.481,59.481,59.356,59.856,59.481,0
581,1.83,1.0,1.83,3,1.5,1.0,3,3,2,1.0,1,1,2,1,1,1,2,1,1,2.031,1.956,3.0,3.0,2.0,3.0,3,1,3,3,1,1,1,3,1,3,3,2,1,1,3,3,2,1,3,3,3,3,3,2,2,2,1,2,2,1,2,1,2,2,2,1,2,1,2,1,2,1,2,2,2,2,2,1,3,3,3,3,3,3,3,3,3,3,1.956,2.006,1.956,1.956,1.956,1.981,1.881,1.956,Reasonably age-friendly,Reasonably age-friendly,Reasonably age-friendly,Reasonably age-friendly,Reasonably age-friendly,Reasonably age-friendly,Reasonably age-friendly,Reasonably age-friendly,Less age-friendly,Reasonably age-friendly,Less age-friendly,residential,44.261,581:0,0,backward,425,424,44.261,59.106,59.481,59.481,59.231,59.481,59.481,59.481,59.356,59.856,59.481,0
582,1.83,1.5,1.22,3,1.5,1.0,3,3,2,1.0,1,1,2,1,2,1,2,1,1,1.604,1.529,3.0,3.0,2.0,3.0,3,1,3,3,1,1,1,3,1,3,3,2,1,1,3,3,2,1,3,3,3,3,3,2,2,2,1,2,2,1,2,1,2,2,2,1,2,1,2,1,2,1,2,2,2,2,2,1,3,3,3,3,3,3,3,3,3,3,1.529,1.579,1.529,1.529,1.529,1.554,1.454,1.529,Reasonably age-friendly,Less age-friendly,Less age-friendly,Less age-friendly,Reasonably age-friendly,Reasonably age-friendly,Less age-friendly,Less age-friendly,Less age-friendly,Reasonably age-friendly,Less age-friendly,residential,23.729,582:0,0,forward,425,426,23.729,40.709,41.084,41.084,40.834,41.084,41.084,41.084,40.958999999999996,41.459,41.084,0
582,1.83,1.5,1.22,3,1.5,1.0,3,3,2,1.0,1,1,2,1,2,1,2,1,1,1.604,1.529,3.0,3.0,2.0,3.0,3,1,3,3,1,1,1,3,1,3,3,2,1,1,3,3,2,1,3,3,3,3,3,2,2,2,1,2,2,1,2,1,2,2,2,1,2,1,2,1,2,1,2,2,2,2,2,1,3,3,3,3,3,3,3,3,3,3,1.529,1.579,1.529,1.529,1.529,1.554,1.454,1.529,Reasonably age-friendly,Less age-friendly,Less age-friendly,Less age-friendly,Reasonably age-friendly,Reasonably age-friendly,Less age-friendly,Less age-friendly,Less age-friendly,Reasonably age-friendly,Less age-friendly,residential,23.729,582:0,0,backward,426,425,23.729,40.709,41.084,41.084,40.834,41.084,41.084,41.084,40.958999999999996,41.459,41.084,0
583,1.75,1.0,1.75,1,1.5,1.0,3,3,2,1.0,2,1,2,1,1,1,2,1,2,1.875,1.95,3.0,3.0,2.0,3.0,3,1,3,3,1,1,2,3,1,3,3,2,1,1,3,3,2,1,3,3,3,3,3,2,2,2,1,2,2,1,2,1,2,2,2,1,2,1,2,1,2,1,2,2,2,2,2,1,3,3,2,3,3,3,3,3,3,3,1.9,1.95,1.9,1.9,1.9,1.925,1.875,1.9,Reasonably age-friendly,Reasonably age-friendly,Less age-friendly,Reasonably age-friendly,Reasonably age-friendly,Reasonably age-friendly,Less age-friendly,Reasonably age-friendly,Less age-friendly,Reasonably age-friendly,Less age-friendly,residential,24.159,583:0,0,forward,426,427,24.159,39.784,39.409,39.659,39.409,39.659,39.659,39.659,39.534,39.784,39.659,0
583,1.75,1.0,1.75,1,1.5,1.0,3,3,2,1.0,2,1,2,1,1,1,2,1,2,1.875,1.95,3.0,3.0,2.0,3.0,3,1,3,3,1,1,2,3,1,3,3,2,1,1,3,3,2,1,3,3,3,3,3,2,2,2,1,2,2,1,2,1,2,2,2,1,2,1,2,1,2,1,2,2,2,2,2,1,3,3,2,3,3,3,3,3,3,3,1.9,1.95,1.9,1.9,1.9,1.925,1.875,1.9,Reasonably age-friendly,Reasonably age-friendly,Less age-friendly,Reasonably age-friendly,Reasonably age-friendly,Reasonably age-friendly,Less age-friendly,Reasonably age-friendly,Less age-friendly,Reasonably age-friendly,Less age-friendly,residential,24.159,583:0,0,backward,427,426,24.159,39.784,39.409,39.659,39.409,39.659,39.659,39.659,39.534,39.784,39.659,0
584,1.83,1.0,1.83,3,1.5,1.0,3,3,2,1.0,1,1,2,1,1,1,2,1,2,2.031,2.006,3.0,3.0,2.0,3.0,3,1,3,3,1,1,2,3,1,3,3,2,1,1,3,3,2,1,3,3,3,3,3,2,2,2,1,2,2,1,2,1,2,2,2,1,2,1,2,1,2,1,2,2,2,2,2,1,3,3,3,3,3,3,3,3,3,3,1.956,2.006,1.956,1.956,1.956,1.981,1.931,1.956,Reasonably age-friendly,Reasonably age-friendly,Reasonably age-friendly,Reasonably age-friendly,Reasonably age-friendly,Reasonably age-friendly,Reasonably age-friendly,Reasonably age-friendly,Reasonably age-friendly,Reasonably age-friendly,Less age-friendly,residential,26.923,584:0,0,forward,426,428,26.923,41.768,41.893,42.143,41.893,42.143,42.143,42.143,42.018,42.268,42.143,0
584,1.83,1.0,1.83,3,1.5,1.0,3,3,2,1.0,1,1,2,1,1,1,2,1,2,2.031,2.006,3.0,3.0,2.0,3.0,3,1,3,3,1,1,2,3,1,3,3,2,1,1,3,3,2,1,3,3,3,3,3,2,2,2,1,2,2,1,2,1,2,2,2,1,2,1,2,1,2,1,2,2,2,2,2,1,3,3,3,3,3,3,3,3,3,3,1.956,2.006,1.956,1.956,1.956,1.981,1.931,1.956,Reasonably age-friendly,Reasonably age-friendly,Reasonably age-friendly,Reasonably age-friendly,Reasonably age-friendly,Reasonably age-friendly,Reasonably age-friendly,Reasonably age-friendly,Reasonably age-friendly,Reasonably age-friendly,Less age-friendly,residential,26.923,584:0,0,backward,428,426,26.923,41.768,41.893,42.143,41.893,42.143,42.143,42.143,42.018,42.268,42.143,0
585,1.95,1.5,1.3,3,1.5,1.0,3,3,2,1.0,1,1,2,2,2,1,2,1,1,1.66,1.585,3.0,3.0,2.0,3.0,3,1,3,3,1,1,1,3,1,3,3,2,1,1,3,3,2,1,3,3,3,3,3,2,2,2,1,2,2,1,2,1,2,2,2,1,2,1,2,1,2,1,2,2,2,2,2,1,3,3,3,3,3,3,3,3,3,3,1.585,1.635,1.585,1.585,1.585,1.61,1.51,1.585,Reasonably age-friendly,Less age-friendly,Less age-friendly,Less age-friendly,Reasonably age-friendly,Reasonably age-friendly,Less age-friendly,Less age-friendly,Less age-friendly,Reasonably age-friendly,Less age-friendly,residential,30.242,585:0,0,forward,425,429,30.242,46.942,47.317,47.317,47.06700000000001,47.317,47.317,47.317,47.192,47.69200000000001,47.317,0
585,1.95,1.5,1.3,3,1.5,1.0,3,3,2,1.0,1,1,2,2,2,1,2,1,1,1.66,1.585,3.0,3.0,2.0,3.0,3,1,3,3,1,1,1,3,1,3,3,2,1,1,3,3,2,1,3,3,3,3,3,2,2,2,1,2,2,1,2,1,2,2,2,1,2,1,2,1,2,1,2,2,2,2,2,1,3,3,3,3,3,3,3,3,3,3,1.585,1.635,1.585,1.585,1.585,1.61,1.51,1.585,Reasonably age-friendly,Less age-friendly,Less age-friendly,Less age-friendly,Reasonably age-friendly,Reasonably age-friendly,Less age-friendly,Less age-friendly,Less age-friendly,Reasonably age-friendly,Less age-friendly,residential,30.242,585:0,0,backward,429,425,30.242,46.942,47.317,47.317,47.06700000000001,47.317,47.317,47.317,47.192,47.69200000000001,47.317,0
586,1.91,1.0,1.91,3,1.5,1.0,3,3,2,2.0,1,1,2,1,1,1,2,1,2,2.087,2.062,3.0,3.0,2.0,3.0,3,1,3,3,1,1,2,3,1,3,3,2,1,1,3,3,2,1,3,3,3,3,3,2,2,2,1,2,2,1,2,1,2,2,2,1,2,1,2,1,2,1,2,2,2,2,2,1,3,3,3,3,3,3,3,2,3,3,2.012,2.062,2.012,2.012,2.012,1.937,1.987,2.012,Reasonably age-friendly,Less age-friendly,Less age-friendly,Less age-friendly,Reasonably age-friendly,Reasonably age-friendly,Less age-friendly,Less age-friendly,Less age-friendly,Reasonably age-friendly,Less age-friendly,residential,43.748,586:0,0,forward,429,423,43.748,58.312999999999995,58.438,58.687999999999995,58.438,58.687999999999995,58.687999999999995,58.687999999999995,59.062999999999995,58.812999999999995,58.687999999999995,0
586,1.91,1.0,1.91,3,1.5,1.0,3,3,2,2.0,1,1,2,1,1,1,2,1,2,2.087,2.062,3.0,3.0,2.0,3.0,3,1,3,3,1,1,2,3,1,3,3,2,1,1,3,3,2,1,3,3,3,3,3,2,2,2,1,2,2,1,2,1,2,2,2,1,2,1,2,1,2,1,2,2,2,2,2,1,3,3,3,3,3,3,3,2,3,3,2.012,2.062,2.012,2.012,2.012,1.937,1.987,2.012,Reasonably age-friendly,Less age-friendly,Less age-friendly,Less age-friendly,Reasonably age-friendly,Reasonably age-friendly,Less age-friendly,Less age-friendly,Less age-friendly,Reasonably age-friendly,Less age-friendly,residential,43.748,586:0,0,backward,423,429,43.748,58.312999999999995,58.438,58.687999999999995,58.438,58.687999999999995,58.687999999999995,58.687999999999995,59.062999999999995,58.812999999999995,58.687999999999995,0
587,1.99,1.0,1.99,3,1.5,1.0,3,3,2,3.0,1,1,2,1,1,1,2,1,2,1.943,2.118,3.0,3.0,2.0,3.0,3,1,3,3,1,1,2,3,1,3,3,2,1,1,3,3,2,1,3,3,3,3,3,2,2,2,1,2,2,1,2,1,2,2,2,1,2,1,2,1,2,1,2,2,2,2,2,1,3,3,1,3,3,3,3,1,3,2,1.968,2.118,1.968,2.068,1.968,1.893,2.043,1.968,Reasonably age-friendly,Reasonably age-friendly,Less age-friendly,Reasonably age-friendly,Reasonably age-friendly,Reasonably age-friendly,Reasonably age-friendly,Less age-friendly,Reasonably age-friendly,Reasonably age-friendly,Less age-friendly,residential,51.45,587:0,0,forward,429,430,51.45,66.735,65.86,66.61,65.86,66.61,66.11,66.61,66.985,66.235,66.61,0
587,1.99,1.0,1.99,3,1.5,1.0,3,3,2,3.0,1,1,2,1,1,1,2,1,2,1.943,2.118,3.0,3.0,2.0,3.0,3,1,3,3,1,1,2,3,1,3,3,2,1,1,3,3,2,1,3,3,3,3,3,2,2,2,1,2,2,1,2,1,2,2,2,1,2,1,2,1,2,1,2,2,2,2,2,1,3,3,1,3,3,3,3,1,3,2,1.968,2.118,1.968,2.068,1.968,1.893,2.043,1.968,Reasonably age-friendly,Reasonably age-friendly,Less age-friendly,Reasonably age-friendly,Reasonably age-friendly,Reasonably age-friendly,Reasonably age-friendly,Less age-friendly,Reasonably age-friendly,Reasonably age-friendly,Less age-friendly,residential,51.45,587:0,0,backward,430,429,51.45,66.735,65.86,66.61,65.86,66.61,66.11,66.61,66.985,66.235,66.61,0
588,1.95,1.0,1.95,3,1.5,1.0,3,3,2,2.5,1,1,2,1,1,1,2,1,3,1.915,2.04,3.0,3.0,2.0,3.0,3,1,3,3,1,1,3,3,1,3,3,2,1,1,3,3,2,1,3,3,3,3,3,2,2,2,1,2,2,1,2,1,2,2,2,1,2,1,2,1,2,1,2,2,2,2,2,1,3,1,1,2,2,3,3,1,3,2,1.94,1.89,1.94,2.04,1.94,1.865,2.065,1.94,Reasonably age-friendly,Less age-friendly,Less age-friendly,Reasonably age-friendly,Reasonably age-friendly,Reasonably age-friendly,Reasonably age-friendly,Less age-friendly,Reasonably age-friendly,Reasonably age-friendly,Less age-friendly,residential,16.14,588:0,0,forward,430,431,16.14,31.565,30.94,31.44,31.69,31.44,30.94,31.44,31.814999999999998,30.815,31.44,0
588,1.95,1.0,1.95,3,1.5,1.0,3,3,2,2.5,1,1,2,1,1,1,2,1,3,1.915,2.04,3.0,3.0,2.0,3.0,3,1,3,3,1,1,3,3,1,3,3,2,1,1,3,3,2,1,3,3,3,3,3,2,2,2,1,2,2,1,2,1,2,2,2,1,2,1,2,1,2,1,2,2,2,2,2,1,3,1,1,2,2,3,3,1,3,2,1.94,1.89,1.94,2.04,1.94,1.865,2.065,1.94,Reasonably age-friendly,Less age-friendly,Less age-friendly,Reasonably age-friendly,Reasonably age-friendly,Reasonably age-friendly,Reasonably age-friendly,Less age-friendly,Reasonably age-friendly,Reasonably age-friendly,Less age-friendly,residential,16.14,588:0,0,backward,431,430,16.14,31.565,30.94,31.44,31.69,31.44,30.94,31.44,31.814999999999998,30.815,31.44,0
589,1.8,1.5,1.2,3,1.0,3.0,3,3,1,1.0,1,1,2,1,2,1,2,1,3,1.39,1.515,3.0,3.0,2.0,3.0,3,1,3,3,1,1,3,3,1,3,3,2,1,1,3,3,2,1,3,3,3,3,3,2,2,2,1,2,2,1,2,1,2,2,2,1,2,1,2,1,2,1,2,2,2,2,2,1,3,1,1,2,2,3,3,1,3,2,1.415,1.365,1.415,1.515,1.415,1.34,1.54,1.415,Reasonably age-friendly,Less age-friendly,Less age-friendly,Less age-friendly,Reasonably age-friendly,Reasonably age-friendly,Less age-friendly,Less age-friendly,Less age-friendly,Reasonably age-friendly,Less age-friendly,residential,7.485,589:0,0,forward,14,430,7.485,25.535,24.91,25.41,25.659999999999997,25.41,24.91,25.41,25.785,24.785,25.41,0
589,1.8,1.5,1.2,3,1.0,3.0,3,3,1,1.0,1,1,2,1,2,1,2,1,3,1.39,1.515,3.0,3.0,2.0,3.0,3,1,3,3,1,1,3,3,1,3,3,2,1,1,3,3,2,1,3,3,3,3,3,2,2,2,1,2,2,1,2,1,2,2,2,1,2,1,2,1,2,1,2,2,2,2,2,1,3,1,1,2,2,3,3,1,3,2,1.415,1.365,1.415,1.515,1.415,1.34,1.54,1.415,Reasonably age-friendly,Less age-friendly,Less age-friendly,Less age-friendly,Reasonably age-friendly,Reasonably age-friendly,Less age-friendly,Less age-friendly,Less age-friendly,Reasonably age-friendly,Less age-friendly,residential,7.485,589:0,0,backward,430,14,7.485,25.535,24.91,25.41,25.659999999999997,25.41,24.91,25.41,25.785,24.785,25.41,0
590,1.44,1.5,0.96,3,1.0,1.0,2,3,1,1.0,1,1,3,1,2,1,1,1,3,1.222,1.397,3.0,3.0,2.0,3.0,3,1,3,3,1,1,3,3,2,3,3,3,2,2,3,3,3,2,3,3,3,3,3,2,2,2,1,2,2,1,2,1,2,2,2,1,2,1,2,1,2,1,2,2,2,2,2,1,3,1,1,2,3,3,3,1,3,2,1.297,1.197,1.297,1.347,1.297,1.172,1.422,1.297,Reasonably age-friendly,Less age-friendly,Less age-friendly,Less age-friendly,Reasonably age-friendly,Reasonably age-friendly,Less age-friendly,Less age-friendly,Less age-friendly,Reasonably age-friendly,Less age-friendly,residential,7.805,590:0,0,forward,229,431,7.805,26.695,25.82,26.32,26.82,26.32,26.07,26.32,26.945,25.695,26.32,0
590,1.44,1.5,0.96,3,1.0,1.0,2,3,1,1.0,1,1,3,1,2,1,1,1,3,1.222,1.397,3.0,3.0,2.0,3.0,3,1,3,3,1,1,3,3,2,3,3,3,2,2,3,3,3,2,3,3,3,3,3,2,2,2,1,2,2,1,2,1,2,2,2,1,2,1,2,1,2,1,2,2,2,2,2,1,3,1,1,2,3,3,3,1,3,2,1.297,1.197,1.297,1.347,1.297,1.172,1.422,1.297,Reasonably age-friendly,Less age-friendly,Less age-friendly,Less age-friendly,Reasonably age-friendly,Reasonably age-friendly,Less age-friendly,Less age-friendly,Less age-friendly,Reasonably age-friendly,Less age-friendly,residential,7.805,590:0,0,backward,431,229,7.805,26.695,25.82,26.32,26.82,26.32,26.07,26.32,26.945,25.695,26.32,0
591,2.11,1.5,1.407,3,1.5,1.0,3,3,2,3.0,1,1,2,2,2,1,2,1,2,1.535,1.61,3.0,3.0,2.0,3.0,3,1,3,3,1,1,2,3,1,3,3,2,1,1,3,3,2,1,3,3,3,3,3,2,2,2,1,2,2,1,2,1,2,2,2,1,2,1,2,1,2,1,2,2,2,2,2,1,1,2,1,2,3,3,2,3,3,1,1.46,1.61,1.46,1.56,1.46,1.685,1.635,1.46,Reasonably age-friendly,Less age-friendly,Less age-friendly,Less age-friendly,Reasonably age-friendly,Reasonably age-friendly,Less age-friendly,Less age-friendly,Less age-friendly,Reasonably age-friendly,Less age-friendly,residential,83.857,591:0,0,forward,431,231,83.857,101.182,100.807,101.557,100.807,101.557,101.057,101.557,100.432,100.682,101.557,0
591,2.11,1.5,1.407,3,1.5,1.0,3,3,2,3.0,1,1,2,2,2,1,2,1,2,1.535,1.61,3.0,3.0,2.0,3.0,3,1,3,3,1,1,2,3,1,3,3,2,1,1,3,3,2,1,3,3,3,3,3,2,2,2,1,2,2,1,2,1,2,2,2,1,2,1,2,1,2,1,2,2,2,2,2,1,1,2,1,2,3,3,2,3,3,1,1.46,1.61,1.46,1.56,1.46,1.685,1.635,1.46,Reasonably age-friendly,Less age-friendly,Less age-friendly,Less age-friendly,Reasonably age-friendly,Reasonably age-friendly,Less age-friendly,Less age-friendly,Less age-friendly,Reasonably age-friendly,Less age-friendly,residential,83.857,591:0,0,backward,231,431,83.857,101.182,100.807,101.557,100.807,101.557,101.057,101.557,100.432,100.682,101.557,0
592,2.25,1.0,2.25,3,3.0,2.5,2,1,3,1.5,3,2,3,2,1,1,2,3,3,2.425,2.4,3.0,3.0,2.0,3.0,3,2,3,3,2,3,3,3,2,3,3,3,2,2,3,3,3,2,3,3,3,3,3,2,2,2,1,2,2,1,2,1,2,2,2,1,2,1,2,1,2,1,2,2,2,2,2,1,1,3,3,3,3,3,2,3,3,3,2.3,2.35,2.3,2.2,2.3,2.375,2.325,2.3,Reasonably age-friendly,Reasonably age-friendly,Reasonably age-friendly,Reasonably age-friendly,Reasonably age-friendly,Reasonably age-friendly,Reasonably age-friendly,Reasonably age-friendly,Reasonably age-friendly,Reasonably age-friendly,Less age-friendly,residential,96.705,592:0,0,forward,432,230,45.13668966448903,58.01168966448903,58.13668966448903,58.63668966448903,58.38668966448903,58.63668966448903,59.13668966448903,58.63668966448903,58.26168966448903,58.51168966448903,58.63668966448903,0
592,2.25,1.0,2.25,3,3.0,2.5,2,1,3,1.5,3,2,3,2,1,1,2,3,3,2.425,2.4,3.0,3.0,2.0,3.0,3,2,3,3,2,3,3,3,2,3,3,3,2,2,3,3,3,2,3,3,3,3,3,2,2,2,1,2,2,1,2,1,2,2,2,1,2,1,2,1,2,1,2,2,2,2,2,1,1,3,3,3,3,3,2,3,3,3,2.3,2.35,2.3,2.2,2.3,2.375,2.325,2.3,Reasonably age-friendly,Reasonably age-friendly,Reasonably age-friendly,Reasonably age-friendly,Reasonably age-friendly,Reasonably age-friendly,Reasonably age-friendly,Reasonably age-friendly,Reasonably age-friendly,Reasonably age-friendly,Less age-friendly,residential,96.705,592:0,0,backward,230,432,45.13668966448903,58.01168966448903,58.13668966448903,58.63668966448903,58.38668966448903,58.63668966448903,59.13668966448903,58.63668966448903,58.26168966448903,58.51168966448903,58.63668966448903,0
592,2.25,1.0,2.25,3,3.0,2.5,2,1,3,1.5,3,2,3,2,1,1,2,3,3,2.425,2.4,3.0,3.0,2.0,3.0,3,2,3,3,2,3,3,3,2,3,3,3,2,2,3,3,3,2,3,3,3,3,3,2,2,2,1,2,2,1,2,1,2,2,2,1,2,1,2,1,2,1,2,2,2,2,2,1,1,3,3,3,3,3,2,3,3,3,2.3,2.35,2.3,2.2,2.3,2.375,2.325,2.3,Reasonably age-friendly,Reasonably age-friendly,Reasonably age-friendly,Reasonably age-friendly,Reasonably age-friendly,Reasonably age-friendly,Reasonably age-friendly,Reasonably age-friendly,Reasonably age-friendly,Reasonably age-friendly,Less age-friendly,residential,96.705,592:1,1,forward,7,432,51.565955923045735,64.44095592304573,64.56595592304573,65.06595592304573,64.81595592304573,65.06595592304573,65.56595592304573,65.06595592304573,64.69095592304573,64.94095592304573,65.06595592304573,0
592,2.25,1.0,2.25,3,3.0,2.5,2,1,3,1.5,3,2,3,2,1,1,2,3,3,2.425,2.4,3.0,3.0,2.0,3.0,3,2,3,3,2,3,3,3,2,3,3,3,2,2,3,3,3,2,3,3,3,3,3,2,2,2,1,2,2,1,2,1,2,2,2,1,2,1,2,1,2,1,2,2,2,2,2,1,1,3,3,3,3,3,2,3,3,3,2.3,2.35,2.3,2.2,2.3,2.375,2.325,2.3,Reasonably age-friendly,Reasonably age-friendly,Reasonably age-friendly,Reasonably age-friendly,Reasonably age-friendly,Reasonably age-friendly,Reasonably age-friendly,Reasonably age-friendly,Reasonably age-friendly,Reasonably age-friendly,Less age-friendly,residential,96.705,592:1,1,backward,432,7,51.565955923045735,64.44095592304573,64.56595592304573,65.06595592304573,64.81595592304573,65.06595592304573,65.56595592304573,65.06595592304573,64.69095592304573,64.94095592304573,65.06595592304573,0
593,1.95,2.0,0.975,3,1.5,1.0,3,3,2,1.0,1,1,2,1,3,1,3,1,3,1.433,1.458,3.0,3.0,2.0,3.0,3,1,3,3,1,1,3,3,1,3,3,2,1,1,3,3,2,1,3,3,3,3,3,2,2,2,1,2,2,1,2,1,2,2,2,1,2,1,2,1,2,1,2,2,2,2,2,1,3,3,3,3,3,3,3,3,3,3,1.358,1.408,1.358,1.358,1.358,1.383,1.383,1.358,Reasonably age-friendly,Less age-friendly,Less age-friendly,Less age-friendly,Reasonably age-friendly,Reasonably age-friendly,Less age-friendly,Less age-friendly,Less age-friendly,Reasonably age-friendly,Less age-friendly,residential,18.745,593:0,0,forward,268,279,18.745,36.58,36.455,36.955,36.705,36.955,36.955,36.955,36.83,36.83,36.955,0
593,1.95,2.0,0.975,3,1.5,1.0,3,3,2,1.0,1,1,2,1,3,1,3,1,3,1.433,1.458,3.0,3.0,2.0,3.0,3,1,3,3,1,1,3,3,1,3,3,2,1,1,3,3,2,1,3,3,3,3,3,2,2,2,1,2,2,1,2,1,2,2,2,1,2,1,2,1,2,1,2,2,2,2,2,1,3,3,3,3,3,3,3,3,3,3,1.358,1.408,1.358,1.358,1.358,1.383,1.383,1.358,Reasonably age-friendly,Less age-friendly,Less age-friendly,Less age-friendly,Reasonably age-friendly,Reasonably age-friendly,Less age-friendly,Less age-friendly,Less age-friendly,Reasonably age-friendly,Less age-friendly,residential,18.745,593:0,0,backward,279,268,18.745,36.58,36.455,36.955,36.705,36.955,36.955,36.955,36.83,36.83,36.955,0
594,2.03,1.0,2.03,3,1.5,1.0,3,3,2,1.0,2,1,2,1,1,1,3,1,3,2.171,2.196,3.0,3.0,2.0,3.0,3,1,3,3,1,1,3,3,1,3,3,2,1,1,3,3,2,1,3,3,3,3,3,2,2,2,1,2,2,1,2,1,2,2,2,1,2,1,2,1,2,1,2,2,2,2,2,1,3,3,3,3,3,3,3,3,3,2,1.996,2.146,1.996,2.096,1.996,2.121,2.121,1.996,Reasonably age-friendly,Less age-friendly,Less age-friendly,Less age-friendly,Reasonably age-friendly,Reasonably age-friendly,Less age-friendly,Less age-friendly,Less age-friendly,Reasonably age-friendly,Less age-friendly,residential,46.955,594:0,0,forward,263,267,46.955,61.1,60.974999999999994,61.974999999999994,61.224999999999994,61.974999999999994,61.474999999999994,61.974999999999994,61.349999999999994,61.349999999999994,61.974999999999994,0
594,2.03,1.0,2.03,3,1.5,1.0,3,3,2,1.0,2,1,2,1,1,1,3,1,3,2.171,2.196,3.0,3.0,2.0,3.0,3,1,3,3,1,1,3,3,1,3,3,2,1,1,3,3,2,1,3,3,3,3,3,2,2,2,1,2,2,1,2,1,2,2,2,1,2,1,2,1,2,1,2,2,2,2,2,1,3,3,3,3,3,3,3,3,3,2,1.996,2.146,1.996,2.096,1.996,2.121,2.121,1.996,Reasonably age-friendly,Less age-friendly,Less age-friendly,Less age-friendly,Reasonably age-friendly,Reasonably age-friendly,Less age-friendly,Less age-friendly,Less age-friendly,Reasonably age-friendly,Less age-friendly,residential,46.955,594:0,0,backward,267,263,46.955,61.1,60.974999999999994,61.974999999999994,61.224999999999994,61.974999999999994,61.474999999999994,61.974999999999994,61.349999999999994,61.349999999999994,61.974999999999994,0
595,1.91,1.0,1.91,3,1.5,1.0,3,3,2,1.0,2,1,2,1,1,1,2,1,3,2.087,2.112,3.0,3.0,2.0,3.0,3,1,3,3,1,1,3,3,1,3,3,2,1,1,3,3,2,1,3,3,3,3,3,2,2,2,1,2,2,1,2,1,2,2,2,1,2,1,2,1,2,1,2,2,2,2,2,1,3,3,3,3,3,3,3,3,3,3,2.012,2.062,2.012,2.012,2.012,2.037,2.037,2.012,Reasonably age-friendly,Reasonably age-friendly,Reasonably age-friendly,Reasonably age-friendly,Reasonably age-friendly,Reasonably age-friendly,Reasonably age-friendly,Reasonably age-friendly,Reasonably age-friendly,Reasonably age-friendly,Less age-friendly,residential,42.423,595:0,0,forward,263,433,42.423,56.988,56.863,57.363,57.113,57.363,57.363,57.363,57.238,57.238,57.363,0
595,1.91,1.0,1.91,3,1.5,1.0,3,3,2,1.0,2,1,2,1,1,1,2,1,3,2.087,2.112,3.0,3.0,2.0,3.0,3,1,3,3,1,1,3,3,1,3,3,2,1,1,3,3,2,1,3,3,3,3,3,2,2,2,1,2,2,1,2,1,2,2,2,1,2,1,2,1,2,1,2,2,2,2,2,1,3,3,3,3,3,3,3,3,3,3,2.012,2.062,2.012,2.012,2.012,2.037,2.037,2.012,Reasonably age-friendly,Reasonably age-friendly,Reasonably age-friendly,Reasonably age-friendly,Reasonably age-friendly,Reasonably age-friendly,Reasonably age-friendly,Reasonably age-friendly,Reasonably age-friendly,Reasonably age-friendly,Less age-friendly,residential,42.423,595:0,0,backward,433,263,42.423,56.988,56.863,57.363,57.113,57.363,57.363,57.363,57.238,57.238,57.363,0
596,1.91,1.0,1.91,3,1.5,1.0,3,3,2,1.0,2,1,2,1,1,1,2,1,3,1.987,2.012,3.0,3.0,2.0,3.0,3,1,3,3,1,1,3,3,1,3,3,2,1,1,3,3,2,1,3,3,3,3,3,2,2,2,1,2,2,1,2,1,2,2,2,1,2,1,2,1,2,1,2,2,2,2,2,1,3,3,2,2,3,3,3,3,3,3,2.012,2.062,2.012,2.012,2.012,2.037,2.037,2.012,Reasonably age-friendly,Reasonably age-friendly,Reasonably age-friendly,Reasonably age-friendly,Reasonably age-friendly,Reasonably age-friendly,Reasonably age-friendly,Reasonably age-friendly,Reasonably age-friendly,Reasonably age-friendly,Less age-friendly,residential,47.244,596:0,0,forward,264,268,47.244,62.309,62.184,62.184,61.934,62.184,62.184,62.184,62.059,62.059,62.184,0
596,1.91,1.0,1.91,3,1.5,1.0,3,3,2,1.0,2,1,2,1,1,1,2,1,3,1.987,2.012,3.0,3.0,2.0,3.0,3,1,3,3,1,1,3,3,1,3,3,2,1,1,3,3,2,1,3,3,3,3,3,2,2,2,1,2,2,1,2,1,2,2,2,1,2,1,2,1,2,1,2,2,2,2,2,1,3,3,2,2,3,3,3,3,3,3,2.012,2.062,2.012,2.012,2.012,2.037,2.037,2.012,Reasonably age-friendly,Reasonably age-friendly,Reasonably age-friendly,Reasonably age-friendly,Reasonably age-friendly,Reasonably age-friendly,Reasonably age-friendly,Reasonably age-friendly,Reasonably age-friendly,Reasonably age-friendly,Less age-friendly,residential,47.244,596:0,0,backward,268,264,47.244,62.309,62.184,62.184,61.934,62.184,62.184,62.184,62.059,62.059,62.184,0
597,2.03,1.0,2.03,3,1.5,1.0,3,3,2,1.0,2,1,1,1,1,1,3,1,3,2.171,2.146,3.0,3.0,2.0,3.0,3,1,3,3,1,1,3,3,1,3,3,1,1,1,3,3,1,1,3,3,3,3,3,2,2,2,1,2,2,1,2,1,2,2,2,1,2,1,2,1,2,1,2,2,2,2,2,1,3,3,3,3,3,3,3,3,2,2,1.996,2.146,1.996,2.096,1.996,2.121,1.971,1.996,Reasonably age-friendly,Less age-friendly,Less age-friendly,Less age-friendly,Reasonably age-friendly,Reasonably age-friendly,Less age-friendly,Less age-friendly,Less age-friendly,Reasonably age-friendly,Less age-friendly,residential,40.238,597:0,0,forward,264,434,40.238,54.383,54.507999999999996,55.257999999999996,54.507999999999996,55.257999999999996,54.757999999999996,55.257999999999996,54.632999999999996,55.382999999999996,55.257999999999996,0
597,2.03,1.0,2.03,3,1.5,1.0,3,3,2,1.0,2,1,1,1,1,1,3,1,3,2.171,2.146,3.0,3.0,2.0,3.0,3,1,3,3,1,1,3,3,1,3,3,1,1,1,3,3,1,1,3,3,3,3,3,2,2,2,1,2,2,1,2,1,2,2,2,1,2,1,2,1,2,1,2,2,2,2,2,1,3,3,3,3,3,3,3,3,2,2,1.996,2.146,1.996,2.096,1.996,2.121,1.971,1.996,Reasonably age-friendly,Less age-friendly,Less age-friendly,Less age-friendly,Reasonably age-friendly,Reasonably age-friendly,Less age-friendly,Less age-friendly,Less age-friendly,Reasonably age-friendly,Less age-friendly,residential,40.238,597:0,0,backward,434,264,40.238,54.383,54.507999999999996,55.257999999999996,54.507999999999996,55.257999999999996,54.757999999999996,55.257999999999996,54.632999999999996,55.382999999999996,55.257999999999996,0
598,1.95,1.0,1.95,3,1.5,1.0,3,3,2,1.0,1,1,2,1,1,1,3,1,3,2.115,2.14,3.0,3.0,2.0,3.0,3,1,3,3,1,1,3,3,1,3,3,2,1,1,3,3,2,1,3,3,3,3,3,2,2,2,1,2,2,1,2,1,2,2,2,1,2,1,2,1,2,1,2,2,2,2,2,1,3,3,3,3,3,3,3,3,3,3,2.04,2.09,2.04,2.04,2.04,2.065,2.065,2.04,Reasonably age-friendly,Less age-friendly,Less age-friendly,Less age-friendly,Reasonably age-friendly,Reasonably age-friendly,Less age-friendly,Less age-friendly,Less age-friendly,Reasonably age-friendly,Less age-friendly,residential,45.104,598:0,0,forward,265,269,45.104,59.528999999999996,59.403999999999996,59.903999999999996,59.653999999999996,59.903999999999996,59.903999999999996,59.903999999999996,59.778999999999996,59.778999999999996,59.903999999999996,0
598,1.95,1.0,1.95,3,1.5,1.0,3,3,2,1.0,1,1,2,1,1,1,3,1,3,2.115,2.14,3.0,3.0,2.0,3.0,3,1,3,3,1,1,3,3,1,3,3,2,1,1,3,3,2,1,3,3,3,3,3,2,2,2,1,2,2,1,2,1,2,2,2,1,2,1,2,1,2,1,2,2,2,2,2,1,3,3,3,3,3,3,3,3,3,3,2.04,2.09,2.04,2.04,2.04,2.065,2.065,2.04,Reasonably age-friendly,Less age-friendly,Less age-friendly,Less age-friendly,Reasonably age-friendly,Reasonably age-friendly,Less age-friendly,Less age-friendly,Less age-friendly,Reasonably age-friendly,Less age-friendly,residential,45.104,598:0,0,backward,269,265,45.104,59.528999999999996,59.403999999999996,59.903999999999996,59.653999999999996,59.903999999999996,59.903999999999996,59.903999999999996,59.778999999999996,59.778999999999996,59.903999999999996,0
599,1.76,2.0,0.88,3,2.5,1.5,1,2,2,3.0,1,1,2,1,2,2,2,3,2,1.466,1.341,3.0,3.0,2.0,3.0,3,3,3,3,3,3,2,3,1,3,3,2,1,1,3,3,2,1,3,3,3,3,3,2,2,2,1,2,2,1,2,1,2,2,2,1,2,1,2,1,2,1,2,2,2,2,2,1,1,3,3,3,3,3,3,3,3,3,1.291,1.441,1.291,1.391,1.291,1.416,1.266,1.291,Reasonably age-friendly,Less age-friendly,Less age-friendly,Less age-friendly,Reasonably age-friendly,Reasonably age-friendly,Less age-friendly,Less age-friendly,Less age-friendly,Reasonably age-friendly,Less age-friendly,residential,27.448,599:0,0,forward,320,321,27.448,45.117999999999995,45.742999999999995,45.993,45.243,45.993,45.493,45.993,45.368,46.118,45.993,0
599,1.76,2.0,0.88,3,2.5,1.5,1,2,2,3.0,1,1,2,1,2,2,2,3,2,1.466,1.341,3.0,3.0,2.0,3.0,3,3,3,3,3,3,2,3,1,3,3,2,1,1,3,3,2,1,3,3,3,3,3,2,2,2,1,2,2,1,2,1,2,2,2,1,2,1,2,1,2,1,2,2,2,2,2,1,1,3,3,3,3,3,3,3,3,3,1.291,1.441,1.291,1.391,1.291,1.416,1.266,1.291,Reasonably age-friendly,Less age-friendly,Less age-friendly,Less age-friendly,Reasonably age-friendly,Reasonably age-friendly,Less age-friendly,Less age-friendly,Less age-friendly,Reasonably age-friendly,Less age-friendly,residential,27.448,599:0,0,backward,321,320,27.448,45.117999999999995,45.742999999999995,45.993,45.243,45.993,45.493,45.993,45.368,46.118,45.993,0
600,1.71,2.0,0.855,3,1.5,1.0,3,3,2,1.0,1,1,2,1,3,1,1,1,3,1.349,1.374,3.0,3.0,2.0,3.0,3,1,3,3,1,1,3,3,1,3,3,2,1,1,3,3,2,1,3,3,3,3,3,2,2,2,1,2,2,1,2,1,2,2,2,1,2,1,2,1,2,1,2,2,2,2,2,1,3,3,3,3,3,3,3,3,3,3,1.274,1.324,1.274,1.273,1.274,1.299,1.299,1.274,Reasonably age-friendly,Less age-friendly,Less age-friendly,Less age-friendly,Reasonably age-friendly,Reasonably age-friendly,Less age-friendly,Less age-friendly,Less age-friendly,Reasonably age-friendly,Less age-friendly,residential,83.781,600:0,0,forward,272,435,83.781,102.036,101.911,102.411,102.161,102.411,102.41600000000001,102.411,102.286,102.286,102.411,0
600,1.71,2.0,0.855,3,1.5,1.0,3,3,2,1.0,1,1,2,1,3,1,1,1,3,1.349,1.374,3.0,3.0,2.0,3.0,3,1,3,3,1,1,3,3,1,3,3,2,1,1,3,3,2,1,3,3,3,3,3,2,2,2,1,2,2,1,2,1,2,2,2,1,2,1,2,1,2,1,2,2,2,2,2,1,3,3,3,3,3,3,3,3,3,3,1.274,1.324,1.274,1.273,1.274,1.299,1.299,1.274,Reasonably age-friendly,Less age-friendly,Less age-friendly,Less age-friendly,Reasonably age-friendly,Reasonably age-friendly,Less age-friendly,Less age-friendly,Less age-friendly,Reasonably age-friendly,Less age-friendly,residential,83.781,600:0,0,backward,435,272,83.781,102.036,101.911,102.411,102.161,102.411,102.41600000000001,102.411,102.286,102.286,102.411,0
601,1.75,1.5,1.167,2,1.5,1.0,3,3,2,1.0,1,1,2,1,2,1,2,1,3,1.567,1.592,3.0,3.0,2.0,3.0,3,1,3,3,1,1,3,3,1,3,3,2,1,1,3,3,2,1,3,3,3,3,3,2,2,2,1,2,2,1,2,1,2,2,2,1,2,1,2,1,2,1,2,2,2,2,2,1,3,3,3,3,3,3,3,3,3,3,1.492,1.542,1.492,1.492,1.492,1.517,1.517,1.492,Reasonably age-friendly,Less age-friendly,Less age-friendly,Less age-friendly,Reasonably age-friendly,Reasonably age-friendly,Less age-friendly,Less age-friendly,Less age-friendly,Reasonably age-friendly,Less age-friendly,residential,64.564,601:0,0,forward,272,320,64.564,81.72899999999998,81.60399999999998,82.10399999999998,81.85399999999998,82.10399999999998,82.10399999999998,82.10399999999998,81.97899999999998,81.97899999999998,82.10399999999998,0
601,1.75,1.5,1.167,2,1.5,1.0,3,3,2,1.0,1,1,2,1,2,1,2,1,3,1.567,1.592,3.0,3.0,2.0,3.0,3,1,3,3,1,1,3,3,1,3,3,2,1,1,3,3,2,1,3,3,3,3,3,2,2,2,1,2,2,1,2,1,2,2,2,1,2,1,2,1,2,1,2,2,2,2,2,1,3,3,3,3,3,3,3,3,3,3,1.492,1.542,1.492,1.492,1.492,1.517,1.517,1.492,Reasonably age-friendly,Less age-friendly,Less age-friendly,Less age-friendly,Reasonably age-friendly,Reasonably age-friendly,Less age-friendly,Less age-friendly,Less age-friendly,Reasonably age-friendly,Less age-friendly,residential,64.564,601:0,0,backward,320,272,64.564,81.72899999999998,81.60399999999998,82.10399999999998,81.85399999999998,82.10399999999998,82.10399999999998,82.10399999999998,81.97899999999998,81.97899999999998,82.10399999999998,0
602,1.91,1.0,1.91,3,1.5,1.0,3,3,2,1.0,2,1,2,1,1,1,2,1,3,2.087,2.112,3.0,3.0,2.0,3.0,3,1,3,3,1,1,3,3,1,3,3,2,1,1,3,3,2,1,3,3,3,3,3,2,2,2,1,2,2,1,2,1,2,2,2,1,2,1,2,1,2,1,2,2,2,2,2,1,3,3,3,3,3,3,3,3,3,3,2.012,2.062,2.012,2.012,2.012,2.037,2.037,2.012,Reasonably age-friendly,Reasonably age-friendly,Reasonably age-friendly,Reasonably age-friendly,Reasonably age-friendly,Reasonably age-friendly,Reasonably age-friendly,Reasonably age-friendly,Reasonably age-friendly,Reasonably age-friendly,Less age-friendly,residential,39.328,602:0,0,forward,275,323,39.328,53.893,53.768,54.268,54.018,54.268,54.268,54.268,54.143,54.143,54.268,0
602,1.91,1.0,1.91,3,1.5,1.0,3,3,2,1.0,2,1,2,1,1,1,2,1,3,2.087,2.112,3.0,3.0,2.0,3.0,3,1,3,3,1,1,3,3,1,3,3,2,1,1,3,3,2,1,3,3,3,3,3,2,2,2,1,2,2,1,2,1,2,2,2,1,2,1,2,1,2,1,2,2,2,2,2,1,3,3,3,3,3,3,3,3,3,3,2.012,2.062,2.012,2.012,2.012,2.037,2.037,2.012,Reasonably age-friendly,Reasonably age-friendly,Reasonably age-friendly,Reasonably age-friendly,Reasonably age-friendly,Reasonably age-friendly,Reasonably age-friendly,Reasonably age-friendly,Reasonably age-friendly,Reasonably age-friendly,Less age-friendly,residential,39.328,602:0,0,backward,323,275,39.328,53.893,53.768,54.268,54.018,54.268,54.268,54.268,54.143,54.143,54.268,0
603,2.04,1.5,1.36,3,1.0,3.0,3,3,1,1.0,1,1,2,2,2,1,3,1,3,1.702,1.727,3.0,3.0,2.0,3.0,3,1,3,3,1,1,3,3,1,3,3,2,1,1,3,3,2,1,3,3,3,3,3,2,2,2,1,2,2,1,2,1,2,2,2,1,2,1,2,1,2,1,2,2,2,2,2,1,1,3,3,3,3,1,2,2,3,1,1.427,1.677,1.427,1.527,1.427,1.552,1.652,1.427,Reasonably age-friendly,Less age-friendly,Less age-friendly,Less age-friendly,Reasonably age-friendly,Reasonably age-friendly,Less age-friendly,Less age-friendly,Less age-friendly,Reasonably age-friendly,Less age-friendly,residential,11.116,603:0,0,forward,276,258,11.116,27.606,27.480999999999998,28.980999999999998,27.730999999999998,28.980999999999998,28.480999999999998,28.980999999999998,28.355999999999998,27.855999999999998,28.980999999999998,0
603,2.04,1.5,1.36,3,1.0,3.0,3,3,1,1.0,1,1,2,2,2,1,3,1,3,1.702,1.727,3.0,3.0,2.0,3.0,3,1,3,3,1,1,3,3,1,3,3,2,1,1,3,3,2,1,3,3,3,3,3,2,2,2,1,2,2,1,2,1,2,2,2,1,2,1,2,1,2,1,2,2,2,2,2,1,1,3,3,3,3,1,2,2,3,1,1.427,1.677,1.427,1.527,1.427,1.552,1.652,1.427,Reasonably age-friendly,Less age-friendly,Less age-friendly,Less age-friendly,Reasonably age-friendly,Reasonably age-friendly,Less age-friendly,Less age-friendly,Less age-friendly,Reasonably age-friendly,Less age-friendly,residential,11.116,603:0,0,backward,258,276,11.116,27.606,27.480999999999998,28.980999999999998,27.730999999999998,28.980999999999998,28.480999999999998,28.980999999999998,28.355999999999998,27.855999999999998,28.980999999999998,0
604,1.8,1.5,1.2,3,1.0,3.0,3,3,1,1.0,1,1,3,2,2,1,1,1,3,1.59,1.565,3.0,3.0,2.0,3.0,3,1,3,3,1,1,3,3,2,3,3,3,2,2,3,3,3,2,3,3,3,3,3,2,2,2,1,2,2,1,2,1,2,2,2,1,2,1,2,1,2,1,2,2,2,2,2,1,3,3,3,2,3,3,1,2,1,2,1.465,1.565,1.465,1.315,1.465,1.44,1.39,1.465,Reasonably age-friendly,Reasonably age-friendly,Reasonably age-friendly,Reasonably age-friendly,Reasonably age-friendly,Reasonably age-friendly,Less age-friendly,Less age-friendly,Less age-friendly,Reasonably age-friendly,Less age-friendly,residential,14.686,604:0,0,forward,257,248,14.686,31.736,31.861,32.361000000000004,31.861,32.361000000000004,33.111000000000004,32.361000000000004,32.486000000000004,32.736000000000004,32.361000000000004,0
604,1.8,1.5,1.2,3,1.0,3.0,3,3,1,1.0,1,1,3,2,2,1,1,1,3,1.59,1.565,3.0,3.0,2.0,3.0,3,1,3,3,1,1,3,3,2,3,3,3,2,2,3,3,3,2,3,3,3,3,3,2,2,2,1,2,2,1,2,1,2,2,2,1,2,1,2,1,2,1,2,2,2,2,2,1,3,3,3,2,3,3,1,2,1,2,1.465,1.565,1.465,1.315,1.465,1.44,1.39,1.465,Reasonably age-friendly,Reasonably age-friendly,Reasonably age-friendly,Reasonably age-friendly,Reasonably age-friendly,Reasonably age-friendly,Less age-friendly,Less age-friendly,Less age-friendly,Reasonably age-friendly,Less age-friendly,residential,14.686,604:0,0,backward,248,257,14.686,31.736,31.861,32.361000000000004,31.861,32.361000000000004,33.111000000000004,32.361000000000004,32.486000000000004,32.736000000000004,32.361000000000004,0
605,1.83,1.0,1.83,2,1.5,1.0,3,3,2,1.0,2,1,1,1,1,1,2,2,3,2.081,2.006,3.0,3.0,2.0,3.0,3,1,3,3,1,2,3,3,1,3,3,1,1,1,3,3,1,1,3,3,3,3,3,2,2,2,1,2,2,1,2,1,2,2,2,1,2,1,2,1,2,1,2,2,2,2,2,1,3,3,3,3,3,3,3,3,3,3,1.956,2.006,1.956,1.956,1.956,2.031,1.931,1.956,Reasonably age-friendly,Reasonably age-friendly,Reasonably age-friendly,Reasonably age-friendly,Reasonably age-friendly,Reasonably age-friendly,Reasonably age-friendly,Reasonably age-friendly,Reasonably age-friendly,Reasonably age-friendly,Less age-friendly,residential,50.207,605:0,0,forward,260,436,50.207,64.802,65.177,65.427,65.177,65.427,65.427,65.427,65.05199999999999,65.55199999999999,65.427,0
605,1.83,1.0,1.83,2,1.5,1.0,3,3,2,1.0,2,1,1,1,1,1,2,2,3,2.081,2.006,3.0,3.0,2.0,3.0,3,1,3,3,1,2,3,3,1,3,3,1,1,1,3,3,1,1,3,3,3,3,3,2,2,2,1,2,2,1,2,1,2,2,2,1,2,1,2,1,2,1,2,2,2,2,2,1,3,3,3,3,3,3,3,3,3,3,1.956,2.006,1.956,1.956,1.956,2.031,1.931,1.956,Reasonably age-friendly,Reasonably age-friendly,Reasonably age-friendly,Reasonably age-friendly,Reasonably age-friendly,Reasonably age-friendly,Reasonably age-friendly,Reasonably age-friendly,Reasonably age-friendly,Reasonably age-friendly,Less age-friendly,residential,50.207,605:0,0,backward,436,260,50.207,64.802,65.177,65.427,65.177,65.427,65.427,65.427,65.05199999999999,65.55199999999999,65.427,0
606,1.91,1.5,1.273,3,1.5,1.0,3,3,2,1.0,2,1,2,1,2,1,2,2,2,1.691,1.616,3.0,3.0,2.0,3.0,3,1,3,3,1,2,2,3,1,3,3,2,1,1,3,3,2,1,3,3,3,3,3,2,2,2,1,2,2,1,2,1,2,2,2,1,2,1,2,1,2,1,2,2,2,2,2,1,3,1,3,3,3,3,2,2,3,3,1.566,1.416,1.566,1.466,1.566,1.541,1.541,1.566,Reasonably age-friendly,Less age-friendly,Less age-friendly,Less age-friendly,Reasonably age-friendly,Reasonably age-friendly,Less age-friendly,Less age-friendly,Less age-friendly,Reasonably age-friendly,Less age-friendly,residential,49.644,606:0,0,forward,259,260,49.644,66.189,66.564,66.814,67.564,66.814,67.314,66.814,66.939,66.939,66.814,0
606,1.91,1.5,1.273,3,1.5,1.0,3,3,2,1.0,2,1,2,1,2,1,2,2,2,1.691,1.616,3.0,3.0,2.0,3.0,3,1,3,3,1,2,2,3,1,3,3,2,1,1,3,3,2,1,3,3,3,3,3,2,2,2,1,2,2,1,2,1,2,2,2,1,2,1,2,1,2,1,2,2,2,2,2,1,3,1,3,3,3,3,2,2,3,3,1.566,1.416,1.566,1.466,1.566,1.541,1.541,1.566,Reasonably age-friendly,Less age-friendly,Less age-friendly,Less age-friendly,Reasonably age-friendly,Reasonably age-friendly,Less age-friendly,Less age-friendly,Less age-friendly,Reasonably age-friendly,Less age-friendly,residential,49.644,606:0,0,backward,260,259,49.644,66.189,66.564,66.814,67.564,66.814,67.314,66.814,66.939,66.939,66.814,0
607,1.57,2.5,0.628,2,2.5,1.0,1,1,2,3.0,1,1,1,1,2,3,2,3,3,1.19,1.165,3.0,3.0,2.0,3.0,3,3,3,3,3,3,3,3,1,3,3,1,1,1,3,3,1,1,3,3,3,3,3,2,2,2,1,2,2,1,2,1,2,2,2,1,2,1,2,1,2,1,2,2,2,2,2,1,1,3,2,3,3,3,3,2,1,1,0.915,1.265,0.915,1.215,0.915,1.14,0.89,0.915,Less age-friendly,Less age-friendly,Less age-friendly,Less age-friendly,Less age-friendly,Less age-friendly,Less age-friendly,Less age-friendly,Less age-friendly,Less age-friendly,Less age-friendly,residential,42.522,607:0,0,forward,252,255,42.522,61.572,61.697,62.947,61.197,62.947,61.447,62.947,61.822,63.072,62.947,0
607,1.57,2.5,0.628,2,2.5,1.0,1,1,2,3.0,1,1,1,1,2,3,2,3,3,1.19,1.165,3.0,3.0,2.0,3.0,3,3,3,3,3,3,3,3,1,3,3,1,1,1,3,3,1,1,3,3,3,3,3,2,2,2,1,2,2,1,2,1,2,2,2,1,2,1,2,1,2,1,2,2,2,2,2,1,1,3,2,3,3,3,3,2,1,1,0.915,1.265,0.915,1.215,0.915,1.14,0.89,0.915,Less age-friendly,Less age-friendly,Less age-friendly,Less age-friendly,Less age-friendly,Less age-friendly,Less age-friendly,Less age-friendly,Less age-friendly,Less age-friendly,Less age-friendly,residential,42.522,607:0,0,backward,255,252,42.522,61.572,61.697,62.947,61.197,62.947,61.447,62.947,61.822,63.072,62.947,0
608,2.4,2.0,1.2,3,3.0,3.0,3,3,3,3.0,2,1,2,1,3,1,2,2,1,1.54,1.315,3.0,3.0,2.0,3.0,3,1,3,3,1,2,1,3,1,3,3,2,1,1,3,3,2,1,3,3,3,3,3,2,2,2,1,2,2,1,2,1,2,2,2,1,2,1,2,1,2,1,2,2,2,2,2,1,3,1,2,1,3,3,3,3,3,3,1.515,1.365,1.515,1.515,1.515,1.59,1.44,1.515,Reasonably age-friendly,Less age-friendly,Less age-friendly,Less age-friendly,Reasonably age-friendly,Reasonably age-friendly,Less age-friendly,Less age-friendly,Less age-friendly,Reasonably age-friendly,Less age-friendly,residential,66.796,608:0,0,forward,288,299,66.796,84.096,85.221,84.221,84.971,84.221,84.221,84.221,83.846,84.596,84.221,1
608,2.4,2.0,1.2,3,3.0,3.0,3,3,3,3.0,2,1,2,1,3,1,2,2,1,1.54,1.315,3.0,3.0,2.0,3.0,3,1,3,3,1,2,1,3,1,3,3,2,1,1,3,3,2,1,3,3,3,3,3,2,2,2,1,2,2,1,2,1,2,2,2,1,2,1,2,1,2,1,2,2,2,2,2,1,3,1,2,1,3,3,3,3,3,3,1.515,1.365,1.515,1.515,1.515,1.59,1.44,1.515,Reasonably age-friendly,Less age-friendly,Less age-friendly,Less age-friendly,Reasonably age-friendly,Reasonably age-friendly,Less age-friendly,Less age-friendly,Less age-friendly,Reasonably age-friendly,Less age-friendly,residential,66.796,608:0,0,backward,299,288,66.796,84.096,85.221,84.221,84.971,84.221,84.221,84.221,83.846,84.596,84.221,1
609,1.92,1.5,1.28,3,1.0,3.0,3,3,1,1.0,1,1,3,1,2,1,3,1,1,1.546,1.421,3.0,3.0,2.0,3.0,3,1,3,3,1,1,1,3,2,3,3,3,2,2,3,3,3,2,3,3,3,3,3,2,2,2,1,2,2,1,2,1,2,2,2,1,2,1,2,1,2,1,2,2,2,2,2,1,2,1,2,1,3,3,1,3,3,1,1.421,1.421,1.421,1.371,1.421,1.596,1.546,1.421,Reasonably age-friendly,Less age-friendly,Less age-friendly,Less age-friendly,Reasonably age-friendly,Reasonably age-friendly,Less age-friendly,Less age-friendly,Less age-friendly,Reasonably age-friendly,Less age-friendly,residential,11.446,609:0,0,forward,293,288,11.446,28.716,29.341,29.341,29.341,29.341,29.591,29.341,28.466,28.716,29.341,1
609,1.92,1.5,1.28,3,1.0,3.0,3,3,1,1.0,1,1,3,1,2,1,3,1,1,1.546,1.421,3.0,3.0,2.0,3.0,3,1,3,3,1,1,1,3,2,3,3,3,2,2,3,3,3,2,3,3,3,3,3,2,2,2,1,2,2,1,2,1,2,2,2,1,2,1,2,1,2,1,2,2,2,2,2,1,2,1,2,1,3,3,1,3,3,1,1.421,1.421,1.421,1.371,1.421,1.596,1.546,1.421,Reasonably age-friendly,Less age-friendly,Less age-friendly,Less age-friendly,Reasonably age-friendly,Reasonably age-friendly,Less age-friendly,Less age-friendly,Less age-friendly,Reasonably age-friendly,Less age-friendly,residential,11.446,609:0,0,backward,288,293,11.446,28.716,29.341,29.341,29.341,29.341,29.591,29.341,28.466,28.716,29.341,1
610,1.92,1.5,1.28,3,1.0,3.0,3,3,1,1.0,1,1,3,1,2,1,3,1,2,1.546,1.471,3.0,3.0,2.0,3.0,3,1,3,3,1,1,2,3,2,3,3,3,2,2,3,3,3,2,3,3,3,3,3,2,2,2,1,2,2,1,2,1,2,2,2,1,2,1,2,1,2,1,2,2,2,2,2,1,2,1,2,1,3,3,1,3,3,1,1.421,1.421,1.421,1.371,1.421,1.596,1.596,1.421,Reasonably age-friendly,Less age-friendly,Less age-friendly,Less age-friendly,Reasonably age-friendly,Reasonably age-friendly,Less age-friendly,Less age-friendly,Less age-friendly,Reasonably age-friendly,Less age-friendly,residential,11.644,610:0,0,forward,292,293,11.644,28.914,29.289,29.539,29.539,29.539,29.789,29.539,28.664,28.664,29.539,1
610,1.92,1.5,1.28,3,1.0,3.0,3,3,1,1.0,1,1,3,1,2,1,3,1,2,1.546,1.471,3.0,3.0,2.0,3.0,3,1,3,3,1,1,2,3,2,3,3,3,2,2,3,3,3,2,3,3,3,3,3,2,2,2,1,2,2,1,2,1,2,2,2,1,2,1,2,1,2,1,2,2,2,2,2,1,2,1,2,1,3,3,1,3,3,1,1.421,1.421,1.421,1.371,1.421,1.596,1.596,1.421,Reasonably age-friendly,Less age-friendly,Less age-friendly,Less age-friendly,Reasonably age-friendly,Reasonably age-friendly,Less age-friendly,Less age-friendly,Less age-friendly,Reasonably age-friendly,Less age-friendly,residential,11.644,610:0,0,backward,293,292,11.644,28.914,29.289,29.539,29.539,29.539,29.789,29.539,28.664,28.664,29.539,1
611,2.04,1.5,1.36,3,1.0,3.0,3,3,1,1.0,1,1,3,2,2,1,3,3,3,1.802,1.777,3.0,3.0,2.0,3.0,3,2,3,3,2,3,3,3,2,3,3,3,2,2,3,3,3,2,3,3,3,3,3,2,2,2,1,2,2,1,2,1,2,2,2,1,2,1,2,1,2,1,2,2,2,2,2,1,3,3,3,3,3,3,3,3,2,3,1.677,1.727,1.677,1.677,1.677,1.752,1.602,1.677,Reasonably age-friendly,Less age-friendly,Less age-friendly,Less age-friendly,Reasonably age-friendly,Reasonably age-friendly,Less age-friendly,Less age-friendly,Less age-friendly,Reasonably age-friendly,Less age-friendly,uncategorized,17.519,611:0,0,forward,37,36,17.519,33.509,33.634,34.134,33.884,34.134,34.134,34.134,33.759,34.509,34.134,0
611,2.04,1.5,1.36,3,1.0,3.0,3,3,1,1.0,1,1,3,2,2,1,3,3,3,1.802,1.777,3.0,3.0,2.0,3.0,3,2,3,3,2,3,3,3,2,3,3,3,2,2,3,3,3,2,3,3,3,3,3,2,2,2,1,2,2,1,2,1,2,2,2,1,2,1,2,1,2,1,2,2,2,2,2,1,3,3,3,3,3,3,3,3,2,3,1.677,1.727,1.677,1.677,1.677,1.752,1.602,1.677,Reasonably age-friendly,Less age-friendly,Less age-friendly,Less age-friendly,Reasonably age-friendly,Reasonably age-friendly,Less age-friendly,Less age-friendly,Less age-friendly,Reasonably age-friendly,Less age-friendly,uncategorized,17.519,611:0,0,backward,36,37,17.519,33.509,33.634,34.134,33.884,34.134,34.134,34.134,33.759,34.509,34.134,0
612,2.22,1.5,1.48,2,3.0,2.0,3,3,3,3.0,3,1,2,1,2,1,1,1,2,1.786,1.761,3.0,3.0,2.0,3.0,3,1,3,3,1,1,2,3,1,3,3,2,1,1,3,3,2,1,3,3,3,3,3,2,2,2,1,2,2,1,2,1,2,2,2,1,2,1,2,1,2,1,2,2,2,2,2,1,3,3,3,3,3,3,3,3,3,3,1.711,1.761,1.711,1.711,1.711,1.736,1.686,1.711,Reasonably age-friendly,Reasonably age-friendly,Reasonably age-friendly,Reasonably age-friendly,Reasonably age-friendly,Reasonably age-friendly,Reasonably age-friendly,Reasonably age-friendly,Reasonably age-friendly,Reasonably age-friendly,Less age-friendly,residential,10.243,612:0,0,forward,209,398,10.243,26.313000000000002,26.438000000000002,26.688000000000002,26.438000000000002,26.688000000000002,26.688000000000002,26.688000000000002,26.563000000000002,26.813000000000002,26.688000000000002,0
612,2.22,1.5,1.48,2,3.0,2.0,3,3,3,3.0,3,1,2,1,2,1,1,1,2,1.786,1.761,3.0,3.0,2.0,3.0,3,1,3,3,1,1,2,3,1,3,3,2,1,1,3,3,2,1,3,3,3,3,3,2,2,2,1,2,2,1,2,1,2,2,2,1,2,1,2,1,2,1,2,2,2,2,2,1,3,3,3,3,3,3,3,3,3,3,1.711,1.761,1.711,1.711,1.711,1.736,1.686,1.711,Reasonably age-friendly,Reasonably age-friendly,Reasonably age-friendly,Reasonably age-friendly,Reasonably age-friendly,Reasonably age-friendly,Reasonably age-friendly,Reasonably age-friendly,Reasonably age-friendly,Reasonably age-friendly,Less age-friendly,residential,10.243,612:0,0,backward,398,209,10.243,26.313000000000002,26.438000000000002,26.688000000000002,26.438000000000002,26.688000000000002,26.688000000000002,26.688000000000002,26.563000000000002,26.813000000000002,26.688000000000002,0
614,1.96,1.0,1.96,3,1.0,1.0,3,3,2,3.0,1,1,3,1,1,1,2,1,3,2.122,2.197,3.0,3.0,2.0,3.0,3,1,3,3,1,1,3,3,2,3,3,3,2,2,3,3,3,2,3,3,3,3,3,2,2,2,1,2,2,1,2,1,2,2,2,1,2,1,2,1,2,1,2,2,2,2,2,1,3,3,3,3,3,2,3,3,3,3,2.097,2.097,2.097,2.047,2.097,2.072,2.122,2.097,Reasonably age-friendly,Reasonably age-friendly,Reasonably age-friendly,Reasonably age-friendly,Reasonably age-friendly,Reasonably age-friendly,Reasonably age-friendly,Reasonably age-friendly,Reasonably age-friendly,Reasonably age-friendly,Less age-friendly,residential,9.708,614:0,0,forward,270,280,9.708,24.098,23.723,24.223,24.223,24.223,24.473,24.223,24.348,24.098,24.223,0
614,1.96,1.0,1.96,3,1.0,1.0,3,3,2,3.0,1,1,3,1,1,1,2,1,3,2.122,2.197,3.0,3.0,2.0,3.0,3,1,3,3,1,1,3,3,2,3,3,3,2,2,3,3,3,2,3,3,3,3,3,2,2,2,1,2,2,1,2,1,2,2,2,1,2,1,2,1,2,1,2,2,2,2,2,1,3,3,3,3,3,2,3,3,3,3,2.097,2.097,2.097,2.047,2.097,2.072,2.122,2.097,Reasonably age-friendly,Reasonably age-friendly,Reasonably age-friendly,Reasonably age-friendly,Reasonably age-friendly,Reasonably age-friendly,Reasonably age-friendly,Reasonably age-friendly,Reasonably age-friendly,Reasonably age-friendly,Less age-friendly,residential,9.708,614:0,0,backward,280,270,9.708,24.098,23.723,24.223,24.223,24.223,24.473,24.223,24.348,24.098,24.223,0
613,1.96,1.0,1.96,3,1.0,1.0,3,3,2,3.0,1,1,3,1,1,1,2,1,3,2.122,2.197,3.0,3.0,2.0,3.0,3,1,3,3,1,1,3,3,2,3,3,3,2,2,3,3,3,2,3,3,3,3,3,2,2,2,1,2,2,1,2,1,2,2,2,1,2,1,2,1,2,1,2,2,2,2,2,1,3,3,3,3,3,2,3,3,3,3,2.097,2.097,2.097,2.047,2.097,2.072,2.122,2.097,Reasonably age-friendly,Reasonably age-friendly,Reasonably age-friendly,Reasonably age-friendly,Reasonably age-friendly,Reasonably age-friendly,Reasonably age-friendly,Reasonably age-friendly,Reasonably age-friendly,Reasonably age-friendly,Less age-friendly,residential,8.959,613:0,0,forward,271,281,8.959,23.349,22.974,23.474,23.474,23.474,23.723999999999997,23.474,23.599,23.349,23.474,0
613,1.96,1.0,1.96,3,1.0,1.0,3,3,2,3.0,1,1,3,1,1,1,2,1,3,2.122,2.197,3.0,3.0,2.0,3.0,3,1,3,3,1,1,3,3,2,3,3,3,2,2,3,3,3,2,3,3,3,3,3,2,2,2,1,2,2,1,2,1,2,2,2,1,2,1,2,1,2,1,2,2,2,2,2,1,3,3,3,3,3,2,3,3,3,3,2.097,2.097,2.097,2.047,2.097,2.072,2.122,2.097,Reasonably age-friendly,Reasonably age-friendly,Reasonably age-friendly,Reasonably age-friendly,Reasonably age-friendly,Reasonably age-friendly,Reasonably age-friendly,Reasonably age-friendly,Reasonably age-friendly,Reasonably age-friendly,Less age-friendly,residential,8.959,613:0,0,backward,281,271,8.959,23.349,22.974,23.474,23.474,23.474,23.723999999999997,23.474,23.599,23.349,23.474,0
615,2.28,1.5,1.52,3,1.0,3.0,3,3,1,3.0,2,1,2,3,2,1,2,2,3,1.864,1.639,3.0,3.0,2.0,3.0,3,3,3,3,3,2,3,3,1,3,3,2,1,1,3,3,2,1,3,3,3,3,3,2,2,2,1,2,2,1,2,1,2,2,2,1,2,1,2,1,2,1,2,2,2,2,2,1,3,3,3,1,3,3,3,3,3,3,1.739,1.889,1.739,1.839,1.739,1.814,1.764,1.739,Reasonably age-friendly,Reasonably age-friendly,Reasonably age-friendly,Less age-friendly,Reasonably age-friendly,Reasonably age-friendly,Less age-friendly,Less age-friendly,Less age-friendly,Reasonably age-friendly,Less age-friendly,campus,23.033,615:0,0,forward,362,367,23.033,38.713,39.838,39.338,38.588,39.338,38.838,39.338,38.963,39.213,39.338,0
615,2.28,1.5,1.52,3,1.0,3.0,3,3,1,3.0,2,1,2,3,2,1,2,2,3,1.864,1.639,3.0,3.0,2.0,3.0,3,3,3,3,3,2,3,3,1,3,3,2,1,1,3,3,2,1,3,3,3,3,3,2,2,2,1,2,2,1,2,1,2,2,2,1,2,1,2,1,2,1,2,2,2,2,2,1,3,3,3,1,3,3,3,3,3,3,1.739,1.889,1.739,1.839,1.739,1.814,1.764,1.739,Reasonably age-friendly,Reasonably age-friendly,Reasonably age-friendly,Less age-friendly,Reasonably age-friendly,Reasonably age-friendly,Less age-friendly,Less age-friendly,Less age-friendly,Reasonably age-friendly,Less age-friendly,campus,23.033,615:0,0,backward,367,362,23.033,38.713,39.838,39.338,38.588,39.338,38.838,39.338,38.963,39.213,39.338,0
616,1.92,1.5,1.28,3,1.0,3.0,3,3,1,1.0,1,1,3,2,2,1,2,1,3,1.646,1.621,3.0,3.0,2.0,3.0,3,1,3,3,1,1,3,3,2,3,3,3,2,2,3,3,3,2,3,3,3,3,3,2,2,2,1,2,2,1,2,1,2,2,2,1,2,1,2,1,2,1,2,2,2,2,2,1,1,3,3,2,3,1,2,3,3,2,1.521,1.621,1.521,1.471,1.521,1.596,1.646,1.521,Reasonably age-friendly,Less age-friendly,Less age-friendly,Less age-friendly,Reasonably age-friendly,Reasonably age-friendly,Less age-friendly,Less age-friendly,Less age-friendly,Reasonably age-friendly,Less age-friendly,residential,19.321,616:0,0,forward,236,193,19.321,36.091,36.216,36.716,36.216,36.716,36.966,36.716,36.341,36.091,36.716,0
616,1.92,1.5,1.28,3,1.0,3.0,3,3,1,1.0,1,1,3,2,2,1,2,1,3,1.646,1.621,3.0,3.0,2.0,3.0,3,1,3,3,1,1,3,3,2,3,3,3,2,2,3,3,3,2,3,3,3,3,3,2,2,2,1,2,2,1,2,1,2,2,2,1,2,1,2,1,2,1,2,2,2,2,2,1,1,3,3,2,3,1,2,3,3,2,1.521,1.621,1.521,1.471,1.521,1.596,1.646,1.521,Reasonably age-friendly,Less age-friendly,Less age-friendly,Less age-friendly,Reasonably age-friendly,Reasonably age-friendly,Less age-friendly,Less age-friendly,Less age-friendly,Reasonably age-friendly,Less age-friendly,residential,19.321,616:0,0,backward,193,236,19.321,36.091,36.216,36.716,36.216,36.716,36.966,36.716,36.341,36.091,36.716,0
230,2.18,1.0,2.18,2,3.0,2.0,3,3,3,1.5,3,2,1,1,1,1,1,3,2,2.376,2.201,3.0,3.0,2.0,3.0,3,2,3,3,2,3,2,3,1,3,3,1,1,1,3,3,1,1,3,3,3,3,3,2,2,2,1,2,2,1,2,1,2,2,2,1,2,1,2,1,2,1,2,2,2,2,2,1,3,3,3,3,3,3,3,3,3,3,2.201,2.301,2.201,2.251,2.201,2.326,2.126,2.201,Reasonably age-friendly,Reasonably age-friendly,Reasonably age-friendly,Reasonably age-friendly,Reasonably age-friendly,Reasonably age-friendly,Reasonably age-friendly,Reasonably age-friendly,Reasonably age-friendly,Reasonably age-friendly,Reasonably age-friendly,campus,71.544,230:0,0,forward,44,383,71.544,84.664,85.539,85.539,85.039,85.539,85.289,85.539,84.914,85.914,85.539,0
230,2.18,1.0,2.18,2,3.0,2.0,3,3,3,1.5,3,2,1,1,1,1,1,3,2,2.376,2.201,3.0,3.0,2.0,3.0,3,2,3,3,2,3,2,3,1,3,3,1,1,1,3,3,1,1,3,3,3,3,3,2,2,2,1,2,2,1,2,1,2,2,2,1,2,1,2,1,2,1,2,2,2,2,2,1,3,3,3,3,3,3,3,3,3,3,2.201,2.301,2.201,2.251,2.201,2.326,2.126,2.201,Reasonably age-friendly,Reasonably age-friendly,Reasonably age-friendly,Reasonably age-friendly,Reasonably age-friendly,Reasonably age-friendly,Reasonably age-friendly,Reasonably age-friendly,Reasonably age-friendly,Reasonably age-friendly,Reasonably age-friendly,campus,71.544,230:0,0,backward,383,44,71.544,84.664,85.539,85.539,85.039,85.539,85.289,85.539,84.914,85.914,85.539,0
440,1.95,1.0,1.95,3,1.5,1.0,3,3,3,1.0,1,1,3,1,1,1,2,1,1,2.115,2.09,3.0,3.0,2.0,3.0,3,1,3,3,1,1,1,3,2,3,3,3,2,2,3,3,3,2,3,3,3,3,3,2,2,2,1,2,2,1,2,1,2,2,2,1,2,1,2,1,2,1,2,2,2,2,2,1,3,3,3,3,3,3,3,3,3,3,2.09,2.09,2.09,2.04,2.09,2.065,2.015,2.09,Reasonably age-friendly,Reasonably age-friendly,Reasonably age-friendly,Reasonably age-friendly,Reasonably age-friendly,Reasonably age-friendly,Reasonably age-friendly,Reasonably age-friendly,Reasonably age-friendly,Reasonably age-friendly,Less age-friendly,hospital,30.006,440:0,0,forward,361,437,30.006,44.431,44.556,44.556,44.556,44.556,44.806,44.556,44.681,44.931,44.556,0
440,1.95,1.0,1.95,3,1.5,1.0,3,3,3,1.0,1,1,3,1,1,1,2,1,1,2.115,2.09,3.0,3.0,2.0,3.0,3,1,3,3,1,1,1,3,2,3,3,3,2,2,3,3,3,2,3,3,3,3,3,2,2,2,1,2,2,1,2,1,2,2,2,1,2,1,2,1,2,1,2,2,2,2,2,1,3,3,3,3,3,3,3,3,3,3,2.09,2.09,2.09,2.04,2.09,2.065,2.015,2.09,Reasonably age-friendly,Reasonably age-friendly,Reasonably age-friendly,Reasonably age-friendly,Reasonably age-friendly,Reasonably age-friendly,Reasonably age-friendly,Reasonably age-friendly,Reasonably age-friendly,Reasonably age-friendly,Less age-friendly,hospital,30.006,440:0,0,backward,437,361,30.006,44.431,44.556,44.556,44.556,44.556,44.806,44.556,44.681,44.931,44.556,0
617,1.8,1.5,1.2,3,1.0,3.0,3,3,1,1.0,1,1,3,1,2,1,2,1,1,1.59,1.565,3.0,3.0,2.0,3.0,3,1,3,3,1,1,1,3,2,3,3,3,2,2,3,3,3,2,3,3,3,3,3,2,2,2,1,2,2,1,2,1,2,2,2,1,2,1,2,1,2,1,2,2,2,2,2,1,3,3,3,3,3,3,3,3,3,3,1.565,1.565,1.565,1.515,1.565,1.54,1.49,1.565,Reasonably age-friendly,Less age-friendly,Less age-friendly,Less age-friendly,Reasonably age-friendly,Reasonably age-friendly,Less age-friendly,Less age-friendly,Less age-friendly,Reasonably age-friendly,Less age-friendly,hospital,6.604,617:0,0,forward,359,361,6.604,23.654,23.779,23.779,23.779,23.779,24.029,23.779,23.904,24.153999999999996,23.779,0
617,1.8,1.5,1.2,3,1.0,3.0,3,3,1,1.0,1,1,3,1,2,1,2,1,1,1.59,1.565,3.0,3.0,2.0,3.0,3,1,3,3,1,1,1,3,2,3,3,3,2,2,3,3,3,2,3,3,3,3,3,2,2,2,1,2,2,1,2,1,2,2,2,1,2,1,2,1,2,1,2,2,2,2,2,1,3,3,3,3,3,3,3,3,3,3,1.565,1.565,1.565,1.515,1.565,1.54,1.49,1.565,Reasonably age-friendly,Less age-friendly,Less age-friendly,Less age-friendly,Reasonably age-friendly,Reasonably age-friendly,Less age-friendly,Less age-friendly,Less age-friendly,Reasonably age-friendly,Less age-friendly,hospital,6.604,617:0,0,backward,361,359,6.604,23.654,23.779,23.779,23.779,23.779,24.029,23.779,23.904,24.153999999999996,23.779,0
155,2.2,1.5,1.467,3,1.0,3.0,3,3,1,3.0,1,1,3,2,2,1,3,1,3,1.777,1.852,3.0,3.0,2.0,3.0,3,1,3,3,1,1,3,3,2,3,3,3,2,2,3,3,3,2,3,3,3,3,3,2,2,2,1,2,2,1,2,1,2,2,2,1,2,1,2,1,2,1,2,2,2,2,2,1,3,3,3,3,3,1,2,3,3,3,1.752,1.752,1.752,1.602,1.752,1.727,1.777,1.752,Reasonably age-friendly,Less age-friendly,Less age-friendly,Less age-friendly,Reasonably age-friendly,Reasonably age-friendly,Less age-friendly,Less age-friendly,Less age-friendly,Reasonably age-friendly,Less age-friendly,hospital,16.061,155:0,0,forward,113,114,16.061,32.176,31.801,32.301,32.301,32.301,33.051,32.301,32.426,32.176,32.301,0
155,2.2,1.5,1.467,3,1.0,3.0,3,3,1,3.0,1,1,3,2,2,1,3,1,3,1.777,1.852,3.0,3.0,2.0,3.0,3,1,3,3,1,1,3,3,2,3,3,3,2,2,3,3,3,2,3,3,3,3,3,2,2,2,1,2,2,1,2,1,2,2,2,1,2,1,2,1,2,1,2,2,2,2,2,1,3,3,3,3,3,1,2,3,3,3,1.752,1.752,1.752,1.602,1.752,1.727,1.777,1.752,Reasonably age-friendly,Less age-friendly,Less age-friendly,Less age-friendly,Reasonably age-friendly,Reasonably age-friendly,Less age-friendly,Less age-friendly,Less age-friendly,Reasonably age-friendly,Less age-friendly,hospital,16.061,155:0,0,backward,114,113,16.061,32.176,31.801,32.301,32.301,32.301,33.051,32.301,32.426,32.176,32.301,0
101,2.03,1.0,2.03,2,3.0,1.5,3,3,2,1.0,3,1,2,1,1,1,2,3,3,2.271,2.196,3.0,3.0,2.0,3.0,3,2,3,3,2,3,3,3,1,3,3,2,1,1,3,3,2,1,3,3,3,3,3,2,2,2,1,2,2,1,2,1,2,2,2,1,2,1,2,1,2,1,2,2,2,2,2,1,3,3,3,3,3,3,3,3,3,3,2.096,2.196,2.096,2.146,2.096,2.221,2.121,2.096,Reasonably age-friendly,Reasonably age-friendly,Reasonably age-friendly,Reasonably age-friendly,Reasonably age-friendly,Reasonably age-friendly,Reasonably age-friendly,Reasonably age-friendly,Reasonably age-friendly,Reasonably age-friendly,Less age-friendly,residential,31.752,101:0,0,forward,79,438,31.752,45.397,45.772,46.272,45.772,46.272,46.022,46.272,45.647,46.147,46.272,0
101,2.03,1.0,2.03,2,3.0,1.5,3,3,2,1.0,3,1,2,1,1,1,2,3,3,2.271,2.196,3.0,3.0,2.0,3.0,3,2,3,3,2,3,3,3,1,3,3,2,1,1,3,3,2,1,3,3,3,3,3,2,2,2,1,2,2,1,2,1,2,2,2,1,2,1,2,1,2,1,2,2,2,2,2,1,3,3,3,3,3,3,3,3,3,3,2.096,2.196,2.096,2.146,2.096,2.221,2.121,2.096,Reasonably age-friendly,Reasonably age-friendly,Reasonably age-friendly,Reasonably age-friendly,Reasonably age-friendly,Reasonably age-friendly,Reasonably age-friendly,Reasonably age-friendly,Reasonably age-friendly,Reasonably age-friendly,Less age-friendly,residential,31.752,101:0,0,backward,438,79,31.752,45.397,45.772,46.272,45.772,46.272,46.022,46.272,45.647,46.147,46.272,0
103,2.31,1.0,2.31,2,3.0,1.5,3,3,2,3.0,3,1,2,1,1,1,3,3,3,2.467,2.392,3.0,3.0,2.0,3.0,3,2,3,3,2,3,3,3,1,3,3,2,1,1,3,3,2,1,3,3,3,3,3,2,2,2,1,2,2,1,2,1,2,2,2,1,2,1,2,1,2,1,2,2,2,2,2,1,3,3,3,3,3,3,3,1,3,3,2.292,2.392,2.292,2.342,2.292,2.217,2.317,2.292,Reasonably age-friendly,Reasonably age-friendly,Reasonably age-friendly,Reasonably age-friendly,Reasonably age-friendly,Reasonably age-friendly,Reasonably age-friendly,Less age-friendly,Reasonably age-friendly,Reasonably age-friendly,Less age-friendly,residential,91.438,103:0,0,forward,438,81,91.438,104.10300000000001,104.47800000000001,104.97800000000001,104.47800000000001,104.97800000000001,104.72800000000001,104.97800000000001,105.35300000000001,104.85300000000001,104.97800000000001,0
103,2.31,1.0,2.31,2,3.0,1.5,3,3,2,3.0,3,1,2,1,1,1,3,3,3,2.467,2.392,3.0,3.0,2.0,3.0,3,2,3,3,2,3,3,3,1,3,3,2,1,1,3,3,2,1,3,3,3,3,3,2,2,2,1,2,2,1,2,1,2,2,2,1,2,1,2,1,2,1,2,2,2,2,2,1,3,3,3,3,3,3,3,1,3,3,2.292,2.392,2.292,2.342,2.292,2.217,2.317,2.292,Reasonably age-friendly,Reasonably age-friendly,Reasonably age-friendly,Reasonably age-friendly,Reasonably age-friendly,Reasonably age-friendly,Reasonably age-friendly,Less age-friendly,Reasonably age-friendly,Reasonably age-friendly,Less age-friendly,residential,91.438,103:0,0,backward,81,438,91.438,104.10300000000001,104.47800000000001,104.97800000000001,104.47800000000001,104.97800000000001,104.72800000000001,104.97800000000001,105.35300000000001,104.85300000000001,104.97800000000001,0
111,2.15,1.5,1.433,1,3.0,1.5,3,3,2,3.0,2,1,2,1,2,1,3,3,3,1.753,1.778,3.0,3.0,2.0,3.0,3,1,3,3,1,3,3,3,1,3,3,2,1,1,3,3,2,1,3,3,3,3,3,2,2,2,1,2,2,1,2,1,2,2,2,1,2,1,2,1,2,1,2,2,2,2,2,1,3,3,2,3,3,3,3,3,3,3,1.678,1.728,1.678,1.678,1.678,1.803,1.703,1.678,Reasonably age-friendly,Less age-friendly,Less age-friendly,Less age-friendly,Reasonably age-friendly,Reasonably age-friendly,Less age-friendly,Less age-friendly,Less age-friendly,Reasonably age-friendly,Less age-friendly,residential,99.715,111:0,0,forward,83,87,99.715,115.95,115.825,116.325,116.075,116.325,116.325,116.325,115.7,116.2,116.325,0
111,2.15,1.5,1.433,1,3.0,1.5,3,3,2,3.0,2,1,2,1,2,1,3,3,3,1.753,1.778,3.0,3.0,2.0,3.0,3,1,3,3,1,3,3,3,1,3,3,2,1,1,3,3,2,1,3,3,3,3,3,2,2,2,1,2,2,1,2,1,2,2,2,1,2,1,2,1,2,1,2,2,2,2,2,1,3,3,2,3,3,3,3,3,3,3,1.678,1.728,1.678,1.678,1.678,1.803,1.703,1.678,Reasonably age-friendly,Less age-friendly,Less age-friendly,Less age-friendly,Reasonably age-friendly,Reasonably age-friendly,Less age-friendly,Less age-friendly,Less age-friendly,Reasonably age-friendly,Less age-friendly,residential,99.715,111:0,0,backward,87,83,99.715,115.95,115.825,116.325,116.075,116.325,116.325,116.325,115.7,116.2,116.325,0
122,2.03,1.5,1.353,1,3.0,1.5,3,3,2,3.0,2,1,2,1,2,1,2,3,3,1.797,1.622,3.0,3.0,2.0,3.0,3,2,3,3,2,3,3,3,1,3,3,2,1,1,3,3,2,1,3,3,3,3,3,2,2,2,1,2,2,1,2,1,2,2,2,1,2,1,2,1,2,1,2,2,2,2,2,1,3,2,3,2,3,3,3,3,2,1,1.422,1.622,1.422,1.672,1.422,1.747,1.547,1.422,Reasonably age-friendly,Less age-friendly,Reasonably age-friendly,Less age-friendly,Reasonably age-friendly,Reasonably age-friendly,Less age-friendly,Reasonably age-friendly,Less age-friendly,Reasonably age-friendly,Less age-friendly,residential,108.011,122:0,0,forward,439,102,42.94446249477233,58.95946249477233,59.83446249477233,60.83446249477233,59.83446249477233,60.83446249477233,59.58446249477233,60.83446249477233,59.20946249477233,60.20946249477233,60.83446249477233,0
122,2.03,1.5,1.353,1,3.0,1.5,3,3,2,3.0,2,1,2,1,2,1,2,3,3,1.797,1.622,3.0,3.0,2.0,3.0,3,2,3,3,2,3,3,3,1,3,3,2,1,1,3,3,2,1,3,3,3,3,3,2,2,2,1,2,2,1,2,1,2,2,2,1,2,1,2,1,2,1,2,2,2,2,2,1,3,2,3,2,3,3,3,3,2,1,1.422,1.622,1.422,1.672,1.422,1.747,1.547,1.422,Reasonably age-friendly,Less age-friendly,Reasonably age-friendly,Less age-friendly,Reasonably age-friendly,Reasonably age-friendly,Less age-friendly,Reasonably age-friendly,Less age-friendly,Reasonably age-friendly,Less age-friendly,residential,108.011,122:0,0,backward,102,439,42.94446249477233,58.95946249477233,59.83446249477233,60.83446249477233,59.83446249477233,60.83446249477233,59.58446249477233,60.83446249477233,59.20946249477233,60.20946249477233,60.83446249477233,0
122,2.03,1.5,1.353,1,3.0,1.5,3,3,2,3.0,2,1,2,1,2,1,2,3,3,1.797,1.622,3.0,3.0,2.0,3.0,3,2,3,3,2,3,3,3,1,3,3,2,1,1,3,3,2,1,3,3,3,3,3,2,2,2,1,2,2,1,2,1,2,2,2,1,2,1,2,1,2,1,2,2,2,2,2,1,3,2,3,2,3,3,3,3,2,1,1.422,1.622,1.422,1.672,1.422,1.747,1.547,1.422,Reasonably age-friendly,Less age-friendly,Reasonably age-friendly,Less age-friendly,Reasonably age-friendly,Reasonably age-friendly,Less age-friendly,Reasonably age-friendly,Less age-friendly,Reasonably age-friendly,Less age-friendly,residential,108.011,122:1,1,forward,92,439,65.06426658443515,81.07926658443515,81.95426658443515,82.95426658443515,81.95426658443515,82.95426658443515,81.70426658443515,82.95426658443515,81.32926658443515,82.32926658443515,82.95426658443515,0
122,2.03,1.5,1.353,1,3.0,1.5,3,3,2,3.0,2,1,2,1,2,1,2,3,3,1.797,1.622,3.0,3.0,2.0,3.0,3,2,3,3,2,3,3,3,1,3,3,2,1,1,3,3,2,1,3,3,3,3,3,2,2,2,1,2,2,1,2,1,2,2,2,1,2,1,2,1,2,1,2,2,2,2,2,1,3,2,3,2,3,3,3,3,2,1,1.422,1.622,1.422,1.672,1.422,1.747,1.547,1.422,Reasonably age-friendly,Less age-friendly,Reasonably age-friendly,Less age-friendly,Reasonably age-friendly,Reasonably age-friendly,Less age-friendly,Reasonably age-friendly,Less age-friendly,Reasonably age-friendly,Less age-friendly,residential,108.011,122:1,1,backward,439,92,65.06426658443515,81.07926658443515,81.95426658443515,82.95426658443515,81.95426658443515,82.95426658443515,81.70426658443515,82.95426658443515,81.32926658443515,82.32926658443515,82.95426658443515,0
125,2.15,1.5,1.433,1,3.0,1.5,3,3,2,3.0,2,1,2,1,2,1,3,3,3,1.853,1.678,3.0,3.0,2.0,3.0,3,3,3,3,3,3,3,3,1,3,3,2,1,1,3,3,2,1,3,3,3,3,3,2,2,2,1,2,2,1,2,1,2,2,2,1,2,1,2,1,2,1,2,2,2,2,2,1,3,3,3,2,3,3,3,3,3,1,1.478,1.828,1.478,1.778,1.478,1.803,1.703,1.478,Reasonably age-friendly,Less age-friendly,Less age-friendly,Less age-friendly,Reasonably age-friendly,Reasonably age-friendly,Less age-friendly,Less age-friendly,Less age-friendly,Reasonably age-friendly,Less age-friendly,residential,146.674,125:0,0,forward,102,101,146.674,162.40900000000002,163.284,164.284,162.534,164.284,162.784,164.284,162.659,163.159,164.284,0
125,2.15,1.5,1.433,1,3.0,1.5,3,3,2,3.0,2,1,2,1,2,1,3,3,3,1.853,1.678,3.0,3.0,2.0,3.0,3,3,3,3,3,3,3,3,1,3,3,2,1,1,3,3,2,1,3,3,3,3,3,2,2,2,1,2,2,1,2,1,2,2,2,1,2,1,2,1,2,1,2,2,2,2,2,1,3,3,3,2,3,3,3,3,3,1,1.478,1.828,1.478,1.778,1.478,1.803,1.703,1.478,Reasonably age-friendly,Less age-friendly,Less age-friendly,Less age-friendly,Reasonably age-friendly,Reasonably age-friendly,Less age-friendly,Less age-friendly,Less age-friendly,Reasonably age-friendly,Less age-friendly,residential,146.674,125:0,0,backward,101,102,146.674,162.40900000000002,163.284,164.284,162.534,164.284,162.784,164.284,162.659,163.159,164.284,0
127,2.26,1.0,2.26,3,3.0,2.0,3,3,3,1.5,1,1,3,1,1,1,3,1,1,2.332,2.207,3.0,3.0,2.0,3.0,3,1,3,3,1,1,1,3,2,3,3,3,2,2,3,3,3,2,3,3,3,3,3,2,2,2,1,2,2,1,2,1,2,2,2,1,2,1,2,1,2,1,2,2,2,2,2,1,3,2,3,2,3,3,3,3,3,3,2.307,2.207,2.307,2.257,2.307,2.282,2.232,2.307,Reasonably age-friendly,Less age-friendly,Reasonably age-friendly,Less age-friendly,Reasonably age-friendly,Reasonably age-friendly,Less age-friendly,Less age-friendly,Less age-friendly,Reasonably age-friendly,Less age-friendly,residential,46.543,127:0,0,forward,101,440,46.543,59.882999999999996,60.507999999999996,60.007999999999996,60.507999999999996,60.007999999999996,60.257999999999996,60.007999999999996,60.132999999999996,60.382999999999996,60.007999999999996,0
127,2.26,1.0,2.26,3,3.0,2.0,3,3,3,1.5,1,1,3,1,1,1,3,1,1,2.332,2.207,3.0,3.0,2.0,3.0,3,1,3,3,1,1,1,3,2,3,3,3,2,2,3,3,3,2,3,3,3,3,3,2,2,2,1,2,2,1,2,1,2,2,2,1,2,1,2,1,2,1,2,2,2,2,2,1,3,2,3,2,3,3,3,3,3,3,2.307,2.207,2.307,2.257,2.307,2.282,2.232,2.307,Reasonably age-friendly,Less age-friendly,Reasonably age-friendly,Less age-friendly,Reasonably age-friendly,Reasonably age-friendly,Less age-friendly,Less age-friendly,Less age-friendly,Reasonably age-friendly,Less age-friendly,residential,46.543,127:0,0,backward,440,101,46.543,59.882999999999996,60.507999999999996,60.007999999999996,60.507999999999996,60.007999999999996,60.257999999999996,60.007999999999996,60.132999999999996,60.382999999999996,60.007999999999996,0
129,1.95,1.0,1.95,2,3.0,1.5,3,3,2,2.0,1,1,3,1,1,1,2,1,2,2.115,2.04,3.0,3.0,2.0,3.0,3,1,3,3,1,1,2,3,2,3,3,3,2,2,3,3,3,2,3,3,3,3,3,2,2,2,1,2,2,1,2,1,2,2,2,1,2,1,2,1,2,1,2,2,2,2,2,1,2,2,3,2,3,3,3,3,3,3,2.09,1.99,2.09,2.04,2.09,2.065,2.065,2.09,Reasonably age-friendly,Reasonably age-friendly,Reasonably age-friendly,Reasonably age-friendly,Reasonably age-friendly,Reasonably age-friendly,Reasonably age-friendly,Reasonably age-friendly,Reasonably age-friendly,Reasonably age-friendly,Less age-friendly,residential,49.914,129:0,0,forward,440,94,49.914,64.339,64.714,64.464,64.964,64.464,64.714,64.464,64.589,64.589,64.464,0
129,1.95,1.0,1.95,2,3.0,1.5,3,3,2,2.0,1,1,3,1,1,1,2,1,2,2.115,2.04,3.0,3.0,2.0,3.0,3,1,3,3,1,1,2,3,2,3,3,3,2,2,3,3,3,2,3,3,3,3,3,2,2,2,1,2,2,1,2,1,2,2,2,1,2,1,2,1,2,1,2,2,2,2,2,1,2,2,3,2,3,3,3,3,3,3,2.09,1.99,2.09,2.04,2.09,2.065,2.065,2.09,Reasonably age-friendly,Reasonably age-friendly,Reasonably age-friendly,Reasonably age-friendly,Reasonably age-friendly,Reasonably age-friendly,Reasonably age-friendly,Reasonably age-friendly,Reasonably age-friendly,Reasonably age-friendly,Less age-friendly,residential,49.914,129:0,0,backward,94,440,49.914,64.339,64.714,64.464,64.964,64.464,64.714,64.464,64.589,64.589,64.464,0
619,1.96,2.0,0.98,3,1.0,3.0,2,2,1,1.0,1,1,3,3,2,2,3,2,3,1.486,1.511,3.0,3.0,2.0,3.0,3,3,3,3,3,2,3,3,2,3,3,3,2,2,3,3,3,2,3,3,3,3,3,2,2,2,1,2,2,1,2,1,2,2,2,1,2,1,2,1,2,1,2,2,2,2,2,1,3,2,3,3,3,3,3,3,1,3,1.411,1.411,1.411,1.461,1.411,1.436,1.236,1.411,Reasonably age-friendly,Less age-friendly,Less age-friendly,Less age-friendly,Reasonably age-friendly,Reasonably age-friendly,Less age-friendly,Less age-friendly,Less age-friendly,Reasonably age-friendly,Less age-friendly,residential,21.523,619:0,0,forward,25,26,21.523,39.093,38.968,39.468,39.468,39.468,39.218,39.468,39.343,40.343,39.468,0
619,1.96,2.0,0.98,3,1.0,3.0,2,2,1,1.0,1,1,3,3,2,2,3,2,3,1.486,1.511,3.0,3.0,2.0,3.0,3,3,3,3,3,2,3,3,2,3,3,3,2,2,3,3,3,2,3,3,3,3,3,2,2,2,1,2,2,1,2,1,2,2,2,1,2,1,2,1,2,1,2,2,2,2,2,1,3,2,3,3,3,3,3,3,1,3,1.411,1.411,1.411,1.461,1.411,1.436,1.236,1.411,Reasonably age-friendly,Less age-friendly,Less age-friendly,Less age-friendly,Reasonably age-friendly,Reasonably age-friendly,Less age-friendly,Less age-friendly,Less age-friendly,Reasonably age-friendly,Less age-friendly,residential,21.523,619:0,0,backward,26,25,21.523,39.093,38.968,39.468,39.468,39.468,39.218,39.468,39.343,40.343,39.468,0
620,1.96,2.0,0.98,3,1.0,3.0,2,2,1,1.0,1,1,3,3,2,2,3,2,2,1.486,1.461,3.0,3.0,2.0,3.0,3,3,3,3,3,2,2,3,2,3,3,3,2,2,3,3,3,2,3,3,3,3,3,2,2,2,1,2,2,1,2,1,2,2,2,1,2,1,2,1,2,1,2,2,2,2,2,1,3,2,3,3,3,3,3,3,1,3,1.411,1.411,1.411,1.461,1.411,1.436,1.186,1.411,Reasonably age-friendly,Less age-friendly,Less age-friendly,Less age-friendly,Reasonably age-friendly,Reasonably age-friendly,Less age-friendly,Less age-friendly,Less age-friendly,Reasonably age-friendly,Less age-friendly,residential,16.497,620:0,0,forward,238,26,16.497,34.067,34.192,34.442,34.442,34.442,34.192,34.442,34.317,35.567,34.442,0
620,1.96,2.0,0.98,3,1.0,3.0,2,2,1,1.0,1,1,3,3,2,2,3,2,2,1.486,1.461,3.0,3.0,2.0,3.0,3,3,3,3,3,2,2,3,2,3,3,3,2,2,3,3,3,2,3,3,3,3,3,2,2,2,1,2,2,1,2,1,2,2,2,1,2,1,2,1,2,1,2,2,2,2,2,1,3,2,3,3,3,3,3,3,1,3,1.411,1.411,1.411,1.461,1.411,1.436,1.186,1.411,Reasonably age-friendly,Less age-friendly,Less age-friendly,Less age-friendly,Reasonably age-friendly,Reasonably age-friendly,Less age-friendly,Less age-friendly,Less age-friendly,Reasonably age-friendly,Less age-friendly,residential,16.497,620:0,0,backward,26,238,16.497,34.067,34.192,34.442,34.442,34.442,34.192,34.442,34.317,35.567,34.442,0
621,1.92,1.5,1.28,3,1.0,3.0,3,3,1,1.0,1,1,3,2,2,1,2,1,2,1.646,1.571,3.0,3.0,2.0,3.0,3,1,3,3,1,1,2,3,2,3,3,3,2,2,3,3,3,2,3,3,3,3,3,2,2,2,1,2,2,1,2,1,2,2,2,1,2,1,2,1,2,1,2,2,2,2,2,1,1,2,3,2,3,3,1,2,2,2,1.521,1.521,1.521,1.371,1.521,1.496,1.496,1.521,Reasonably age-friendly,Less age-friendly,Less age-friendly,Less age-friendly,Reasonably age-friendly,Reasonably age-friendly,Less age-friendly,Less age-friendly,Less age-friendly,Reasonably age-friendly,Less age-friendly,residential,23.085,621:0,0,forward,203,35,23.085,39.855000000000004,40.230000000000004,40.480000000000004,40.480000000000004,40.480000000000004,41.230000000000004,40.480000000000004,40.605000000000004,40.605000000000004,40.480000000000004,0
621,1.92,1.5,1.28,3,1.0,3.0,3,3,1,1.0,1,1,3,2,2,1,2,1,2,1.646,1.571,3.0,3.0,2.0,3.0,3,1,3,3,1,1,2,3,2,3,3,3,2,2,3,3,3,2,3,3,3,3,3,2,2,2,1,2,2,1,2,1,2,2,2,1,2,1,2,1,2,1,2,2,2,2,2,1,1,2,3,2,3,3,1,2,2,2,1.521,1.521,1.521,1.371,1.521,1.496,1.496,1.521,Reasonably age-friendly,Less age-friendly,Less age-friendly,Less age-friendly,Reasonably age-friendly,Reasonably age-friendly,Less age-friendly,Less age-friendly,Less age-friendly,Reasonably age-friendly,Less age-friendly,residential,23.085,621:0,0,backward,35,203,23.085,39.855000000000004,40.230000000000004,40.480000000000004,40.480000000000004,40.480000000000004,41.230000000000004,40.480000000000004,40.605000000000004,40.605000000000004,40.480000000000004,0
622,2.25,1.0,2.25,3,3.0,2.5,2,3,3,3.0,2,1,2,1,1,1,2,2,3,2.375,2.35,3.0,3.0,2.0,3.0,3,2,3,3,2,2,3,3,1,3,3,2,1,1,3,3,2,1,3,3,3,3,3,2,2,2,1,2,2,1,2,1,2,2,2,1,2,1,2,1,2,1,2,2,2,2,2,1,3,3,3,3,3,3,3,3,3,3,2.25,2.35,2.25,2.3,2.25,2.325,2.275,2.25,Reasonably age-friendly,Reasonably age-friendly,Reasonably age-friendly,Reasonably age-friendly,Reasonably age-friendly,Reasonably age-friendly,Reasonably age-friendly,Reasonably age-friendly,Reasonably age-friendly,Reasonably age-friendly,Less age-friendly,hospital,74.131,622:0,0,forward,329,114,74.131,87.256,87.381,87.881,87.381,87.881,87.631,87.881,87.506,87.756,87.881,0
622,2.25,1.0,2.25,3,3.0,2.5,2,3,3,3.0,2,1,2,1,1,1,2,2,3,2.375,2.35,3.0,3.0,2.0,3.0,3,2,3,3,2,2,3,3,1,3,3,2,1,1,3,3,2,1,3,3,3,3,3,2,2,2,1,2,2,1,2,1,2,2,2,1,2,1,2,1,2,1,2,2,2,2,2,1,3,3,3,3,3,3,3,3,3,3,2.25,2.35,2.25,2.3,2.25,2.325,2.275,2.25,Reasonably age-friendly,Reasonably age-friendly,Reasonably age-friendly,Reasonably age-friendly,Reasonably age-friendly,Reasonably age-friendly,Reasonably age-friendly,Reasonably age-friendly,Reasonably age-friendly,Reasonably age-friendly,Less age-friendly,hospital,74.131,622:0,0,backward,114,329,74.131,87.256,87.381,87.881,87.381,87.881,87.631,87.881,87.506,87.756,87.881,0
623,1.96,1.5,1.307,3,1.0,3.0,2,2,1,3.0,2,1,2,1,1,2,3,3,3,1.765,1.69,3.0,3.0,2.0,3.0,3,2,3,3,2,3,3,3,1,3,3,2,1,1,3,3,2,1,3,3,3,3,3,2,2,2,1,2,2,1,2,1,2,2,2,1,2,1,2,1,2,1,2,2,2,2,2,1,3,3,3,3,3,3,3,3,3,3,1.59,1.69,1.59,1.64,1.59,1.715,1.615,1.59,Reasonably age-friendly,Less age-friendly,Less age-friendly,Less age-friendly,Reasonably age-friendly,Reasonably age-friendly,Less age-friendly,Less age-friendly,Less age-friendly,Reasonably age-friendly,Less age-friendly,campus,28.791,623:0,0,forward,330,339,28.791,44.966,45.341,45.841,45.341,45.841,45.591,45.841,45.216,45.715999999999994,45.841,0
623,1.96,1.5,1.307,3,1.0,3.0,2,2,1,3.0,2,1,2,1,1,2,3,3,3,1.765,1.69,3.0,3.0,2.0,3.0,3,2,3,3,2,3,3,3,1,3,3,2,1,1,3,3,2,1,3,3,3,3,3,2,2,2,1,2,2,1,2,1,2,2,2,1,2,1,2,1,2,1,2,2,2,2,2,1,3,3,3,3,3,3,3,3,3,3,1.59,1.69,1.59,1.64,1.59,1.715,1.615,1.59,Reasonably age-friendly,Less age-friendly,Less age-friendly,Less age-friendly,Reasonably age-friendly,Reasonably age-friendly,Less age-friendly,Less age-friendly,Less age-friendly,Reasonably age-friendly,Less age-friendly,campus,28.791,623:0,0,backward,339,330,28.791,44.966,45.341,45.841,45.341,45.841,45.591,45.841,45.216,45.715999999999994,45.841,0
