{
"type": "FeatureCollection",
"name": "nodes_all",
"crs": { "type": "name", "properties": { "name": "urn:ogc:def:crs:EPSG::3826" } },
"features": [
{ "type": "Feature", "properties": { "node_id": 0, "x": 169365.62141, "y": 2544097.4840699998, "degree": 2, "is_leaf": false, "component_id": 0 }, "geometry": { "type": "Point", "coordinates": [ 169365.62141, 2544097.484069999773055 ] } },
{ "type": "Feature", "properties": { "node_id": 1, "x": 169374.11417, "y": 2544139.8999600001, "degree": 4, "is_leaf": false, "component_id": 0 }, "geometry": { "type": "Point", "coordinates": [ 169374.114169999986188, 2544139.89996 ] } },
{ "type": "Feature", "properties": { "node_id": 2, "x": 169393.99677, "y": 2544137.0539000002, "degree": 5, "is_leaf": false, "component_id": 0 }, "geometry": { "type": "Point", "coordinates": [ 169393.99677, 2544137.053900000173599 ] } },
{ "type": "Feature", "properties": { "node_id": 3, "x": 169398.58553000001, "y": 2544165.03247, "degree": 5, "is_leaf": false, "component_id": 0 }, "geometry": { "type": "Point", "coordinates": [ 169398.585530000011204, 2544165.03247 ] } },
{ "type": "Feature", "properties": { "node_id": 4, "x": 169378.40012000001, "y": 2544168.4889099998, "degree": 3, "is_leaf": false, "component_id": 0 }, "geometry": { "type": "Point", "coordinates": [ 169378.40012, 2544168.488909999839962 ] } },
{ "type": "Feature", "properties": { "node_id": 5, "x": 169530.27042, "y": 2544146.3684899998, "degree": 3, "is_leaf": false, "component_id": 0 }, "geometry": { "type": "Point", "coordinates": [ 169530.270419999986188, 2544146.368489999789745 ] } },
{ "type": "Feature", "properties": { "node_id": 6, "x": 169507.37056000001, "y": 2544128.8368899999, "degree": 2, "is_leaf": false, "component_id": 0 }, "geometry": { "type": "Point", "coordinates": [ 169507.3705600000103, 2544128.83689 ] } },
{ "type": "Feature", "properties": { "node_id": 7, "x": 169526.72401000001, "y": 2544127.2113700002, "degree": 4, "is_leaf": false, "component_id": 0 }, "geometry": { "type": "Point", "coordinates": [ 169526.72401, 2544127.211370000150055 ] } },
{ "type": "Feature", "properties": { "node_id": 8, "x": 169564.33796, "y": 2544119.9331800002, "degree": 2, "is_leaf": false, "component_id": 0 }, "geometry": { "type": "Point", "coordinates": [ 169564.33796, 2544119.93318000016734 ] } },
{ "type": "Feature", "properties": { "node_id": 9, "x": 169590.02779, "y": 2544115.3822, "degree": 2, "is_leaf": false, "component_id": 0 }, "geometry": { "type": "Point", "coordinates": [ 169590.02779, 2544115.38219999987632 ] } },
{ "type": "Feature", "properties": { "node_id": 10, "x": 169609.90557, "y": 2544111.6233000001, "degree": 2, "is_leaf": false, "component_id": 0 }, "geometry": { "type": "Point", "coordinates": [ 169609.90557, 2544111.6233 ] } },
{ "type": "Feature", "properties": { "node_id": 11, "x": 169687.85754, "y": 2544119.8815899999, "degree": 5, "is_leaf": false, "component_id": 0 }, "geometry": { "type": "Point", "coordinates": [ 169687.85754, 2544119.881589999888092 ] } },
{ "type": "Feature", "properties": { "node_id": 12, "x": 169621.9901, "y": 2544110.2650600001, "degree": 3, "is_leaf": false, "component_id": 0 }, "geometry": { "type": "Point", "coordinates": [ 169621.9901, 2544110.265060000121593 ] } },
{ "type": "Feature", "properties": { "node_id": 13, "x": 169610.93438, "y": 2544046.4036099999, "degree": 2, "is_leaf": false, "component_id": 0 }, "geometry": { "type": "Point", "coordinates": [ 169610.93438, 2544046.40361 ] } },
{ "type": "Feature", "properties": { "node_id": 14, "x": 169612.77562, "y": 2544018.6186700002, "degree": 4, "is_leaf": false, "component_id": 0 }, "geometry": { "type": "Point", "coordinates": [ 169612.77562, 2544018.618670000229031 ] } },
{ "type": "Feature", "properties": { "node_id": 15, "x": 169684.68463, "y": 2544098.9722099998, "degree": 4, "is_leaf": false, "component_id": 0 }, "geometry": { "type": "Point", "coordinates": [ 169684.68463, 2544098.972209999803454 ] } },
{ "type": "Feature", "properties": { "node_id": 16, "x": 169710.98919, "y": 2544094.8747299998, "degree": 4, "is_leaf": false, "component_id": 0 }, "geometry": { "type": "Point", "coordinates": [ 169710.98919, 2544094.874729999806732 ] } },
{ "type": "Feature", "properties": { "node_id": 17, "x": 169713.8523, "y": 2544115.10091, "degree": 5, "is_leaf": false, "component_id": 0 }, "geometry": { "type": "Point", "coordinates": [ 169713.8523, 2544115.10091 ] } },
{ "type": "Feature", "properties": { "node_id": 18, "x": 169732.2429, "y": 2544090.8042600001, "degree": 2, "is_leaf": false, "component_id": 0 }, "geometry": { "type": "Point", "coordinates": [ 169732.242900000012014, 2544090.804260000120848 ] } },
{ "type": "Feature", "properties": { "node_id": 19, "x": 169743.56096, "y": 2544089.2219199999, "degree": 3, "is_leaf": false, "component_id": 0 }, "geometry": { "type": "Point", "coordinates": [ 169743.56096, 2544089.22192 ] } },
{ "type": "Feature", "properties": { "node_id": 20, "x": 169734.87252, "y": 2544004.7286399999, "degree": 3, "is_leaf": false, "component_id": 0 }, "geometry": { "type": "Point", "coordinates": [ 169734.87252, 2544004.728639999870211 ] } },
{ "type": "Feature", "properties": { "node_id": 21, "x": 169835.76878000001, "y": 2544072.7498400002, "degree": 5, "is_leaf": false, "component_id": 0 }, "geometry": { "type": "Point", "coordinates": [ 169835.768780000013066, 2544072.749840000178665 ] } },
{ "type": "Feature", "properties": { "node_id": 22, "x": 169838.47867000001, "y": 2544092.97689, "degree": 5, "is_leaf": false, "component_id": 0 }, "geometry": { "type": "Point", "coordinates": [ 169838.478670000011334, 2544092.97689 ] } },
{ "type": "Feature", "properties": { "node_id": 23, "x": 169859.89764000001, "y": 2544091.1885899999, "degree": 5, "is_leaf": false, "component_id": 0 }, "geometry": { "type": "Point", "coordinates": [ 169859.897640000010142, 2544091.18859 ] } },
{ "type": "Feature", "properties": { "node_id": 24, "x": 169860.0991, "y": 2544071.55479, "degree": 5, "is_leaf": false, "component_id": 0 }, "geometry": { "type": "Point", "coordinates": [ 169860.0991, 2544071.55479 ] } },
{ "type": "Feature", "properties": { "node_id": 25, "x": 169832.69157, "y": 2543991.37898, "degree": 3, "is_leaf": false, "component_id": 0 }, "geometry": { "type": "Point", "coordinates": [ 169832.69157, 2543991.37898 ] } },
{ "type": "Feature", "properties": { "node_id": 26, "x": 169849.18985, "y": 2543977.5581299998, "degree": 4, "is_leaf": false, "component_id": 0 }, "geometry": { "type": "Point", "coordinates": [ 169849.18985, 2543977.558129999786615 ] } },
{ "type": "Feature", "properties": { "node_id": 27, "x": 169947.70401, "y": 2544064.48465, "degree": 3, "is_leaf": false, "component_id": 0 }, "geometry": { "type": "Point", "coordinates": [ 169947.704009999986738, 2544064.48465 ] } },
{ "type": "Feature", "properties": { "node_id": 28, "x": 169983.26023000001, "y": 2544061.61509, "degree": 3, "is_leaf": false, "component_id": 0 }, "geometry": { "type": "Point", "coordinates": [ 169983.260230000014417, 2544061.61509 ] } },
{ "type": "Feature", "properties": { "node_id": 29, "x": 170003.76335, "y": 2544060.2884399998, "degree": 3, "is_leaf": false, "component_id": 0 }, "geometry": { "type": "Point", "coordinates": [ 170003.76335, 2544060.288439999800175 ] } },
{ "type": "Feature", "properties": { "node_id": 30, "x": 170038.49871000001, "y": 2544058.5056500002, "degree": 3, "is_leaf": false, "component_id": 0 }, "geometry": { "type": "Point", "coordinates": [ 170038.498710000014398, 2544058.505650000181049 ] } },
{ "type": "Feature", "properties": { "node_id": 31, "x": 170047.98499, "y": 2544057.8464299999, "degree": 3, "is_leaf": false, "component_id": 0 }, "geometry": { "type": "Point", "coordinates": [ 170047.98499, 2544057.84643 ] } },
{ "type": "Feature", "properties": { "node_id": 32, "x": 170076.76256, "y": 2544055.2746700002, "degree": 3, "is_leaf": false, "component_id": 0 }, "geometry": { "type": "Point", "coordinates": [ 170076.76256, 2544055.274670000188053 ] } },
{ "type": "Feature", "properties": { "node_id": 33, "x": 170218.1846, "y": 2544042.63625, "degree": 5, "is_leaf": false, "component_id": 0 }, "geometry": { "type": "Point", "coordinates": [ 170218.1846, 2544042.63625 ] } },
{ "type": "Feature", "properties": { "node_id": 34, "x": 170245.87778000001, "y": 2544040.5869200001, "degree": 5, "is_leaf": false, "component_id": 0 }, "geometry": { "type": "Point", "coordinates": [ 170245.87778, 2544040.586920000147074 ] } },
{ "type": "Feature", "properties": { "node_id": 35, "x": 170236.95885, "y": 2543960.6571599999, "degree": 3, "is_leaf": false, "component_id": 0 }, "geometry": { "type": "Point", "coordinates": [ 170236.95885, 2543960.65716 ] } },
{ "type": "Feature", "properties": { "node_id": 36, "x": 170312.36684, "y": 2544037.571, "degree": 2, "is_leaf": false, "component_id": 0 }, "geometry": { "type": "Point", "coordinates": [ 170312.36684, 2544037.571 ] } },
{ "type": "Feature", "properties": { "node_id": 37, "x": 170313.22488, "y": 2544055.0685100001, "degree": 2, "is_leaf": false, "component_id": 0 }, "geometry": { "type": "Point", "coordinates": [ 170313.22488, 2544055.068510000128299 ] } },
{ "type": "Feature", "properties": { "node_id": 38, "x": 170246.20626000001, "y": 2544059.2286800002, "degree": 5, "is_leaf": false, "component_id": 0 }, "geometry": { "type": "Point", "coordinates": [ 170246.20626, 2544059.228680000174791 ] } },
{ "type": "Feature", "properties": { "node_id": 39, "x": 170219.89829000001, "y": 2544062.7164699999, "degree": 5, "is_leaf": false, "component_id": 0 }, "geometry": { "type": "Point", "coordinates": [ 170219.898290000011912, 2544062.716469999868423 ] } },
{ "type": "Feature", "properties": { "node_id": 40, "x": 169926.76098, "y": 2544086.6470499998, "degree": 3, "is_leaf": false, "component_id": 0 }, "geometry": { "type": "Point", "coordinates": [ 169926.76098, 2544086.647049999795854 ] } },
{ "type": "Feature", "properties": { "node_id": 41, "x": 169934.48588, "y": 2544085.7688600002, "degree": 3, "is_leaf": false, "component_id": 0 }, "geometry": { "type": "Point", "coordinates": [ 169934.48588, 2544085.768860000185668 ] } },
{ "type": "Feature", "properties": { "node_id": 42, "x": 169986.65179, "y": 2544080.5449100002, "degree": 3, "is_leaf": false, "component_id": 0 }, "geometry": { "type": "Point", "coordinates": [ 169986.65179, 2544080.544910000171512 ] } },
{ "type": "Feature", "properties": { "node_id": 43, "x": 170003.09686, "y": 2544078.8593799998, "degree": 3, "is_leaf": false, "component_id": 0 }, "geometry": { "type": "Point", "coordinates": [ 170003.09686, 2544078.859379999805242 ] } },
{ "type": "Feature", "properties": { "node_id": 44, "x": 170039.35829, "y": 2544076.2314200001, "degree": 4, "is_leaf": false, "component_id": 0 }, "geometry": { "type": "Point", "coordinates": [ 170039.35829, 2544076.23142 ] } },
{ "type": "Feature", "properties": { "node_id": 45, "x": 170048.04462, "y": 2544075.5816000002, "degree": 2, "is_leaf": false, "component_id": 0 }, "geometry": { "type": "Point", "coordinates": [ 170048.04462, 2544075.581600000150502 ] } },
{ "type": "Feature", "properties": { "node_id": 46, "x": 170077.68478000001, "y": 2544073.3642699998, "degree": 3, "is_leaf": false, "component_id": 0 }, "geometry": { "type": "Point", "coordinates": [ 170077.684780000010505, 2544073.364269999787211 ] } },
{ "type": "Feature", "properties": { "node_id": 47, "x": 169385.46927, "y": 2544095.285, "degree": 3, "is_leaf": false, "component_id": 0 }, "geometry": { "type": "Point", "coordinates": [ 169385.46927, 2544095.285000000149012 ] } },
{ "type": "Feature", "properties": { "node_id": 48, "x": 170138.03193, "y": 2544049.79923, "degree": 3, "is_leaf": false, "component_id": 0 }, "geometry": { "type": "Point", "coordinates": [ 170138.03193, 2544049.79923 ] } },
{ "type": "Feature", "properties": { "node_id": 49, "x": 170121.37873, "y": 2544051.2874699999, "degree": 3, "is_leaf": false, "component_id": 0 }, "geometry": { "type": "Point", "coordinates": [ 170121.37873, 2544051.287469999864697 ] } },
{ "type": "Feature", "properties": { "node_id": 50, "x": 170076.76793, "y": 2544055.2741899998, "degree": 1, "is_leaf": true, "component_id": 0 }, "geometry": { "type": "Point", "coordinates": [ 170076.76793, 2544055.274189999792725 ] } },
{ "type": "Feature", "properties": { "node_id": 51, "x": 170061.26776, "y": 2544074.5924, "degree": 3, "is_leaf": false, "component_id": 0 }, "geometry": { "type": "Point", "coordinates": [ 170061.267759999987902, 2544074.5924 ] } },
{ "type": "Feature", "properties": { "node_id": 52, "x": 170053.87094, "y": 2544075.1457500001, "degree": 2, "is_leaf": false, "component_id": 0 }, "geometry": { "type": "Point", "coordinates": [ 170053.87094, 2544075.145750000141561 ] } },
{ "type": "Feature", "properties": { "node_id": 53, "x": 170225.51561, "y": 2544131.9789900002, "degree": 3, "is_leaf": false, "component_id": 0 }, "geometry": { "type": "Point", "coordinates": [ 170225.51561, 2544131.978990000206977 ] } },
{ "type": "Feature", "properties": { "node_id": 54, "x": 170233.94182000001, "y": 2544229.2985, "degree": 3, "is_leaf": false, "component_id": 0 }, "geometry": { "type": "Point", "coordinates": [ 170233.94182, 2544229.2985 ] } },
{ "type": "Feature", "properties": { "node_id": 55, "x": 170239.04618, "y": 2544289.9312100001, "degree": 3, "is_leaf": false, "component_id": 0 }, "geometry": { "type": "Point", "coordinates": [ 170239.04618, 2544289.93121 ] } },
{ "type": "Feature", "properties": { "node_id": 56, "x": 170240.82294000001, "y": 2544305.1222199998, "degree": 3, "is_leaf": false, "component_id": 0 }, "geometry": { "type": "Point", "coordinates": [ 170240.82294000001275, 2544305.122219999786466 ] } },
{ "type": "Feature", "properties": { "node_id": 57, "x": 170265.3925, "y": 2544310.1778699998, "degree": 4, "is_leaf": false, "component_id": 0 }, "geometry": { "type": "Point", "coordinates": [ 170265.392499999987194, 2544310.177869999781251 ] } },
{ "type": "Feature", "properties": { "node_id": 58, "x": 170287.97283000001, "y": 2544551.94942, "degree": 4, "is_leaf": false, "component_id": 0 }, "geometry": { "type": "Point", "coordinates": [ 170287.972830000013346, 2544551.94942 ] } },
{ "type": "Feature", "properties": { "node_id": 59, "x": 170346.11307, "y": 2544547.9887199998, "degree": 1, "is_leaf": true, "component_id": 0 }, "geometry": { "type": "Point", "coordinates": [ 170346.11307, 2544547.988719999790192 ] } },
{ "type": "Feature", "properties": { "node_id": 60, "x": 170260.43243, "y": 2544553.7695499999, "degree": 4, "is_leaf": false, "component_id": 0 }, "geometry": { "type": "Point", "coordinates": [ 170260.432429999986198, 2544553.769549999851733 ] } },
{ "type": "Feature", "properties": { "node_id": 61, "x": 170244.90114, "y": 2544358.1133699999, "degree": 3, "is_leaf": false, "component_id": 0 }, "geometry": { "type": "Point", "coordinates": [ 170244.90114, 2544358.11337 ] } },
{ "type": "Feature", "properties": { "node_id": 62, "x": 170251.97906000001, "y": 2544450.0823599999, "degree": 3, "is_leaf": false, "component_id": 0 }, "geometry": { "type": "Point", "coordinates": [ 170251.979060000012396, 2544450.08235999988392 ] } },
{ "type": "Feature", "properties": { "node_id": 63, "x": 170108.06343000001, "y": 2544567.8188800002, "degree": 4, "is_leaf": false, "component_id": 0 }, "geometry": { "type": "Point", "coordinates": [ 170108.06343, 2544567.818880000151694 ] } },
{ "type": "Feature", "properties": { "node_id": 64, "x": 170088.02258, "y": 2544569.5994699998, "degree": 4, "is_leaf": false, "component_id": 0 }, "geometry": { "type": "Point", "coordinates": [ 170088.02257999998983, 2544569.599469999782741 ] } },
{ "type": "Feature", "properties": { "node_id": 65, "x": 169901.755, "y": 2544584.2116200002, "degree": 4, "is_leaf": false, "component_id": 0 }, "geometry": { "type": "Point", "coordinates": [ 169901.755, 2544584.211620000191033 ] } },
{ "type": "Feature", "properties": { "node_id": 66, "x": 170290.39343, "y": 2544589.9071399998, "degree": 4, "is_leaf": false, "component_id": 0 }, "geometry": { "type": "Point", "coordinates": [ 170290.39343, 2544589.90713999979198 ] } },
{ "type": "Feature", "properties": { "node_id": 67, "x": 170359.85367000001, "y": 2544584.8211699999, "degree": 1, "is_leaf": true, "component_id": 0 }, "geometry": { "type": "Point", "coordinates": [ 170359.853670000011334, 2544584.821169999893755 ] } },
{ "type": "Feature", "properties": { "node_id": 68, "x": 170264.07831000001, "y": 2544591.8729500002, "degree": 4, "is_leaf": false, "component_id": 0 }, "geometry": { "type": "Point", "coordinates": [ 170264.078310000011697, 2544591.872950000222772 ] } },
{ "type": "Feature", "properties": { "node_id": 69, "x": 170270.52445, "y": 2544673.7631100002, "degree": 3, "is_leaf": false, "component_id": 0 }, "geometry": { "type": "Point", "coordinates": [ 170270.52445, 2544673.763110000174493 ] } },
{ "type": "Feature", "properties": { "node_id": 70, "x": 170111.47082, "y": 2544604.1733499998, "degree": 4, "is_leaf": false, "component_id": 0 }, "geometry": { "type": "Point", "coordinates": [ 170111.470819999987725, 2544604.173349999822676 ] } },
{ "type": "Feature", "properties": { "node_id": 71, "x": 170091.27374, "y": 2544605.3460200001, "degree": 4, "is_leaf": false, "component_id": 0 }, "geometry": { "type": "Point", "coordinates": [ 170091.27374, 2544605.34602 ] } },
{ "type": "Feature", "properties": { "node_id": 72, "x": 169954.50116000001, "y": 2544616.4224399999, "degree": 3, "is_leaf": false, "component_id": 0 }, "geometry": { "type": "Point", "coordinates": [ 169954.501160000014352, 2544616.422439999878407 ] } },
{ "type": "Feature", "properties": { "node_id": 73, "x": 169941.21069000001, "y": 2544617.50092, "degree": 2, "is_leaf": false, "component_id": 0 }, "geometry": { "type": "Point", "coordinates": [ 169941.21069, 2544617.50092 ] } },
{ "type": "Feature", "properties": { "node_id": 74, "x": 169904.3207, "y": 2544620.4944199999, "degree": 4, "is_leaf": false, "component_id": 0 }, "geometry": { "type": "Point", "coordinates": [ 169904.320700000011129, 2544620.494419999886304 ] } },
{ "type": "Feature", "properties": { "node_id": 75, "x": 170302.76286, "y": 2544772.2358800001, "degree": 4, "is_leaf": false, "component_id": 0 }, "geometry": { "type": "Point", "coordinates": [ 170302.762859999987995, 2544772.23588 ] } },
{ "type": "Feature", "properties": { "node_id": 76, "x": 170321.0029, "y": 2544770.0466399998, "degree": 1, "is_leaf": true, "component_id": 0 }, "geometry": { "type": "Point", "coordinates": [ 170321.0029, 2544770.046639999840409 ] } },
{ "type": "Feature", "properties": { "node_id": 77, "x": 170307.82867, "y": 2544825.5876799999, "degree": 3, "is_leaf": false, "component_id": 0 }, "geometry": { "type": "Point", "coordinates": [ 170307.828669999988051, 2544825.587679999880493 ] } },
{ "type": "Feature", "properties": { "node_id": 78, "x": 170330.00219, "y": 2544821.9698800002, "degree": 1, "is_leaf": true, "component_id": 0 }, "geometry": { "type": "Point", "coordinates": [ 170330.00219, 2544821.969880000222474 ] } },
{ "type": "Feature", "properties": { "node_id": 79, "x": 170283.36186, "y": 2544829.6742099999, "degree": 3, "is_leaf": false, "component_id": 0 }, "geometry": { "type": "Point", "coordinates": [ 170283.36186, 2544829.674209999851882 ] } },
{ "type": "Feature", "properties": { "node_id": 80, "x": 170278.27416, "y": 2544772.2135700001, "degree": 4, "is_leaf": false, "component_id": 0 }, "geometry": { "type": "Point", "coordinates": [ 170278.27416, 2544772.213570000138134 ] } },
{ "type": "Feature", "properties": { "node_id": 81, "x": 170161.86931000001, "y": 2544850.0269399998, "degree": 2, "is_leaf": false, "component_id": 0 }, "geometry": { "type": "Point", "coordinates": [ 170161.86931, 2544850.026939999777824 ] } },
{ "type": "Feature", "properties": { "node_id": 82, "x": 170122.26127, "y": 2544856.1725599999, "degree": 3, "is_leaf": false, "component_id": 0 }, "geometry": { "type": "Point", "coordinates": [ 170122.261269999988144, 2544856.172559999860823 ] } },
{ "type": "Feature", "properties": { "node_id": 83, "x": 170109.87647, "y": 2544858.5211499999, "degree": 3, "is_leaf": false, "component_id": 0 }, "geometry": { "type": "Point", "coordinates": [ 170109.876469999988331, 2544858.52115 ] } },
{ "type": "Feature", "properties": { "node_id": 84, "x": 170187.96577000001, "y": 2544790.25979, "degree": 3, "is_leaf": false, "component_id": 0 }, "geometry": { "type": "Point", "coordinates": [ 170187.96577, 2544790.25979 ] } },
{ "type": "Feature", "properties": { "node_id": 85, "x": 170119.3711, "y": 2544801.9342899998, "degree": 3, "is_leaf": false, "component_id": 0 }, "geometry": { "type": "Point", "coordinates": [ 170119.371099999989383, 2544801.934289999771863 ] } },
{ "type": "Feature", "properties": { "node_id": 86, "x": 170106.83037000001, "y": 2544803.7510700002, "degree": 3, "is_leaf": false, "component_id": 0 }, "geometry": { "type": "Point", "coordinates": [ 170106.830370000010589, 2544803.751070000231266 ] } },
{ "type": "Feature", "properties": { "node_id": 87, "x": 170011.55173000001, "y": 2544875.0995200002, "degree": 2, "is_leaf": false, "component_id": 0 }, "geometry": { "type": "Point", "coordinates": [ 170011.55173, 2544875.099520000163466 ] } },
{ "type": "Feature", "properties": { "node_id": 88, "x": 169922.24851, "y": 2544890.03253, "degree": 3, "is_leaf": false, "component_id": 0 }, "geometry": { "type": "Point", "coordinates": [ 169922.24851, 2544890.03253 ] } },
{ "type": "Feature", "properties": { "node_id": 89, "x": 170051.01806, "y": 2544813.55938, "degree": 2, "is_leaf": false, "component_id": 0 }, "geometry": { "type": "Point", "coordinates": [ 170051.01806, 2544813.55938 ] } },
{ "type": "Feature", "properties": { "node_id": 90, "x": 170023.4903, "y": 2544817.6626300002, "degree": 2, "is_leaf": false, "component_id": 0 }, "geometry": { "type": "Point", "coordinates": [ 170023.4903, 2544817.662630000151694 ] } },
{ "type": "Feature", "properties": { "node_id": 91, "x": 169921.03345, "y": 2544834.33971, "degree": 4, "is_leaf": false, "component_id": 0 }, "geometry": { "type": "Point", "coordinates": [ 169921.033449999988079, 2544834.33971 ] } },
{ "type": "Feature", "properties": { "node_id": 92, "x": 169903.66977000001, "y": 2544893.2513000001, "degree": 3, "is_leaf": false, "component_id": 0 }, "geometry": { "type": "Point", "coordinates": [ 169903.66977, 2544893.251300000119954 ] } },
{ "type": "Feature", "properties": { "node_id": 93, "x": 169899.46695, "y": 2544836.9656799999, "degree": 4, "is_leaf": false, "component_id": 0 }, "geometry": { "type": "Point", "coordinates": [ 169899.46695, 2544836.96568 ] } },
{ "type": "Feature", "properties": { "node_id": 94, "x": 169557.39339000001, "y": 2544951.4086199999, "degree": 3, "is_leaf": false, "component_id": 0 }, "geometry": { "type": "Point", "coordinates": [ 169557.393390000012005, 2544951.408619999885559 ] } },
{ "type": "Feature", "properties": { "node_id": 95, "x": 169531.72292, "y": 2544959.3073800001, "degree": 3, "is_leaf": false, "component_id": 0 }, "geometry": { "type": "Point", "coordinates": [ 169531.72292, 2544959.307380000129342 ] } },
{ "type": "Feature", "properties": { "node_id": 96, "x": 169516.27211, "y": 2544903.5388400001, "degree": 3, "is_leaf": false, "component_id": 0 }, "geometry": { "type": "Point", "coordinates": [ 169516.27211, 2544903.53884 ] } },
{ "type": "Feature", "properties": { "node_id": 97, "x": 169477.2665, "y": 2544964.9254700001, "degree": 1, "is_leaf": true, "component_id": 0 }, "geometry": { "type": "Point", "coordinates": [ 169477.2665, 2544964.925470000132918 ] } },
{ "type": "Feature", "properties": { "node_id": 98, "x": 169464.13894, "y": 2544914.3187799999, "degree": 1, "is_leaf": true, "component_id": 0 }, "geometry": { "type": "Point", "coordinates": [ 169464.13894, 2544914.318779999855906 ] } },
{ "type": "Feature", "properties": { "node_id": 99, "x": 169539.35632, "y": 2544898.5453599999, "degree": 4, "is_leaf": false, "component_id": 0 }, "geometry": { "type": "Point", "coordinates": [ 169539.35632, 2544898.545359999872744 ] } },
{ "type": "Feature", "properties": { "node_id": 100, "x": 169644.38105, "y": 2544882.8031299999, "degree": 3, "is_leaf": false, "component_id": 0 }, "geometry": { "type": "Point", "coordinates": [ 169644.38105, 2544882.803129999898374 ] } },
{ "type": "Feature", "properties": { "node_id": 101, "x": 169652.50608, "y": 2544935.3771299999, "degree": 3, "is_leaf": false, "component_id": 0 }, "geometry": { "type": "Point", "coordinates": [ 169652.50608, 2544935.37713 ] } },
{ "type": "Feature", "properties": { "node_id": 102, "x": 169797.16427000001, "y": 2544911.1682099998, "degree": 3, "is_leaf": false, "component_id": 0 }, "geometry": { "type": "Point", "coordinates": [ 169797.16427, 2544911.168209999799728 ] } },
{ "type": "Feature", "properties": { "node_id": 103, "x": 169795.45925000001, "y": 2544856.9618700002, "degree": 3, "is_leaf": false, "component_id": 0 }, "geometry": { "type": "Point", "coordinates": [ 169795.459250000014435, 2544856.961870000232011 ] } },
{ "type": "Feature", "properties": { "node_id": 104, "x": 169762.03379, "y": 2544862.97022, "degree": 3, "is_leaf": false, "component_id": 0 }, "geometry": { "type": "Point", "coordinates": [ 169762.033789999986766, 2544862.97022 ] } },
{ "type": "Feature", "properties": { "node_id": 105, "x": 169481.14907000001, "y": 2544682.6025700001, "degree": 2, "is_leaf": false, "component_id": 0 }, "geometry": { "type": "Point", "coordinates": [ 169481.149070000014035, 2544682.602570000104606 ] } },
{ "type": "Feature", "properties": { "node_id": 106, "x": 169503.01247, "y": 2544678.22426, "degree": 3, "is_leaf": false, "component_id": 0 }, "geometry": { "type": "Point", "coordinates": [ 169503.012469999986934, 2544678.22426 ] } },
{ "type": "Feature", "properties": { "node_id": 107, "x": 169474.49348, "y": 2544640.1783199999, "degree": 2, "is_leaf": false, "component_id": 0 }, "geometry": { "type": "Point", "coordinates": [ 169474.49348, 2544640.17832 ] } },
{ "type": "Feature", "properties": { "node_id": 108, "x": 169499.87955000001, "y": 2544636.2376799998, "degree": 4, "is_leaf": false, "component_id": 0 }, "geometry": { "type": "Point", "coordinates": [ 169499.879550000012387, 2544636.23767999978736 ] } },
{ "type": "Feature", "properties": { "node_id": 109, "x": 169506.81265000001, "y": 2544673.33396, "degree": 1, "is_leaf": true, "component_id": 0 }, "geometry": { "type": "Point", "coordinates": [ 169506.81265, 2544673.33396 ] } },
{ "type": "Feature", "properties": { "node_id": 110, "x": 169569.04152, "y": 2544661.2825099998, "degree": 2, "is_leaf": false, "component_id": 0 }, "geometry": { "type": "Point", "coordinates": [ 169569.04152, 2544661.282509999815375 ] } },
{ "type": "Feature", "properties": { "node_id": 111, "x": 169591.97389, "y": 2544656.4420500002, "degree": 3, "is_leaf": false, "component_id": 0 }, "geometry": { "type": "Point", "coordinates": [ 169591.97389, 2544656.44205000018701 ] } },
{ "type": "Feature", "properties": { "node_id": 112, "x": 169721.67716, "y": 2544640.07357, "degree": 3, "is_leaf": false, "component_id": 0 }, "geometry": { "type": "Point", "coordinates": [ 169721.67716, 2544640.07357 ] } },
{ "type": "Feature", "properties": { "node_id": 113, "x": 169732.93441, "y": 2544638.8809000002, "degree": 3, "is_leaf": false, "component_id": 0 }, "geometry": { "type": "Point", "coordinates": [ 169732.93440999998711, 2544638.880900000222027 ] } },
{ "type": "Feature", "properties": { "node_id": 114, "x": 169748.90558, "y": 2544637.1888199998, "degree": 4, "is_leaf": false, "component_id": 0 }, "geometry": { "type": "Point", "coordinates": [ 169748.90558, 2544637.188819999806583 ] } },
{ "type": "Feature", "properties": { "node_id": 115, "x": 169743.36597000001, "y": 2544602.9764700001, "degree": 4, "is_leaf": false, "component_id": 0 }, "geometry": { "type": "Point", "coordinates": [ 169743.365970000013476, 2544602.976470000110567 ] } },
{ "type": "Feature", "properties": { "node_id": 116, "x": 169713.83928, "y": 2544605.41695, "degree": 4, "is_leaf": false, "component_id": 0 }, "geometry": { "type": "Point", "coordinates": [ 169713.839279999985592, 2544605.41695 ] } },
{ "type": "Feature", "properties": { "node_id": 117, "x": 169878.73273, "y": 2544586.57907, "degree": 4, "is_leaf": false, "component_id": 0 }, "geometry": { "type": "Point", "coordinates": [ 169878.732729999988806, 2544586.57907 ] } },
{ "type": "Feature", "properties": { "node_id": 118, "x": 169760.37831, "y": 2544635.9861699999, "degree": 2, "is_leaf": false, "component_id": 0 }, "geometry": { "type": "Point", "coordinates": [ 169760.37831, 2544635.98617 ] } },
{ "type": "Feature", "properties": { "node_id": 119, "x": 169764.81434000001, "y": 2544635.50593, "degree": 2, "is_leaf": false, "component_id": 0 }, "geometry": { "type": "Point", "coordinates": [ 169764.814340000011725, 2544635.50593 ] } },
{ "type": "Feature", "properties": { "node_id": 120, "x": 169795.63582, "y": 2544631.9172399999, "degree": 2, "is_leaf": false, "component_id": 0 }, "geometry": { "type": "Point", "coordinates": [ 169795.63582, 2544631.91723999986425 ] } },
{ "type": "Feature", "properties": { "node_id": 121, "x": 169801.90929000001, "y": 2544631.5794000002, "degree": 2, "is_leaf": false, "component_id": 0 }, "geometry": { "type": "Point", "coordinates": [ 169801.909290000010515, 2544631.579400000162423 ] } },
{ "type": "Feature", "properties": { "node_id": 122, "x": 169810.62872000001, "y": 2544630.6958499998, "degree": 2, "is_leaf": false, "component_id": 0 }, "geometry": { "type": "Point", "coordinates": [ 169810.62872, 2544630.695849999785423 ] } },
{ "type": "Feature", "properties": { "node_id": 123, "x": 169816.36286, "y": 2544629.6760499999, "degree": 2, "is_leaf": false, "component_id": 0 }, "geometry": { "type": "Point", "coordinates": [ 169816.36286, 2544629.676049999892712 ] } },
{ "type": "Feature", "properties": { "node_id": 124, "x": 169881.75278000001, "y": 2544621.9463200001, "degree": 4, "is_leaf": false, "component_id": 0 }, "geometry": { "type": "Point", "coordinates": [ 169881.75278, 2544621.946320000104606 ] } },
{ "type": "Feature", "properties": { "node_id": 125, "x": 169884.35044000001, "y": 2544649.8586300001, "degree": 2, "is_leaf": false, "component_id": 0 }, "geometry": { "type": "Point", "coordinates": [ 169884.35044, 2544649.858630000147969 ] } },
{ "type": "Feature", "properties": { "node_id": 126, "x": 169885.08216, "y": 2544657.9205900002, "degree": 2, "is_leaf": false, "component_id": 0 }, "geometry": { "type": "Point", "coordinates": [ 169885.08216, 2544657.920590000227094 ] } },
{ "type": "Feature", "properties": { "node_id": 127, "x": 169886.05968000001, "y": 2544669.02495, "degree": 2, "is_leaf": false, "component_id": 0 }, "geometry": { "type": "Point", "coordinates": [ 169886.05968, 2544669.02495 ] } },
{ "type": "Feature", "properties": { "node_id": 128, "x": 169886.94891000001, "y": 2544677.92307, "degree": 2, "is_leaf": false, "component_id": 0 }, "geometry": { "type": "Point", "coordinates": [ 169886.94891, 2544677.92307 ] } },
{ "type": "Feature", "properties": { "node_id": 129, "x": 169891.39991000001, "y": 2544723.3267199998, "degree": 3, "is_leaf": false, "component_id": 0 }, "geometry": { "type": "Point", "coordinates": [ 169891.39991, 2544723.326719999779016 ] } },
{ "type": "Feature", "properties": { "node_id": 130, "x": 169893.05369, "y": 2544746.45004, "degree": 2, "is_leaf": false, "component_id": 0 }, "geometry": { "type": "Point", "coordinates": [ 169893.05369, 2544746.45004 ] } },
{ "type": "Feature", "properties": { "node_id": 131, "x": 169910.21532, "y": 2544721.4002200002, "degree": 3, "is_leaf": false, "component_id": 0 }, "geometry": { "type": "Point", "coordinates": [ 169910.215319999988424, 2544721.400220000185072 ] } },
{ "type": "Feature", "properties": { "node_id": 132, "x": 169915.13279, "y": 2544782.5523700002, "degree": 2, "is_leaf": false, "component_id": 0 }, "geometry": { "type": "Point", "coordinates": [ 169915.13279, 2544782.552370000164956 ] } },
{ "type": "Feature", "properties": { "node_id": 133, "x": 169916.12569, "y": 2544796.5480599999, "degree": 3, "is_leaf": false, "component_id": 0 }, "geometry": { "type": "Point", "coordinates": [ 169916.125689999986207, 2544796.54806 ] } },
{ "type": "Feature", "properties": { "node_id": 134, "x": 169909.02735, "y": 2544706.7016400001, "degree": 3, "is_leaf": false, "component_id": 0 }, "geometry": { "type": "Point", "coordinates": [ 169909.027349999989383, 2544706.701640000101179 ] } },
{ "type": "Feature", "properties": { "node_id": 135, "x": 169905.19023000001, "y": 2544661.5990499998, "degree": 3, "is_leaf": false, "component_id": 0 }, "geometry": { "type": "Point", "coordinates": [ 169905.19023, 2544661.599049999844283 ] } },
{ "type": "Feature", "properties": { "node_id": 136, "x": 169904.07751, "y": 2544653.8435, "degree": 2, "is_leaf": false, "component_id": 0 }, "geometry": { "type": "Point", "coordinates": [ 169904.07751, 2544653.8435 ] } },
{ "type": "Feature", "properties": { "node_id": 137, "x": 169846.7675, "y": 2544169.7206100002, "degree": 2, "is_leaf": false, "component_id": 0 }, "geometry": { "type": "Point", "coordinates": [ 169846.767499999987194, 2544169.720610000193119 ] } },
{ "type": "Feature", "properties": { "node_id": 138, "x": 169857.45514000001, "y": 2544320.4967299998, "degree": 4, "is_leaf": false, "component_id": 0 }, "geometry": { "type": "Point", "coordinates": [ 169857.45514, 2544320.496729999780655 ] } },
{ "type": "Feature", "properties": { "node_id": 139, "x": 169859.36805, "y": 2544334.79232, "degree": 4, "is_leaf": false, "component_id": 0 }, "geometry": { "type": "Point", "coordinates": [ 169859.36805, 2544334.79232 ] } },
{ "type": "Feature", "properties": { "node_id": 140, "x": 169867.61962000001, "y": 2544432.73881, "degree": 3, "is_leaf": false, "component_id": 0 }, "geometry": { "type": "Point", "coordinates": [ 169867.619620000012219, 2544432.73881 ] } },
{ "type": "Feature", "properties": { "node_id": 141, "x": 169886.15177, "y": 2544431.44154, "degree": 4, "is_leaf": false, "component_id": 0 }, "geometry": { "type": "Point", "coordinates": [ 169886.15177, 2544431.44154 ] } },
{ "type": "Feature", "properties": { "node_id": 142, "x": 169869.29024, "y": 2544454.17185, "degree": 3, "is_leaf": false, "component_id": 0 }, "geometry": { "type": "Point", "coordinates": [ 169869.29024, 2544454.17185 ] } },
{ "type": "Feature", "properties": { "node_id": 143, "x": 169877.23893, "y": 2544324.2721000002, "degree": 4, "is_leaf": false, "component_id": 0 }, "geometry": { "type": "Point", "coordinates": [ 169877.23893, 2544324.272100000176579 ] } },
{ "type": "Feature", "properties": { "node_id": 144, "x": 169866.70183000001, "y": 2544191.46318, "degree": 3, "is_leaf": false, "component_id": 0 }, "geometry": { "type": "Point", "coordinates": [ 169866.70183, 2544191.46318 ] } },
{ "type": "Feature", "properties": { "node_id": 145, "x": 169722.71057, "y": 2544192.3107599998, "degree": 4, "is_leaf": false, "component_id": 0 }, "geometry": { "type": "Point", "coordinates": [ 169722.71057, 2544192.310759999789298 ] } },
{ "type": "Feature", "properties": { "node_id": 146, "x": 169703.73007, "y": 2544192.10775, "degree": 5, "is_leaf": false, "component_id": 0 }, "geometry": { "type": "Point", "coordinates": [ 169703.73007, 2544192.10775 ] } },
{ "type": "Feature", "properties": { "node_id": 147, "x": 169544.08681000001, "y": 2544220.3555800002, "degree": 2, "is_leaf": false, "component_id": 0 }, "geometry": { "type": "Point", "coordinates": [ 169544.08681, 2544220.355580000206828 ] } },
{ "type": "Feature", "properties": { "node_id": 148, "x": 169725.925, "y": 2544206.6756099998, "degree": 5, "is_leaf": false, "component_id": 0 }, "geometry": { "type": "Point", "coordinates": [ 169725.924999999988358, 2544206.675609999801964 ] } },
{ "type": "Feature", "properties": { "node_id": 149, "x": 169741.951, "y": 2544284.2069899999, "degree": 3, "is_leaf": false, "component_id": 0 }, "geometry": { "type": "Point", "coordinates": [ 169741.951, 2544284.206989999860525 ] } },
{ "type": "Feature", "properties": { "node_id": 150, "x": 169704.78874, "y": 2544204.0490600001, "degree": 5, "is_leaf": false, "component_id": 0 }, "geometry": { "type": "Point", "coordinates": [ 169704.788739999989048, 2544204.049060000106692 ] } },
{ "type": "Feature", "properties": { "node_id": 151, "x": 169556.19977000001, "y": 2544238.6296899999, "degree": 3, "is_leaf": false, "component_id": 0 }, "geometry": { "type": "Point", "coordinates": [ 169556.19977, 2544238.629689999856055 ] } },
{ "type": "Feature", "properties": { "node_id": 152, "x": 169570.69527, "y": 2544316.01676, "degree": 3, "is_leaf": false, "component_id": 0 }, "geometry": { "type": "Point", "coordinates": [ 169570.69527, 2544316.01676 ] } },
{ "type": "Feature", "properties": { "node_id": 153, "x": 169627.98119, "y": 2544304.4950700002, "degree": 3, "is_leaf": false, "component_id": 0 }, "geometry": { "type": "Point", "coordinates": [ 169627.98119, 2544304.495070000179112 ] } },
{ "type": "Feature", "properties": { "node_id": 154, "x": 169712.84382000001, "y": 2544290.9026700002, "degree": 4, "is_leaf": false, "component_id": 0 }, "geometry": { "type": "Point", "coordinates": [ 169712.84382, 2544290.90267000021413 ] } },
{ "type": "Feature", "properties": { "node_id": 155, "x": 169751.39667, "y": 2544333.3137599998, "degree": 4, "is_leaf": false, "component_id": 0 }, "geometry": { "type": "Point", "coordinates": [ 169751.396669999987353, 2544333.313759999815375 ] } },
{ "type": "Feature", "properties": { "node_id": 156, "x": 169837.31398000001, "y": 2544314.2882599998, "degree": 4, "is_leaf": false, "component_id": 0 }, "geometry": { "type": "Point", "coordinates": [ 169837.31398, 2544314.28825999982655 ] } },
{ "type": "Feature", "properties": { "node_id": 157, "x": 169827.6354, "y": 2544336.2551299999, "degree": 4, "is_leaf": false, "component_id": 0 }, "geometry": { "type": "Point", "coordinates": [ 169827.6354, 2544336.25513 ] } },
{ "type": "Feature", "properties": { "node_id": 158, "x": 169719.59233000001, "y": 2544339.2667700001, "degree": 4, "is_leaf": false, "component_id": 0 }, "geometry": { "type": "Point", "coordinates": [ 169719.592330000014044, 2544339.266770000103861 ] } },
{ "type": "Feature", "properties": { "node_id": 159, "x": 169755.78942, "y": 2544353.37928, "degree": 3, "is_leaf": false, "component_id": 0 }, "geometry": { "type": "Point", "coordinates": [ 169755.789419999986421, 2544353.37928 ] } },
{ "type": "Feature", "properties": { "node_id": 160, "x": 169828.39881000001, "y": 2544450.6968700001, "degree": 3, "is_leaf": false, "component_id": 0 }, "geometry": { "type": "Point", "coordinates": [ 169828.398810000013327, 2544450.696870000101626 ] } },
{ "type": "Feature", "properties": { "node_id": 161, "x": 169639.24673000001, "y": 2544359.23263, "degree": 4, "is_leaf": false, "component_id": 0 }, "geometry": { "type": "Point", "coordinates": [ 169639.246730000013486, 2544359.23263 ] } },
{ "type": "Feature", "properties": { "node_id": 162, "x": 169578.49128, "y": 2544371.3719199998, "degree": 3, "is_leaf": false, "component_id": 0 }, "geometry": { "type": "Point", "coordinates": [ 169578.491279999987455, 2544371.371919999830425 ] } },
{ "type": "Feature", "properties": { "node_id": 163, "x": 169677.33952000001, "y": 2544366.2777499999, "degree": 3, "is_leaf": false, "component_id": 0 }, "geometry": { "type": "Point", "coordinates": [ 169677.33952, 2544366.277749999891967 ] } },
{ "type": "Feature", "properties": { "node_id": 164, "x": 169694.06334, "y": 2544362.12678, "degree": 4, "is_leaf": false, "component_id": 0 }, "geometry": { "type": "Point", "coordinates": [ 169694.06334, 2544362.12678 ] } },
{ "type": "Feature", "properties": { "node_id": 165, "x": 169687.98218, "y": 2544430.7354000001, "degree": 4, "is_leaf": false, "component_id": 0 }, "geometry": { "type": "Point", "coordinates": [ 169687.98218, 2544430.735400000121444 ] } },
{ "type": "Feature", "properties": { "node_id": 166, "x": 169696.41275, "y": 2544483.0610799999, "degree": 4, "is_leaf": false, "component_id": 0 }, "geometry": { "type": "Point", "coordinates": [ 169696.412749999988591, 2544483.061079999897629 ] } },
{ "type": "Feature", "properties": { "node_id": 167, "x": 169939.47774, "y": 2544154.4018100002, "degree": 3, "is_leaf": false, "component_id": 0 }, "geometry": { "type": "Point", "coordinates": [ 169939.47774, 2544154.401810000184923 ] } },
{ "type": "Feature", "properties": { "node_id": 168, "x": 169928.89581, "y": 2544135.2437100001, "degree": 3, "is_leaf": false, "component_id": 0 }, "geometry": { "type": "Point", "coordinates": [ 169928.89580999998725, 2544135.24371 ] } },
{ "type": "Feature", "properties": { "node_id": 169, "x": 169932.83189, "y": 2544184.8192699999, "degree": 3, "is_leaf": false, "component_id": 0 }, "geometry": { "type": "Point", "coordinates": [ 169932.83189, 2544184.819269999861717 ] } },
{ "type": "Feature", "properties": { "node_id": 170, "x": 169943.15698, "y": 2544314.86564, "degree": 4, "is_leaf": false, "component_id": 0 }, "geometry": { "type": "Point", "coordinates": [ 169943.15698, 2544314.86564 ] } },
{ "type": "Feature", "properties": { "node_id": 171, "x": 169878.02674, "y": 2544334.5971400002, "degree": 4, "is_leaf": false, "component_id": 0 }, "geometry": { "type": "Point", "coordinates": [ 169878.02674, 2544334.597140000201762 ] } },
{ "type": "Feature", "properties": { "node_id": 172, "x": 169878.63763000001, "y": 2544342.6034400002, "degree": 2, "is_leaf": false, "component_id": 0 }, "geometry": { "type": "Point", "coordinates": [ 169878.637630000011995, 2544342.603440000209957 ] } },
{ "type": "Feature", "properties": { "node_id": 173, "x": 170093.24689000001, "y": 2544454.97848, "degree": 4, "is_leaf": false, "component_id": 0 }, "geometry": { "type": "Point", "coordinates": [ 170093.24689, 2544454.97848 ] } },
{ "type": "Feature", "properties": { "node_id": 174, "x": 170087.94345, "y": 2544372.4104499999, "degree": 4, "is_leaf": false, "component_id": 0 }, "geometry": { "type": "Point", "coordinates": [ 170087.94345, 2544372.410449999850243 ] } },
{ "type": "Feature", "properties": { "node_id": 175, "x": 170083.99744000001, "y": 2544454.9366000001, "degree": 3, "is_leaf": false, "component_id": 0 }, "geometry": { "type": "Point", "coordinates": [ 170083.99744, 2544454.936600000131875 ] } },
{ "type": "Feature", "properties": { "node_id": 176, "x": 170076.36152000001, "y": 2544373.1175600002, "degree": 3, "is_leaf": false, "component_id": 0 }, "geometry": { "type": "Point", "coordinates": [ 170076.36152, 2544373.117560000158846 ] } },
{ "type": "Feature", "properties": { "node_id": 177, "x": 170067.64017, "y": 2544309.2570699998, "degree": 4, "is_leaf": false, "component_id": 0 }, "geometry": { "type": "Point", "coordinates": [ 170067.64017, 2544309.257069999817759 ] } },
{ "type": "Feature", "properties": { "node_id": 178, "x": 170071.28751, "y": 2544318.74951, "degree": 4, "is_leaf": false, "component_id": 0 }, "geometry": { "type": "Point", "coordinates": [ 170071.28751, 2544318.74951 ] } },
{ "type": "Feature", "properties": { "node_id": 179, "x": 170083.17094000001, "y": 2544303.1991400002, "degree": 5, "is_leaf": false, "component_id": 0 }, "geometry": { "type": "Point", "coordinates": [ 170083.170940000010887, 2544303.199140000157058 ] } },
{ "type": "Feature", "properties": { "node_id": 180, "x": 170076.13064, "y": 2544229.7123099999, "degree": 3, "is_leaf": false, "component_id": 0 }, "geometry": { "type": "Point", "coordinates": [ 170076.130639999988489, 2544229.712309999857098 ] } },
{ "type": "Feature", "properties": { "node_id": 181, "x": 170069.34887, "y": 2544155.40105, "degree": 3, "is_leaf": false, "component_id": 0 }, "geometry": { "type": "Point", "coordinates": [ 170069.348869999987073, 2544155.40105 ] } },
{ "type": "Feature", "properties": { "node_id": 182, "x": 169953.27314, "y": 2544317.55118, "degree": 4, "is_leaf": false, "component_id": 0 }, "geometry": { "type": "Point", "coordinates": [ 169953.27314, 2544317.55118 ] } },
{ "type": "Feature", "properties": { "node_id": 183, "x": 170070.91147, "y": 2543932.7464800002, "degree": 2, "is_leaf": false, "component_id": 0 }, "geometry": { "type": "Point", "coordinates": [ 170070.91147, 2543932.746480000205338 ] } },
{ "type": "Feature", "properties": { "node_id": 184, "x": 170163.3385, "y": 2543984.7340699998, "degree": 3, "is_leaf": false, "component_id": 0 }, "geometry": { "type": "Point", "coordinates": [ 170163.338500000012573, 2543984.734069999773055 ] } },
{ "type": "Feature", "properties": { "node_id": 185, "x": 170216.73319, "y": 2543995.8982299999, "degree": 3, "is_leaf": false, "component_id": 0 }, "geometry": { "type": "Point", "coordinates": [ 170216.73319, 2543995.89823 ] } },
{ "type": "Feature", "properties": { "node_id": 186, "x": 169847.30876000001, "y": 2544177.35641, "degree": 2, "is_leaf": false, "component_id": 0 }, "geometry": { "type": "Point", "coordinates": [ 169847.308760000014445, 2544177.35641 ] } },
{ "type": "Feature", "properties": { "node_id": 187, "x": 169346.30549, "y": 2543897.2913099998, "degree": 4, "is_leaf": false, "component_id": 0 }, "geometry": { "type": "Point", "coordinates": [ 169346.30549, 2543897.291309999767691 ] } },
{ "type": "Feature", "properties": { "node_id": 188, "x": 169273.47704, "y": 2543900.7349, "degree": 1, "is_leaf": true, "component_id": 0 }, "geometry": { "type": "Point", "coordinates": [ 169273.47704, 2543900.7349 ] } },
{ "type": "Feature", "properties": { "node_id": 189, "x": 169330.95951, "y": 2543898.20621, "degree": 2, "is_leaf": false, "component_id": 0 }, "geometry": { "type": "Point", "coordinates": [ 169330.959509999986039, 2543898.20621 ] } },
{ "type": "Feature", "properties": { "node_id": 190, "x": 169266.34161, "y": 2543871.3558399999, "degree": 1, "is_leaf": true, "component_id": 1 }, "geometry": { "type": "Point", "coordinates": [ 169266.34161, 2543871.35583999985829 ] } },
{ "type": "Feature", "properties": { "node_id": 191, "x": 169309.77093, "y": 2543850.5860299999, "degree": 2, "is_leaf": false, "component_id": 1 }, "geometry": { "type": "Point", "coordinates": [ 169309.77093, 2543850.586029999889433 ] } },
{ "type": "Feature", "properties": { "node_id": 192, "x": 169846.41942, "y": 2543941.1017300002, "degree": 3, "is_leaf": false, "component_id": 0 }, "geometry": { "type": "Point", "coordinates": [ 169846.41942, 2543941.10173000022769 ] } },
{ "type": "Feature", "properties": { "node_id": 193, "x": 169833.12533000001, "y": 2543764.1132200002, "degree": 3, "is_leaf": false, "component_id": 0 }, "geometry": { "type": "Point", "coordinates": [ 169833.12533, 2543764.113220000173897 ] } },
{ "type": "Feature", "properties": { "node_id": 194, "x": 169825.59255, "y": 2543660.0120799998, "degree": 4, "is_leaf": false, "component_id": 0 }, "geometry": { "type": "Point", "coordinates": [ 169825.59255, 2543660.012079999782145 ] } },
{ "type": "Feature", "properties": { "node_id": 195, "x": 170029.87023, "y": 2543640.9544799998, "degree": 2, "is_leaf": false, "component_id": 0 }, "geometry": { "type": "Point", "coordinates": [ 170029.87023, 2543640.95447999984026 ] } },
{ "type": "Feature", "properties": { "node_id": 196, "x": 170038.16876, "y": 2543640.0083900001, "degree": 4, "is_leaf": false, "component_id": 0 }, "geometry": { "type": "Point", "coordinates": [ 170038.16876, 2543640.00839 ] } },
{ "type": "Feature", "properties": { "node_id": 197, "x": 170063.6281, "y": 2543638.20787, "degree": 3, "is_leaf": false, "component_id": 0 }, "geometry": { "type": "Point", "coordinates": [ 170063.6281, 2543638.20787 ] } },
{ "type": "Feature", "properties": { "node_id": 198, "x": 170072.27514000001, "y": 2543637.1905700001, "degree": 2, "is_leaf": false, "component_id": 0 }, "geometry": { "type": "Point", "coordinates": [ 170072.27514000001247, 2543637.19057 ] } },
{ "type": "Feature", "properties": { "node_id": 199, "x": 170154.36485000001, "y": 2543629.8856799998, "degree": 2, "is_leaf": false, "component_id": 0 }, "geometry": { "type": "Point", "coordinates": [ 170154.364850000012666, 2543629.885679999832064 ] } },
{ "type": "Feature", "properties": { "node_id": 200, "x": 170183.93583, "y": 2543627.0921900002, "degree": 4, "is_leaf": false, "component_id": 0 }, "geometry": { "type": "Point", "coordinates": [ 170183.93583, 2543627.092190000228584 ] } },
{ "type": "Feature", "properties": { "node_id": 201, "x": 170184.83427, "y": 2543638.60476, "degree": 2, "is_leaf": false, "component_id": 0 }, "geometry": { "type": "Point", "coordinates": [ 170184.83427, 2543638.60476 ] } },
{ "type": "Feature", "properties": { "node_id": 202, "x": 170189.30731, "y": 2543692.5597700002, "degree": 3, "is_leaf": false, "component_id": 0 }, "geometry": { "type": "Point", "coordinates": [ 170189.30731, 2543692.559770000167191 ] } },
{ "type": "Feature", "properties": { "node_id": 203, "x": 170214.39643, "y": 2543965.53675, "degree": 4, "is_leaf": false, "component_id": 0 }, "geometry": { "type": "Point", "coordinates": [ 170214.39643, 2543965.53675 ] } },
{ "type": "Feature", "properties": { "node_id": 204, "x": 170210.27685, "y": 2543922.9314199998, "degree": 2, "is_leaf": false, "component_id": 0 }, "geometry": { "type": "Point", "coordinates": [ 170210.27685, 2543922.931419999804348 ] } },
{ "type": "Feature", "properties": { "node_id": 205, "x": 170201.85511, "y": 2543821.7499899999, "degree": 2, "is_leaf": false, "component_id": 0 }, "geometry": { "type": "Point", "coordinates": [ 170201.85511, 2543821.74999 ] } },
{ "type": "Feature", "properties": { "node_id": 206, "x": 170199.93344, "y": 2543801.5010099998, "degree": 4, "is_leaf": false, "component_id": 0 }, "geometry": { "type": "Point", "coordinates": [ 170199.93344, 2543801.501009999774396 ] } },
{ "type": "Feature", "properties": { "node_id": 207, "x": 170199.70166, "y": 2543797.2700100001, "degree": 3, "is_leaf": false, "component_id": 0 }, "geometry": { "type": "Point", "coordinates": [ 170199.70166, 2543797.27001 ] } },
{ "type": "Feature", "properties": { "node_id": 208, "x": 170190.19138, "y": 2543701.3665, "degree": 3, "is_leaf": false, "component_id": 0 }, "geometry": { "type": "Point", "coordinates": [ 170190.19138, 2543701.3665 ] } },
{ "type": "Feature", "properties": { "node_id": 209, "x": 170236.31152, "y": 2543950.75349, "degree": 3, "is_leaf": false, "component_id": 0 }, "geometry": { "type": "Point", "coordinates": [ 170236.311519999988377, 2543950.75349 ] } },
{ "type": "Feature", "properties": { "node_id": 210, "x": 170229.0658, "y": 2543871.21214, "degree": 3, "is_leaf": false, "component_id": 0 }, "geometry": { "type": "Point", "coordinates": [ 170229.065800000011222, 2543871.21214 ] } },
{ "type": "Feature", "properties": { "node_id": 211, "x": 170224.99074000001, "y": 2543827.8433400001, "degree": 2, "is_leaf": false, "component_id": 0 }, "geometry": { "type": "Point", "coordinates": [ 170224.99074, 2543827.843340000137687 ] } },
{ "type": "Feature", "properties": { "node_id": 212, "x": 170222.98646, "y": 2543806.5128600001, "degree": 4, "is_leaf": false, "component_id": 0 }, "geometry": { "type": "Point", "coordinates": [ 170222.986459999985527, 2543806.512860000133514 ] } },
{ "type": "Feature", "properties": { "node_id": 213, "x": 170221.94629, "y": 2543794.58488, "degree": 3, "is_leaf": false, "component_id": 0 }, "geometry": { "type": "Point", "coordinates": [ 170221.94629, 2543794.58488 ] } },
{ "type": "Feature", "properties": { "node_id": 214, "x": 170218.21973000001, "y": 2543749.7845700001, "degree": 2, "is_leaf": false, "component_id": 0 }, "geometry": { "type": "Point", "coordinates": [ 170218.219730000011623, 2543749.784570000134408 ] } },
{ "type": "Feature", "properties": { "node_id": 215, "x": 170217.29702, "y": 2543733.6930499999, "degree": 2, "is_leaf": false, "component_id": 0 }, "geometry": { "type": "Point", "coordinates": [ 170217.29702, 2543733.693049999885261 ] } },
{ "type": "Feature", "properties": { "node_id": 216, "x": 170214.08186000001, "y": 2543706.3739299998, "degree": 3, "is_leaf": false, "component_id": 0 }, "geometry": { "type": "Point", "coordinates": [ 170214.08186, 2543706.373929999768734 ] } },
{ "type": "Feature", "properties": { "node_id": 217, "x": 170206.28225, "y": 2543623.8167300001, "degree": 3, "is_leaf": false, "component_id": 0 }, "geometry": { "type": "Point", "coordinates": [ 170206.28224999998929, 2543623.81673 ] } },
{ "type": "Feature", "properties": { "node_id": 218, "x": 170212.684, "y": 2543594.1567899999, "degree": 2, "is_leaf": false, "component_id": 0 }, "geometry": { "type": "Point", "coordinates": [ 170212.684, 2543594.15679 ] } },
{ "type": "Feature", "properties": { "node_id": 219, "x": 170182.83016000001, "y": 2543596.2579100002, "degree": 3, "is_leaf": false, "component_id": 0 }, "geometry": { "type": "Point", "coordinates": [ 170182.830160000012256, 2543596.257910000160336 ] } },
{ "type": "Feature", "properties": { "node_id": 220, "x": 170087.73676, "y": 2543612.0269300002, "degree": 2, "is_leaf": false, "component_id": 0 }, "geometry": { "type": "Point", "coordinates": [ 170087.73676, 2543612.02693000016734 ] } },
{ "type": "Feature", "properties": { "node_id": 221, "x": 170037.4504, "y": 2543616.7088600001, "degree": 3, "is_leaf": false, "component_id": 0 }, "geometry": { "type": "Point", "coordinates": [ 170037.4504, 2543616.708860000129789 ] } },
{ "type": "Feature", "properties": { "node_id": 222, "x": 169939.1923, "y": 2543625.85721, "degree": 3, "is_leaf": false, "component_id": 0 }, "geometry": { "type": "Point", "coordinates": [ 169939.1923, 2543625.85721 ] } },
{ "type": "Feature", "properties": { "node_id": 223, "x": 169824.66528, "y": 2543636.6007400001, "degree": 3, "is_leaf": false, "component_id": 0 }, "geometry": { "type": "Point", "coordinates": [ 169824.665279999986524, 2543636.600740000139922 ] } },
{ "type": "Feature", "properties": { "node_id": 224, "x": 169803.60332, "y": 2543638.6557399998, "degree": 3, "is_leaf": false, "component_id": 0 }, "geometry": { "type": "Point", "coordinates": [ 169803.60332, 2543638.655739999841899 ] } },
{ "type": "Feature", "properties": { "node_id": 225, "x": 169804.8448, "y": 2543662.1000899998, "degree": 4, "is_leaf": false, "component_id": 0 }, "geometry": { "type": "Point", "coordinates": [ 169804.8448, 2543662.100089999847114 ] } },
{ "type": "Feature", "properties": { "node_id": 226, "x": 169706.34821, "y": 2544007.3786300002, "degree": 2, "is_leaf": false, "component_id": 0 }, "geometry": { "type": "Point", "coordinates": [ 169706.34821, 2544007.378630000166595 ] } },
{ "type": "Feature", "properties": { "node_id": 227, "x": 169723.92242, "y": 2544005.6196599999, "degree": 2, "is_leaf": false, "component_id": 0 }, "geometry": { "type": "Point", "coordinates": [ 169723.922419999988051, 2544005.619659999851137 ] } },
{ "type": "Feature", "properties": { "node_id": 228, "x": 169734.25463000001, "y": 2543994.6799599999, "degree": 3, "is_leaf": false, "component_id": 0 }, "geometry": { "type": "Point", "coordinates": [ 169734.254630000010366, 2543994.679959999863058 ] } },
{ "type": "Feature", "properties": { "node_id": 229, "x": 169597.08662, "y": 2544021.9079100001, "degree": 3, "is_leaf": false, "component_id": 0 }, "geometry": { "type": "Point", "coordinates": [ 169597.086619999987306, 2544021.90791 ] } },
{ "type": "Feature", "properties": { "node_id": 230, "x": 169513.83646, "y": 2544033.59289, "degree": 3, "is_leaf": false, "component_id": 0 }, "geometry": { "type": "Point", "coordinates": [ 169513.83646, 2544033.59289 ] } },
{ "type": "Feature", "properties": { "node_id": 231, "x": 169511.49526, "y": 2544019.8682, "degree": 4, "is_leaf": false, "component_id": 0 }, "geometry": { "type": "Point", "coordinates": [ 169511.49526, 2544019.8682 ] } },
{ "type": "Feature", "properties": { "node_id": 232, "x": 169500.64095, "y": 2544025.6154700001, "degree": 3, "is_leaf": false, "component_id": 0 }, "geometry": { "type": "Point", "coordinates": [ 169500.64095, 2544025.61547 ] } },
{ "type": "Feature", "properties": { "node_id": 233, "x": 169483.06679000001, "y": 2544027.37469, "degree": 3, "is_leaf": false, "component_id": 0 }, "geometry": { "type": "Point", "coordinates": [ 169483.066790000011679, 2544027.37469 ] } },
{ "type": "Feature", "properties": { "node_id": 234, "x": 169438.2941, "y": 2544031.77733, "degree": 3, "is_leaf": false, "component_id": 0 }, "geometry": { "type": "Point", "coordinates": [ 169438.2941, 2544031.77733 ] } },
{ "type": "Feature", "properties": { "node_id": 235, "x": 169396.8691, "y": 2544035.8846399998, "degree": 1, "is_leaf": true, "component_id": 0 }, "geometry": { "type": "Point", "coordinates": [ 169396.869100000010803, 2544035.884639999829233 ] } },
{ "type": "Feature", "properties": { "node_id": 236, "x": 169814.05456, "y": 2543767.21276, "degree": 3, "is_leaf": false, "component_id": 0 }, "geometry": { "type": "Point", "coordinates": [ 169814.054559999989579, 2543767.21276 ] } },
{ "type": "Feature", "properties": { "node_id": 237, "x": 169819.87006, "y": 2543829.99168, "degree": 2, "is_leaf": false, "component_id": 0 }, "geometry": { "type": "Point", "coordinates": [ 169819.870059999986552, 2543829.99168 ] } },
{ "type": "Feature", "properties": { "node_id": 238, "x": 169832.95319, "y": 2543980.4773800001, "degree": 4, "is_leaf": false, "component_id": 0 }, "geometry": { "type": "Point", "coordinates": [ 169832.95319, 2543980.47738 ] } },
{ "type": "Feature", "properties": { "node_id": 239, "x": 169714.08607, "y": 2543672.7834800002, "degree": 2, "is_leaf": false, "component_id": 0 }, "geometry": { "type": "Point", "coordinates": [ 169714.08607, 2543672.783480000216514 ] } },
{ "type": "Feature", "properties": { "node_id": 240, "x": 169694.62827, "y": 2543674.6913000001, "degree": 3, "is_leaf": false, "component_id": 0 }, "geometry": { "type": "Point", "coordinates": [ 169694.628269999986514, 2543674.6913 ] } },
{ "type": "Feature", "properties": { "node_id": 241, "x": 169683.81859000001, "y": 2543675.7897600001, "degree": 2, "is_leaf": false, "component_id": 0 }, "geometry": { "type": "Point", "coordinates": [ 169683.81859, 2543675.78976 ] } },
{ "type": "Feature", "properties": { "node_id": 242, "x": 169677.96076, "y": 2543676.4454800002, "degree": 2, "is_leaf": false, "component_id": 0 }, "geometry": { "type": "Point", "coordinates": [ 169677.960759999987204, 2543676.44548000022769 ] } },
{ "type": "Feature", "properties": { "node_id": 243, "x": 169663.03802000001, "y": 2543678.25973, "degree": 3, "is_leaf": false, "component_id": 0 }, "geometry": { "type": "Point", "coordinates": [ 169663.03802, 2543678.25973 ] } },
{ "type": "Feature", "properties": { "node_id": 244, "x": 169658.85407, "y": 2543678.7677600002, "degree": 2, "is_leaf": false, "component_id": 0 }, "geometry": { "type": "Point", "coordinates": [ 169658.85407, 2543678.767760000191629 ] } },
{ "type": "Feature", "properties": { "node_id": 245, "x": 169641.21119, "y": 2543680.8047099998, "degree": 2, "is_leaf": false, "component_id": 0 }, "geometry": { "type": "Point", "coordinates": [ 169641.21119, 2543680.80470999982208 ] } },
{ "type": "Feature", "properties": { "node_id": 246, "x": 169570.64566000001, "y": 2543690.0628200001, "degree": 3, "is_leaf": false, "component_id": 0 }, "geometry": { "type": "Point", "coordinates": [ 169570.64566, 2543690.062820000108331 ] } },
{ "type": "Feature", "properties": { "node_id": 247, "x": 169560.88152, "y": 2543690.9476200002, "degree": 2, "is_leaf": false, "component_id": 0 }, "geometry": { "type": "Point", "coordinates": [ 169560.88152, 2543690.94762000022456 ] } },
{ "type": "Feature", "properties": { "node_id": 248, "x": 169482.49526, "y": 2543699.1378700002, "degree": 3, "is_leaf": false, "component_id": 0 }, "geometry": { "type": "Point", "coordinates": [ 169482.49526, 2543699.137870000209659 ] } },
{ "type": "Feature", "properties": { "node_id": 249, "x": 169481.66673, "y": 2543674.72003, "degree": 3, "is_leaf": false, "component_id": 0 }, "geometry": { "type": "Point", "coordinates": [ 169481.66673, 2543674.72003 ] } },
{ "type": "Feature", "properties": { "node_id": 250, "x": 169568.977, "y": 2543665.0944099999, "degree": 3, "is_leaf": false, "component_id": 0 }, "geometry": { "type": "Point", "coordinates": [ 169568.977000000013504, 2543665.09441 ] } },
{ "type": "Feature", "properties": { "node_id": 251, "x": 169346.38326, "y": 2543872.76486, "degree": 3, "is_leaf": false, "component_id": 0 }, "geometry": { "type": "Point", "coordinates": [ 169346.38326, 2543872.76486 ] } },
{ "type": "Feature", "properties": { "node_id": 252, "x": 169441.02914, "y": 2543868.8490599999, "degree": 2, "is_leaf": false, "component_id": 0 }, "geometry": { "type": "Point", "coordinates": [ 169441.02914, 2543868.84906 ] } },
{ "type": "Feature", "properties": { "node_id": 253, "x": 169483.86128000001, "y": 2543876.05211, "degree": 4, "is_leaf": false, "component_id": 0 }, "geometry": { "type": "Point", "coordinates": [ 169483.861280000011902, 2543876.05211 ] } },
{ "type": "Feature", "properties": { "node_id": 254, "x": 169402.95222000001, "y": 2543882.0360500002, "degree": 3, "is_leaf": false, "component_id": 0 }, "geometry": { "type": "Point", "coordinates": [ 169402.95222, 2543882.036050000227988 ] } },
{ "type": "Feature", "properties": { "node_id": 255, "x": 169483.38393000001, "y": 2543865.09253, "degree": 4, "is_leaf": false, "component_id": 0 }, "geometry": { "type": "Point", "coordinates": [ 169483.383930000010878, 2543865.09253 ] } },
{ "type": "Feature", "properties": { "node_id": 256, "x": 169476.98261000001, "y": 2543764.2470100001, "degree": 2, "is_leaf": false, "component_id": 0 }, "geometry": { "type": "Point", "coordinates": [ 169476.98261, 2543764.24701 ] } },
{ "type": "Feature", "properties": { "node_id": 257, "x": 169470.44852000001, "y": 2543690.7378500002, "degree": 2, "is_leaf": false, "component_id": 0 }, "geometry": { "type": "Point", "coordinates": [ 169470.44852, 2543690.737850000150502 ] } },
{ "type": "Feature", "properties": { "node_id": 258, "x": 169477.89571000001, "y": 2543778.39586, "degree": 4, "is_leaf": false, "component_id": 0 }, "geometry": { "type": "Point", "coordinates": [ 169477.895710000011604, 2543778.39586 ] } },
{ "type": "Feature", "properties": { "node_id": 259, "x": 169381.97716000001, "y": 2543796.11632, "degree": 2, "is_leaf": false, "component_id": 0 }, "geometry": { "type": "Point", "coordinates": [ 169381.97716, 2543796.11632 ] } },
{ "type": "Feature", "properties": { "node_id": 260, "x": 169430.56687000001, "y": 2543785.94343, "degree": 3, "is_leaf": false, "component_id": 0 }, "geometry": { "type": "Point", "coordinates": [ 169430.56687, 2543785.94343 ] } },
{ "type": "Feature", "properties": { "node_id": 261, "x": 169424.92472000001, "y": 2543893.7129700002, "degree": 3, "is_leaf": false, "component_id": 0 }, "geometry": { "type": "Point", "coordinates": [ 169424.92472, 2543893.712970000226051 ] } },
{ "type": "Feature", "properties": { "node_id": 262, "x": 169426.8837, "y": 2543913.9432399999, "degree": 3, "is_leaf": false, "component_id": 0 }, "geometry": { "type": "Point", "coordinates": [ 169426.8837, 2543913.94324 ] } },
{ "type": "Feature", "properties": { "node_id": 263, "x": 169435.54211000001, "y": 2544008.2893400001, "degree": 4, "is_leaf": false, "component_id": 0 }, "geometry": { "type": "Point", "coordinates": [ 169435.54211, 2544008.289340000133961 ] } },
{ "type": "Feature", "properties": { "node_id": 264, "x": 169433.33806000001, "y": 2543982.3406400001, "degree": 4, "is_leaf": false, "component_id": 0 }, "geometry": { "type": "Point", "coordinates": [ 169433.33806, 2543982.34064 ] } },
{ "type": "Feature", "properties": { "node_id": 265, "x": 169431.12897, "y": 2543957.7837, "degree": 4, "is_leaf": false, "component_id": 0 }, "geometry": { "type": "Point", "coordinates": [ 169431.12897, 2543957.7837 ] } },
{ "type": "Feature", "properties": { "node_id": 266, "x": 169396.74222, "y": 2543960.15698, "degree": 1, "is_leaf": true, "component_id": 0 }, "geometry": { "type": "Point", "coordinates": [ 169396.742219999985537, 2543960.15698 ] } },
{ "type": "Feature", "properties": { "node_id": 267, "x": 169481.14324, "y": 2544006.9526, "degree": 3, "is_leaf": false, "component_id": 0 }, "geometry": { "type": "Point", "coordinates": [ 169481.14324, 2544006.9526 ] } },
{ "type": "Feature", "properties": { "node_id": 268, "x": 169478.64049, "y": 2543982.6135999998, "degree": 4, "is_leaf": false, "component_id": 0 }, "geometry": { "type": "Point", "coordinates": [ 169478.64049, 2543982.613599999807775 ] } },
{ "type": "Feature", "properties": { "node_id": 269, "x": 169475.26404000001, "y": 2543951.4799799998, "degree": 3, "is_leaf": false, "component_id": 0 }, "geometry": { "type": "Point", "coordinates": [ 169475.26404, 2543951.479979999829084 ] } },
{ "type": "Feature", "properties": { "node_id": 270, "x": 169502.73878000001, "y": 2543935.2366300002, "degree": 3, "is_leaf": false, "component_id": 0 }, "geometry": { "type": "Point", "coordinates": [ 169502.738780000014231, 2543935.236630000174046 ] } },
{ "type": "Feature", "properties": { "node_id": 271, "x": 169501.58599, "y": 2543928.4435299998, "degree": 4, "is_leaf": false, "component_id": 0 }, "geometry": { "type": "Point", "coordinates": [ 169501.58599, 2543928.443529999814928 ] } },
{ "type": "Feature", "properties": { "node_id": 272, "x": 169514.38652, "y": 2543932.14341, "degree": 3, "is_leaf": false, "component_id": 0 }, "geometry": { "type": "Point", "coordinates": [ 169514.38652, 2543932.14341 ] } },
{ "type": "Feature", "properties": { "node_id": 273, "x": 169498.36943, "y": 2543875.03779, "degree": 4, "is_leaf": false, "component_id": 0 }, "geometry": { "type": "Point", "coordinates": [ 169498.36943, 2543875.03779 ] } },
{ "type": "Feature", "properties": { "node_id": 274, "x": 169497.60259, "y": 2543862.1371, "degree": 3, "is_leaf": false, "component_id": 0 }, "geometry": { "type": "Point", "coordinates": [ 169497.60259, 2543862.1371 ] } },
{ "type": "Feature", "properties": { "node_id": 275, "x": 169494.51032, "y": 2543837.6610500002, "degree": 3, "is_leaf": false, "component_id": 0 }, "geometry": { "type": "Point", "coordinates": [ 169494.51032, 2543837.661050000227988 ] } },
{ "type": "Feature", "properties": { "node_id": 276, "x": 169488.92782000001, "y": 2543779.7591, "degree": 3, "is_leaf": false, "component_id": 0 }, "geometry": { "type": "Point", "coordinates": [ 169488.927820000011707, 2543779.7591 ] } },
{ "type": "Feature", "properties": { "node_id": 277, "x": 169832.14309, "y": 2543985.5811299998, "degree": 2, "is_leaf": false, "component_id": 0 }, "geometry": { "type": "Point", "coordinates": [ 169832.14309, 2543985.581129999831319 ] } },
{ "type": "Feature", "properties": { "node_id": 278, "x": 169497.20827, "y": 2543983.9711500001, "degree": 2, "is_leaf": false, "component_id": 0 }, "geometry": { "type": "Point", "coordinates": [ 169497.20827, 2543983.971150000113994 ] } },
{ "type": "Feature", "properties": { "node_id": 279, "x": 169496.82782000001, "y": 2543978.0758799999, "degree": 3, "is_leaf": false, "component_id": 0 }, "geometry": { "type": "Point", "coordinates": [ 169496.82782, 2543978.07588 ] } },
{ "type": "Feature", "properties": { "node_id": 280, "x": 169493.04235, "y": 2543935.7048300002, "degree": 4, "is_leaf": false, "component_id": 0 }, "geometry": { "type": "Point", "coordinates": [ 169493.04235, 2543935.704830000177026 ] } },
{ "type": "Feature", "properties": { "node_id": 281, "x": 169492.71755, "y": 2543927.1727900002, "degree": 3, "is_leaf": false, "component_id": 0 }, "geometry": { "type": "Point", "coordinates": [ 169492.71755, 2543927.172790000215173 ] } },
{ "type": "Feature", "properties": { "node_id": 282, "x": 169473.64688, "y": 2543936.1556000002, "degree": 3, "is_leaf": false, "component_id": 0 }, "geometry": { "type": "Point", "coordinates": [ 169473.646879999985686, 2543936.155600000172853 ] } },
{ "type": "Feature", "properties": { "node_id": 283, "x": 169466.39312, "y": 2543910.6624699999, "degree": 3, "is_leaf": false, "component_id": 0 }, "geometry": { "type": "Point", "coordinates": [ 169466.39312, 2543910.662469999864697 ] } },
{ "type": "Feature", "properties": { "node_id": 284, "x": 169458.57859, "y": 2543891.20841, "degree": 2, "is_leaf": false, "component_id": 0 }, "geometry": { "type": "Point", "coordinates": [ 169458.57859, 2543891.20841 ] } },
{ "type": "Feature", "properties": { "node_id": 285, "x": 169323.58069, "y": 2543830.79739, "degree": 2, "is_leaf": false, "component_id": 1 }, "geometry": { "type": "Point", "coordinates": [ 169323.58069, 2543830.79739 ] } },
{ "type": "Feature", "properties": { "node_id": 286, "x": 169332.76177000001, "y": 2543815.55932, "degree": 2, "is_leaf": false, "component_id": 1 }, "geometry": { "type": "Point", "coordinates": [ 169332.761770000011893, 2543815.55932 ] } },
{ "type": "Feature", "properties": { "node_id": 287, "x": 169328.71638, "y": 2543766.6122599998, "degree": 2, "is_leaf": false, "component_id": 1 }, "geometry": { "type": "Point", "coordinates": [ 169328.71638, 2543766.612259999848902 ] } },
{ "type": "Feature", "properties": { "node_id": 288, "x": 169327.17803000001, "y": 2543747.9030200001, "degree": 3, "is_leaf": false, "component_id": 1 }, "geometry": { "type": "Point", "coordinates": [ 169327.17803000001004, 2543747.90302 ] } },
{ "type": "Feature", "properties": { "node_id": 289, "x": 169320.45254, "y": 2543801.3701300002, "degree": 1, "is_leaf": true, "component_id": 1 }, "geometry": { "type": "Point", "coordinates": [ 169320.45254, 2543801.37013000017032 ] } },
{ "type": "Feature", "properties": { "node_id": 290, "x": 169318.38721, "y": 2543779.8906100001, "degree": 3, "is_leaf": false, "component_id": 1 }, "geometry": { "type": "Point", "coordinates": [ 169318.387209999986226, 2543779.890610000118613 ] } },
{ "type": "Feature", "properties": { "node_id": 291, "x": 169293.85466000001, "y": 2543780.9917700002, "degree": 1, "is_leaf": true, "component_id": 1 }, "geometry": { "type": "Point", "coordinates": [ 169293.854660000011791, 2543780.991770000196993 ] } },
{ "type": "Feature", "properties": { "node_id": 292, "x": 169311.29125000001, "y": 2543759.73073, "degree": 3, "is_leaf": false, "component_id": 1 }, "geometry": { "type": "Point", "coordinates": [ 169311.29125, 2543759.73073 ] } },
{ "type": "Feature", "properties": { "node_id": 293, "x": 169315.7838, "y": 2543748.9882299998, "degree": 3, "is_leaf": false, "component_id": 1 }, "geometry": { "type": "Point", "coordinates": [ 169315.7838, 2543748.98822999978438 ] } },
{ "type": "Feature", "properties": { "node_id": 294, "x": 169311.15994000001, "y": 2543694.88234, "degree": 1, "is_leaf": true, "component_id": 1 }, "geometry": { "type": "Point", "coordinates": [ 169311.159940000012284, 2543694.88234 ] } },
{ "type": "Feature", "properties": { "node_id": 295, "x": 169298.88919, "y": 2543740.0301899998, "degree": 3, "is_leaf": false, "component_id": 1 }, "geometry": { "type": "Point", "coordinates": [ 169298.889189999987138, 2543740.030189999844879 ] } },
{ "type": "Feature", "properties": { "node_id": 296, "x": 169277.12344, "y": 2543741.9244499998, "degree": 1, "is_leaf": true, "component_id": 1 }, "geometry": { "type": "Point", "coordinates": [ 169277.12344, 2543741.924449999816716 ] } },
{ "type": "Feature", "properties": { "node_id": 297, "x": 169265.95037000001, "y": 2543688.8232100001, "degree": 3, "is_leaf": false, "component_id": 1 }, "geometry": { "type": "Point", "coordinates": [ 169265.95037, 2543688.82321 ] } },
{ "type": "Feature", "properties": { "node_id": 298, "x": 169245.14818, "y": 2543691.1118100001, "degree": 1, "is_leaf": true, "component_id": 1 }, "geometry": { "type": "Point", "coordinates": [ 169245.148179999989225, 2543691.111810000147671 ] } },
{ "type": "Feature", "properties": { "node_id": 299, "x": 169321.70439, "y": 2543681.3334499998, "degree": 2, "is_leaf": false, "component_id": 1 }, "geometry": { "type": "Point", "coordinates": [ 169321.70439, 2543681.333449999801815 ] } },
{ "type": "Feature", "properties": { "node_id": 300, "x": 169479.96056000001, "y": 2543653.8468900002, "degree": 1, "is_leaf": true, "component_id": 0 }, "geometry": { "type": "Point", "coordinates": [ 169479.96056, 2543653.846890000160784 ] } },
{ "type": "Feature", "properties": { "node_id": 301, "x": 169567.8014, "y": 2543638.8304699999, "degree": 1, "is_leaf": true, "component_id": 0 }, "geometry": { "type": "Point", "coordinates": [ 169567.8014, 2543638.83047 ] } },
{ "type": "Feature", "properties": { "node_id": 302, "x": 169583.6209, "y": 2543663.15986, "degree": 2, "is_leaf": false, "component_id": 0 }, "geometry": { "type": "Point", "coordinates": [ 169583.6209, 2543663.15986 ] } },
{ "type": "Feature", "properties": { "node_id": 303, "x": 169679.29535, "y": 2543652.4417400002, "degree": 2, "is_leaf": false, "component_id": 0 }, "geometry": { "type": "Point", "coordinates": [ 169679.29535, 2543652.441740000154823 ] } },
{ "type": "Feature", "properties": { "node_id": 304, "x": 169691.46117, "y": 2543651.2713700002, "degree": 4, "is_leaf": false, "component_id": 0 }, "geometry": { "type": "Point", "coordinates": [ 169691.46117, 2543651.271370000205934 ] } },
{ "type": "Feature", "properties": { "node_id": 305, "x": 169711.66357, "y": 2543649.8414400001, "degree": 3, "is_leaf": false, "component_id": 0 }, "geometry": { "type": "Point", "coordinates": [ 169711.66357, 2543649.841440000105649 ] } },
{ "type": "Feature", "properties": { "node_id": 306, "x": 169686.64661, "y": 2543629.4390599998, "degree": 1, "is_leaf": true, "component_id": 0 }, "geometry": { "type": "Point", "coordinates": [ 169686.64661, 2543629.439059999771416 ] } },
{ "type": "Feature", "properties": { "node_id": 307, "x": 169722.04292000001, "y": 2543627.71527, "degree": 1, "is_leaf": true, "component_id": 0 }, "geometry": { "type": "Point", "coordinates": [ 169722.04292, 2543627.71527 ] } },
{ "type": "Feature", "properties": { "node_id": 308, "x": 169719.60837, "y": 2543648.96741, "degree": 2, "is_leaf": false, "component_id": 0 }, "geometry": { "type": "Point", "coordinates": [ 169719.60837, 2543648.96741 ] } },
{ "type": "Feature", "properties": { "node_id": 309, "x": 169668.23398, "y": 2543697.4599600001, "degree": 4, "is_leaf": false, "component_id": 0 }, "geometry": { "type": "Point", "coordinates": [ 169668.23397999998997, 2543697.459960000123829 ] } },
{ "type": "Feature", "properties": { "node_id": 310, "x": 169697.43956, "y": 2543688.9015700002, "degree": 1, "is_leaf": true, "component_id": 0 }, "geometry": { "type": "Point", "coordinates": [ 169697.43956, 2543688.90157000022009 ] } },
{ "type": "Feature", "properties": { "node_id": 311, "x": 169676.75293, "y": 2543740.7189799999, "degree": 3, "is_leaf": false, "component_id": 0 }, "geometry": { "type": "Point", "coordinates": [ 169676.752929999987828, 2543740.718979999888688 ] } },
{ "type": "Feature", "properties": { "node_id": 312, "x": 169716.34821, "y": 2543730.1661499999, "degree": 1, "is_leaf": true, "component_id": 0 }, "geometry": { "type": "Point", "coordinates": [ 169716.34821, 2543730.16615 ] } },
{ "type": "Feature", "properties": { "node_id": 313, "x": 169638.27378, "y": 2543716.8485599998, "degree": 3, "is_leaf": false, "component_id": 0 }, "geometry": { "type": "Point", "coordinates": [ 169638.273779999988619, 2543716.848559999838471 ] } },
{ "type": "Feature", "properties": { "node_id": 314, "x": 169647.8647, "y": 2543747.8214199999, "degree": 4, "is_leaf": false, "component_id": 0 }, "geometry": { "type": "Point", "coordinates": [ 169647.8647, 2543747.82142 ] } },
{ "type": "Feature", "properties": { "node_id": 315, "x": 169579.53609000001, "y": 2543733.6441700002, "degree": 3, "is_leaf": false, "component_id": 0 }, "geometry": { "type": "Point", "coordinates": [ 169579.53609, 2543733.644170000217855 ] } },
{ "type": "Feature", "properties": { "node_id": 316, "x": 169570.99005, "y": 2543715.7540500001, "degree": 1, "is_leaf": true, "component_id": 0 }, "geometry": { "type": "Point", "coordinates": [ 169570.99005, 2543715.754050000105053 ] } },
{ "type": "Feature", "properties": { "node_id": 317, "x": 169575.04188, "y": 2543775.4883, "degree": 4, "is_leaf": false, "component_id": 0 }, "geometry": { "type": "Point", "coordinates": [ 169575.04188, 2543775.488299999851733 ] } },
{ "type": "Feature", "properties": { "node_id": 318, "x": 169618.63476, "y": 2543752.79507, "degree": 1, "is_leaf": true, "component_id": 0 }, "geometry": { "type": "Point", "coordinates": [ 169618.634759999986272, 2543752.79507 ] } },
{ "type": "Feature", "properties": { "node_id": 319, "x": 169577.65052, "y": 2543807.4678400001, "degree": 4, "is_leaf": false, "component_id": 0 }, "geometry": { "type": "Point", "coordinates": [ 169577.65052, 2543807.46784 ] } },
{ "type": "Feature", "properties": { "node_id": 320, "x": 169508.71034, "y": 2543867.8308100002, "degree": 3, "is_leaf": false, "component_id": 0 }, "geometry": { "type": "Point", "coordinates": [ 169508.71034, 2543867.830810000188649 ] } },
{ "type": "Feature", "properties": { "node_id": 321, "x": 169536.06201, "y": 2543865.543, "degree": 4, "is_leaf": false, "component_id": 0 }, "geometry": { "type": "Point", "coordinates": [ 169536.06201, 2543865.543 ] } },
{ "type": "Feature", "properties": { "node_id": 322, "x": 169540.42543, "y": 2543921.7502700002, "degree": 1, "is_leaf": true, "component_id": 0 }, "geometry": { "type": "Point", "coordinates": [ 169540.42543, 2543921.750270000193268 ] } },
{ "type": "Feature", "properties": { "node_id": 323, "x": 169533.77624000001, "y": 2543835.4650699999, "degree": 4, "is_leaf": false, "component_id": 0 }, "geometry": { "type": "Point", "coordinates": [ 169533.77624, 2543835.46507 ] } },
{ "type": "Feature", "properties": { "node_id": 324, "x": 169576.30452000001, "y": 2543831.9765, "degree": 3, "is_leaf": false, "component_id": 0 }, "geometry": { "type": "Point", "coordinates": [ 169576.30452, 2543831.97649999987334 ] } },
{ "type": "Feature", "properties": { "node_id": 325, "x": 169578.06985, "y": 2543863.72541, "degree": 2, "is_leaf": false, "component_id": 0 }, "geometry": { "type": "Point", "coordinates": [ 169578.06985, 2543863.72541 ] } },
{ "type": "Feature", "properties": { "node_id": 326, "x": 169764.55894, "y": 2544743.89946, "degree": 2, "is_leaf": false, "component_id": 0 }, "geometry": { "type": "Point", "coordinates": [ 169764.55893999998807, 2544743.89946 ] } },
{ "type": "Feature", "properties": { "node_id": 327, "x": 169746.93734, "y": 2544750.7776100002, "degree": 4, "is_leaf": false, "component_id": 0 }, "geometry": { "type": "Point", "coordinates": [ 169746.93734, 2544750.777610000222921 ] } },
{ "type": "Feature", "properties": { "node_id": 328, "x": 169740.45668, "y": 2544698.2529199999, "degree": 3, "is_leaf": false, "component_id": 0 }, "geometry": { "type": "Point", "coordinates": [ 169740.45668, 2544698.252919999882579 ] } },
{ "type": "Feature", "properties": { "node_id": 329, "x": 169772.53319, "y": 2544702.0073199999, "degree": 2, "is_leaf": false, "component_id": 0 }, "geometry": { "type": "Point", "coordinates": [ 169772.533189999987371, 2544702.007319999858737 ] } },
{ "type": "Feature", "properties": { "node_id": 330, "x": 169604.73417000001, "y": 2544697.7176199998, "degree": 4, "is_leaf": false, "component_id": 0 }, "geometry": { "type": "Point", "coordinates": [ 169604.734170000010636, 2544697.717619999777526 ] } },
{ "type": "Feature", "properties": { "node_id": 331, "x": 169652.30969, "y": 2544691.0002700002, "degree": 2, "is_leaf": false, "component_id": 0 }, "geometry": { "type": "Point", "coordinates": [ 169652.30969, 2544691.000270000193268 ] } },
{ "type": "Feature", "properties": { "node_id": 332, "x": 169712.54235, "y": 2544680.98398, "degree": 2, "is_leaf": false, "component_id": 0 }, "geometry": { "type": "Point", "coordinates": [ 169712.54235, 2544680.98398 ] } },
{ "type": "Feature", "properties": { "node_id": 333, "x": 169605.98853, "y": 2544705.3541799998, "degree": 3, "is_leaf": false, "component_id": 0 }, "geometry": { "type": "Point", "coordinates": [ 169605.98853, 2544705.354179999791086 ] } },
{ "type": "Feature", "properties": { "node_id": 334, "x": 169613.13245, "y": 2544748.8465900002, "degree": 2, "is_leaf": false, "component_id": 0 }, "geometry": { "type": "Point", "coordinates": [ 169613.13245, 2544748.846590000204742 ] } },
{ "type": "Feature", "properties": { "node_id": 335, "x": 169637.64701, "y": 2544744.6761699999, "degree": 2, "is_leaf": false, "component_id": 0 }, "geometry": { "type": "Point", "coordinates": [ 169637.647009999986039, 2544744.676169999875128 ] } },
{ "type": "Feature", "properties": { "node_id": 336, "x": 169639.9626, "y": 2544761.0267400001, "degree": 2, "is_leaf": false, "component_id": 0 }, "geometry": { "type": "Point", "coordinates": [ 169639.9626, 2544761.02674000011757 ] } },
{ "type": "Feature", "properties": { "node_id": 337, "x": 169669.45144, "y": 2544756.1100400002, "degree": 2, "is_leaf": false, "component_id": 0 }, "geometry": { "type": "Point", "coordinates": [ 169669.45144, 2544756.110040000174195 ] } },
{ "type": "Feature", "properties": { "node_id": 338, "x": 169553.33087000001, "y": 2544715.5347099998, "degree": 3, "is_leaf": false, "component_id": 0 }, "geometry": { "type": "Point", "coordinates": [ 169553.33087, 2544715.534709999803454 ] } },
{ "type": "Feature", "properties": { "node_id": 339, "x": 169576.16406000001, "y": 2544701.27238, "degree": 3, "is_leaf": false, "component_id": 0 }, "geometry": { "type": "Point", "coordinates": [ 169576.164060000010068, 2544701.27238 ] } },
{ "type": "Feature", "properties": { "node_id": 340, "x": 169575.0976, "y": 2544667.61197, "degree": 1, "is_leaf": true, "component_id": 0 }, "geometry": { "type": "Point", "coordinates": [ 169575.0976, 2544667.61197 ] } },
{ "type": "Feature", "properties": { "node_id": 341, "x": 169549.51512, "y": 2544706.8791200002, "degree": 2, "is_leaf": false, "component_id": 0 }, "geometry": { "type": "Point", "coordinates": [ 169549.51512, 2544706.879120000172406 ] } },
{ "type": "Feature", "properties": { "node_id": 342, "x": 169581.85204, "y": 2544878.3872600002, "degree": 1, "is_leaf": true, "component_id": 0 }, "geometry": { "type": "Point", "coordinates": [ 169581.85204, 2544878.387260000221431 ] } },
{ "type": "Feature", "properties": { "node_id": 343, "x": 170362.38087, "y": 2544672.9078899999, "degree": 1, "is_leaf": true, "component_id": 2 }, "geometry": { "type": "Point", "coordinates": [ 170362.38087, 2544672.90789 ] } },
{ "type": "Feature", "properties": { "node_id": 344, "x": 170298.85467, "y": 2544677.9794800002, "degree": 1, "is_leaf": true, "component_id": 2 }, "geometry": { "type": "Point", "coordinates": [ 170298.85467, 2544677.979480000212789 ] } },
{ "type": "Feature", "properties": { "node_id": 345, "x": 170260.57512, "y": 2544674.0486400002, "degree": 4, "is_leaf": false, "component_id": 0 }, "geometry": { "type": "Point", "coordinates": [ 170260.57512, 2544674.048640000168234 ] } },
{ "type": "Feature", "properties": { "node_id": 346, "x": 170263.75222, "y": 2544717.0389899998, "degree": 1, "is_leaf": true, "component_id": 0 }, "geometry": { "type": "Point", "coordinates": [ 170263.75222, 2544717.038989999797195 ] } },
{ "type": "Feature", "properties": { "node_id": 347, "x": 170233.60752, "y": 2544675.5586899999, "degree": 3, "is_leaf": false, "component_id": 0 }, "geometry": { "type": "Point", "coordinates": [ 170233.60752, 2544675.55868999985978 ] } },
{ "type": "Feature", "properties": { "node_id": 348, "x": 170182.88371, "y": 2544678.39897, "degree": 4, "is_leaf": false, "component_id": 0 }, "geometry": { "type": "Point", "coordinates": [ 170182.88371, 2544678.39897 ] } },
{ "type": "Feature", "properties": { "node_id": 349, "x": 170187.05021, "y": 2544728.6124100001, "degree": 2, "is_leaf": false, "component_id": 0 }, "geometry": { "type": "Point", "coordinates": [ 170187.050209999986691, 2544728.61241 ] } },
{ "type": "Feature", "properties": { "node_id": 350, "x": 170149.65656, "y": 2544674.0856699999, "degree": 2, "is_leaf": false, "component_id": 0 }, "geometry": { "type": "Point", "coordinates": [ 170149.65656, 2544674.08567 ] } },
{ "type": "Feature", "properties": { "node_id": 351, "x": 170152.32653, "y": 2544702.7041600002, "degree": 1, "is_leaf": true, "component_id": 0 }, "geometry": { "type": "Point", "coordinates": [ 170152.32653, 2544702.704160000197589 ] } },
{ "type": "Feature", "properties": { "node_id": 352, "x": 170174.87067, "y": 2544622.1257000002, "degree": 3, "is_leaf": false, "component_id": 0 }, "geometry": { "type": "Point", "coordinates": [ 170174.87067, 2544622.125700000207871 ] } },
{ "type": "Feature", "properties": { "node_id": 353, "x": 170229.19554, "y": 2544617.3907499998, "degree": 3, "is_leaf": false, "component_id": 0 }, "geometry": { "type": "Point", "coordinates": [ 170229.195539999986067, 2544617.390749999787658 ] } },
{ "type": "Feature", "properties": { "node_id": 354, "x": 170255.20775, "y": 2544615.4164399998, "degree": 2, "is_leaf": false, "component_id": 0 }, "geometry": { "type": "Point", "coordinates": [ 170255.20775, 2544615.416439999826252 ] } },
{ "type": "Feature", "properties": { "node_id": 355, "x": 170113.884, "y": 2544629.22829, "degree": 4, "is_leaf": false, "component_id": 0 }, "geometry": { "type": "Point", "coordinates": [ 170113.884, 2544629.22829 ] } },
{ "type": "Feature", "properties": { "node_id": 356, "x": 170044.62568, "y": 2544635.5682600001, "degree": 1, "is_leaf": true, "component_id": 0 }, "geometry": { "type": "Point", "coordinates": [ 170044.62568, 2544635.56826 ] } },
{ "type": "Feature", "properties": { "node_id": 357, "x": 169944.86593, "y": 2544759.1348700002, "degree": 2, "is_leaf": false, "component_id": 0 }, "geometry": { "type": "Point", "coordinates": [ 169944.86593, 2544759.134870000183582 ] } },
{ "type": "Feature", "properties": { "node_id": 358, "x": 169935.69456, "y": 2544715.9369000001, "degree": 3, "is_leaf": false, "component_id": 0 }, "geometry": { "type": "Point", "coordinates": [ 169935.69456, 2544715.9369 ] } },
{ "type": "Feature", "properties": { "node_id": 359, "x": 169932.67889000001, "y": 2544658.9064799999, "degree": 3, "is_leaf": false, "component_id": 0 }, "geometry": { "type": "Point", "coordinates": [ 169932.678890000010142, 2544658.906479999888688 ] } },
{ "type": "Feature", "properties": { "node_id": 360, "x": 169934.94173, "y": 2544688.3052599998, "degree": 1, "is_leaf": true, "component_id": 0 }, "geometry": { "type": "Point", "coordinates": [ 169934.94173, 2544688.3052599998191 ] } },
{ "type": "Feature", "properties": { "node_id": 361, "x": 169939.27406, "y": 2544659.23557, "degree": 4, "is_leaf": false, "component_id": 0 }, "geometry": { "type": "Point", "coordinates": [ 169939.27406, 2544659.23557 ] } },
{ "type": "Feature", "properties": { "node_id": 362, "x": 169733.05505, "y": 2544559.6645499999, "degree": 4, "is_leaf": false, "component_id": 0 }, "geometry": { "type": "Point", "coordinates": [ 169733.05505, 2544559.66454999987036 ] } },
{ "type": "Feature", "properties": { "node_id": 363, "x": 169812.86102000001, "y": 2544545.7011899999, "degree": 2, "is_leaf": false, "component_id": 0 }, "geometry": { "type": "Point", "coordinates": [ 169812.861020000011194, 2544545.70119 ] } },
{ "type": "Feature", "properties": { "node_id": 364, "x": 169796.32761000001, "y": 2544465.9375, "degree": 3, "is_leaf": false, "component_id": 0 }, "geometry": { "type": "Point", "coordinates": [ 169796.32761, 2544465.9375 ] } },
{ "type": "Feature", "properties": { "node_id": 365, "x": 169836.0762, "y": 2544291.6439499999, "degree": 2, "is_leaf": false, "component_id": 0 }, "geometry": { "type": "Point", "coordinates": [ 169836.076200000010431, 2544291.64395 ] } },
{ "type": "Feature", "properties": { "node_id": 366, "x": 169822.14789, "y": 2544192.3476100001, "degree": 2, "is_leaf": false, "component_id": 0 }, "geometry": { "type": "Point", "coordinates": [ 169822.14789, 2544192.34761 ] } },
{ "type": "Feature", "properties": { "node_id": 367, "x": 169711.20753000001, "y": 2544566.9577100002, "degree": 4, "is_leaf": false, "component_id": 0 }, "geometry": { "type": "Point", "coordinates": [ 169711.207530000014231, 2544566.957710000220686 ] } },
{ "type": "Feature", "properties": { "node_id": 368, "x": 169586.41078000001, "y": 2544587.5452700001, "degree": 2, "is_leaf": false, "component_id": 0 }, "geometry": { "type": "Point", "coordinates": [ 169586.41078, 2544587.545270000118762 ] } },
{ "type": "Feature", "properties": { "node_id": 369, "x": 169718.41534000001, "y": 2544480.9831500002, "degree": 4, "is_leaf": false, "component_id": 0 }, "geometry": { "type": "Point", "coordinates": [ 169718.41534, 2544480.983150000218302 ] } },
{ "type": "Feature", "properties": { "node_id": 370, "x": 169569.60164000001, "y": 2544503.4515200001, "degree": 4, "is_leaf": false, "component_id": 0 }, "geometry": { "type": "Point", "coordinates": [ 169569.60164, 2544503.451520000118762 ] } },
{ "type": "Feature", "properties": { "node_id": 371, "x": 169490.87971000001, "y": 2544517.33916, "degree": 1, "is_leaf": true, "component_id": 0 }, "geometry": { "type": "Point", "coordinates": [ 169490.87971, 2544517.33916 ] } },
{ "type": "Feature", "properties": { "node_id": 372, "x": 169569.8339, "y": 2544450.403, "degree": 3, "is_leaf": false, "component_id": 0 }, "geometry": { "type": "Point", "coordinates": [ 169569.8339, 2544450.403 ] } },
{ "type": "Feature", "properties": { "node_id": 373, "x": 169581.31463000001, "y": 2544384.1406700001, "degree": 3, "is_leaf": false, "component_id": 0 }, "geometry": { "type": "Point", "coordinates": [ 169581.31463, 2544384.140670000109822 ] } },
{ "type": "Feature", "properties": { "node_id": 374, "x": 169641.47744, "y": 2544372.9123800001, "degree": 3, "is_leaf": false, "component_id": 0 }, "geometry": { "type": "Point", "coordinates": [ 169641.477439999987837, 2544372.912380000110716 ] } },
{ "type": "Feature", "properties": { "node_id": 375, "x": 169705.9933, "y": 2544412.0907100001, "degree": 3, "is_leaf": false, "component_id": 0 }, "geometry": { "type": "Point", "coordinates": [ 169705.9933, 2544412.090710000135005 ] } },
{ "type": "Feature", "properties": { "node_id": 376, "x": 170281.23154000001, "y": 2544309.4564700001, "degree": 4, "is_leaf": false, "component_id": 0 }, "geometry": { "type": "Point", "coordinates": [ 170281.23154, 2544309.45647 ] } },
{ "type": "Feature", "properties": { "node_id": 377, "x": 170341.5537, "y": 2544304.31066, "degree": 1, "is_leaf": true, "component_id": 0 }, "geometry": { "type": "Point", "coordinates": [ 170341.553699999989476, 2544304.31066 ] } },
{ "type": "Feature", "properties": { "node_id": 378, "x": 170293.2134, "y": 2544497.7690499998, "degree": 1, "is_leaf": true, "component_id": 0 }, "geometry": { "type": "Point", "coordinates": [ 170293.2134, 2544497.769049999769777 ] } },
{ "type": "Feature", "properties": { "node_id": 379, "x": 170260.06745, "y": 2544094.3962400001, "degree": 1, "is_leaf": true, "component_id": 0 }, "geometry": { "type": "Point", "coordinates": [ 170260.06745, 2544094.396240000147372 ] } },
{ "type": "Feature", "properties": { "node_id": 380, "x": 169945.79911, "y": 2544426.8656199998, "degree": 2, "is_leaf": false, "component_id": 0 }, "geometry": { "type": "Point", "coordinates": [ 169945.79911, 2544426.865619999822229 ] } },
{ "type": "Feature", "properties": { "node_id": 381, "x": 169938.09775, "y": 2544329.6679199999, "degree": 5, "is_leaf": false, "component_id": 0 }, "geometry": { "type": "Point", "coordinates": [ 169938.097749999986263, 2544329.66792 ] } },
{ "type": "Feature", "properties": { "node_id": 382, "x": 169865.66404, "y": 2544139.9983299999, "degree": 1, "is_leaf": true, "component_id": 0 }, "geometry": { "type": "Point", "coordinates": [ 169865.66404, 2544139.998329999856651 ] } },
{ "type": "Feature", "properties": { "node_id": 383, "x": 170056.2348, "y": 2544142.3602499999, "degree": 3, "is_leaf": false, "component_id": 0 }, "geometry": { "type": "Point", "coordinates": [ 170056.2348, 2544142.36025 ] } },
{ "type": "Feature", "properties": { "node_id": 384, "x": 170200.85877, "y": 2544145.0401300001, "degree": 2, "is_leaf": false, "component_id": 0 }, "geometry": { "type": "Point", "coordinates": [ 170200.85877, 2544145.04013 ] } },
{ "type": "Feature", "properties": { "node_id": 385, "x": 170204.56936, "y": 2543590.31446, "degree": 2, "is_leaf": false, "component_id": 0 }, "geometry": { "type": "Point", "coordinates": [ 170204.56936, 2543590.31446 ] } },
{ "type": "Feature", "properties": { "node_id": 386, "x": 169873.97496, "y": 2543578.61087, "degree": 1, "is_leaf": true, "component_id": 0 }, "geometry": { "type": "Point", "coordinates": [ 169873.97496, 2543578.61087 ] } },
{ "type": "Feature", "properties": { "node_id": 387, "x": 170209.41542, "y": 2543655.4034000002, "degree": 2, "is_leaf": false, "component_id": 0 }, "geometry": { "type": "Point", "coordinates": [ 170209.41542, 2543655.403400000184774 ] } },
{ "type": "Feature", "properties": { "node_id": 388, "x": 170212.23697, "y": 2543687.4426299999, "degree": 2, "is_leaf": false, "component_id": 0 }, "geometry": { "type": "Point", "coordinates": [ 170212.23697, 2543687.44263 ] } },
{ "type": "Feature", "properties": { "node_id": 389, "x": 170066.6052, "y": 2543666.52361, "degree": 3, "is_leaf": false, "component_id": 0 }, "geometry": { "type": "Point", "coordinates": [ 170066.6052, 2543666.52361 ] } },
{ "type": "Feature", "properties": { "node_id": 390, "x": 170038.68992, "y": 2543668.84999, "degree": 3, "is_leaf": false, "component_id": 0 }, "geometry": { "type": "Point", "coordinates": [ 170038.68992, 2543668.84999 ] } },
{ "type": "Feature", "properties": { "node_id": 391, "x": 170042.72875000001, "y": 2543726.1134199998, "degree": 3, "is_leaf": false, "component_id": 0 }, "geometry": { "type": "Point", "coordinates": [ 170042.72875, 2543726.11341999983415 ] } },
{ "type": "Feature", "properties": { "node_id": 392, "x": 170152.20348, "y": 2543717.6365899998, "degree": 1, "is_leaf": true, "component_id": 0 }, "geometry": { "type": "Point", "coordinates": [ 170152.20348, 2543717.636589999776334 ] } },
{ "type": "Feature", "properties": { "node_id": 393, "x": 170043.70781, "y": 2543785.7977200001, "degree": 1, "is_leaf": true, "component_id": 0 }, "geometry": { "type": "Point", "coordinates": [ 170043.70781, 2543785.79772000014782 ] } },
{ "type": "Feature", "properties": { "node_id": 394, "x": 170133.93824, "y": 2543699.6368800001, "degree": 2, "is_leaf": false, "component_id": 0 }, "geometry": { "type": "Point", "coordinates": [ 170133.938239999988582, 2543699.636880000121891 ] } },
{ "type": "Feature", "properties": { "node_id": 395, "x": 170182.24594, "y": 2543693.46233, "degree": 3, "is_leaf": false, "component_id": 0 }, "geometry": { "type": "Point", "coordinates": [ 170182.24594, 2543693.46233 ] } },
{ "type": "Feature", "properties": { "node_id": 396, "x": 170180.3584, "y": 2543799.1527200001, "degree": 4, "is_leaf": false, "component_id": 0 }, "geometry": { "type": "Point", "coordinates": [ 170180.3584, 2543799.152720000129193 ] } },
{ "type": "Feature", "properties": { "node_id": 397, "x": 170250.75153000001, "y": 2544033.2717900001, "degree": 1, "is_leaf": true, "component_id": 0 }, "geometry": { "type": "Point", "coordinates": [ 170250.75153, 2544033.271790000144392 ] } },
{ "type": "Feature", "properties": { "node_id": 398, "x": 170245.73851, "y": 2543954.7588599999, "degree": 4, "is_leaf": false, "component_id": 0 }, "geometry": { "type": "Point", "coordinates": [ 170245.73851, 2543954.75886 ] } },
{ "type": "Feature", "properties": { "node_id": 399, "x": 170240.68049, "y": 2543878.6943199998, "degree": 1, "is_leaf": true, "component_id": 0 }, "geometry": { "type": "Point", "coordinates": [ 170240.68049, 2543878.694319999776781 ] } },
{ "type": "Feature", "properties": { "node_id": 400, "x": 170310.87002, "y": 2543949.59192, "degree": 1, "is_leaf": true, "component_id": 0 }, "geometry": { "type": "Point", "coordinates": [ 170310.87002, 2543949.59192 ] } },
{ "type": "Feature", "properties": { "node_id": 401, "x": 170095.48553000001, "y": 2543928.623, "degree": 1, "is_leaf": true, "component_id": 0 }, "geometry": { "type": "Point", "coordinates": [ 170095.48553, 2543928.623000000137836 ] } },
{ "type": "Feature", "properties": { "node_id": 402, "x": 170136.23343, "y": 2543803.6705100001, "degree": 2, "is_leaf": false, "component_id": 0 }, "geometry": { "type": "Point", "coordinates": [ 170136.23343, 2543803.67051 ] } },
{ "type": "Feature", "properties": { "node_id": 403, "x": 170043.55703, "y": 2543785.7952299998, "degree": 3, "is_leaf": false, "component_id": 0 }, "geometry": { "type": "Point", "coordinates": [ 170043.55703, 2543785.795229999814183 ] } },
{ "type": "Feature", "properties": { "node_id": 404, "x": 170064.8321, "y": 2543784.5683900001, "degree": 3, "is_leaf": false, "component_id": 0 }, "geometry": { "type": "Point", "coordinates": [ 170064.8321, 2543784.568390000145882 ] } },
{ "type": "Feature", "properties": { "node_id": 405, "x": 170062.07063, "y": 2543756.7399499998, "degree": 2, "is_leaf": false, "component_id": 0 }, "geometry": { "type": "Point", "coordinates": [ 170062.07063, 2543756.739949999842793 ] } },
{ "type": "Feature", "properties": { "node_id": 406, "x": 170165.50853, "y": 2543773.9357500002, "degree": 1, "is_leaf": true, "component_id": 0 }, "geometry": { "type": "Point", "coordinates": [ 170165.50853, 2543773.935750000178814 ] } },
{ "type": "Feature", "properties": { "node_id": 407, "x": 170101.49466, "y": 2543753.8327299999, "degree": 1, "is_leaf": true, "component_id": 0 }, "geometry": { "type": "Point", "coordinates": [ 170101.49466, 2543753.83273 ] } },
{ "type": "Feature", "properties": { "node_id": 408, "x": 169876.17517, "y": 2543806.8549299999, "degree": 2, "is_leaf": false, "component_id": 0 }, "geometry": { "type": "Point", "coordinates": [ 169876.17517, 2543806.85493 ] } },
{ "type": "Feature", "properties": { "node_id": 409, "x": 169903.3708, "y": 2543823.67985, "degree": 3, "is_leaf": false, "component_id": 0 }, "geometry": { "type": "Point", "coordinates": [ 169903.3708, 2543823.67985 ] } },
{ "type": "Feature", "properties": { "node_id": 410, "x": 170038.8371, "y": 2543811.7288099998, "degree": 3, "is_leaf": false, "component_id": 0 }, "geometry": { "type": "Point", "coordinates": [ 170038.8371, 2543811.728809999767691 ] } },
{ "type": "Feature", "properties": { "node_id": 411, "x": 170043.58226, "y": 2543906.95053, "degree": 3, "is_leaf": false, "component_id": 0 }, "geometry": { "type": "Point", "coordinates": [ 170043.58226, 2543906.95053 ] } },
{ "type": "Feature", "properties": { "node_id": 412, "x": 169911.53292, "y": 2543947.2562199999, "degree": 3, "is_leaf": false, "component_id": 0 }, "geometry": { "type": "Point", "coordinates": [ 169911.53292, 2543947.256219999864697 ] } },
{ "type": "Feature", "properties": { "node_id": 413, "x": 169944.90025000001, "y": 2543944.8325299998, "degree": 3, "is_leaf": false, "component_id": 0 }, "geometry": { "type": "Point", "coordinates": [ 169944.90025, 2543944.8325299997814 ] } },
{ "type": "Feature", "properties": { "node_id": 414, "x": 169961.79232000001, "y": 2543912.0509899999, "degree": 2, "is_leaf": false, "component_id": 0 }, "geometry": { "type": "Point", "coordinates": [ 169961.79232, 2543912.05099 ] } },
{ "type": "Feature", "properties": { "node_id": 415, "x": 170282.58579000001, "y": 2543866.2169300001, "degree": 1, "is_leaf": true, "component_id": 0 }, "geometry": { "type": "Point", "coordinates": [ 170282.585790000011912, 2543866.216930000111461 ] } },
{ "type": "Feature", "properties": { "node_id": 416, "x": 170268.13269, "y": 2543801.6851300001, "degree": 1, "is_leaf": true, "component_id": 0 }, "geometry": { "type": "Point", "coordinates": [ 170268.13269, 2543801.685130000114441 ] } },
{ "type": "Feature", "properties": { "node_id": 417, "x": 170170.32667000001, "y": 2543955.5061699999, "degree": 3, "is_leaf": false, "component_id": 0 }, "geometry": { "type": "Point", "coordinates": [ 170170.32667, 2543955.50617 ] } },
{ "type": "Feature", "properties": { "node_id": 418, "x": 169532.38167, "y": 2543811.08152, "degree": 3, "is_leaf": false, "component_id": 0 }, "geometry": { "type": "Point", "coordinates": [ 169532.38167, 2543811.08152 ] } },
{ "type": "Feature", "properties": { "node_id": 419, "x": 169519.01952, "y": 2543791.3246300002, "degree": 3, "is_leaf": false, "component_id": 0 }, "geometry": { "type": "Point", "coordinates": [ 169519.01952, 2543791.32463000016287 ] } },
{ "type": "Feature", "properties": { "node_id": 420, "x": 169746.66489, "y": 2543992.2117599999, "degree": 3, "is_leaf": false, "component_id": 0 }, "geometry": { "type": "Point", "coordinates": [ 169746.664889999985462, 2543992.211759999860078 ] } },
{ "type": "Feature", "properties": { "node_id": 421, "x": 169739.24084000001, "y": 2543921.3364800001, "degree": 2, "is_leaf": false, "component_id": 0 }, "geometry": { "type": "Point", "coordinates": [ 169739.240840000013122, 2543921.33648 ] } },
{ "type": "Feature", "properties": { "node_id": 422, "x": 169774.70754, "y": 2543868.9330199999, "degree": 1, "is_leaf": true, "component_id": 0 }, "geometry": { "type": "Point", "coordinates": [ 169774.70754, 2543868.933019999880344 ] } },
{ "type": "Feature", "properties": { "node_id": 423, "x": 169705.31122, "y": 2543998.22664, "degree": 3, "is_leaf": false, "component_id": 0 }, "geometry": { "type": "Point", "coordinates": [ 169705.31122, 2543998.22664 ] } },
{ "type": "Feature", "properties": { "node_id": 424, "x": 169702.0451, "y": 2543968.21967, "degree": 2, "is_leaf": false, "component_id": 0 }, "geometry": { "type": "Point", "coordinates": [ 169702.045099999988452, 2543968.21967 ] } },
{ "type": "Feature", "properties": { "node_id": 425, "x": 169658.25215, "y": 2543974.63008, "degree": 3, "is_leaf": false, "component_id": 0 }, "geometry": { "type": "Point", "coordinates": [ 169658.252149999985704, 2543974.63008 ] } },
{ "type": "Feature", "properties": { "node_id": 426, "x": 169634.62475, "y": 2543976.8151699998, "degree": 3, "is_leaf": false, "component_id": 0 }, "geometry": { "type": "Point", "coordinates": [ 169634.624749999988126, 2543976.815169999841601 ] } },
{ "type": "Feature", "properties": { "node_id": 427, "x": 169631.90822000001, "y": 2543952.8101300001, "degree": 1, "is_leaf": true, "component_id": 0 }, "geometry": { "type": "Point", "coordinates": [ 169631.908220000012079, 2543952.810130000114441 ] } },
{ "type": "Feature", "properties": { "node_id": 428, "x": 169607.89709000001, "y": 2543980.04629, "degree": 1, "is_leaf": true, "component_id": 0 }, "geometry": { "type": "Point", "coordinates": [ 169607.897090000013122, 2543980.04629 ] } },
{ "type": "Feature", "properties": { "node_id": 429, "x": 169662.03598, "y": 2544004.6342600002, "degree": 3, "is_leaf": false, "component_id": 0 }, "geometry": { "type": "Point", "coordinates": [ 169662.035979999986012, 2544004.634260000195354 ] } },
{ "type": "Feature", "properties": { "node_id": 430, "x": 169611.02649, "y": 2544011.3407000001, "degree": 3, "is_leaf": false, "component_id": 0 }, "geometry": { "type": "Point", "coordinates": [ 169611.02648999998928, 2544011.3407 ] } },
{ "type": "Feature", "properties": { "node_id": 431, "x": 169595.16816, "y": 2544014.34216, "degree": 3, "is_leaf": false, "component_id": 0 }, "geometry": { "type": "Point", "coordinates": [ 169595.16816, 2544014.34216 ] } },
{ "type": "Feature", "properties": { "node_id": 432, "x": 169517.42554, "y": 2544078.3930100002, "degree": 2, "is_leaf": false, "component_id": 0 }, "geometry": { "type": "Point", "coordinates": [ 169517.42554, 2544078.393010000232607 ] } },
{ "type": "Feature", "properties": { "node_id": 433, "x": 169394.98173, "y": 2544008.0006900001, "degree": 1, "is_leaf": true, "component_id": 0 }, "geometry": { "type": "Point", "coordinates": [ 169394.98173, 2544008.000690000131726 ] } },
{ "type": "Feature", "properties": { "node_id": 434, "x": 169394.48067, "y": 2543983.06813, "degree": 1, "is_leaf": true, "component_id": 0 }, "geometry": { "type": "Point", "coordinates": [ 169394.480669999989914, 2543983.06813 ] } },
{ "type": "Feature", "properties": { "node_id": 435, "x": 169597.13037, "y": 2543945.2773699998, "degree": 1, "is_leaf": true, "component_id": 0 }, "geometry": { "type": "Point", "coordinates": [ 169597.13037, 2543945.277369999792427 ] } },
{ "type": "Feature", "properties": { "node_id": 436, "x": 169442.48316, "y": 2543834.7146800002, "degree": 1, "is_leaf": true, "component_id": 0 }, "geometry": { "type": "Point", "coordinates": [ 169442.48316, 2543834.714680000208318 ] } },
{ "type": "Feature", "properties": { "node_id": 437, "x": 169969.14559, "y": 2544656.4051100002, "degree": 1, "is_leaf": true, "component_id": 0 }, "geometry": { "type": "Point", "coordinates": [ 169969.14559, 2544656.405110000167042 ] } },
{ "type": "Feature", "properties": { "node_id": 438, "x": 170252.0127, "y": 2544834.7104099998, "degree": 2, "is_leaf": false, "component_id": 0 }, "geometry": { "type": "Point", "coordinates": [ 170252.0127, 2544834.71040999982506 ] } },
{ "type": "Feature", "properties": { "node_id": 439, "x": 169839.52205, "y": 2544904.0939699998, "degree": 2, "is_leaf": false, "component_id": 0 }, "geometry": { "type": "Point", "coordinates": [ 169839.52205, 2544904.093969999812543 ] } },
{ "type": "Feature", "properties": { "node_id": 440, "x": 169606.63242000001, "y": 2544943.2316100001, "degree": 2, "is_leaf": false, "component_id": 0 }, "geometry": { "type": "Point", "coordinates": [ 169606.63242, 2544943.231610000133514 ] } }
]
}
