id,isw,is,WIEH,wPSQ,wSE,wSW,wCRw,wEoS,wEoO,wEoP,wETV,wEuF,wSLQ,wDIS,wSLP,wSTR,wCTV,shdwd12,shdwd17,dynwd12,dynwd17,tempwd12,tempwd17,humwd12,humwd17,shdwd21,shdwd08,shdwd05,shdwe05,shdwe08,shdwe12,shdwe17,shdwe21,lgtwd05,lgtwd08,lgtwd12,lgtwd17,lgtwd21,lgtwe05,lgtwe08,lgtwe12,lgtwe17,lgtwe21,aqiwd05,aqiwd08,aqiwd12,aqiwd17,aqiwd21,aqiwe05,aqiwe08,aqiwe12,aqiwe17,aqiwe21,tempwd05,humwd05,tempwd08,humwd08,temwd12,huwd12,temwd17,huwd17,temwd21,huwd21,tempwe05,humwe05,termpwe08,humwe08,tempwe12,humwe12,tempwe17,humwe17,tempwe21,humwe21,trfwd05,trfwd08,trfwd12,trfwd17,trfwd21,trfwe05,trfwe08,trfwe12,trfwe17,trfwe21,dynwd05,dynwd08,dynwd21,dynwe08,dynwe05,dynwe12,dynwe17,dynwe21,cdynwd05,cdynwd08,cdynwd12,cdynwd17,cdynwd21,cdynwe05,cdynwe08,cdynwe12,cdynwe17,cdynwe21,cWIEH,urbantype,length,segment_id,part_idx,source_node,target_node,segment_length,component_id
1,2.56,1.0,2.56,3,3.0,3.0,3,3,3,1.5,1,1,2,3,1,1,3,3,1,2.542,2.367,3.0,3.0,2.0,3.0,3,3,3,3,3,3,1,3,1,3,3,2,1,1,3,3,2,1,3,3,3,3,3,2,2,2,1,2,2,1,2,1,2,2,2,1,2,1,2,1,2,1,2,2,2,2,2,1,3,3,2,2,1,3,2,3,2,3,2.467,2.617,2.467,2.467,2.467,2.592,2.292,2.467,Reasonably age-friendly,Reasonably age-friendly,Reasonably age-friendly,Less age-friendly,Reasonably age-friendly,Reasonably age-friendly,Reasonably age-friendly,Reasonably age-friendly,Less age-friendly,Reasonably age-friendly,Less age-friendly,residential,43.259,1:0,0,0,1,43.259,0
2,1.92,1.5,1.28,3,1.0,3.0,3,3,1,1.0,1,1,2,3,2,1,1,1,3,1.546,1.571,3.0,3.0,2.0,3.0,3,2,3,3,2,1,3,3,1,3,3,2,1,1,3,3,2,1,3,3,3,3,3,2,2,2,1,2,2,1,2,1,2,2,2,1,2,1,2,1,2,1,2,2,2,2,2,1,3,1,2,2,1,2,2,3,2,3,1.571,1.471,1.571,1.521,1.571,1.596,1.496,1.571,Reasonably age-friendly,Less age-friendly,Reasonably age-friendly,Reasonably age-friendly,Reasonably age-friendly,Reasonably age-friendly,Reasonably age-friendly,Reasonably age-friendly,Less age-friendly,Reasonably age-friendly,Less age-friendly,residential,20.086,2:0,0,1,2,20.086,0
3,1.92,1.5,1.28,3,1.0,3.0,3,3,1,1.0,1,1,2,3,2,1,1,2,3,1.596,1.571,3.0,3.0,2.0,3.0,3,1,3,3,1,2,3,3,1,3,3,2,1,1,3,3,2,1,3,3,3,3,3,2,2,2,1,2,2,1,2,1,2,2,2,1,2,1,2,1,2,1,2,2,2,2,2,1,3,1,2,2,1,2,2,3,2,3,1.571,1.421,1.571,1.471,1.571,1.646,1.496,1.571,Reasonably age-friendly,Less age-friendly,Reasonably age-friendly,Reasonably age-friendly,Reasonably age-friendly,Reasonably age-friendly,Less age-friendly,Reasonably age-friendly,Less age-friendly,Reasonably age-friendly,Less age-friendly,uncategorized,35.079,3:0,0,1,3,35.079,0
4,1.92,1.5,1.28,3,1.0,3.0,3,3,1,1.0,1,1,2,3,2,1,1,2,3,1.596,1.571,3.0,3.0,2.0,3.0,3,1,3,3,1,2,3,3,1,3,3,2,1,1,3,3,2,1,3,3,3,3,3,2,2,2,1,2,2,1,2,1,2,2,2,1,2,1,2,1,2,1,2,2,2,2,2,1,3,1,2,2,1,2,2,3,2,3,1.571,1.421,1.571,1.471,1.571,1.646,1.496,1.571,Reasonably age-friendly,Less age-friendly,Reasonably age-friendly,Reasonably age-friendly,Reasonably age-friendly,Reasonably age-friendly,Less age-friendly,Reasonably age-friendly,Less age-friendly,Reasonably age-friendly,Less age-friendly,uncategorized,28.353,4:0,0,3,2,28.353,0
5,2.16,1.5,1.44,3,1.0,3.0,3,3,2,1.0,1,1,2,3,2,1,2,2,3,1.708,1.683,3.0,3.0,2.0,3.0,3,3,3,3,3,2,3,3,1,3,3,2,1,1,3,3,2,1,3,3,3,3,3,2,2,2,1,2,2,1,2,1,2,2,2,1,2,1,2,1,2,1,2,2,2,2,2,1,3,1,2,2,1,2,2,3,2,3,1.683,1.633,1.683,1.683,1.683,1.758,1.608,1.683,Reasonably age-friendly,Less age-friendly,Less age-friendly,Less age-friendly,Reasonably age-friendly,Reasonably age-friendly,Less age-friendly,Reasonably age-friendly,Less age-friendly,Reasonably age-friendly,Less age-friendly,uncategorized,20.48,5:0,0,3,4,20.48,0
6,1.89,1.0,1.89,3,3.0,2.5,2,3,2,1.0,1,1,2,2,1,1,1,1,3,1.973,1.998,3.0,3.0,2.0,3.0,3,1,3,3,1,1,3,3,1,3,3,2,1,1,3,3,2,1,3,3,3,3,3,2,2,2,1,2,2,1,2,1,2,2,2,1,2,1,2,1,2,1,2,2,2,2,2,1,3,3,2,2,1,2,2,3,2,3,1.998,2.048,1.998,1.898,1.998,2.023,1.923,1.998,Reasonably age-friendly,Reasonably age-friendly,Reasonably age-friendly,Reasonably age-friendly,Reasonably age-friendly,Reasonably age-friendly,Reasonably age-friendly,Reasonably age-friendly,Reasonably age-friendly,Reasonably age-friendly,Reasonably age-friendly,uncategorized,28.909,6:0,0,4,1,28.909,0
7,2.8,1.0,2.8,3,3.0,3.0,3,3,3,1.5,3,2,2,3,1,1,3,2,3,2.76,2.635,3.0,3.0,2.0,3.0,3,1,3,3,1,2,3,3,1,3,3,2,1,1,3,3,2,1,3,3,3,3,3,2,2,2,1,2,2,1,2,1,2,2,2,1,2,1,2,1,2,1,2,2,2,2,2,1,3,3,3,2,3,3,3,3,3,3,2.635,2.685,2.635,2.635,2.635,2.71,2.66,2.635,More age-friendly,Reasonably age-friendly,Reasonably age-friendly,Reasonably age-friendly,More age-friendly,More age-friendly,Reasonably age-friendly,Reasonably age-friendly,Reasonably age-friendly,More age-friendly,Less age-friendly,campus,133.004,7:0,0,3,5,133.004,0
8,2.44,1.0,2.44,3,3.0,3.0,2,3,3,3.0,1,1,2,3,1,1,2,3,3,2.558,2.383,3.0,3.0,2.0,3.0,3,2,3,3,2,3,3,3,1,3,3,2,1,1,3,3,2,1,3,3,3,3,3,2,2,2,1,2,2,1,2,1,2,2,2,1,2,1,2,1,2,1,2,2,2,2,2,1,3,3,3,2,3,3,3,3,3,3,2.383,2.483,2.383,2.433,2.383,2.508,2.408,2.383,Reasonably age-friendly,Reasonably age-friendly,Reasonably age-friendly,Reasonably age-friendly,Reasonably age-friendly,Reasonably age-friendly,Reasonably age-friendly,Reasonably age-friendly,Reasonably age-friendly,Reasonably age-friendly,Less age-friendly,residential,115.081,8:0,0,2,6,115.081,0
9,1.92,2.0,0.96,3,1.0,3.0,2,3,1,1.0,1,1,2,3,2,2,2,1,3,1.422,1.347,3.0,3.0,2.0,3.0,3,1,3,3,1,1,3,3,1,3,3,2,1,1,3,3,2,1,3,3,3,3,3,2,2,2,1,2,2,1,2,1,2,2,2,1,2,1,2,1,2,1,2,2,2,2,2,1,1,3,3,2,3,3,2,3,3,3,1.347,1.397,1.347,1.247,1.347,1.372,1.372,1.347,Reasonably age-friendly,Less age-friendly,Less age-friendly,Less age-friendly,Reasonably age-friendly,Reasonably age-friendly,Less age-friendly,Less age-friendly,Less age-friendly,Reasonably age-friendly,Less age-friendly,residential,19.422,9:0,0,6,7,19.422,0
10,2.04,1.5,1.36,3,1.0,3.0,3,3,1,1.0,1,1,2,3,2,1,2,1,3,1.702,1.627,3.0,3.0,2.0,3.0,3,1,3,3,1,1,3,3,1,3,3,2,1,1,3,3,2,1,3,3,3,3,3,2,2,2,1,2,2,1,2,1,2,2,2,1,2,1,2,1,2,1,2,2,2,2,2,1,3,3,3,2,3,1,2,3,3,3,1.627,1.677,1.627,1.527,1.627,1.652,1.652,1.627,Reasonably age-friendly,Less age-friendly,Less age-friendly,Less age-friendly,Reasonably age-friendly,Reasonably age-friendly,Less age-friendly,Less age-friendly,Less age-friendly,Reasonably age-friendly,Less age-friendly,uncategorized,19.483,10:0,0,5,7,19.483,0
11,2.44,1.0,2.44,3,3.0,3.0,3,3,3,2.0,3,3,2,1,1,1,1,3,3,2.558,2.383,3.0,3.0,2.0,3.0,3,2,3,3,2,3,3,3,1,3,3,2,1,1,3,3,2,1,3,3,3,3,3,2,2,2,1,2,2,1,2,1,2,2,2,1,2,1,2,1,2,1,2,2,2,2,2,1,3,3,3,2,3,3,3,3,3,3,2.383,2.483,2.383,2.433,2.383,2.508,2.408,2.383,Reasonably age-friendly,Reasonably age-friendly,More age-friendly,Reasonably age-friendly,Reasonably age-friendly,Reasonably age-friendly,Reasonably age-friendly,More age-friendly,Reasonably age-friendly,Reasonably age-friendly,Reasonably age-friendly,residential,38.312,11:0,0,7,8,38.312,0
12,1.98,1.0,1.98,3,2.5,2.5,3,3,2,1.0,1,1,1,1,1,1,2,3,3,2.236,2.011,3.0,3.0,2.0,3.0,3,3,3,3,3,3,3,3,1,3,3,1,1,1,3,3,1,1,3,3,3,3,3,2,2,2,1,2,2,1,2,1,2,2,2,1,2,1,2,1,2,1,2,2,2,2,2,1,3,3,3,2,3,3,3,3,3,3,2.061,2.211,2.061,2.161,2.061,2.186,2.036,2.061,Reasonably age-friendly,Reasonably age-friendly,Reasonably age-friendly,Reasonably age-friendly,Reasonably age-friendly,Reasonably age-friendly,Reasonably age-friendly,Reasonably age-friendly,Reasonably age-friendly,Reasonably age-friendly,Less age-friendly,residential,26.09,12:0,0,8,9,26.09,0
13,2.08,1.0,2.08,3,3.0,3.0,3,3,2,1.5,1,1,2,2,1,1,1,1,3,2.206,2.131,3.0,3.0,2.0,3.0,3,1,3,3,1,1,3,3,1,3,3,2,1,1,3,3,2,1,3,3,3,3,3,2,2,2,1,2,2,1,2,1,2,2,2,1,2,1,2,1,2,1,2,2,2,2,2,1,3,3,3,2,3,3,3,3,3,3,2.131,2.181,2.131,2.131,2.131,2.156,2.156,2.131,Reasonably age-friendly,Reasonably age-friendly,Reasonably age-friendly,Reasonably age-friendly,Reasonably age-friendly,Reasonably age-friendly,Reasonably age-friendly,Reasonably age-friendly,Reasonably age-friendly,Reasonably age-friendly,Reasonably age-friendly,residential,20.23,13:0,0,9,10,20.23,0
14,2.6,1.0,2.6,3,3.0,3.0,3,3,3,2.0,3,2,2,1,1,1,3,2,3,2.52,2.495,3.0,3.0,2.0,3.0,3,1,3,3,1,2,3,3,1,3,3,2,1,1,3,3,2,1,3,3,3,3,3,2,2,2,1,2,2,1,2,1,2,2,2,1,2,1,2,1,2,1,2,2,2,2,2,1,3,2,2,2,3,3,3,2,1,3,2.495,2.445,2.495,2.495,2.495,2.47,2.32,2.495,Reasonably age-friendly,Reasonably age-friendly,Reasonably age-friendly,Reasonably age-friendly,Reasonably age-friendly,Reasonably age-friendly,Reasonably age-friendly,Reasonably age-friendly,Less age-friendly,Reasonably age-friendly,Less age-friendly,campus,159.801,14:0,0,5,11,159.801,0
15,2.04,1.5,1.36,3,1.0,3.0,3,3,1,1.0,1,1,3,3,2,1,2,1,3,1.502,1.677,3.0,3.0,2.0,3.0,3,1,3,3,1,1,3,3,2,3,3,3,2,2,3,3,3,2,3,3,3,3,3,2,2,2,1,2,2,1,2,1,2,2,2,1,2,1,2,1,2,1,2,2,2,2,2,1,3,3,1,2,2,3,3,2,1,3,1.677,1.677,1.677,1.627,1.677,1.552,1.502,1.677,Reasonably age-friendly,Less age-friendly,Less age-friendly,Less age-friendly,Reasonably age-friendly,Reasonably age-friendly,Less age-friendly,Less age-friendly,Less age-friendly,Reasonably age-friendly,Less age-friendly,residential,12.161,15:0,0,10,12,12.161,0
16,2.15,1.0,2.15,3,2.0,2.5,3,3,2,2.0,1,1,3,2,1,1,2,1,3,2.055,2.33,3.0,3.0,2.0,3.0,3,1,3,3,1,1,3,3,2,3,3,3,2,2,3,3,3,2,3,3,3,3,3,2,2,2,1,2,2,1,2,1,2,2,2,1,2,1,2,1,2,1,2,2,2,2,2,1,3,3,1,3,2,3,3,3,3,3,2.23,2.23,2.23,2.18,2.23,2.205,2.255,2.23,Reasonably age-friendly,Reasonably age-friendly,Reasonably age-friendly,Reasonably age-friendly,Reasonably age-friendly,Reasonably age-friendly,Reasonably age-friendly,Reasonably age-friendly,Reasonably age-friendly,Reasonably age-friendly,Less age-friendly,residential,67.603,16:0,0,12,13,67.603,0
17,2.13,1.0,2.13,3,3.0,2.5,3,3,2,1.5,2,1,2,1,1,1,2,1,3,2.041,2.266,3.0,3.0,2.0,3.0,3,1,3,3,1,1,3,3,1,3,3,2,1,1,3,3,2,1,3,3,3,3,3,2,2,2,1,2,2,1,2,1,2,2,2,1,2,1,2,1,2,1,2,2,2,2,2,1,3,3,1,3,2,3,3,3,3,3,2.166,2.216,2.166,2.166,2.166,2.191,2.191,2.166,Reasonably age-friendly,Less age-friendly,Less age-friendly,Reasonably age-friendly,Reasonably age-friendly,Reasonably age-friendly,Less age-friendly,Less age-friendly,Less age-friendly,Reasonably age-friendly,Less age-friendly,residential,28.956,17:0,0,13,14,28.956,0
18,2.2,1.0,2.2,3,3.0,3.0,3,3,3,2.0,2,1,2,1,1,1,1,3,3,2.29,2.215,3.0,3.0,2.0,3.0,3,2,3,3,2,3,3,3,1,3,3,2,1,1,3,3,2,1,3,3,3,3,3,2,2,2,1,2,2,1,2,1,2,2,2,1,2,1,2,1,2,1,2,2,2,2,2,1,3,2,2,2,3,3,3,2,1,3,2.215,2.215,2.215,2.265,2.215,2.24,2.04,2.215,Reasonably age-friendly,Reasonably age-friendly,Reasonably age-friendly,Reasonably age-friendly,Reasonably age-friendly,Reasonably age-friendly,Reasonably age-friendly,Reasonably age-friendly,Reasonably age-friendly,Reasonably age-friendly,Reasonably age-friendly,residential,63.705,18:0,0,12,15,63.705,0
19,2.04,1.5,1.36,3,1.0,3.0,3,3,1,1.0,1,1,3,3,2,1,2,1,3,1.602,1.677,3.0,3.0,2.0,3.0,3,1,3,3,1,1,3,3,2,3,3,3,2,2,3,3,3,2,3,3,3,3,3,2,2,2,1,2,2,1,2,1,2,2,2,1,2,1,2,1,2,1,2,2,2,2,2,1,3,2,2,2,3,1,3,2,1,3,1.677,1.577,1.677,1.627,1.677,1.552,1.502,1.677,Reasonably age-friendly,Less age-friendly,Less age-friendly,Less age-friendly,Reasonably age-friendly,Reasonably age-friendly,Less age-friendly,Less age-friendly,Less age-friendly,Reasonably age-friendly,Less age-friendly,uncategorized,21.149,19:0,0,15,11,21.149,0
20,2.2,1.5,1.467,3,3.0,3.0,3,3,2,1.5,1,1,3,3,2,1,1,1,3,1.677,1.752,3.0,3.0,2.0,3.0,3,1,3,3,1,1,3,3,2,3,3,3,2,2,3,3,3,2,3,3,3,3,3,2,2,2,1,2,2,1,2,1,2,2,2,1,2,1,2,1,2,1,2,2,2,2,2,1,3,2,2,2,3,1,3,2,1,3,1.752,1.652,1.752,1.702,1.752,1.627,1.577,1.752,Reasonably age-friendly,Reasonably age-friendly,Reasonably age-friendly,Reasonably age-friendly,Reasonably age-friendly,Reasonably age-friendly,Reasonably age-friendly,Reasonably age-friendly,Reasonably age-friendly,Reasonably age-friendly,Less age-friendly,residential,26.622,20:0,0,15,16,26.622,0
21,2.04,1.5,1.36,3,1.0,3.0,3,3,1,1.0,1,1,3,3,2,1,2,1,3,1.602,1.677,3.0,3.0,2.0,3.0,3,1,3,3,1,1,3,3,2,3,3,3,2,2,3,3,3,2,3,3,3,3,3,2,2,2,1,2,2,1,2,1,2,2,2,1,2,1,2,1,2,1,2,2,2,2,2,1,3,2,2,2,3,1,3,2,1,3,1.677,1.577,1.677,1.627,1.677,1.552,1.502,1.677,Reasonably age-friendly,Less age-friendly,Less age-friendly,Less age-friendly,Reasonably age-friendly,Reasonably age-friendly,Less age-friendly,Less age-friendly,Less age-friendly,Reasonably age-friendly,Less age-friendly,uncategorized,20.428,21:0,0,16,17,20.428,0
22,2.04,1.5,1.36,3,1.0,3.0,3,3,1,1.0,1,1,3,3,2,1,2,1,3,1.602,1.677,3.0,3.0,2.0,3.0,3,1,3,3,1,1,3,3,2,3,3,3,2,2,3,3,3,2,3,3,3,3,3,2,2,2,1,2,2,1,2,1,2,2,2,1,2,1,2,1,2,1,2,2,2,2,2,1,3,2,2,2,3,1,3,2,1,3,1.677,1.577,1.677,1.627,1.677,1.552,1.502,1.677,Reasonably age-friendly,Less age-friendly,Less age-friendly,Less age-friendly,Reasonably age-friendly,Reasonably age-friendly,Less age-friendly,Less age-friendly,Less age-friendly,Reasonably age-friendly,Less age-friendly,campus,26.431,22:0,0,11,17,26.431,0
23,2.16,1.5,1.44,3,3.0,3.0,3,3,1,1.0,1,1,3,3,2,1,2,1,3,1.658,1.733,3.0,3.0,2.0,3.0,3,1,3,3,1,1,3,3,2,3,3,3,2,2,3,3,3,2,3,3,3,3,3,2,2,2,1,2,2,1,2,1,2,2,2,1,2,1,2,1,2,1,2,2,2,2,2,1,3,2,2,2,3,1,3,2,1,3,1.733,1.633,1.733,1.683,1.733,1.608,1.558,1.733,Reasonably age-friendly,Less age-friendly,Less age-friendly,Less age-friendly,Reasonably age-friendly,Reasonably age-friendly,Less age-friendly,Less age-friendly,Less age-friendly,Reasonably age-friendly,Less age-friendly,uncategorized,34.066,23:0,0,11,16,34.066,0
24,2.04,1.5,1.36,3,1.0,3.0,3,3,1,1.0,1,1,3,3,2,1,2,1,3,1.602,1.677,3.0,3.0,2.0,3.0,3,1,3,3,1,1,3,3,2,3,3,3,2,2,3,3,3,2,3,3,3,3,3,2,2,2,1,2,2,1,2,1,2,2,2,1,2,1,2,1,2,1,2,2,2,2,2,1,3,2,2,2,3,1,3,2,1,3,1.677,1.577,1.677,1.627,1.677,1.552,1.502,1.677,Reasonably age-friendly,Less age-friendly,Less age-friendly,Less age-friendly,Reasonably age-friendly,Reasonably age-friendly,Less age-friendly,Less age-friendly,Less age-friendly,Reasonably age-friendly,Less age-friendly,uncategorized,33.331,24:0,0,15,17,33.331,0
25,2.02,2.0,1.01,3,2.5,2.5,2,2,2,1.5,1,2,3,1,2,2,3,3,3,1.457,1.532,3.0,3.0,2.0,3.0,3,3,3,3,3,3,3,3,2,3,3,3,2,2,3,3,3,2,3,3,3,3,3,2,2,2,1,2,2,1,2,1,2,2,2,1,2,1,2,1,2,1,2,2,2,2,2,1,3,3,2,3,3,3,3,2,1,3,1.432,1.532,1.432,1.482,1.432,1.407,1.257,1.432,Reasonably age-friendly,Less age-friendly,Less age-friendly,Less age-friendly,Reasonably age-friendly,Reasonably age-friendly,Less age-friendly,Less age-friendly,Less age-friendly,Reasonably age-friendly,Less age-friendly,residential,21.64,25:0,0,16,18,21.64,0
26,1.8,2.0,0.9,3,1.0,3.0,2,3,1,1.0,1,1,3,1,2,2,3,1,3,1.28,1.255,3.0,3.0,2.0,3.0,3,1,3,3,1,1,3,3,2,3,3,3,2,2,3,3,3,2,3,3,3,3,3,2,2,2,1,2,2,1,2,1,2,2,2,1,2,1,2,1,2,1,2,2,2,2,2,1,2,1,2,1,3,3,3,2,1,3,1.355,1.155,1.355,1.305,1.355,1.23,1.18,1.355,Reasonably age-friendly,Less age-friendly,Less age-friendly,Less age-friendly,Reasonably age-friendly,Reasonably age-friendly,Less age-friendly,Less age-friendly,Less age-friendly,Reasonably age-friendly,Less age-friendly,residential,11.428,26:0,0,18,19,11.428,0
27,1.79,1.5,1.193,3,1.5,1.0,2,2,1,3.0,1,1,2,1,2,1,3,1,3,1.485,1.41,3.0,3.0,2.0,3.0,3,1,3,3,1,1,3,3,1,3,3,2,1,1,3,3,2,1,3,3,3,3,3,2,2,2,1,2,2,1,2,1,2,2,2,1,2,1,2,1,2,1,2,2,2,2,2,1,2,1,2,1,3,3,3,2,2,1,1.31,1.36,1.31,1.51,1.31,1.435,1.435,1.31,Reasonably age-friendly,Less age-friendly,Less age-friendly,Less age-friendly,Reasonably age-friendly,Reasonably age-friendly,Less age-friendly,Less age-friendly,Less age-friendly,Reasonably age-friendly,Less age-friendly,residential,84.941,27:0,0,19,20,84.941,0
28,1.98,2.0,0.99,3,2.5,2.5,2,1,2,3.0,1,1,2,1,1,3,3,3,3,1.543,1.468,3.0,3.0,2.0,3.0,3,3,3,3,3,3,3,3,1,3,3,2,1,1,3,3,2,1,3,3,3,3,3,2,2,2,1,2,2,1,2,1,2,2,2,1,2,1,2,1,2,1,2,2,2,2,2,1,3,2,3,3,3,3,3,2,3,3,1.368,1.418,1.368,1.468,1.368,1.393,1.393,1.368,Reasonably age-friendly,Less age-friendly,Reasonably age-friendly,Less age-friendly,Reasonably age-friendly,Reasonably age-friendly,Less age-friendly,Less age-friendly,Less age-friendly,Reasonably age-friendly,Less age-friendly,residential,93.669,28:0,0,19,21,93.669,0
29,3.0,1.0,3.0,3,3.0,3.0,3,3,3,3.0,3,3,2,3,1,1,3,2,3,2.9,2.875,3.0,3.0,2.0,3.0,3,2,3,3,2,2,3,3,1,3,3,2,1,1,3,3,2,1,3,3,3,3,3,2,2,2,1,2,2,1,2,1,2,2,2,1,2,1,2,1,2,1,2,2,2,2,2,1,3,2,3,3,3,3,3,2,3,3,2.775,2.775,2.775,2.825,2.775,2.75,2.8,2.775,More age-friendly,Reasonably age-friendly,Reasonably age-friendly,Reasonably age-friendly,More age-friendly,More age-friendly,Reasonably age-friendly,Reasonably age-friendly,Reasonably age-friendly,More age-friendly,Less age-friendly,campus,126.577,29:0,0,17,22,126.577,0
30,2.16,1.5,1.44,3,1.0,3.0,3,3,1,1.0,1,1,3,3,2,1,3,1,3,1.758,1.833,3.0,3.0,2.0,3.0,3,1,3,3,1,1,3,3,2,3,3,3,2,2,3,3,3,2,3,3,3,3,3,2,2,2,1,2,2,1,2,1,2,2,2,1,2,1,2,1,2,1,2,2,2,2,2,1,3,2,3,3,3,3,3,2,3,3,1.733,1.633,1.733,1.683,1.733,1.608,1.758,1.733,Reasonably age-friendly,Less age-friendly,Less age-friendly,Less age-friendly,Reasonably age-friendly,Reasonably age-friendly,Less age-friendly,Less age-friendly,Less age-friendly,Reasonably age-friendly,Less age-friendly,uncategorized,20.408,30:0,0,22,21,20.408,0
31,2.16,1.5,1.44,3,1.0,3.0,3,3,1,1.0,1,1,3,3,2,1,3,3,3,1.858,1.733,3.0,3.0,2.0,3.0,3,3,3,3,3,3,3,3,2,3,3,3,2,2,3,3,3,2,3,3,3,3,3,2,2,2,1,2,2,1,2,1,2,2,2,1,2,1,2,1,2,1,2,2,2,2,2,1,3,3,3,2,3,3,3,2,3,3,1.733,1.833,1.733,1.783,1.733,1.708,1.758,1.733,Reasonably age-friendly,Less age-friendly,Less age-friendly,Less age-friendly,Reasonably age-friendly,Reasonably age-friendly,Less age-friendly,Less age-friendly,Less age-friendly,Reasonably age-friendly,Less age-friendly,campus,21.494,31:0,0,22,23,21.494,0
32,2.16,1.5,1.44,3,1.0,3.0,3,3,1,1.0,1,1,3,3,2,1,3,2,3,1.808,1.733,3.0,3.0,2.0,3.0,3,2,3,3,2,2,3,3,2,3,3,3,2,2,3,3,3,2,3,3,3,3,3,2,2,2,1,2,2,1,2,1,2,2,2,1,2,1,2,1,2,1,2,2,2,2,2,1,3,3,3,2,3,3,3,2,3,3,1.733,1.783,1.733,1.733,1.733,1.658,1.758,1.733,Reasonably age-friendly,Less age-friendly,Less age-friendly,Less age-friendly,Reasonably age-friendly,Reasonably age-friendly,Less age-friendly,Less age-friendly,Less age-friendly,Reasonably age-friendly,Less age-friendly,uncategorized,30.368,32:0,0,21,23,30.368,0
33,2.16,1.5,1.44,3,1.0,3.0,3,3,1,1.0,1,1,3,3,2,1,3,1,3,1.758,1.833,3.0,3.0,2.0,3.0,3,1,3,3,1,1,3,3,2,3,3,3,2,2,3,3,3,2,3,3,3,3,3,2,2,2,1,2,2,1,2,1,2,2,2,1,2,1,2,1,2,1,2,2,2,2,2,1,3,3,3,3,3,3,3,2,3,3,1.733,1.733,1.733,1.683,1.733,1.608,1.758,1.733,Reasonably age-friendly,Less age-friendly,Less age-friendly,Less age-friendly,Reasonably age-friendly,Reasonably age-friendly,Less age-friendly,Less age-friendly,Less age-friendly,Reasonably age-friendly,Less age-friendly,residential,24.36,33:0,0,21,24,24.36,0
34,2.16,1.5,1.44,3,1.0,3.0,3,3,1,1.0,1,1,3,3,2,1,3,2,3,1.808,1.833,3.0,3.0,2.0,3.0,3,2,3,3,2,2,3,3,2,3,3,3,2,2,3,3,3,2,3,3,3,3,3,2,2,2,1,2,2,1,2,1,2,2,2,1,2,1,2,1,2,1,2,2,2,2,2,1,3,3,3,3,3,3,3,2,3,3,1.733,1.783,1.733,1.733,1.733,1.658,1.758,1.733,Reasonably age-friendly,Less age-friendly,Less age-friendly,Less age-friendly,Reasonably age-friendly,Reasonably age-friendly,Less age-friendly,Less age-friendly,Less age-friendly,Reasonably age-friendly,Less age-friendly,uncategorized,19.635,34:0,0,23,24,19.635,0
35,2.16,1.5,1.44,3,1.0,3.0,3,3,1,1.0,1,1,3,3,2,1,3,1,3,1.758,1.733,3.0,3.0,2.0,3.0,3,2,3,3,2,1,3,3,2,3,3,3,2,2,3,3,3,2,3,3,3,3,3,2,2,2,1,2,2,1,2,1,2,2,2,1,2,1,2,1,2,1,2,2,2,2,2,1,3,3,3,2,3,3,3,2,3,3,1.733,1.783,1.733,1.733,1.733,1.608,1.758,1.733,Reasonably age-friendly,Less age-friendly,Less age-friendly,Less age-friendly,Reasonably age-friendly,Reasonably age-friendly,Less age-friendly,Less age-friendly,Less age-friendly,Reasonably age-friendly,Less age-friendly,uncategorized,30.437,35:0,0,22,24,30.437,0
36,1.72,2.0,0.86,2,2.5,1.5,1,1,2,3.0,1,1,2,1,1,3,3,3,3,1.452,1.377,3.0,3.0,2.0,3.0,3,3,3,3,3,3,3,3,1,3,3,2,1,1,3,3,2,1,3,3,3,3,3,2,2,2,1,2,2,1,2,1,2,2,2,1,2,1,2,1,2,1,2,2,2,2,2,1,3,2,3,3,3,3,3,2,1,3,1.277,1.327,1.277,1.377,1.277,1.302,1.102,1.277,Reasonably age-friendly,Less age-friendly,Less age-friendly,Less age-friendly,Reasonably age-friendly,Reasonably age-friendly,Less age-friendly,Less age-friendly,Less age-friendly,Reasonably age-friendly,Less age-friendly,residential,83.648,36:0,0,21,25,83.648,0
37,2.72,1.0,2.72,3,3.0,3.0,3,3,3,3.0,3,1,3,2,1,1,3,1,2,2.654,2.679,3.0,3.0,2.0,3.0,3,2,3,3,2,1,2,3,2,3,3,3,2,2,3,3,3,2,3,3,3,3,3,2,2,2,1,2,2,1,2,1,2,2,2,1,2,1,2,1,2,1,2,2,2,2,2,1,3,2,3,3,3,3,3,2,1,3,2.629,2.579,2.629,2.629,2.629,2.504,2.404,2.629,More age-friendly,Reasonably age-friendly,Reasonably age-friendly,Reasonably age-friendly,More age-friendly,More age-friendly,Reasonably age-friendly,Reasonably age-friendly,Less age-friendly,More age-friendly,Less age-friendly,residential,96.309,37:0,0,24,26,96.309,0
38,2.29,2.0,1.145,3,3.0,2.5,2,2,2,3.0,3,3,2,2,2,2,1,2,1,1.602,1.477,3.0,3.0,2.0,3.0,3,2,3,3,2,2,1,3,1,3,3,2,1,1,3,3,2,1,3,3,3,3,3,2,2,2,1,2,2,1,2,1,2,2,2,1,2,1,2,1,2,1,2,2,2,2,2,1,3,3,3,3,3,3,3,2,3,3,1.477,1.577,1.477,1.527,1.477,1.452,1.402,1.477,Reasonably age-friendly,Reasonably age-friendly,Reasonably age-friendly,Reasonably age-friendly,Reasonably age-friendly,Reasonably age-friendly,Reasonably age-friendly,Reasonably age-friendly,Reasonably age-friendly,Reasonably age-friendly,Reasonably age-friendly,residential,87.892,38:0,0,24,27,87.892,0
39,1.76,1.5,1.173,3,1.0,3.0,2,3,1,2.0,1,1,3,2,2,1,1,1,3,1.571,1.646,3.0,3.0,2.0,3.0,3,2,3,3,2,1,3,3,2,3,3,3,2,2,3,3,3,2,3,3,3,3,3,2,2,2,1,2,2,1,2,1,2,2,2,1,2,1,2,1,2,1,2,2,2,2,2,1,2,3,3,3,3,3,3,3,3,3,1.546,1.596,1.546,1.546,1.546,1.521,1.571,1.546,Reasonably age-friendly,Reasonably age-friendly,Reasonably age-friendly,Reasonably age-friendly,Reasonably age-friendly,Reasonably age-friendly,Reasonably age-friendly,Reasonably age-friendly,Reasonably age-friendly,Reasonably age-friendly,Less age-friendly,residential,20.546,39:0,0,28,29,20.546,0
40,2.64,1.0,2.64,3,3.0,3.0,3,3,3,2.0,3,1,2,2,1,1,3,3,3,2.698,2.623,3.0,3.0,2.0,3.0,3,2,3,3,2,3,3,3,1,3,3,2,1,1,3,3,2,1,3,3,3,3,3,2,2,2,1,2,2,1,2,1,2,2,2,1,2,1,2,1,2,1,2,2,2,2,2,1,2,3,3,3,3,3,3,3,3,3,2.523,2.623,2.523,2.573,2.523,2.648,2.548,2.523,More age-friendly,Reasonably age-friendly,Reasonably age-friendly,Reasonably age-friendly,More age-friendly,More age-friendly,Reasonably age-friendly,Reasonably age-friendly,Reasonably age-friendly,More age-friendly,Less age-friendly,residential,34.782,40:0,0,29,30,34.782,0
41,2.16,1.5,1.44,3,1.0,3.0,3,3,1,1.0,1,1,3,3,2,1,3,1,3,1.758,1.833,3.0,3.0,2.0,3.0,3,2,3,3,2,1,3,3,2,3,3,3,2,2,3,3,3,2,3,3,3,3,3,2,2,2,1,2,2,1,2,1,2,2,2,1,2,1,2,1,2,1,2,2,2,2,2,1,3,3,3,3,3,3,3,3,3,3,1.733,1.783,1.733,1.733,1.733,1.708,1.758,1.733,Reasonably age-friendly,Less age-friendly,Less age-friendly,Less age-friendly,Reasonably age-friendly,Reasonably age-friendly,Less age-friendly,Less age-friendly,Less age-friendly,Reasonably age-friendly,Less age-friendly,residential,9.509,41:0,0,30,31,9.509,0
42,1.78,1.5,1.187,3,2.5,2.5,2,2,2,1.0,1,1,2,1,1,2,2,3,3,1.681,1.606,3.0,3.0,2.0,3.0,3,3,3,3,3,3,3,3,1,3,3,2,1,1,3,3,2,1,3,3,3,3,3,2,2,2,1,2,2,1,2,1,2,2,2,1,2,1,2,1,2,1,2,2,2,2,2,1,3,3,3,3,3,3,1,3,3,3,1.506,1.656,1.506,1.406,1.506,1.631,1.531,1.506,Reasonably age-friendly,Reasonably age-friendly,Reasonably age-friendly,Reasonably age-friendly,Reasonably age-friendly,Reasonably age-friendly,Less age-friendly,Reasonably age-friendly,Reasonably age-friendly,Reasonably age-friendly,Less age-friendly,residential,28.893,42:0,0,31,32,28.893,0
43,2.1,1.5,1.4,3,1.0,2.0,3,3,1,1.0,1,1,3,3,2,1,3,1,3,1.73,1.705,3.0,3.0,2.0,3.0,3,1,3,3,1,1,3,3,2,3,3,3,2,2,3,3,3,2,3,3,3,3,3,2,2,2,1,2,2,1,2,1,2,2,2,1,2,1,2,1,2,1,2,2,2,2,2,1,1,2,3,2,2,3,1,3,2,1,1.505,1.605,1.505,1.455,1.505,1.68,1.63,1.505,Reasonably age-friendly,Less age-friendly,Less age-friendly,Less age-friendly,Reasonably age-friendly,Reasonably age-friendly,Less age-friendly,Less age-friendly,Less age-friendly,Reasonably age-friendly,Less age-friendly,residential,27.77,43:0,0,33,34,27.77,0
44,2.65,1.0,2.65,3,3.0,2.5,3,3,3,3.0,3,2,2,1,1,1,3,3,3,2.705,2.53,3.0,3.0,2.0,3.0,3,2,3,3,2,3,3,3,1,3,3,2,1,1,3,3,2,1,3,3,3,3,3,2,2,2,1,2,2,1,2,1,2,2,2,1,2,1,2,1,2,1,2,2,2,2,2,1,3,3,3,2,3,3,1,3,2,3,2.53,2.63,2.53,2.38,2.53,2.655,2.455,2.53,More age-friendly,Reasonably age-friendly,Reasonably age-friendly,Reasonably age-friendly,More age-friendly,More age-friendly,Less age-friendly,Reasonably age-friendly,Reasonably age-friendly,More age-friendly,Less age-friendly,residential,81.842,44:0,0,34,35,81.842,0
45,2.58,1.0,2.58,2,3.0,2.0,3,3,3,3.0,3,1,3,2,1,1,3,3,3,2.656,2.631,3.0,3.0,2.0,3.0,3,2,3,3,2,3,3,3,2,3,3,3,2,2,3,3,3,2,3,3,3,3,3,2,2,2,1,2,2,1,2,1,2,2,2,1,2,1,2,1,2,1,2,2,2,2,2,1,3,3,3,3,3,3,3,3,2,3,2.531,2.581,2.531,2.531,2.531,2.606,2.456,2.531,More age-friendly,Reasonably age-friendly,Reasonably age-friendly,Reasonably age-friendly,More age-friendly,More age-friendly,Reasonably age-friendly,Reasonably age-friendly,Reasonably age-friendly,More age-friendly,Less age-friendly,residential,67.323,45:0,0,34,36,67.323,0
46,2.49,1.0,2.49,2,3.0,2.5,3,3,3,3.0,3,1,3,1,1,1,3,2,3,2.543,2.568,3.0,3.0,2.0,3.0,3,2,3,3,2,2,3,3,2,3,3,3,2,2,3,3,3,2,3,3,3,3,3,2,2,2,1,2,2,1,2,1,2,2,2,1,2,1,2,1,2,1,2,2,2,2,2,1,3,3,3,3,3,3,3,3,2,3,2.468,2.518,2.468,2.468,2.468,2.493,2.393,2.468,Reasonably age-friendly,Reasonably age-friendly,Reasonably age-friendly,Reasonably age-friendly,Reasonably age-friendly,Reasonably age-friendly,Reasonably age-friendly,Reasonably age-friendly,Reasonably age-friendly,Reasonably age-friendly,Less age-friendly,campus,67.149,46:0,0,37,38,67.149,0
47,2.16,1.5,1.44,3,1.0,3.0,3,3,1,1.0,1,1,3,3,2,1,3,1,3,1.758,1.733,3.0,3.0,2.0,3.0,3,1,3,3,1,1,3,3,2,3,3,3,2,2,3,3,3,2,3,3,3,3,3,2,2,2,1,2,2,1,2,1,2,2,2,1,2,1,2,1,2,1,2,2,2,2,2,1,1,3,3,2,2,3,1,3,2,1,1.533,1.733,1.533,1.483,1.533,1.708,1.658,1.533,Reasonably age-friendly,Less age-friendly,Less age-friendly,Less age-friendly,Reasonably age-friendly,Reasonably age-friendly,Less age-friendly,Less age-friendly,Less age-friendly,Reasonably age-friendly,Less age-friendly,uncategorized,18.645,47:0,0,38,34,18.645,0
48,2.16,1.5,1.44,3,1.0,3.0,3,3,1,1.0,1,1,3,3,2,1,3,1,3,1.758,1.833,3.0,3.0,2.0,3.0,3,1,3,3,1,1,3,3,2,3,3,3,2,2,3,3,3,2,3,3,3,3,3,2,2,2,1,2,2,1,2,1,2,2,2,1,2,1,2,1,2,1,2,2,2,2,2,1,1,2,3,3,2,3,1,3,2,1,1.533,1.633,1.533,1.483,1.533,1.708,1.658,1.533,Reasonably age-friendly,Less age-friendly,Less age-friendly,Less age-friendly,Reasonably age-friendly,Reasonably age-friendly,Less age-friendly,Less age-friendly,Less age-friendly,Reasonably age-friendly,Less age-friendly,uncategorized,20.154,48:0,0,33,39,20.154,0
49,2.16,1.5,1.44,3,1.0,3.0,3,3,1,1.0,1,1,3,3,2,1,3,1,3,1.758,1.833,3.0,3.0,2.0,3.0,3,1,3,3,1,1,3,3,2,3,3,3,2,2,3,3,3,2,3,3,3,3,3,2,2,2,1,2,2,1,2,1,2,2,2,1,2,1,2,1,2,1,2,2,2,2,2,1,1,3,3,3,2,3,1,3,2,1,1.533,1.733,1.533,1.483,1.533,1.708,1.658,1.533,Reasonably age-friendly,Less age-friendly,Less age-friendly,Less age-friendly,Reasonably age-friendly,Reasonably age-friendly,Less age-friendly,Less age-friendly,Less age-friendly,Reasonably age-friendly,Less age-friendly,campus,26.539,49:0,0,39,38,26.539,0
50,2.16,1.5,1.44,3,1.0,3.0,3,3,1,1.0,1,1,3,3,2,1,3,1,3,1.758,1.733,3.0,3.0,2.0,3.0,3,1,3,3,1,1,3,3,2,3,3,3,2,2,3,3,3,2,3,3,3,3,3,2,2,2,1,2,2,1,2,1,2,2,2,1,2,1,2,1,2,1,2,2,2,2,2,1,1,2,3,2,2,3,1,3,2,1,1.533,1.633,1.533,1.483,1.533,1.708,1.658,1.533,Reasonably age-friendly,Less age-friendly,Less age-friendly,Less age-friendly,Reasonably age-friendly,Reasonably age-friendly,Less age-friendly,Less age-friendly,Less age-friendly,Reasonably age-friendly,Less age-friendly,uncategorized,32.566,50:0,0,38,33,32.566,0
51,2.16,1.5,1.44,3,1.0,3.0,3,3,1,1.0,1,1,3,3,2,1,3,1,3,1.758,1.733,3.0,3.0,2.0,3.0,3,1,3,3,1,1,3,3,2,3,3,3,2,2,3,3,3,2,3,3,3,3,3,2,2,2,1,2,2,1,2,1,2,2,2,1,2,1,2,1,2,1,2,2,2,2,2,1,1,3,3,2,2,3,1,3,2,1,1.533,1.733,1.533,1.483,1.533,1.708,1.658,1.533,Reasonably age-friendly,Less age-friendly,Less age-friendly,Less age-friendly,Reasonably age-friendly,Reasonably age-friendly,Less age-friendly,Less age-friendly,Less age-friendly,Reasonably age-friendly,Less age-friendly,uncategorized,34.128,51:0,0,39,34,34.128,0
52,2.6,2.0,1.3,3,3.0,3.0,3,3,3,1.0,3,3,1,1,3,1,3,3,3,1.76,1.635,3.0,3.0,2.0,3.0,3,2,3,3,2,3,3,3,1,3,3,1,1,1,3,3,1,1,3,3,3,3,3,2,2,2,1,2,2,1,2,1,2,2,2,1,2,1,2,1,2,1,2,2,2,2,2,1,3,3,3,3,3,3,3,2,3,3,1.585,1.685,1.585,1.635,1.585,1.61,1.56,1.585,Reasonably age-friendly,Less age-friendly,Less age-friendly,Less age-friendly,Reasonably age-friendly,Reasonably age-friendly,Less age-friendly,Less age-friendly,Less age-friendly,Reasonably age-friendly,Less age-friendly,campus,67.019,52:0,0,23,40,67.019,0
53,1.86,1.5,1.24,3,1.0,2.0,3,3,1,1.0,1,1,2,1,2,1,3,3,3,1.718,1.643,3.0,3.0,2.0,3.0,3,2,3,3,2,3,3,3,1,3,3,2,1,1,3,3,2,1,3,3,3,3,3,2,2,2,1,2,2,1,2,1,2,2,2,1,2,1,2,1,2,1,2,2,2,2,2,1,3,3,3,3,3,3,3,3,3,3,1.543,1.643,1.543,1.593,1.543,1.668,1.568,1.543,Reasonably age-friendly,Less age-friendly,Less age-friendly,Less age-friendly,Reasonably age-friendly,Reasonably age-friendly,Less age-friendly,Less age-friendly,Less age-friendly,Reasonably age-friendly,Less age-friendly,campus,7.775,53:0,0,40,41,7.775,0
54,2.68,1.0,2.68,3,3.0,3.0,3,3,3,2.0,3,3,2,1,1,1,3,3,3,2.726,2.651,3.0,3.0,2.0,3.0,3,2,3,3,2,3,3,3,1,3,3,2,1,1,3,3,2,1,3,3,3,3,3,2,2,2,1,2,2,1,2,1,2,2,2,1,2,1,2,1,2,1,2,2,2,2,2,1,2,3,3,3,3,3,3,3,3,3,2.551,2.651,2.551,2.601,2.551,2.676,2.576,2.551,More age-friendly,Reasonably age-friendly,Reasonably age-friendly,Reasonably age-friendly,More age-friendly,More age-friendly,Reasonably age-friendly,Reasonably age-friendly,Reasonably age-friendly,More age-friendly,Less age-friendly,campus,52.428,54:0,0,41,42,52.428,0
55,2.32,1.0,2.32,3,1.0,3.0,3,3,3,2.0,2,1,2,1,1,1,3,1,3,2.374,2.399,3.0,3.0,2.0,3.0,3,2,3,3,2,1,3,3,1,3,3,2,1,1,3,3,2,1,3,3,3,3,3,2,2,2,1,2,2,1,2,1,2,2,2,1,2,1,2,1,2,1,2,2,2,2,2,1,2,3,3,3,3,3,3,3,3,3,2.299,2.399,2.299,2.349,2.299,2.324,2.324,2.299,Reasonably age-friendly,Reasonably age-friendly,Reasonably age-friendly,Reasonably age-friendly,Reasonably age-friendly,Reasonably age-friendly,Reasonably age-friendly,Reasonably age-friendly,Reasonably age-friendly,Reasonably age-friendly,Less age-friendly,campus,16.532,55:0,0,42,43,16.532,0
56,2.68,1.0,2.68,3,3.0,3.0,3,3,3,2.0,3,3,2,1,1,1,3,2,3,2.676,2.651,3.0,3.0,2.0,3.0,3,2,3,3,2,2,3,3,1,3,3,2,1,1,3,3,2,1,3,3,3,3,3,2,2,2,1,2,2,1,2,1,2,2,2,1,2,1,2,1,2,1,2,2,2,2,2,1,2,3,3,3,3,3,3,3,3,3,2.551,2.651,2.551,2.601,2.551,2.626,2.576,2.551,More age-friendly,Reasonably age-friendly,Reasonably age-friendly,Reasonably age-friendly,More age-friendly,More age-friendly,Reasonably age-friendly,Reasonably age-friendly,Reasonably age-friendly,More age-friendly,Less age-friendly,campus,36.357,56:0,0,43,44,36.357,0
57,2.04,1.5,1.36,3,1.0,3.0,3,3,1,1.0,1,1,3,2,2,1,3,1,3,1.702,1.777,3.0,3.0,2.0,3.0,3,2,3,3,2,1,3,3,2,3,3,3,2,2,3,3,3,2,3,3,3,3,3,2,2,2,1,2,2,1,2,1,2,2,2,1,2,1,2,1,2,1,2,2,2,2,2,1,2,3,3,3,3,3,3,3,3,3,1.677,1.727,1.677,1.677,1.677,1.652,1.702,1.677,Reasonably age-friendly,Less age-friendly,Less age-friendly,Less age-friendly,Reasonably age-friendly,Reasonably age-friendly,Less age-friendly,Less age-friendly,Less age-friendly,Reasonably age-friendly,Less age-friendly,uncategorized,17.747,57:0,0,44,30,17.747,0
58,2.04,1.0,2.04,3,1.0,3.0,3,3,1,1.0,1,1,3,2,1,1,3,3,2,2.278,2.203,3.0,3.0,2.0,3.0,3,3,3,3,3,3,2,3,2,3,3,3,2,2,3,3,3,2,3,3,3,3,3,2,2,2,1,2,2,1,2,1,2,2,2,1,2,1,2,1,2,1,2,2,2,2,2,1,3,3,3,3,3,3,3,3,3,3,2.153,2.253,2.153,2.203,2.153,2.228,2.128,2.153,Reasonably age-friendly,Reasonably age-friendly,Reasonably age-friendly,Less age-friendly,Reasonably age-friendly,Reasonably age-friendly,Less age-friendly,Reasonably age-friendly,Less age-friendly,Reasonably age-friendly,Less age-friendly,campus,8.711,58:0,0,44,45,8.711,0
59,2.42,1.0,2.42,3,3.0,2.0,3,3,2,2.0,3,2,2,1,1,1,3,3,3,2.544,2.369,3.0,3.0,2.0,3.0,3,2,3,3,2,3,3,3,1,3,3,2,1,1,3,3,2,1,3,3,3,3,3,2,2,2,1,2,2,1,2,1,2,2,2,1,2,1,2,1,2,1,2,2,2,2,2,1,2,3,3,2,3,3,1,3,3,3,2.369,2.469,2.369,2.219,2.369,2.494,2.394,2.369,Reasonably age-friendly,Reasonably age-friendly,Reasonably age-friendly,Reasonably age-friendly,Reasonably age-friendly,Reasonably age-friendly,Less age-friendly,Reasonably age-friendly,Reasonably age-friendly,Reasonably age-friendly,Less age-friendly,campus,142.752,59:0,0,46,39,142.752,0
60,1.8,1.5,1.2,3,1.0,3.0,1,3,1,1.0,1,1,3,2,1,2,3,1,3,1.59,1.565,3.0,3.0,2.0,3.0,3,2,3,3,2,1,3,3,2,3,3,3,2,2,3,3,3,2,3,3,3,3,3,2,2,2,1,2,2,1,2,1,2,2,2,1,2,1,2,1,2,1,2,2,2,2,2,1,3,3,3,2,3,3,1,3,3,3,1.565,1.615,1.565,1.365,1.565,1.54,1.59,1.565,Reasonably age-friendly,Less age-friendly,Less age-friendly,Less age-friendly,Reasonably age-friendly,Reasonably age-friendly,Less age-friendly,Less age-friendly,Less age-friendly,Reasonably age-friendly,Less age-friendly,uncategorized,18.113,60:0,0,46,32,18.113,0
61,2.04,1.5,1.36,3,1.0,3.0,3,3,1,1.0,1,1,3,3,2,1,2,1,3,1.602,1.677,3.0,3.0,2.0,3.0,3,1,3,3,1,1,3,3,2,3,3,3,2,2,3,3,3,2,3,3,3,3,3,2,2,2,1,2,2,1,2,1,2,2,2,1,2,1,2,1,2,1,2,2,2,2,2,1,3,1,2,2,1,2,2,3,2,3,1.677,1.477,1.677,1.527,1.677,1.652,1.602,1.677,Reasonably age-friendly,Less age-friendly,Less age-friendly,Less age-friendly,Reasonably age-friendly,Reasonably age-friendly,Less age-friendly,Less age-friendly,Less age-friendly,Reasonably age-friendly,Less age-friendly,uncategorized,35.092,61:0,0,2,4,35.092,0
62,2.68,1.0,2.68,3,3.0,3.0,3,3,3,3.0,3,2,2,3,1,1,1,2,1,2.576,2.451,3.0,3.0,2.0,3.0,3,3,3,3,3,2,1,3,1,3,3,2,1,1,3,3,2,1,3,3,3,3,3,2,2,2,1,2,2,1,2,1,2,2,2,1,2,1,2,1,2,1,2,2,2,2,2,1,3,3,2,2,1,3,2,3,2,3,2.551,2.701,2.551,2.551,2.551,2.626,2.376,2.551,More age-friendly,More age-friendly,More age-friendly,Reasonably age-friendly,More age-friendly,More age-friendly,More age-friendly,More age-friendly,Reasonably age-friendly,More age-friendly,More age-friendly,residential,42.996,62:0,0,2,47,42.996,0
63,2.04,1.5,1.36,3,1.0,3.0,3,3,1,1.0,1,1,3,3,2,1,2,1,3,1.602,1.677,3.0,3.0,2.0,3.0,3,3,3,3,3,1,3,3,2,3,3,3,2,2,3,3,3,2,3,3,3,3,3,2,2,2,1,2,2,1,2,1,2,2,2,1,2,1,2,1,2,1,2,2,2,2,2,1,3,3,2,2,1,3,2,3,2,3,1.677,1.777,1.677,1.627,1.677,1.652,1.602,1.677,Reasonably age-friendly,Reasonably age-friendly,Less age-friendly,Less age-friendly,Reasonably age-friendly,Reasonably age-friendly,Less age-friendly,Less age-friendly,Less age-friendly,Reasonably age-friendly,Less age-friendly,residential,19.97,63:0,0,0,47,19.97,0
64,1.92,1.5,1.28,3,1.0,3.0,3,3,1,1.0,1,1,3,3,2,1,1,1,3,1.646,1.721,3.0,3.0,2.0,3.0,3,1,3,3,1,1,3,3,2,3,3,3,2,2,3,3,3,2,3,3,3,3,3,2,2,2,1,2,2,1,2,1,2,2,2,1,2,1,2,1,2,1,2,2,2,2,2,1,2,3,3,3,3,3,3,3,3,3,1.621,1.621,1.621,1.571,1.621,1.596,1.646,1.621,Reasonably age-friendly,Reasonably age-friendly,Reasonably age-friendly,Reasonably age-friendly,Reasonably age-friendly,Reasonably age-friendly,Reasonably age-friendly,Reasonably age-friendly,Reasonably age-friendly,Reasonably age-friendly,Less age-friendly,uncategorized,19.232,64:0,0,42,28,19.232,0
65,1.8,1.0,1.8,3,1.0,3.0,3,3,1,1.0,1,1,3,2,1,1,1,3,3,2.11,2.085,3.0,3.0,2.0,3.0,3,2,3,3,2,3,3,3,2,3,3,3,2,2,3,3,3,2,3,3,3,3,3,2,2,2,1,2,2,1,2,1,2,2,2,1,2,1,2,1,2,1,2,2,2,2,2,1,2,3,3,3,3,3,3,3,3,3,1.985,2.035,1.985,1.985,1.985,2.06,2.01,1.985,Reasonably age-friendly,Reasonably age-friendly,Reasonably age-friendly,Reasonably age-friendly,Reasonably age-friendly,Reasonably age-friendly,Reasonably age-friendly,Reasonably age-friendly,Reasonably age-friendly,Reasonably age-friendly,Reasonably age-friendly,uncategorized,18.583,65:0,0,43,29,18.583,0
66,1.97,1.5,1.313,3,2.5,3.0,2,2,2,3.0,1,1,3,1,1,2,2,3,3,1.769,1.744,3.0,3.0,2.0,3.0,3,3,3,3,3,3,3,3,2,3,3,3,2,2,3,3,3,2,3,3,3,3,3,2,2,2,1,2,2,1,2,1,2,2,2,1,2,1,2,1,2,1,2,2,2,2,2,1,2,3,3,3,3,3,3,3,3,3,1.644,1.744,1.644,1.694,1.644,1.719,1.669,1.644,Reasonably age-friendly,Reasonably age-friendly,Reasonably age-friendly,Reasonably age-friendly,Reasonably age-friendly,Reasonably age-friendly,Reasonably age-friendly,Reasonably age-friendly,Reasonably age-friendly,Reasonably age-friendly,Less age-friendly,residential,80.474,66:0,0,48,33,80.474,0
67,2.03,1.0,2.03,3,2.5,2.0,3,3,2,2.0,1,1,2,1,1,1,2,3,3,2.271,2.096,3.0,3.0,2.0,3.0,3,3,3,3,3,3,3,3,1,3,3,2,1,1,3,3,2,1,3,3,3,3,3,2,2,2,1,2,2,1,2,1,2,2,2,1,2,1,2,1,2,1,2,2,2,2,2,1,3,3,3,2,3,3,3,3,3,3,2.096,2.246,2.096,2.196,2.096,2.221,2.121,2.096,Reasonably age-friendly,Reasonably age-friendly,Reasonably age-friendly,Reasonably age-friendly,Reasonably age-friendly,Reasonably age-friendly,Reasonably age-friendly,Reasonably age-friendly,Reasonably age-friendly,Reasonably age-friendly,Less age-friendly,residential,16.72,67:0,0,49,48,16.72,0
68,2.26,1.5,1.507,3,2.5,2.5,3,3,2,2.5,2,2,2,1,2,1,2,3,3,1.905,1.73,3.0,3.0,2.0,3.0,3,3,3,3,3,3,3,3,1,3,3,2,1,1,3,3,2,1,3,3,3,3,3,2,2,2,1,2,2,1,2,1,2,2,2,1,2,1,2,1,2,1,2,2,2,2,2,1,3,3,3,2,3,3,1,3,3,3,1.73,1.88,1.73,1.63,1.73,1.855,1.755,1.73,Reasonably age-friendly,Reasonably age-friendly,Reasonably age-friendly,Less age-friendly,Reasonably age-friendly,Reasonably age-friendly,Less age-friendly,Reasonably age-friendly,Less age-friendly,Reasonably age-friendly,Less age-friendly,residential,44.79,68:0,0,50,49,44.79,0
69,2.34,1.0,2.34,3,3.0,2.0,3,3,2,2.0,3,1,2,1,1,1,3,3,3,2.488,2.413,3.0,3.0,2.0,3.0,3,2,3,3,2,3,3,3,1,3,3,2,1,1,3,3,2,1,3,3,3,3,3,2,2,2,1,2,2,1,2,1,2,2,2,1,2,1,2,1,2,1,2,2,2,2,2,1,3,3,3,3,3,3,1,3,3,3,2.313,2.413,2.313,2.163,2.313,2.438,2.338,2.313,Reasonably age-friendly,Reasonably age-friendly,Reasonably age-friendly,Reasonably age-friendly,Reasonably age-friendly,Reasonably age-friendly,Less age-friendly,Reasonably age-friendly,Reasonably age-friendly,Reasonably age-friendly,Less age-friendly,campus,16.463,69:0,0,51,46,16.463,0
70,2.04,1.0,2.04,3,1.0,3.0,3,3,1,1.0,1,1,3,2,1,1,3,3,2,2.278,2.203,3.0,3.0,2.0,3.0,3,3,3,3,3,3,2,3,2,3,3,3,2,2,3,3,3,2,3,3,3,3,3,2,2,2,1,2,2,1,2,1,2,2,2,1,2,1,2,1,2,1,2,2,2,2,2,1,3,3,3,3,3,3,3,3,3,3,2.153,2.253,2.153,2.203,2.153,2.228,2.128,2.153,Reasonably age-friendly,Reasonably age-friendly,Reasonably age-friendly,Less age-friendly,Reasonably age-friendly,Reasonably age-friendly,Less age-friendly,Reasonably age-friendly,Less age-friendly,Reasonably age-friendly,Less age-friendly,campus,7.418,70:0,0,52,51,7.418,0
71,2.04,1.0,2.04,3,1.0,3.0,3,3,1,1.0,1,1,3,2,1,1,3,3,2,2.278,2.203,3.0,3.0,2.0,3.0,3,3,3,3,3,3,2,3,2,3,3,3,2,2,3,3,3,2,3,3,3,3,3,2,2,2,1,2,2,1,2,1,2,2,2,1,2,1,2,1,2,1,2,2,2,2,2,1,3,3,3,3,3,3,3,3,3,3,2.153,2.253,2.153,2.203,2.153,2.228,2.128,2.153,Reasonably age-friendly,Reasonably age-friendly,Reasonably age-friendly,Less age-friendly,Reasonably age-friendly,Reasonably age-friendly,Less age-friendly,Reasonably age-friendly,Less age-friendly,Reasonably age-friendly,Less age-friendly,campus,5.843,71:0,0,45,52,5.843,0
72,2.72,1.0,2.72,3,3.0,3.0,3,3,3,2.0,3,2,2,2,1,1,3,1,3,2.654,2.679,3.0,3.0,2.0,3.0,3,2,3,3,2,1,3,3,1,3,3,2,1,1,3,3,2,1,3,3,3,3,3,2,2,2,1,2,2,1,2,1,2,2,2,1,2,1,2,1,2,1,2,2,2,2,2,1,2,3,3,3,2,3,3,3,3,3,2.579,2.679,2.579,2.629,2.579,2.604,2.604,2.579,More age-friendly,Reasonably age-friendly,Reasonably age-friendly,Reasonably age-friendly,More age-friendly,More age-friendly,Reasonably age-friendly,Reasonably age-friendly,Reasonably age-friendly,More age-friendly,Less age-friendly,campus,69.491,72:0,0,39,53,69.491,0
73,2.69,1.0,2.69,3,3.0,2.5,3,3,2,3.0,3,1,2,3,1,1,3,1,3,2.633,2.658,3.0,3.0,2.0,3.0,3,2,3,3,2,1,3,3,1,3,3,2,1,1,3,3,2,1,3,3,3,3,3,2,2,2,1,2,2,1,2,1,2,2,2,1,2,1,2,1,2,1,2,2,2,2,2,1,3,3,3,3,3,3,3,3,2,3,2.558,2.658,2.558,2.608,2.558,2.583,2.483,2.558,More age-friendly,Reasonably age-friendly,Reasonably age-friendly,Reasonably age-friendly,More age-friendly,More age-friendly,Reasonably age-friendly,Reasonably age-friendly,Reasonably age-friendly,More age-friendly,Less age-friendly,campus,97.686,73:0,0,53,54,97.686,0
74,2.72,1.0,2.72,3,3.0,3.0,3,3,2,3.0,3,1,2,3,1,1,3,3,3,2.754,2.679,3.0,3.0,2.0,3.0,3,3,3,3,3,3,3,3,1,3,3,2,1,1,3,3,2,1,3,3,3,3,3,2,2,2,1,2,2,1,2,1,2,2,2,1,2,1,2,1,2,1,2,2,2,2,2,1,3,3,3,3,3,3,3,2,3,3,2.579,2.729,2.579,2.679,2.579,2.604,2.604,2.579,More age-friendly,Reasonably age-friendly,Reasonably age-friendly,Reasonably age-friendly,More age-friendly,More age-friendly,Reasonably age-friendly,Reasonably age-friendly,Reasonably age-friendly,More age-friendly,Less age-friendly,campus,15.295,74:0,0,55,56,15.295,0
75,2.5,1.0,2.5,3,3.0,2.0,3,3,2,3.0,3,2,2,1,1,1,3,3,3,2.6,2.525,3.0,3.0,2.0,3.0,3,1,3,3,1,3,3,3,1,3,3,2,1,1,3,3,2,1,3,3,3,3,3,2,2,2,1,2,2,1,2,1,2,2,2,1,2,1,2,1,2,1,2,2,2,2,2,1,3,3,3,3,3,3,2,3,3,3,2.425,2.475,2.425,2.325,2.425,2.55,2.45,2.425,Reasonably age-friendly,Reasonably age-friendly,Reasonably age-friendly,Reasonably age-friendly,Reasonably age-friendly,Reasonably age-friendly,Less age-friendly,Reasonably age-friendly,Reasonably age-friendly,Reasonably age-friendly,Less age-friendly,campus,243.342,75:0,0,57,58,243.342,0
76,2.28,1.0,2.28,3,3.0,3.0,3,3,2,3.0,2,1,2,1,1,1,2,3,3,2.446,2.371,3.0,3.0,2.0,3.0,3,2,3,3,2,3,3,3,1,3,3,2,1,1,3,3,2,1,3,3,3,3,3,2,2,2,1,2,2,1,2,1,2,2,2,1,2,1,2,1,2,1,2,2,2,2,2,1,3,3,3,3,3,3,3,3,3,3,2.271,2.371,2.271,2.321,2.271,2.396,2.296,2.271,Reasonably age-friendly,Reasonably age-friendly,Reasonably age-friendly,Reasonably age-friendly,Reasonably age-friendly,Reasonably age-friendly,Reasonably age-friendly,Reasonably age-friendly,Reasonably age-friendly,Reasonably age-friendly,Reasonably age-friendly,campus,58.276,76:0,0,58,59,58.276,0
77,2.16,1.5,1.44,3,1.0,3.0,3,3,1,1.0,1,1,3,3,2,1,3,1,3,1.558,1.733,3.0,3.0,2.0,3.0,3,1,3,3,1,1,3,3,2,3,3,3,2,2,3,3,3,2,3,3,3,3,3,2,2,2,1,2,2,1,2,1,2,2,2,1,2,1,2,1,2,1,2,2,2,2,2,1,3,3,1,2,3,1,1,2,3,3,1.733,1.733,1.733,1.483,1.733,1.608,1.758,1.733,Reasonably age-friendly,Less age-friendly,Less age-friendly,Less age-friendly,Reasonably age-friendly,Reasonably age-friendly,Less age-friendly,Less age-friendly,Less age-friendly,Reasonably age-friendly,Less age-friendly,campus,27.601,77:0,0,58,60,27.601,0
78,2.84,1.0,2.84,3,3.0,3.0,3,3,3,3.0,3,1,2,3,1,1,3,2,3,2.788,2.763,3.0,3.0,2.0,3.0,3,1,3,3,1,2,3,3,1,3,3,2,1,1,3,3,2,1,3,3,3,3,3,2,2,2,1,2,2,1,2,1,2,2,2,1,2,1,2,1,2,1,2,2,2,2,2,1,3,3,3,3,3,3,3,2,3,3,2.663,2.713,2.663,2.663,2.663,2.638,2.688,2.663,More age-friendly,Reasonably age-friendly,Reasonably age-friendly,Reasonably age-friendly,More age-friendly,More age-friendly,Reasonably age-friendly,Reasonably age-friendly,Reasonably age-friendly,More age-friendly,Less age-friendly,campus,53.149,78:0,0,56,61,53.149,0
79,2.72,1.0,2.72,3,3.0,3.0,3,3,2,3.0,3,1,2,3,1,1,3,2,3,2.704,2.679,3.0,3.0,2.0,3.0,3,1,3,3,1,2,3,3,1,3,3,2,1,1,3,3,2,1,3,3,3,3,3,2,2,2,1,2,2,1,2,1,2,2,2,1,2,1,2,1,2,1,2,2,2,2,2,1,3,3,3,3,3,3,1,2,3,3,2.579,2.629,2.579,2.379,2.579,2.554,2.604,2.579,More age-friendly,Reasonably age-friendly,Reasonably age-friendly,Reasonably age-friendly,More age-friendly,More age-friendly,Less age-friendly,Reasonably age-friendly,Reasonably age-friendly,More age-friendly,Less age-friendly,campus,104.033,79:0,0,62,60,104.033,0
80,2.56,1.0,2.56,2,3.0,3.0,3,3,3,2.0,2,2,2,2,1,1,3,2,3,2.592,2.567,3.0,3.0,2.0,3.0,3,2,3,3,2,2,3,3,1,3,3,2,1,1,3,3,2,1,3,3,3,3,3,2,2,2,1,2,2,1,2,1,2,2,2,1,2,1,2,1,2,1,2,2,2,2,2,1,3,3,3,3,3,3,3,3,3,3,2.467,2.567,2.467,2.517,2.467,2.542,2.492,2.467,Reasonably age-friendly,Less age-friendly,Reasonably age-friendly,Less age-friendly,Reasonably age-friendly,Reasonably age-friendly,Less age-friendly,Less age-friendly,Less age-friendly,Reasonably age-friendly,Less age-friendly,campus,153.282,80:0,0,60,63,153.282,0
81,2.16,1.5,1.44,3,1.0,3.0,3,3,2,1.0,1,1,2,2,2,1,3,3,3,1.858,1.783,3.0,3.0,2.0,3.0,3,2,3,3,2,3,3,3,1,3,3,2,1,1,3,3,2,1,3,3,3,3,3,2,2,2,1,2,2,1,2,1,2,2,2,1,2,1,2,1,2,1,2,2,2,2,2,1,3,3,3,3,3,2,3,3,3,3,1.683,1.783,1.683,1.733,1.683,1.808,1.708,1.683,Reasonably age-friendly,Less age-friendly,Less age-friendly,Less age-friendly,Reasonably age-friendly,Reasonably age-friendly,Less age-friendly,Less age-friendly,Less age-friendly,Reasonably age-friendly,Less age-friendly,campus,20.12,81:0,0,63,64,20.12,0
82,2.72,1.0,2.72,2,3.0,3.0,3,3,2,3.0,3,2,2,3,1,1,3,2,3,2.704,2.679,3.0,3.0,2.0,3.0,3,2,3,3,2,2,3,3,1,3,3,2,1,1,3,3,2,1,3,3,3,3,3,2,2,2,1,2,2,1,2,1,2,2,2,1,2,1,2,1,2,1,2,2,2,2,2,1,3,3,3,3,3,3,3,3,3,3,2.579,2.679,2.579,2.629,2.579,2.654,2.604,2.579,More age-friendly,Reasonably age-friendly,Reasonably age-friendly,Reasonably age-friendly,More age-friendly,More age-friendly,Reasonably age-friendly,Reasonably age-friendly,Reasonably age-friendly,More age-friendly,Less age-friendly,campus,186.942,82:0,0,64,65,186.942,0
83,2.16,1.5,1.44,3,1.0,3.0,3,3,1,1.0,1,1,3,3,2,1,3,1,3,1.558,1.733,3.0,3.0,2.0,3.0,3,1,3,3,1,1,3,3,2,3,3,3,2,2,3,3,3,2,3,3,3,3,3,2,2,2,1,2,2,1,2,1,2,2,2,1,2,1,2,1,2,1,2,2,2,2,2,1,3,2,1,2,3,1,1,3,3,3,1.733,1.633,1.733,1.483,1.733,1.708,1.758,1.733,Reasonably age-friendly,Less age-friendly,Less age-friendly,Less age-friendly,Reasonably age-friendly,Reasonably age-friendly,Less age-friendly,Less age-friendly,Less age-friendly,Reasonably age-friendly,Less age-friendly,uncategorized,38.036,83:0,0,58,66,38.036,0
84,2.48,1.0,2.48,3,3.0,3.0,3,3,3,3.0,3,1,1,1,1,1,2,3,1,2.486,2.361,3.0,3.0,2.0,3.0,3,1,3,3,1,3,1,3,1,3,3,1,1,1,3,3,1,1,3,3,3,3,3,2,2,2,1,2,2,1,2,1,2,2,2,1,2,1,2,1,2,1,2,2,2,2,2,1,3,3,2,3,3,3,2,3,3,3,2.411,2.461,2.411,2.311,2.411,2.536,2.286,2.411,Reasonably age-friendly,Reasonably age-friendly,Reasonably age-friendly,Reasonably age-friendly,Reasonably age-friendly,Reasonably age-friendly,Reasonably age-friendly,Reasonably age-friendly,Reasonably age-friendly,Reasonably age-friendly,Reasonably age-friendly,residential,69.648,84:0,0,66,67,69.648,0
85,2.16,1.5,1.44,3,1.0,3.0,3,3,1,1.0,1,1,3,3,2,1,3,1,3,1.558,1.733,3.0,3.0,2.0,3.0,3,1,3,3,1,1,3,3,2,3,3,3,2,2,3,3,3,2,3,3,3,3,3,2,2,2,1,2,2,1,2,1,2,2,2,1,2,1,2,1,2,1,2,2,2,2,2,1,3,2,1,2,3,1,1,3,3,3,1.733,1.633,1.733,1.483,1.733,1.708,1.758,1.733,Reasonably age-friendly,Less age-friendly,Less age-friendly,Less age-friendly,Reasonably age-friendly,Reasonably age-friendly,Less age-friendly,Less age-friendly,Less age-friendly,Reasonably age-friendly,Less age-friendly,uncategorized,26.389,85:0,0,66,68,26.389,0
86,2.16,1.5,1.44,3,1.0,3.0,3,3,1,1.0,1,1,3,3,2,1,3,1,3,1.758,1.733,3.0,3.0,2.0,3.0,3,1,3,3,1,1,3,3,2,3,3,3,2,2,3,3,3,2,3,3,3,3,3,2,2,2,1,2,2,1,2,1,2,2,2,1,2,1,2,1,2,1,2,2,2,2,2,1,1,3,3,2,3,1,1,2,3,3,1.733,1.733,1.733,1.483,1.733,1.608,1.758,1.733,Reasonably age-friendly,Less age-friendly,Less age-friendly,Less age-friendly,Reasonably age-friendly,Reasonably age-friendly,Less age-friendly,Less age-friendly,Less age-friendly,Reasonably age-friendly,Less age-friendly,uncategorized,38.278,86:0,0,68,60,38.278,0
87,2.92,1.0,2.92,3,3.0,3.0,3,3,3,3.0,3,2,2,3,1,1,3,1,3,2.794,2.719,3.0,3.0,2.0,3.0,3,2,3,3,2,1,3,3,1,3,3,2,1,1,3,3,2,1,3,3,3,3,3,2,2,2,1,2,2,1,2,1,2,2,2,1,2,1,2,1,2,1,2,2,2,2,2,1,3,3,3,2,2,2,3,3,3,3,2.719,2.819,2.719,2.769,2.719,2.744,2.744,2.719,More age-friendly,Reasonably age-friendly,Reasonably age-friendly,Reasonably age-friendly,More age-friendly,More age-friendly,Reasonably age-friendly,Reasonably age-friendly,Reasonably age-friendly,More age-friendly,Less age-friendly,hospital,82.145,87:0,0,68,69,82.145,0
88,2.34,1.0,2.34,2,3.0,2.0,3,3,2,3.0,2,2,2,1,1,1,3,2,3,2.438,2.413,3.0,3.0,2.0,3.0,3,1,3,3,1,2,3,3,1,3,3,2,1,1,3,3,2,1,3,3,3,3,3,2,2,2,1,2,2,1,2,1,2,2,2,1,2,1,2,1,2,1,2,2,2,2,2,1,3,3,3,3,3,1,2,3,3,3,2.313,2.363,2.313,2.213,2.313,2.388,2.338,2.313,Reasonably age-friendly,Reasonably age-friendly,Reasonably age-friendly,Reasonably age-friendly,Reasonably age-friendly,Reasonably age-friendly,Less age-friendly,Reasonably age-friendly,Reasonably age-friendly,Reasonably age-friendly,Less age-friendly,hospital,153.106,88:0,0,68,70,153.106,0
89,2.16,1.5,1.44,3,1.0,3.0,3,3,1,1.0,1,1,3,3,2,1,3,1,3,1.758,1.833,3.0,3.0,2.0,3.0,3,1,3,3,1,1,3,3,2,3,3,3,2,2,3,3,3,2,3,3,3,3,3,2,2,2,1,2,2,1,2,1,2,2,2,1,2,1,2,1,2,1,2,2,2,2,2,1,3,3,3,3,3,2,2,3,3,3,1.733,1.733,1.733,1.583,1.733,1.708,1.758,1.733,Reasonably age-friendly,Less age-friendly,Less age-friendly,Less age-friendly,Reasonably age-friendly,Reasonably age-friendly,Less age-friendly,Less age-friendly,Less age-friendly,Reasonably age-friendly,Less age-friendly,uncategorized,36.515,89:0,0,70,63,36.515,0
90,2.16,1.5,1.44,3,1.0,3.0,3,3,1,1.0,1,1,3,3,2,1,3,1,3,1.758,1.833,3.0,3.0,2.0,3.0,3,1,3,3,1,1,3,3,2,3,3,3,2,2,3,3,3,2,3,3,3,3,3,2,2,2,1,2,2,1,2,1,2,2,2,1,2,1,2,1,2,1,2,2,2,2,2,1,3,3,3,3,3,2,2,3,3,3,1.733,1.733,1.733,1.583,1.733,1.708,1.758,1.733,Reasonably age-friendly,Less age-friendly,Less age-friendly,Less age-friendly,Reasonably age-friendly,Reasonably age-friendly,Less age-friendly,Less age-friendly,Less age-friendly,Reasonably age-friendly,Less age-friendly,uncategorized,35.895,90:0,0,64,71,35.895,0
91,2.2,1.5,1.467,3,1.0,3.0,3,3,1,3.0,1,1,3,2,2,1,3,1,3,1.777,1.852,3.0,3.0,2.0,3.0,3,1,3,3,1,1,3,3,2,3,3,3,2,2,3,3,3,2,3,3,3,3,3,2,2,2,1,2,2,1,2,1,2,2,2,1,2,1,2,1,2,1,2,2,2,2,2,1,3,3,3,3,3,2,2,2,2,2,1.652,1.752,1.652,1.602,1.652,1.627,1.677,1.652,Reasonably age-friendly,Less age-friendly,Less age-friendly,Less age-friendly,Reasonably age-friendly,Reasonably age-friendly,Less age-friendly,Less age-friendly,Less age-friendly,Reasonably age-friendly,Less age-friendly,hospital,20.232,91:0,0,71,70,20.232,0
92,2.49,1.0,2.49,2,3.0,2.5,3,3,2,3.0,3,1,2,2,1,1,3,1,3,2.493,2.518,3.0,3.0,2.0,3.0,3,2,3,3,2,1,3,3,1,3,3,2,1,1,3,3,2,1,3,3,3,3,3,2,2,2,1,2,2,1,2,1,2,2,2,1,2,1,2,1,2,1,2,2,2,2,2,1,3,3,3,3,3,2,2,2,2,2,2.318,2.518,2.318,2.368,2.318,2.343,2.343,2.318,Reasonably age-friendly,Reasonably age-friendly,Reasonably age-friendly,Reasonably age-friendly,Reasonably age-friendly,Reasonably age-friendly,Reasonably age-friendly,Less age-friendly,Less age-friendly,Reasonably age-friendly,Less age-friendly,hospital,137.223,92:0,0,71,72,137.223,0
93,1.96,1.5,1.307,3,1.0,3.0,3,3,1,3.0,1,1,3,2,2,1,1,1,2,1.665,1.69,3.0,3.0,2.0,3.0,3,1,3,3,1,1,2,3,2,3,3,3,2,2,3,3,3,2,3,3,3,3,3,2,2,2,1,2,2,1,2,1,2,2,2,1,2,1,2,1,2,1,2,2,2,2,2,1,3,3,3,3,3,2,2,2,2,2,1.54,1.64,1.54,1.49,1.54,1.515,1.515,1.54,Reasonably age-friendly,Reasonably age-friendly,Reasonably age-friendly,Reasonably age-friendly,Reasonably age-friendly,Reasonably age-friendly,Less age-friendly,Reasonably age-friendly,Reasonably age-friendly,Reasonably age-friendly,Less age-friendly,hospital,13.334,93:0,0,72,73,13.334,0
94,2.16,1.5,1.44,3,1.0,3.0,3,3,1,1.0,1,1,3,3,2,1,3,1,2,1.758,1.683,3.0,3.0,2.0,3.0,3,1,3,3,1,1,2,3,2,3,3,3,2,2,3,3,3,2,3,3,3,3,3,2,2,2,1,2,2,1,2,1,2,2,2,1,2,1,2,1,2,1,2,2,2,2,2,1,2,2,3,2,3,3,2,2,2,2,1.633,1.633,1.633,1.583,1.633,1.608,1.608,1.633,Reasonably age-friendly,Less age-friendly,Less age-friendly,Less age-friendly,Reasonably age-friendly,Reasonably age-friendly,Less age-friendly,Less age-friendly,Less age-friendly,Reasonably age-friendly,Less age-friendly,uncategorized,36.374,94:0,0,74,65,36.374,0
95,2.68,1.0,2.68,3,3.0,3.0,3,3,3,1.5,3,2,3,2,1,1,3,3,3,2.726,2.701,3.0,3.0,2.0,3.0,3,1,3,3,1,3,3,3,2,3,3,3,2,2,3,3,3,2,3,3,3,3,3,2,2,2,1,2,2,1,2,1,2,2,2,1,2,1,2,1,2,1,2,2,2,2,2,1,3,3,3,3,3,3,2,2,2,2,2.501,2.601,2.501,2.451,2.501,2.576,2.526,2.501,More age-friendly,Reasonably age-friendly,Reasonably age-friendly,Reasonably age-friendly,More age-friendly,More age-friendly,Reasonably age-friendly,Reasonably age-friendly,Reasonably age-friendly,More age-friendly,Less age-friendly,residential,18.371,95:0,0,75,76,18.371,0
96,2.24,1.5,1.493,3,1.0,3.0,3,3,1,1.0,2,1,3,3,2,1,3,1,3,1.695,1.77,3.0,3.0,2.0,3.0,3,1,3,3,1,1,3,3,2,3,3,3,2,2,3,3,3,2,3,3,3,3,3,2,2,2,1,2,2,1,2,1,2,2,2,1,2,1,2,1,2,1,2,2,2,2,2,1,2,2,2,2,2,3,1,2,2,1,1.57,1.67,1.57,1.52,1.57,1.645,1.695,1.57,Reasonably age-friendly,Less age-friendly,Less age-friendly,Less age-friendly,Reasonably age-friendly,Reasonably age-friendly,Less age-friendly,Less age-friendly,Less age-friendly,Reasonably age-friendly,Less age-friendly,uncategorized,53.593,96:0,0,75,77,53.593,0
97,2.1,1.0,2.1,3,3.0,2.0,3,3,3,1.5,2,1,3,1,1,1,1,1,3,2.22,2.295,3.0,3.0,2.0,3.0,3,1,3,3,1,1,3,3,2,3,3,3,2,2,3,3,3,2,3,3,3,3,3,2,2,2,1,2,2,1,2,1,2,2,2,1,2,1,2,1,2,1,2,2,2,2,2,1,3,3,3,3,3,3,2,3,2,3,2.195,2.195,2.195,2.045,2.195,2.17,2.12,2.195,Reasonably age-friendly,Reasonably age-friendly,Reasonably age-friendly,Reasonably age-friendly,Reasonably age-friendly,Reasonably age-friendly,Reasonably age-friendly,Reasonably age-friendly,Reasonably age-friendly,Reasonably age-friendly,Reasonably age-friendly,residential,22.467,97:0,0,77,78,22.467,0
98,2.16,1.5,1.44,3,1.0,3.0,3,3,1,1.0,1,1,3,3,2,1,3,1,3,1.658,1.833,3.0,3.0,2.0,3.0,3,1,3,3,1,1,3,3,2,3,3,3,2,2,3,3,3,2,3,3,3,3,3,2,2,2,1,2,2,1,2,1,2,2,2,1,2,1,2,1,2,1,2,2,2,2,2,1,2,3,2,3,2,3,3,2,2,1,1.533,1.733,1.533,1.683,1.533,1.608,1.658,1.533,Reasonably age-friendly,Less age-friendly,Less age-friendly,Less age-friendly,Reasonably age-friendly,Reasonably age-friendly,Less age-friendly,Less age-friendly,Less age-friendly,Reasonably age-friendly,Less age-friendly,residential,24.806,98:0,0,77,79,24.806,0
99,2.24,1.5,1.493,3,1.0,3.0,3,3,1,1.0,2,1,3,3,2,1,3,1,3,1.695,1.87,3.0,3.0,2.0,3.0,3,1,3,3,1,1,3,3,2,3,3,3,2,2,3,3,3,2,3,3,3,3,3,2,2,2,1,2,2,1,2,1,2,2,2,1,2,1,2,1,2,1,2,2,2,2,2,1,2,3,2,3,2,2,1,2,2,1,1.57,1.77,1.57,1.52,1.57,1.645,1.695,1.57,Reasonably age-friendly,Less age-friendly,Less age-friendly,Less age-friendly,Reasonably age-friendly,Reasonably age-friendly,Less age-friendly,Less age-friendly,Less age-friendly,Reasonably age-friendly,Less age-friendly,uncategorized,57.687,99:0,0,79,80,57.687,0
100,2.16,1.5,1.44,3,1.0,3.0,3,3,1,1.0,1,1,3,3,2,1,3,1,3,1.658,1.833,3.0,3.0,2.0,3.0,3,1,3,3,1,1,3,3,2,3,3,3,2,2,3,3,3,2,3,3,3,3,3,2,2,2,1,2,2,1,2,1,2,2,2,1,2,1,2,1,2,1,2,2,2,2,2,1,2,3,2,3,2,2,1,2,2,1,1.533,1.733,1.533,1.483,1.533,1.608,1.658,1.533,Reasonably age-friendly,Less age-friendly,Less age-friendly,Less age-friendly,Reasonably age-friendly,Reasonably age-friendly,Less age-friendly,Less age-friendly,Less age-friendly,Reasonably age-friendly,Less age-friendly,uncategorized,24.489,100:0,0,80,75,24.489,0
105,2.19,1.0,2.19,2,3.0,1.5,3,3,2,3.0,3,1,2,1,1,1,2,3,3,2.383,2.308,3.0,3.0,2.0,3.0,3,2,3,3,2,3,3,3,1,3,3,2,1,1,3,3,2,1,3,3,3,3,3,2,2,2,1,2,2,1,2,1,2,2,2,1,2,1,2,1,2,1,2,2,2,2,2,1,3,3,3,3,3,3,3,1,3,3,2.208,2.308,2.208,2.258,2.208,2.133,2.233,2.208,Reasonably age-friendly,Reasonably age-friendly,Reasonably age-friendly,Reasonably age-friendly,Reasonably age-friendly,Reasonably age-friendly,Reasonably age-friendly,Reasonably age-friendly,Reasonably age-friendly,Reasonably age-friendly,Less age-friendly,residential,40.083,105:0,0,81,82,40.083,0
106,1.8,1.5,1.2,3,1.0,3.0,3,3,1,1.0,1,1,3,2,2,1,1,3,3,1.69,1.465,3.0,3.0,2.0,3.0,3,3,3,3,3,3,3,3,2,3,3,3,2,2,3,3,3,2,3,3,3,3,3,2,2,2,1,2,2,1,2,1,2,2,2,1,2,1,2,1,2,1,2,2,2,2,2,1,2,3,3,1,3,3,2,1,2,3,1.565,1.665,1.565,1.515,1.565,1.44,1.49,1.565,Reasonably age-friendly,Reasonably age-friendly,Reasonably age-friendly,Less age-friendly,Reasonably age-friendly,Reasonably age-friendly,Reasonably age-friendly,Less age-friendly,Less age-friendly,Reasonably age-friendly,Less age-friendly,residential,12.606,106:0,0,82,83,12.606,0
107,2.53,1.0,2.53,3,3.0,2.5,3,3,2,3.0,3,2,2,1,1,1,3,3,3,2.521,2.546,3.0,3.0,2.0,3.0,3,1,3,3,1,3,3,3,1,3,3,2,1,1,3,3,2,1,3,3,3,3,3,2,2,2,1,2,2,1,2,1,2,2,2,1,2,1,2,1,2,1,2,2,2,2,2,1,1,3,2,3,3,3,3,3,3,3,2.446,2.496,2.446,2.446,2.446,2.571,2.471,2.446,Reasonably age-friendly,Reasonably age-friendly,Reasonably age-friendly,Reasonably age-friendly,Reasonably age-friendly,Reasonably age-friendly,Reasonably age-friendly,Reasonably age-friendly,Reasonably age-friendly,Reasonably age-friendly,Less age-friendly,hospital,92.733,107:0,0,80,84,92.733,0
108,1.68,1.5,1.12,1,1.0,3.0,3,3,1,2.0,2,1,2,1,2,1,1,3,3,1.434,1.359,3.0,3.0,2.0,3.0,3,1,3,3,1,3,3,3,1,3,3,2,1,1,3,3,2,1,3,3,3,3,3,2,2,2,1,2,2,1,2,1,2,2,2,1,2,1,2,1,2,1,2,2,2,2,2,1,1,1,1,1,3,3,2,3,2,3,1.459,1.309,1.459,1.359,1.459,1.584,1.384,1.459,Reasonably age-friendly,Less age-friendly,Less age-friendly,Less age-friendly,Reasonably age-friendly,Reasonably age-friendly,Less age-friendly,Reasonably age-friendly,Less age-friendly,Reasonably age-friendly,Less age-friendly,hospital,12.672,108:0,0,85,86,12.672,0
109,1.92,1.5,1.28,3,1.0,3.0,3,3,1,1.0,1,1,3,3,2,1,1,2,3,1.496,1.521,3.0,3.0,2.0,3.0,3,1,3,3,1,2,3,3,2,3,3,3,2,2,3,3,3,2,3,3,3,3,3,2,2,2,1,2,2,1,2,1,2,2,2,1,2,1,2,1,2,1,2,2,2,2,2,1,3,1,1,1,3,3,2,1,2,2,1.521,1.421,1.521,1.471,1.521,1.446,1.546,1.521,Reasonably age-friendly,Less age-friendly,Less age-friendly,Reasonably age-friendly,Reasonably age-friendly,Reasonably age-friendly,Less age-friendly,Less age-friendly,Reasonably age-friendly,Reasonably age-friendly,Less age-friendly,uncategorized,54.584,109:0,0,85,82,54.584,0
110,1.92,1.5,1.28,3,1.0,3.0,3,3,1,1.0,1,1,3,3,2,1,1,2,3,1.496,1.521,3.0,3.0,2.0,3.0,3,1,3,3,1,2,3,3,2,3,3,3,2,2,3,3,3,2,3,3,3,3,3,2,2,2,1,2,2,1,2,1,2,2,2,1,2,1,2,1,2,1,2,2,2,2,2,1,3,1,1,1,3,3,2,1,2,2,1.521,1.421,1.521,1.471,1.521,1.446,1.546,1.521,Reasonably age-friendly,Less age-friendly,Less age-friendly,Reasonably age-friendly,Reasonably age-friendly,Reasonably age-friendly,Less age-friendly,Less age-friendly,Reasonably age-friendly,Reasonably age-friendly,Less age-friendly,uncategorized,56.296,110:0,0,86,83,56.296,0
113,2.23,1.0,2.23,2,3.0,1.5,3,3,2,3.0,2,1,2,1,1,1,3,3,2,2.311,2.286,3.0,3.0,2.0,3.0,3,1,3,3,1,3,2,3,1,3,3,2,1,1,3,3,2,1,3,3,3,3,3,2,2,2,1,2,2,1,2,1,2,2,2,1,2,1,2,1,2,1,2,2,2,2,2,1,3,3,2,3,3,3,3,3,3,3,2.236,2.286,2.236,2.236,2.236,2.361,2.211,2.236,Reasonably age-friendly,Reasonably age-friendly,Reasonably age-friendly,Reasonably age-friendly,Reasonably age-friendly,Reasonably age-friendly,Less age-friendly,Reasonably age-friendly,Less age-friendly,Reasonably age-friendly,Less age-friendly,residential,90.545,113:0,0,87,88,90.545,0
114,2.41,1.0,2.41,2,3.0,2.5,3,3,2,3.0,2,1,2,2,1,1,3,2,3,2.387,2.262,3.0,3.0,2.0,3.0,3,1,3,3,1,2,3,3,1,3,3,2,1,1,3,3,2,1,3,3,3,3,3,2,2,2,1,2,2,1,2,1,2,2,2,1,2,1,2,1,2,1,2,2,2,2,2,1,3,3,2,1,3,3,2,3,2,3,2.362,2.412,2.362,2.262,2.362,2.437,2.287,2.362,Reasonably age-friendly,Reasonably age-friendly,Reasonably age-friendly,Less age-friendly,Reasonably age-friendly,Reasonably age-friendly,Less age-friendly,Reasonably age-friendly,Less age-friendly,Reasonably age-friendly,Less age-friendly,hospital,56.669,114:0,0,86,89,56.669,0
115,2.25,1.5,1.5,3,1.0,2.5,3,3,1,3.0,2,1,3,2,2,1,3,1,3,1.7,1.675,3.0,3.0,2.0,3.0,3,3,3,3,3,1,3,3,2,3,3,3,2,2,3,3,3,2,3,3,3,3,3,2,2,2,1,2,2,1,2,1,2,2,2,1,2,1,2,1,2,1,2,2,2,2,2,1,3,3,2,1,3,3,1,1,1,3,1.775,1.875,1.775,1.625,1.775,1.55,1.6,1.775,Reasonably age-friendly,Less age-friendly,Less age-friendly,Less age-friendly,Reasonably age-friendly,Reasonably age-friendly,Less age-friendly,Less age-friendly,Less age-friendly,Reasonably age-friendly,Less age-friendly,hospital,27.832,115:0,0,89,90,27.832,0
116,2.84,1.0,2.84,3,3.0,3.0,3,3,3,3.0,3,1,2,3,1,1,3,1,3,2.638,2.563,3.0,3.0,2.0,3.0,3,1,3,3,1,1,3,3,1,3,3,2,1,1,3,3,2,1,3,3,3,3,3,2,2,2,1,2,2,1,2,1,2,2,2,1,2,1,2,1,2,1,2,2,2,2,2,1,3,3,2,1,1,3,1,1,3,3,2.663,2.713,2.663,2.463,2.663,2.488,2.688,2.663,More age-friendly,Reasonably age-friendly,Reasonably age-friendly,Reasonably age-friendly,More age-friendly,More age-friendly,Less age-friendly,Less age-friendly,Reasonably age-friendly,More age-friendly,Less age-friendly,hospital,103.807,116:0,0,90,91,103.807,0
117,2.4,1.0,2.4,3,3.0,3.0,3,3,2,2.0,3,1,2,2,1,1,2,3,2,2.53,2.405,3.0,3.0,2.0,3.0,3,2,3,3,2,3,2,3,1,3,3,2,1,1,3,3,2,1,3,3,3,3,3,2,2,2,1,2,2,1,2,1,2,2,2,1,2,1,2,1,2,1,2,2,2,2,2,1,3,3,3,3,3,2,2,2,2,2,2.255,2.455,2.255,2.305,2.255,2.38,2.23,2.255,Reasonably age-friendly,Reasonably age-friendly,Reasonably age-friendly,Reasonably age-friendly,Reasonably age-friendly,Reasonably age-friendly,Reasonably age-friendly,Reasonably age-friendly,Reasonably age-friendly,Reasonably age-friendly,Reasonably age-friendly,hospital,37.012,117:0,0,73,74,37.012,0
118,2.16,1.5,1.44,3,3.0,3.0,3,3,1,1.0,1,1,3,2,2,1,3,1,3,1.658,1.833,3.0,3.0,2.0,3.0,3,1,3,3,1,1,3,3,2,3,3,3,2,2,3,3,3,2,3,3,3,3,3,2,2,2,1,2,2,1,2,1,2,2,2,1,2,1,2,1,2,1,2,2,2,2,2,1,2,3,2,3,1,3,3,1,2,1,1.533,1.733,1.533,1.683,1.533,1.508,1.658,1.533,Reasonably age-friendly,Less age-friendly,Less age-friendly,Less age-friendly,Reasonably age-friendly,Reasonably age-friendly,Less age-friendly,Less age-friendly,Less age-friendly,Reasonably age-friendly,Less age-friendly,residential,18.856,118:0,0,88,92,18.856,0
119,2.16,1.5,1.44,3,1.0,3.0,3,3,1,1.0,1,1,3,3,2,1,3,2,3,1.708,1.633,3.0,3.0,2.0,3.0,3,1,3,3,1,2,3,3,2,3,3,3,2,2,3,3,3,2,3,3,3,3,3,2,2,2,1,2,2,1,2,1,2,2,2,1,2,1,2,1,2,1,2,2,2,2,2,1,3,2,2,1,1,3,1,1,2,1,1.533,1.633,1.533,1.483,1.533,1.558,1.658,1.533,Reasonably age-friendly,Less age-friendly,Less age-friendly,Less age-friendly,Reasonably age-friendly,Reasonably age-friendly,Less age-friendly,Less age-friendly,Less age-friendly,Reasonably age-friendly,Less age-friendly,uncategorized,57.503,119:0,0,88,91,57.503,0
120,2.16,1.5,1.44,3,1.0,3.0,3,3,1,1.0,1,1,3,3,2,1,3,2,3,1.708,1.833,3.0,3.0,2.0,3.0,3,2,3,3,2,2,3,3,2,3,3,3,2,2,3,3,3,2,3,3,3,3,3,2,2,2,1,2,2,1,2,1,2,2,2,1,2,1,2,1,2,1,2,2,2,2,2,1,2,1,2,3,1,3,1,1,3,1,1.533,1.583,1.533,1.533,1.533,1.558,1.758,1.533,Reasonably age-friendly,Less age-friendly,Less age-friendly,Less age-friendly,Reasonably age-friendly,Reasonably age-friendly,Less age-friendly,Less age-friendly,Less age-friendly,Reasonably age-friendly,Less age-friendly,hospital,21.726,120:0,0,91,93,21.726,0
121,2.16,1.5,1.44,3,1.0,3.0,3,3,1,1.0,1,1,3,3,2,1,3,1,3,1.658,1.833,3.0,3.0,2.0,3.0,3,1,3,3,1,1,3,3,2,3,3,3,2,2,3,3,3,2,3,3,3,3,3,2,2,2,1,2,2,1,2,1,2,2,2,1,2,1,2,1,2,1,2,2,2,2,2,1,3,2,2,3,1,3,1,1,2,1,1.533,1.633,1.533,1.483,1.533,1.508,1.658,1.533,Reasonably age-friendly,Less age-friendly,Less age-friendly,Less age-friendly,Reasonably age-friendly,Reasonably age-friendly,Less age-friendly,Less age-friendly,Less age-friendly,Reasonably age-friendly,Less age-friendly,uncategorized,57.69,121:0,0,93,92,57.69,0
131,1.92,1.5,1.28,3,1.0,3.0,3,3,1,1.0,1,1,3,2,2,1,2,1,3,1.446,1.621,3.0,3.0,2.0,3.0,3,1,3,3,1,1,3,3,2,3,3,3,2,2,3,3,3,2,3,3,3,3,3,2,2,2,1,2,2,1,2,1,2,2,2,1,2,1,2,1,2,1,2,2,2,2,2,1,3,3,1,2,3,3,2,1,1,2,1.521,1.621,1.521,1.471,1.521,1.396,1.446,1.521,Reasonably age-friendly,Less age-friendly,Less age-friendly,Less age-friendly,Reasonably age-friendly,Reasonably age-friendly,Less age-friendly,Less age-friendly,Less age-friendly,Reasonably age-friendly,Less age-friendly,residential,27.319,131:0,0,94,95,27.319,0
132,1.92,1.5,1.28,3,1.0,3.0,3,3,1,1.0,1,1,3,2,2,1,2,1,2,1.446,1.571,3.0,3.0,2.0,3.0,3,1,3,3,1,1,2,3,2,3,3,3,2,2,3,3,3,2,3,3,3,3,3,2,2,2,1,2,2,1,2,1,2,2,2,1,2,1,2,1,2,1,2,2,2,2,2,1,3,3,1,2,3,2,2,1,1,2,1.521,1.621,1.521,1.471,1.521,1.396,1.396,1.521,Reasonably age-friendly,Less age-friendly,Less age-friendly,Less age-friendly,Reasonably age-friendly,Reasonably age-friendly,Less age-friendly,Less age-friendly,Less age-friendly,Reasonably age-friendly,Less age-friendly,uncategorized,57.87,132:0,0,95,96,57.87,0
133,2.06,1.0,2.06,2,3.0,2.0,2,3,2,1.0,3,1,3,2,1,1,2,2,3,2.142,2.167,3.0,3.0,2.0,3.0,3,2,3,3,2,2,3,3,2,3,3,3,2,2,3,3,3,2,3,3,3,3,3,2,2,2,1,2,2,1,2,1,2,2,2,1,2,1,2,1,2,1,2,2,2,2,2,1,3,3,2,2,2,3,3,1,1,2,2.067,2.217,2.067,2.167,2.067,1.992,1.992,2.067,Reasonably age-friendly,Reasonably age-friendly,Reasonably age-friendly,Reasonably age-friendly,Reasonably age-friendly,Reasonably age-friendly,Reasonably age-friendly,Reasonably age-friendly,Reasonably age-friendly,Reasonably age-friendly,Reasonably age-friendly,residential,55.946,133:0,0,95,97,55.946,0
134,2.07,1.0,2.07,3,3.0,1.5,3,3,2,2.5,1,1,3,1,1,1,2,3,3,2.299,2.274,3.0,3.0,2.0,3.0,3,2,3,3,2,3,3,3,2,3,3,3,2,2,3,3,3,2,3,3,3,3,3,2,2,2,1,2,2,1,2,1,2,2,2,1,2,1,2,1,2,1,2,2,2,2,2,1,3,2,3,3,3,2,3,2,3,2,2.074,2.124,2.074,2.174,2.074,2.149,2.199,2.074,Reasonably age-friendly,Reasonably age-friendly,Reasonably age-friendly,Reasonably age-friendly,Reasonably age-friendly,Reasonably age-friendly,Reasonably age-friendly,Reasonably age-friendly,Reasonably age-friendly,Reasonably age-friendly,Less age-friendly,residential,53.692,134:0,0,96,98,53.692,0
135,1.92,1.5,1.28,3,1.0,3.0,3,3,1,1.0,1,1,3,2,2,1,2,1,3,1.446,1.721,3.0,3.0,2.0,3.0,3,1,3,3,1,1,3,3,2,3,3,3,2,2,3,3,3,2,3,3,3,3,3,2,2,2,1,2,2,1,2,1,2,2,2,1,2,1,2,1,2,1,2,2,2,2,2,1,3,2,1,3,3,3,2,2,1,2,1.521,1.521,1.521,1.471,1.521,1.496,1.446,1.521,Reasonably age-friendly,Less age-friendly,Less age-friendly,Reasonably age-friendly,Reasonably age-friendly,Reasonably age-friendly,Less age-friendly,Less age-friendly,Less age-friendly,Reasonably age-friendly,Less age-friendly,uncategorized,23.619,135:0,0,96,99,23.619,0
136,1.92,1.5,1.28,3,1.0,3.0,3,3,1,1.0,1,1,3,2,2,1,2,1,2,1.446,1.571,3.0,3.0,2.0,3.0,3,1,3,3,1,1,2,3,2,3,3,3,2,2,3,3,3,2,3,3,3,3,3,2,2,2,1,2,2,1,2,1,2,2,2,1,2,1,2,1,2,1,2,2,2,2,2,1,2,2,1,2,3,2,2,1,1,2,1.521,1.521,1.521,1.471,1.521,1.396,1.396,1.521,Reasonably age-friendly,Less age-friendly,Less age-friendly,Less age-friendly,Reasonably age-friendly,Reasonably age-friendly,Less age-friendly,Less age-friendly,Less age-friendly,Reasonably age-friendly,Less age-friendly,uncategorized,57.105,136:0,0,99,94,57.105,0
137,2.64,1.0,2.64,3,3.0,3.0,3,3,2,3.0,3,3,2,2,1,1,2,2,3,2.548,2.523,3.0,3.0,2.0,3.0,3,2,3,3,2,2,3,3,1,3,3,2,1,1,3,3,2,1,3,3,3,3,3,2,2,2,1,2,2,1,2,1,2,2,2,1,2,1,2,1,2,1,2,2,2,2,2,1,3,3,2,2,3,3,3,3,3,2,2.423,2.623,2.423,2.573,2.423,2.598,2.548,2.423,Reasonably age-friendly,Reasonably age-friendly,Reasonably age-friendly,Reasonably age-friendly,Reasonably age-friendly,Reasonably age-friendly,Reasonably age-friendly,Reasonably age-friendly,Reasonably age-friendly,Reasonably age-friendly,Reasonably age-friendly,campus,106.2,137:0,0,99,100,106.2,0
138,1.8,1.5,1.2,3,1.0,3.0,3,3,1,1.0,1,1,3,2,2,1,1,3,3,1.59,1.565,3.0,3.0,2.0,3.0,3,2,3,3,2,3,3,3,2,3,3,3,2,2,3,3,3,2,3,3,3,3,3,2,2,2,1,2,2,1,2,1,2,2,2,1,2,1,2,1,2,1,2,2,2,2,2,1,1,2,2,2,3,3,2,2,2,1,1.365,1.515,1.365,1.465,1.365,1.54,1.49,1.365,Reasonably age-friendly,Reasonably age-friendly,Reasonably age-friendly,Reasonably age-friendly,Reasonably age-friendly,Reasonably age-friendly,Reasonably age-friendly,Reasonably age-friendly,Reasonably age-friendly,Reasonably age-friendly,Less age-friendly,uncategorized,53.199,138:0,0,100,101,53.199,0
139,1.92,1.5,1.28,3,1.0,3.0,3,3,1,1.0,1,1,3,2,2,1,2,1,3,1.546,1.621,3.0,3.0,2.0,3.0,3,1,3,3,1,1,3,3,2,3,3,3,2,2,3,3,3,2,3,3,3,3,3,2,2,2,1,2,2,1,2,1,2,2,2,1,2,1,2,1,2,1,2,2,2,2,2,1,3,2,2,2,3,3,2,1,3,1,1.421,1.521,1.421,1.471,1.421,1.396,1.646,1.421,Reasonably age-friendly,Less age-friendly,Less age-friendly,Less age-friendly,Reasonably age-friendly,Reasonably age-friendly,Less age-friendly,Less age-friendly,Less age-friendly,Reasonably age-friendly,Less age-friendly,uncategorized,54.78,139:0,0,102,103,54.78,0
140,2.52,1.0,2.52,3,3.0,3.0,3,3,2,3.0,3,3,2,1,1,1,2,3,3,2.514,2.439,3.0,3.0,2.0,3.0,3,2,3,3,2,3,3,3,1,3,3,2,1,1,3,3,2,1,3,3,3,3,3,2,2,2,1,2,2,1,2,1,2,2,2,1,2,1,2,1,2,1,2,2,2,2,2,1,3,3,2,2,3,3,3,3,3,3,2.439,2.539,2.439,2.489,2.439,2.564,2.464,2.439,Reasonably age-friendly,Reasonably age-friendly,Reasonably age-friendly,Reasonably age-friendly,Reasonably age-friendly,Reasonably age-friendly,Reasonably age-friendly,Reasonably age-friendly,Reasonably age-friendly,Reasonably age-friendly,Reasonably age-friendly,campus,119.315,140:0,0,100,104,119.315,0
141,2.65,1.0,2.65,3,3.0,2.5,3,3,2,3.0,3,2,2,2,1,1,3,2,3,2.555,2.53,3.0,3.0,2.0,3.0,3,1,3,3,1,2,3,3,1,3,3,2,1,1,3,3,2,1,3,3,3,3,3,2,2,2,1,2,2,1,2,1,2,2,2,1,2,1,2,1,2,1,2,2,2,2,2,1,3,2,2,2,3,3,3,2,3,3,2.53,2.48,2.53,2.53,2.53,2.505,2.555,2.53,More age-friendly,Less age-friendly,Less age-friendly,Less age-friendly,More age-friendly,More age-friendly,Less age-friendly,Less age-friendly,Less age-friendly,More age-friendly,Less age-friendly,hospital,106.192,141:0,0,103,93,106.192,0
147,2.16,1.5,1.44,3,1.0,3.0,3,3,1,1.0,1,1,3,3,2,1,3,3,1,1.658,1.633,3.0,3.0,2.0,3.0,3,1,3,3,1,3,1,3,2,3,3,3,2,2,3,3,3,2,3,3,3,3,3,2,2,2,1,2,2,1,2,1,2,2,2,1,2,1,2,1,2,1,2,2,2,2,2,1,3,3,1,2,3,2,1,1,1,3,1.733,1.733,1.733,1.483,1.733,1.608,1.458,1.733,Reasonably age-friendly,Less age-friendly,Less age-friendly,Less age-friendly,Reasonably age-friendly,Reasonably age-friendly,Less age-friendly,Less age-friendly,Less age-friendly,Reasonably age-friendly,Less age-friendly,uncategorized,22.298,147:0,0,105,106,22.298,0
148,2.28,1.5,1.52,3,3.0,3.0,3,3,3,2.0,3,1,2,1,2,1,1,3,2,1.914,1.789,3.0,3.0,2.0,3.0,3,2,3,3,2,3,2,3,1,3,3,2,1,1,3,3,2,1,3,3,3,3,3,2,2,2,1,2,2,1,2,1,2,2,2,1,2,1,2,1,2,1,2,2,2,2,2,1,3,3,3,3,3,2,3,3,3,2,1.639,1.839,1.639,1.789,1.639,1.864,1.714,1.639,Reasonably age-friendly,Reasonably age-friendly,Reasonably age-friendly,Reasonably age-friendly,Reasonably age-friendly,Reasonably age-friendly,Reasonably age-friendly,Reasonably age-friendly,Reasonably age-friendly,Reasonably age-friendly,Reasonably age-friendly,campus,223.401,148:0,0,106,99,223.401,0
149,2.16,1.5,1.44,3,1.0,3.0,3,3,1,1.0,1,1,3,3,2,1,3,1,2,1.758,1.783,3.0,3.0,2.0,3.0,3,1,3,3,1,1,2,3,2,3,3,3,2,2,3,3,3,2,3,3,3,3,3,2,2,2,1,2,2,1,2,1,2,2,2,1,2,1,2,1,2,1,2,2,2,2,2,1,3,3,3,3,3,2,1,1,1,3,1.733,1.733,1.733,1.483,1.733,1.508,1.508,1.733,Reasonably age-friendly,Less age-friendly,Less age-friendly,Less age-friendly,Reasonably age-friendly,Reasonably age-friendly,Less age-friendly,Less age-friendly,Less age-friendly,Reasonably age-friendly,Less age-friendly,uncategorized,42.944,149:0,0,107,105,42.944,0
150,2.16,1.5,1.44,3,1.0,3.0,3,3,1,1.0,1,1,3,3,2,1,3,1,2,1.758,1.783,3.0,3.0,2.0,3.0,3,1,3,3,1,1,2,3,2,3,3,3,2,2,3,3,3,2,3,3,3,3,3,2,2,2,1,2,2,1,2,1,2,2,2,1,2,1,2,1,2,1,2,2,2,2,2,1,3,3,3,3,3,3,1,1,1,3,1.733,1.733,1.733,1.483,1.733,1.508,1.508,1.733,Reasonably age-friendly,Less age-friendly,Less age-friendly,Less age-friendly,Reasonably age-friendly,Reasonably age-friendly,Less age-friendly,Less age-friendly,Less age-friendly,Reasonably age-friendly,Less age-friendly,uncategorized,25.691,150:0,0,107,108,25.691,0
151,2.0,1.5,1.333,3,1.0,3.0,3,1,1,1.0,1,1,3,3,2,1,3,1,2,1.483,1.608,3.0,3.0,2.0,3.0,3,1,3,3,1,1,2,3,2,3,3,3,2,2,3,3,3,2,3,3,3,3,3,2,2,2,1,2,2,1,2,1,2,2,2,1,2,1,2,1,2,1,2,2,2,2,2,1,3,1,1,2,3,2,1,1,1,3,1.658,1.458,1.658,1.408,1.658,1.433,1.433,1.658,Reasonably age-friendly,Less age-friendly,Less age-friendly,Less age-friendly,Reasonably age-friendly,Reasonably age-friendly,Less age-friendly,Less age-friendly,Less age-friendly,Reasonably age-friendly,Less age-friendly,uncategorized,37.739,151:0,0,108,109,37.739,0
152,2.6,1.5,1.733,3,3.0,3.0,3,3,3,3.0,3,1,3,2,2,1,2,3,2,1.963,1.888,3.0,3.0,2.0,3.0,3,2,3,3,2,3,2,3,2,3,3,3,2,2,3,3,3,2,3,3,3,3,3,2,2,2,1,2,2,1,2,1,2,2,2,1,2,1,2,1,2,1,2,2,2,2,2,1,3,2,2,2,3,2,1,2,2,3,1.938,1.888,1.938,1.738,1.938,1.913,1.813,1.938,Reasonably age-friendly,Reasonably age-friendly,Reasonably age-friendly,Reasonably age-friendly,Reasonably age-friendly,Reasonably age-friendly,Less age-friendly,Reasonably age-friendly,Reasonably age-friendly,Reasonably age-friendly,Less age-friendly,campus,69.58,152:0,0,106,110,69.58,0
153,2.2,1.5,1.467,3,1.0,3.0,3,3,1,3.0,1,1,3,2,2,1,3,3,3,1.777,1.852,3.0,3.0,2.0,3.0,3,2,3,3,2,3,3,3,2,3,3,3,2,2,3,3,3,2,3,3,3,3,3,2,2,2,1,2,2,1,2,1,2,2,2,1,2,1,2,1,2,1,2,2,2,2,2,1,3,3,2,3,3,2,1,3,2,3,1.752,1.802,1.752,1.552,1.752,1.827,1.677,1.752,Reasonably age-friendly,Less age-friendly,Less age-friendly,Less age-friendly,Reasonably age-friendly,Reasonably age-friendly,Less age-friendly,Less age-friendly,Less age-friendly,Reasonably age-friendly,Less age-friendly,campus,23.438,153:0,0,110,111,23.438,0
154,2.34,1.5,1.56,2,3.0,2.0,3,3,2,3.0,3,1,2,2,2,1,2,2,3,1.892,1.867,3.0,3.0,2.0,3.0,3,1,3,3,1,2,3,3,1,3,3,2,1,1,3,3,2,1,3,3,3,3,3,2,2,2,1,2,2,1,2,1,2,2,2,1,2,1,2,1,2,1,2,2,2,2,2,1,3,3,3,3,3,1,2,3,3,3,1.767,1.817,1.767,1.667,1.767,1.842,1.792,1.767,Reasonably age-friendly,Reasonably age-friendly,Reasonably age-friendly,Reasonably age-friendly,Reasonably age-friendly,Reasonably age-friendly,Less age-friendly,Reasonably age-friendly,Reasonably age-friendly,Reasonably age-friendly,Less age-friendly,campus,130.735,154:0,0,111,112,130.735,0
618,2.2,1.5,1.467,3,1.0,3.0,3,3,1,3.0,1,1,3,2,2,1,3,1,3,1.777,1.852,3.0,3.0,2.0,3.0,3,1,3,3,1,1,3,3,2,3,3,3,2,2,3,3,3,2,3,3,3,3,3,2,2,2,1,2,2,1,2,1,2,2,2,1,2,1,2,1,2,1,2,2,2,2,2,1,3,3,3,3,3,1,2,3,3,3,1.752,1.752,1.752,1.602,1.752,1.727,1.777,1.752,Reasonably age-friendly,Less age-friendly,Less age-friendly,Less age-friendly,Reasonably age-friendly,Reasonably age-friendly,Less age-friendly,Less age-friendly,Less age-friendly,Reasonably age-friendly,Less age-friendly,uncategorized,11.32,618:0,0,112,113,11.32,0
156,2.16,1.5,1.44,3,1.0,3.0,3,3,1,1.0,1,1,3,3,2,1,3,1,3,1.758,1.833,3.0,3.0,2.0,3.0,3,1,3,3,1,1,3,3,2,3,3,3,2,2,3,3,3,2,3,3,3,3,3,2,2,2,1,2,2,1,2,1,2,2,2,1,2,1,2,1,2,1,2,2,2,2,2,1,3,3,3,3,3,1,2,3,3,3,1.733,1.733,1.733,1.583,1.733,1.708,1.758,1.733,Reasonably age-friendly,Less age-friendly,Less age-friendly,Less age-friendly,Reasonably age-friendly,Reasonably age-friendly,Less age-friendly,Less age-friendly,Less age-friendly,Reasonably age-friendly,Less age-friendly,uncategorized,34.659,156:0,0,114,115,34.659,0
157,2.18,1.5,1.453,2,1.0,2.0,3,3,2,3.0,1,1,3,2,2,1,3,2,3,1.717,1.642,3.0,3.0,2.0,3.0,3,2,3,3,2,2,3,3,2,3,3,3,2,2,3,3,3,2,3,3,3,3,3,2,2,2,1,2,2,1,2,1,2,2,2,1,2,1,2,1,2,1,2,2,2,2,2,1,3,3,2,1,3,1,2,2,2,2,1.642,1.792,1.642,1.642,1.642,1.667,1.667,1.642,Reasonably age-friendly,Less age-friendly,Less age-friendly,Less age-friendly,Reasonably age-friendly,Reasonably age-friendly,Less age-friendly,Less age-friendly,Less age-friendly,Reasonably age-friendly,Less age-friendly,campus,29.628,157:0,0,115,116,29.628,0
158,2.04,1.5,1.36,3,1.0,3.0,2,3,1,1.0,1,1,3,3,2,1,3,1,3,1.702,1.777,3.0,3.0,2.0,3.0,3,1,3,3,1,1,3,3,2,3,3,3,2,2,3,3,3,2,3,3,3,3,3,2,2,2,1,2,2,1,2,1,2,2,2,1,2,1,2,1,2,1,2,2,2,2,2,1,3,3,3,3,3,1,2,3,3,3,1.677,1.677,1.677,1.527,1.677,1.652,1.702,1.677,Reasonably age-friendly,Less age-friendly,Less age-friendly,Less age-friendly,Reasonably age-friendly,Reasonably age-friendly,Less age-friendly,Less age-friendly,Less age-friendly,Reasonably age-friendly,Less age-friendly,uncategorized,37.252,158:0,0,116,112,37.252,0
159,2.72,1.0,2.72,2,3.0,3.0,3,3,3,3.0,3,2,2,2,1,1,3,3,3,2.754,2.579,3.0,3.0,2.0,3.0,3,2,3,3,2,3,3,3,1,3,3,2,1,1,3,3,2,1,3,3,3,3,3,2,2,2,1,2,2,1,2,1,2,2,2,1,2,1,2,1,2,1,2,2,2,2,2,1,3,2,3,2,3,3,3,3,3,3,2.579,2.579,2.579,2.629,2.579,2.704,2.604,2.579,More age-friendly,Reasonably age-friendly,Reasonably age-friendly,Reasonably age-friendly,More age-friendly,More age-friendly,Reasonably age-friendly,Reasonably age-friendly,Reasonably age-friendly,More age-friendly,Less age-friendly,campus,136.359,159:0,0,115,117,136.359,0
160,2.8,1.5,1.867,3,3.0,3.0,3,3,3,3.0,3,2,2,2,2,1,3,3,3,2.057,2.082,3.0,3.0,2.0,3.0,3,2,3,3,2,3,3,3,1,3,3,2,1,1,3,3,2,1,3,3,3,3,3,2,2,2,1,2,2,1,2,1,2,2,2,1,2,1,2,1,2,1,2,2,2,2,2,1,3,3,2,3,3,3,3,3,3,3,1.982,2.082,1.982,2.032,1.982,2.107,2.007,1.982,Reasonably age-friendly,Reasonably age-friendly,Reasonably age-friendly,Reasonably age-friendly,Reasonably age-friendly,Reasonably age-friendly,Reasonably age-friendly,Reasonably age-friendly,Less age-friendly,Reasonably age-friendly,Less age-friendly,campus,216.191,160:0,0,108,116,216.191,0
161,2.36,1.0,2.36,3,3.0,3.0,3,3,3,3.0,3,1,3,1,1,1,1,1,1,2.402,2.377,3.0,3.0,2.0,3.0,3,1,3,3,1,1,1,3,2,3,3,3,2,2,3,3,3,2,3,3,3,3,3,2,2,2,1,2,2,1,2,1,2,2,2,1,2,1,2,1,2,1,2,2,2,2,2,1,3,3,3,3,3,3,3,3,3,3,2.377,2.377,2.377,2.327,2.377,2.352,2.302,2.377,Reasonably age-friendly,Reasonably age-friendly,Reasonably age-friendly,Reasonably age-friendly,Reasonably age-friendly,Reasonably age-friendly,Reasonably age-friendly,Reasonably age-friendly,Reasonably age-friendly,Reasonably age-friendly,Reasonably age-friendly,hospital,11.536,161:0,0,114,118,11.536,0
162,2.48,1.0,2.48,3,1.0,3.0,3,3,3,3.0,3,1,3,1,1,1,3,1,1,2.486,2.461,3.0,3.0,2.0,3.0,3,1,3,3,1,1,1,3,2,3,3,3,2,2,3,3,3,2,3,3,3,3,3,2,2,2,1,2,2,1,2,1,2,2,2,1,2,1,2,1,2,1,2,2,2,2,2,1,3,3,3,3,3,3,3,3,3,3,2.461,2.461,2.461,2.411,2.461,2.436,2.386,2.461,Reasonably age-friendly,Reasonably age-friendly,Reasonably age-friendly,Reasonably age-friendly,Reasonably age-friendly,Reasonably age-friendly,Reasonably age-friendly,Reasonably age-friendly,Reasonably age-friendly,Reasonably age-friendly,Less age-friendly,hospital,4.462,162:0,0,118,119,4.462,0
163,2.6,1.0,2.6,3,3.0,3.0,3,3,3,3.0,3,1,3,1,1,1,3,2,1,2.62,2.545,3.0,3.0,2.0,3.0,3,1,3,3,1,2,1,3,2,3,3,3,2,2,3,3,3,2,3,3,3,3,3,2,2,2,1,2,2,1,2,1,2,2,2,1,2,1,2,1,2,1,2,2,2,2,2,1,3,3,3,3,3,3,3,3,3,3,2.545,2.545,2.545,2.495,2.545,2.57,2.47,2.545,More age-friendly,Reasonably age-friendly,Reasonably age-friendly,Reasonably age-friendly,More age-friendly,More age-friendly,Reasonably age-friendly,Reasonably age-friendly,Reasonably age-friendly,More age-friendly,Less age-friendly,hospital,31.03,163:0,0,119,120,31.03,0
164,2.05,1.5,1.367,3,1.0,2.5,3,3,1,3.0,1,1,3,1,2,1,3,1,1,1.707,1.682,3.0,3.0,2.0,3.0,3,1,3,3,1,1,1,3,2,3,3,3,2,2,3,3,3,2,3,3,3,3,3,2,2,2,1,2,2,1,2,1,2,2,2,1,2,1,2,1,2,1,2,2,2,2,2,1,3,3,3,3,3,3,3,3,3,3,1.682,1.682,1.682,1.632,1.682,1.657,1.607,1.682,Reasonably age-friendly,Less age-friendly,Less age-friendly,Less age-friendly,Reasonably age-friendly,Reasonably age-friendly,Less age-friendly,Less age-friendly,Less age-friendly,Reasonably age-friendly,Less age-friendly,hospital,6.283,164:0,0,120,121,6.283,0
165,2.52,1.0,2.52,3,3.0,3.0,3,3,3,3.0,2,1,3,1,1,1,3,1,1,2.514,2.489,3.0,3.0,2.0,3.0,3,1,3,3,1,1,1,3,2,3,3,3,2,2,3,3,3,2,3,3,3,3,3,2,2,2,1,2,2,1,2,1,2,2,2,1,2,1,2,1,2,1,2,2,2,2,2,1,3,3,3,3,3,3,3,3,3,3,2.489,2.489,2.489,2.439,2.489,2.464,2.414,2.489,Reasonably age-friendly,Reasonably age-friendly,Reasonably age-friendly,Reasonably age-friendly,Reasonably age-friendly,Reasonably age-friendly,Reasonably age-friendly,Reasonably age-friendly,Reasonably age-friendly,Reasonably age-friendly,Less age-friendly,hospital,8.764,165:0,0,121,122,8.764,0
166,2.05,1.5,1.367,3,1.0,2.5,3,3,1,3.0,1,1,3,1,2,1,3,1,1,1.707,1.682,3.0,3.0,2.0,3.0,3,1,3,3,1,1,1,3,2,3,3,3,2,2,3,3,3,2,3,3,3,3,3,2,2,2,1,2,2,1,2,1,2,2,2,1,2,1,2,1,2,1,2,2,2,2,2,1,3,3,3,3,3,3,3,3,3,3,1.682,1.682,1.682,1.632,1.682,1.657,1.607,1.682,Reasonably age-friendly,Less age-friendly,Less age-friendly,Less age-friendly,Reasonably age-friendly,Reasonably age-friendly,Less age-friendly,Less age-friendly,Less age-friendly,Reasonably age-friendly,Less age-friendly,hospital,5.824,166:0,0,122,123,5.824,0
167,2.45,1.0,2.45,3,3.0,2.5,3,3,2,3.0,3,1,3,2,1,1,2,2,3,2.515,2.54,3.0,3.0,2.0,3.0,3,1,3,3,1,2,3,3,2,3,3,3,2,2,3,3,3,2,3,3,3,3,3,2,2,2,1,2,2,1,2,1,2,2,2,1,2,1,2,1,2,1,2,2,2,2,2,1,3,3,3,3,3,3,3,3,3,3,2.44,2.44,2.44,2.39,2.44,2.465,2.465,2.44,Reasonably age-friendly,Reasonably age-friendly,Reasonably age-friendly,Reasonably age-friendly,Reasonably age-friendly,Reasonably age-friendly,Reasonably age-friendly,Reasonably age-friendly,Reasonably age-friendly,Reasonably age-friendly,Reasonably age-friendly,hospital,65.847,167:0,0,123,124,65.847,0
168,2.16,1.5,1.44,3,1.0,3.0,3,3,1,1.0,1,1,3,3,2,1,3,1,1,1.758,1.633,3.0,3.0,2.0,3.0,3,1,3,3,1,1,1,3,2,3,3,3,2,2,3,3,3,2,3,3,3,3,3,2,2,2,1,2,2,1,2,1,2,2,2,1,2,1,2,1,2,1,2,2,2,2,2,1,2,2,3,2,3,3,2,2,2,2,1.633,1.633,1.633,1.583,1.633,1.608,1.558,1.633,Reasonably age-friendly,Less age-friendly,Less age-friendly,Less age-friendly,Reasonably age-friendly,Reasonably age-friendly,Less age-friendly,Less age-friendly,Less age-friendly,Reasonably age-friendly,Less age-friendly,uncategorized,35.497,168:0,0,124,117,35.497,0
169,2.64,1.0,2.64,3,3.0,3.0,3,3,3,3.0,2,1,3,2,1,1,3,1,3,2.598,2.573,3.0,3.0,2.0,3.0,3,1,3,3,1,1,3,3,2,3,3,3,2,2,3,3,3,2,3,3,3,3,3,2,2,2,1,2,2,1,2,1,2,2,2,1,2,1,2,1,2,1,2,2,2,2,2,1,2,1,3,2,3,3,3,3,3,2,2.473,2.373,2.473,2.523,2.473,2.548,2.598,2.473,Reasonably age-friendly,Less age-friendly,Reasonably age-friendly,Reasonably age-friendly,Reasonably age-friendly,Reasonably age-friendly,Reasonably age-friendly,Reasonably age-friendly,Reasonably age-friendly,Reasonably age-friendly,Less age-friendly,hospital,28.034,169:0,0,124,125,28.034,0
170,2.16,1.5,1.44,3,1.0,3.0,3,3,1,1.0,1,1,3,3,2,1,3,1,1,1.758,1.633,3.0,3.0,2.0,3.0,3,2,3,3,2,1,1,3,2,3,3,3,2,2,3,3,3,2,3,3,3,3,3,2,2,2,1,2,2,1,2,1,2,2,2,1,2,1,2,1,2,1,2,2,2,2,2,1,2,1,3,2,3,3,2,2,2,2,1.633,1.583,1.633,1.633,1.633,1.608,1.558,1.633,Reasonably age-friendly,Less age-friendly,Less age-friendly,Less age-friendly,Reasonably age-friendly,Reasonably age-friendly,Less age-friendly,Less age-friendly,Less age-friendly,Reasonably age-friendly,Less age-friendly,hospital,22.615,170:0,0,124,74,22.615,0
171,2.01,1.5,1.34,3,1.0,2.5,2,3,1,1.0,1,1,3,3,2,1,3,1,3,1.688,1.663,3.0,3.0,2.0,3.0,3,2,3,3,2,1,3,3,2,3,3,3,2,2,3,3,3,2,3,3,3,3,3,2,2,2,1,2,2,1,2,1,2,2,2,1,2,1,2,1,2,1,2,2,2,2,2,1,2,3,3,2,3,3,2,3,3,2,1.563,1.713,1.563,1.563,1.563,1.638,1.688,1.563,Reasonably age-friendly,Less age-friendly,Less age-friendly,Less age-friendly,Reasonably age-friendly,Reasonably age-friendly,Less age-friendly,Less age-friendly,Less age-friendly,Reasonably age-friendly,Less age-friendly,campus,23.144,171:0,0,117,65,23.144,0
172,2.08,1.5,1.387,3,1.0,3.0,3,3,1,3.0,1,1,3,1,2,1,3,1,3,1.621,1.696,3.0,3.0,2.0,3.0,3,1,3,3,1,1,3,3,2,3,3,3,2,2,3,3,3,2,3,3,3,3,3,2,2,2,1,2,2,1,2,1,2,2,2,1,2,1,2,1,2,1,2,2,2,2,2,1,2,1,2,2,3,3,3,3,3,2,1.596,1.496,1.596,1.646,1.596,1.671,1.721,1.596,Reasonably age-friendly,Less age-friendly,Less age-friendly,Less age-friendly,Reasonably age-friendly,Reasonably age-friendly,Less age-friendly,Less age-friendly,Less age-friendly,Reasonably age-friendly,Less age-friendly,hospital,8.095,172:0,0,125,126,8.095,0
173,2.6,1.0,2.6,3,3.0,3.0,3,3,3,3.0,3,1,3,1,1,1,3,1,3,2.47,2.545,3.0,3.0,2.0,3.0,3,2,3,3,2,1,3,3,2,3,3,3,2,2,3,3,3,2,3,3,3,3,3,2,2,2,1,2,2,1,2,1,2,2,2,1,2,1,2,1,2,1,2,2,2,2,2,1,2,1,2,2,3,3,3,1,3,3,2.545,2.395,2.545,2.545,2.545,2.32,2.57,2.545,More age-friendly,Less age-friendly,Reasonably age-friendly,Reasonably age-friendly,More age-friendly,More age-friendly,Reasonably age-friendly,Less age-friendly,Reasonably age-friendly,More age-friendly,Less age-friendly,hospital,11.148,173:0,0,126,127,11.148,0
174,2.2,1.5,1.467,3,1.0,3.0,3,3,1,3.0,1,1,3,2,2,1,3,1,3,1.677,1.852,3.0,3.0,2.0,3.0,3,2,3,3,2,1,3,3,2,3,3,3,2,2,3,3,3,2,3,3,3,3,3,2,2,2,1,2,2,1,2,1,2,2,2,1,2,1,2,1,2,1,2,2,2,2,2,1,2,1,2,3,3,3,3,1,3,3,1.752,1.602,1.752,1.752,1.752,1.527,1.777,1.752,Reasonably age-friendly,Less age-friendly,Less age-friendly,Less age-friendly,Reasonably age-friendly,Reasonably age-friendly,Less age-friendly,Less age-friendly,Less age-friendly,Reasonably age-friendly,Less age-friendly,hospital,8.943,174:0,0,127,128,8.943,0
175,2.72,1.0,2.72,3,3.0,3.0,3,3,3,3.0,3,1,3,2,1,1,3,1,3,2.654,2.729,3.0,3.0,2.0,3.0,3,2,3,3,2,1,3,3,2,3,3,3,2,2,3,3,3,2,3,3,3,3,3,2,2,2,1,2,2,1,2,1,2,2,2,1,2,1,2,1,2,1,2,2,2,2,2,1,2,1,3,3,3,3,3,1,3,3,2.629,2.479,2.629,2.629,2.629,2.404,2.654,2.629,More age-friendly,Reasonably age-friendly,Reasonably age-friendly,Reasonably age-friendly,More age-friendly,More age-friendly,Reasonably age-friendly,Less age-friendly,Reasonably age-friendly,More age-friendly,Less age-friendly,hospital,45.622,175:0,0,128,129,45.622,0
176,2.2,1.5,1.467,3,1.0,3.0,3,3,1,3.0,1,1,3,2,2,1,3,1,3,1.777,1.852,3.0,3.0,2.0,3.0,3,2,3,3,2,1,3,3,2,3,3,3,2,2,3,3,3,2,3,3,3,3,3,2,2,2,1,2,2,1,2,1,2,2,2,1,2,1,2,1,2,1,2,2,2,2,2,1,2,1,3,3,3,3,3,1,3,3,1.752,1.602,1.752,1.752,1.752,1.527,1.777,1.752,Reasonably age-friendly,Less age-friendly,Less age-friendly,Less age-friendly,Reasonably age-friendly,Reasonably age-friendly,Less age-friendly,Less age-friendly,Less age-friendly,Reasonably age-friendly,Less age-friendly,hospital,23.183,176:0,0,129,130,23.183,0
177,2.6,1.0,2.6,3,3.0,3.0,3,3,3,3.0,3,1,3,1,1,1,3,1,3,2.57,2.645,3.0,3.0,2.0,3.0,3,2,3,3,2,1,3,3,2,3,3,3,2,2,3,3,3,2,3,3,3,3,3,2,2,2,1,2,2,1,2,1,2,2,2,1,2,1,2,1,2,1,2,2,2,2,2,1,2,1,3,3,3,3,3,1,3,3,2.545,2.395,2.545,2.545,2.545,2.32,2.57,2.545,More age-friendly,Less age-friendly,Reasonably age-friendly,Reasonably age-friendly,More age-friendly,More age-friendly,Reasonably age-friendly,Less age-friendly,Reasonably age-friendly,More age-friendly,Less age-friendly,hospital,90.744,177:0,0,130,93,90.744,0
178,2.2,1.5,1.467,3,1.0,3.0,3,3,1,3.0,1,1,3,2,2,1,3,3,3,1.877,1.852,3.0,3.0,2.0,3.0,3,3,3,3,3,3,3,3,2,3,3,3,2,2,3,3,3,2,3,3,3,3,3,2,2,2,1,2,2,1,2,1,2,2,2,1,2,1,2,1,2,1,2,2,2,2,2,1,2,1,3,3,3,3,3,1,3,3,1.752,1.652,1.752,1.802,1.752,1.627,1.777,1.752,Reasonably age-friendly,Less age-friendly,Less age-friendly,Less age-friendly,Reasonably age-friendly,Reasonably age-friendly,Less age-friendly,Less age-friendly,Less age-friendly,Reasonably age-friendly,Less age-friendly,hospital,18.914,178:0,0,129,131,18.914,0
179,2.84,1.0,2.84,3,3.0,3.0,3,3,3,3.0,3,1,3,3,1,1,3,1,2,2.738,2.763,3.0,3.0,2.0,3.0,3,3,3,3,3,1,2,3,2,3,3,3,2,2,3,3,3,2,3,3,3,3,3,2,2,2,1,2,2,1,2,1,2,2,2,1,2,1,2,1,2,1,2,2,2,2,2,1,2,1,3,3,3,3,3,1,3,3,2.713,2.613,2.713,2.763,2.713,2.488,2.688,2.713,More age-friendly,Reasonably age-friendly,Reasonably age-friendly,Reasonably age-friendly,More age-friendly,More age-friendly,Reasonably age-friendly,Less age-friendly,Reasonably age-friendly,More age-friendly,Less age-friendly,hospital,61.351,179:0,0,131,132,61.351,0
180,2.08,1.5,1.387,3,1.0,3.0,3,3,1,3.0,1,1,3,1,2,1,3,1,3,1.721,1.796,3.0,3.0,2.0,3.0,3,3,3,3,3,1,3,3,2,3,3,3,2,2,3,3,3,2,3,3,3,3,3,2,2,2,1,2,2,1,2,1,2,2,2,1,2,1,2,1,2,1,2,2,2,2,2,1,2,1,3,3,3,3,3,1,3,3,1.696,1.596,1.696,1.746,1.696,1.471,1.721,1.696,Reasonably age-friendly,Less age-friendly,Less age-friendly,Less age-friendly,Reasonably age-friendly,Reasonably age-friendly,Less age-friendly,Less age-friendly,Less age-friendly,Reasonably age-friendly,Less age-friendly,hospital,14.031,180:0,0,132,133,14.031,0
181,2.74,1.0,2.74,3,3.0,2.0,3,3,3,3.0,3,2,2,2,1,1,3,3,3,2.768,2.693,3.0,3.0,2.0,3.0,3,3,3,3,3,3,3,3,1,3,3,2,1,1,3,3,2,1,3,3,3,3,3,2,2,2,1,2,2,1,2,1,2,2,2,1,2,1,2,1,2,1,2,2,2,2,2,1,2,1,3,3,3,3,3,1,3,3,2.593,2.543,2.593,2.693,2.593,2.518,2.618,2.593,More age-friendly,Reasonably age-friendly,Reasonably age-friendly,Reasonably age-friendly,More age-friendly,More age-friendly,Reasonably age-friendly,Reasonably age-friendly,Reasonably age-friendly,More age-friendly,Less age-friendly,hospital,38.315,181:0,0,133,91,38.315,0
182,2.08,1.5,1.387,3,1.0,3.0,3,3,1,3.0,1,1,3,1,2,1,3,3,3,1.821,1.796,3.0,3.0,2.0,3.0,3,3,3,3,3,3,3,3,2,3,3,3,2,2,3,3,3,2,3,3,3,3,3,2,2,2,1,2,2,1,2,1,2,2,2,1,2,1,2,1,2,1,2,2,2,2,2,1,2,1,3,3,3,3,3,1,3,3,1.696,1.596,1.696,1.746,1.696,1.571,1.721,1.696,Reasonably age-friendly,Less age-friendly,Less age-friendly,Less age-friendly,Reasonably age-friendly,Reasonably age-friendly,Less age-friendly,Less age-friendly,Less age-friendly,Reasonably age-friendly,Less age-friendly,hospital,14.747,182:0,0,131,134,14.747,0
183,3.0,1.0,3.0,3,3.0,3.0,3,3,3,3.0,3,3,2,3,1,1,3,3,3,2.95,2.875,3.0,3.0,2.0,3.0,3,2,3,3,2,3,3,3,1,3,3,2,1,1,3,3,2,1,3,3,3,3,3,2,2,2,1,2,2,1,2,1,2,2,2,1,2,1,2,1,2,1,2,2,2,2,2,1,2,1,3,3,3,3,3,1,3,3,2.775,2.675,2.775,2.825,2.775,2.7,2.8,2.775,More age-friendly,Reasonably age-friendly,Reasonably age-friendly,Reasonably age-friendly,More age-friendly,More age-friendly,Reasonably age-friendly,Reasonably age-friendly,Reasonably age-friendly,More age-friendly,Less age-friendly,hospital,45.266,183:0,0,134,135,45.266,0
184,2.08,1.5,1.387,3,1.0,3.0,3,3,1,3.0,1,1,3,1,2,1,3,1,3,1.721,1.696,3.0,3.0,2.0,3.0,3,2,3,3,2,1,3,3,2,3,3,3,2,2,3,3,3,2,3,3,3,3,3,2,2,2,1,2,2,1,2,1,2,2,2,1,2,1,2,1,2,1,2,2,2,2,2,1,2,1,3,2,3,3,3,1,3,2,1.596,1.546,1.596,1.696,1.596,1.471,1.721,1.596,Reasonably age-friendly,Less age-friendly,Less age-friendly,Less age-friendly,Reasonably age-friendly,Reasonably age-friendly,Less age-friendly,Less age-friendly,Less age-friendly,Reasonably age-friendly,Less age-friendly,hospital,7.835,184:0,0,135,136,7.835,0
185,2.84,1.0,2.84,3,3.0,3.0,3,3,3,3.0,3,1,2,3,1,1,3,3,3,2.838,2.663,3.0,3.0,2.0,3.0,3,2,3,3,2,3,3,3,1,3,3,2,1,1,3,3,2,1,3,3,3,3,3,2,2,2,1,2,2,1,2,1,2,2,2,1,2,1,2,1,2,1,2,2,2,2,2,1,2,1,3,2,3,3,3,3,3,2,2.563,2.563,2.563,2.713,2.563,2.788,2.688,2.563,More age-friendly,Reasonably age-friendly,Reasonably age-friendly,Reasonably age-friendly,More age-friendly,More age-friendly,Reasonably age-friendly,Reasonably age-friendly,Reasonably age-friendly,More age-friendly,Less age-friendly,hospital,34.135,185:0,0,136,74,34.135,0
186,2.65,1.0,2.65,3,3.0,2.5,3,3,3,3.0,3,2,3,1,1,1,3,2,3,2.655,2.58,3.0,3.0,2.0,3.0,3,2,3,3,2,2,3,3,2,3,3,3,2,2,3,3,3,2,3,3,3,3,3,2,2,2,1,2,2,1,2,1,2,2,2,1,2,1,2,1,2,1,2,2,2,2,2,1,3,3,3,2,3,3,3,3,3,3,2.58,2.63,2.58,2.58,2.58,2.605,2.605,2.58,More age-friendly,Reasonably age-friendly,Reasonably age-friendly,Reasonably age-friendly,More age-friendly,More age-friendly,Reasonably age-friendly,Reasonably age-friendly,Reasonably age-friendly,More age-friendly,Less age-friendly,campus,77.448,186:0,0,22,137,77.448,0
187,2.43,1.5,1.62,3,3.0,1.5,3,3,2,3.0,2,1,3,2,2,1,3,3,3,1.784,1.859,3.0,3.0,2.0,3.0,3,2,3,3,2,3,3,3,2,3,3,3,2,2,3,3,3,2,3,3,3,3,3,2,2,2,1,2,2,1,2,1,2,2,2,1,2,1,2,1,2,1,2,2,2,2,2,1,3,3,1,2,3,1,1,2,1,1,1.659,1.909,1.659,1.659,1.659,1.834,1.684,1.659,Reasonably age-friendly,Less age-friendly,Less age-friendly,Less age-friendly,Reasonably age-friendly,Reasonably age-friendly,Less age-friendly,Less age-friendly,Less age-friendly,Reasonably age-friendly,Less age-friendly,campus,14.423,187:0,0,138,139,14.423,0
188,2.69,1.0,2.69,3,3.0,2.5,3,3,3,3.0,3,1,2,2,1,1,3,3,3,2.633,2.558,3.0,3.0,2.0,3.0,3,2,3,3,2,3,3,3,1,3,3,2,1,1,3,3,2,1,3,3,3,3,3,2,2,2,1,2,2,1,2,1,2,2,2,1,2,1,2,1,2,1,2,2,2,2,2,1,3,2,2,2,3,1,1,3,3,2,2.458,2.558,2.458,2.408,2.458,2.683,2.583,2.458,Reasonably age-friendly,Reasonably age-friendly,Reasonably age-friendly,Reasonably age-friendly,Reasonably age-friendly,Reasonably age-friendly,Less age-friendly,Reasonably age-friendly,Reasonably age-friendly,Reasonably age-friendly,Less age-friendly,campus,98.295,188:0,0,139,140,98.295,0
189,2.04,1.5,1.36,3,1.0,3.0,3,3,1,1.0,1,1,3,2,2,1,3,2,3,1.652,1.677,3.0,3.0,2.0,3.0,3,1,3,3,1,2,3,3,2,3,3,3,2,2,3,3,3,2,3,3,3,3,3,2,2,2,1,2,2,1,2,1,2,2,2,1,2,1,2,1,2,1,2,2,2,2,2,1,2,2,2,2,3,3,3,3,3,2,1.577,1.577,1.577,1.627,1.577,1.702,1.702,1.577,Reasonably age-friendly,Less age-friendly,Less age-friendly,Less age-friendly,Reasonably age-friendly,Reasonably age-friendly,Less age-friendly,Less age-friendly,Less age-friendly,Reasonably age-friendly,Less age-friendly,campus,18.578,189:0,0,140,141,18.578,0
190,2.44,1.0,2.44,3,3.0,3.0,3,3,3,1.0,2,2,2,1,1,1,3,2,3,2.408,2.483,3.0,3.0,2.0,3.0,3,1,3,3,1,2,3,3,1,3,3,2,1,1,3,3,2,1,3,3,3,3,3,2,2,2,1,2,2,1,2,1,2,2,2,1,2,1,2,1,2,1,2,2,2,2,2,1,2,2,2,3,3,3,3,3,3,3,2.383,2.333,2.383,2.383,2.383,2.458,2.408,2.383,Reasonably age-friendly,Less age-friendly,Reasonably age-friendly,Reasonably age-friendly,Reasonably age-friendly,Reasonably age-friendly,Reasonably age-friendly,Reasonably age-friendly,Reasonably age-friendly,Reasonably age-friendly,Less age-friendly,campus,21.499,190:0,0,140,142,21.499,0
191,2.6,1.0,2.6,3,3.0,3.0,3,3,3,3.0,3,1,2,1,1,1,3,3,3,2.67,2.595,3.0,3.0,2.0,3.0,3,2,3,3,2,3,3,3,1,3,3,2,1,1,3,3,2,1,3,3,3,3,3,2,2,2,1,2,2,1,2,1,2,2,2,1,2,1,2,1,2,1,2,2,2,2,2,1,2,3,3,3,3,3,3,3,3,3,2.495,2.595,2.495,2.545,2.495,2.62,2.52,2.495,Reasonably age-friendly,Reasonably age-friendly,Reasonably age-friendly,Reasonably age-friendly,Reasonably age-friendly,Reasonably age-friendly,Reasonably age-friendly,Reasonably age-friendly,Reasonably age-friendly,Reasonably age-friendly,Less age-friendly,campus,154.44,191:0,0,65,141,154.44,0
192,2.53,1.0,2.53,3,3.0,2.5,3,3,2,3.0,3,2,1,1,1,1,3,3,3,2.621,2.496,3.0,3.0,2.0,3.0,3,2,3,3,2,3,3,3,1,3,3,1,1,1,3,3,1,1,3,3,3,3,3,2,2,2,1,2,2,1,2,1,2,2,2,1,2,1,2,1,2,1,2,2,2,2,2,1,3,2,3,3,3,1,3,2,2,3,2.446,2.446,2.446,2.496,2.446,2.471,2.321,2.446,Reasonably age-friendly,Reasonably age-friendly,Reasonably age-friendly,Reasonably age-friendly,Reasonably age-friendly,Reasonably age-friendly,Reasonably age-friendly,Reasonably age-friendly,Less age-friendly,Reasonably age-friendly,Less age-friendly,campus,133.229,192:0,0,143,144,133.229,0
193,2.52,1.0,2.52,3,3.0,3.0,3,3,3,1.5,2,1,3,3,1,1,2,1,3,2.514,2.589,3.0,3.0,2.0,3.0,3,1,3,3,1,1,3,3,2,3,3,3,2,2,3,3,3,2,3,3,3,3,3,2,2,2,1,2,2,1,2,1,2,2,2,1,2,1,2,1,2,1,2,2,2,2,2,1,3,3,3,3,3,3,3,3,3,3,2.489,2.489,2.489,2.439,2.489,2.464,2.514,2.489,Reasonably age-friendly,Reasonably age-friendly,Reasonably age-friendly,Reasonably age-friendly,Reasonably age-friendly,Reasonably age-friendly,Reasonably age-friendly,Reasonably age-friendly,Reasonably age-friendly,Reasonably age-friendly,Reasonably age-friendly,campus,79.545,193:0,0,17,145,79.545,0
194,2.72,1.0,2.72,3,3.0,3.0,3,3,3,3.0,2,2,3,3,1,1,2,1,3,2.654,2.729,3.0,3.0,2.0,3.0,3,1,3,3,1,1,3,3,2,3,3,3,2,2,3,3,3,2,3,3,3,3,3,2,2,2,1,2,2,1,2,1,2,2,2,1,2,1,2,1,2,1,2,2,2,2,2,1,3,3,3,3,3,3,3,3,3,3,2.629,2.629,2.629,2.579,2.629,2.604,2.654,2.629,More age-friendly,Reasonably age-friendly,Reasonably age-friendly,Reasonably age-friendly,More age-friendly,More age-friendly,Reasonably age-friendly,Reasonably age-friendly,Reasonably age-friendly,More age-friendly,Reasonably age-friendly,campus,73.951,194:0,0,11,146,73.951,0
195,2.15,1.0,2.15,3,3.0,1.5,3,3,2,3.0,3,1,2,1,1,1,1,2,3,2.305,2.28,3.0,3.0,2.0,3.0,3,1,3,3,1,2,3,3,1,3,3,2,1,1,3,3,2,1,3,3,3,3,3,2,2,2,1,2,2,1,2,1,2,2,2,1,2,1,2,1,2,1,2,2,2,2,2,1,3,3,3,3,3,3,3,3,3,3,2.18,2.23,2.18,2.18,2.18,2.255,2.205,2.18,Reasonably age-friendly,Reasonably age-friendly,Reasonably age-friendly,Reasonably age-friendly,Reasonably age-friendly,Reasonably age-friendly,Reasonably age-friendly,Reasonably age-friendly,Reasonably age-friendly,Reasonably age-friendly,Reasonably age-friendly,campus,162.126,195:0,0,146,147,162.126,0
196,2.0,1.5,1.333,3,1.0,3.0,3,3,1,1.0,2,1,3,2,2,1,2,3,3,1.783,1.758,3.0,3.0,2.0,3.0,3,2,3,3,2,3,3,3,2,3,3,3,2,2,3,3,3,2,3,3,3,3,3,2,2,2,1,2,2,1,2,1,2,2,2,1,2,1,2,1,2,1,2,2,2,2,2,1,3,3,3,3,3,3,1,1,1,3,1.658,1.708,1.658,1.458,1.658,1.533,1.483,1.658,Reasonably age-friendly,Less age-friendly,Reasonably age-friendly,Reasonably age-friendly,Reasonably age-friendly,Reasonably age-friendly,Less age-friendly,Less age-friendly,Less age-friendly,Reasonably age-friendly,Less age-friendly,campus,14.72,196:0,0,145,148,14.72,0
197,2.4,1.0,2.4,2,3.0,3.0,3,3,3,3.0,3,1,3,1,1,1,2,3,3,2.53,2.505,3.0,3.0,2.0,3.0,3,2,3,3,2,3,3,3,2,3,3,3,2,2,3,3,3,2,3,3,3,3,3,2,2,2,1,2,2,1,2,1,2,2,2,1,2,1,2,1,2,1,2,2,2,2,2,1,3,3,3,3,3,3,3,3,3,3,2.405,2.455,2.405,2.405,2.405,2.48,2.43,2.405,Reasonably age-friendly,Reasonably age-friendly,Reasonably age-friendly,Reasonably age-friendly,Reasonably age-friendly,Reasonably age-friendly,Reasonably age-friendly,Reasonably age-friendly,Reasonably age-friendly,Reasonably age-friendly,Reasonably age-friendly,campus,79.172,197:0,0,148,149,79.172,0
198,2.16,1.5,1.44,3,1.0,3.0,3,3,1,1.0,1,1,3,3,2,1,3,2,3,1.808,1.833,3.0,3.0,2.0,3.0,3,2,3,3,2,2,3,3,2,3,3,3,2,2,3,3,3,2,3,3,3,3,3,2,2,2,1,2,2,1,2,1,2,2,2,1,2,1,2,1,2,1,2,2,2,2,2,1,3,3,3,3,3,3,1,1,1,3,1.733,1.783,1.733,1.533,1.733,1.558,1.558,1.733,Reasonably age-friendly,Less age-friendly,Less age-friendly,Less age-friendly,Reasonably age-friendly,Reasonably age-friendly,Less age-friendly,Less age-friendly,Less age-friendly,Reasonably age-friendly,Less age-friendly,campus,21.424,198:0,0,145,150,21.424,0
199,2.04,1.5,1.36,3,1.0,3.0,3,3,1,1.0,1,1,3,2,2,1,3,2,3,1.752,1.777,3.0,3.0,2.0,3.0,3,2,3,3,2,2,3,3,2,3,3,3,2,2,3,3,3,2,3,3,3,3,3,2,2,2,1,2,2,1,2,1,2,2,2,1,2,1,2,1,2,1,2,2,2,2,2,1,3,3,3,3,3,3,1,1,1,3,1.677,1.727,1.677,1.477,1.677,1.502,1.502,1.677,Reasonably age-friendly,Less age-friendly,Less age-friendly,Less age-friendly,Reasonably age-friendly,Reasonably age-friendly,Less age-friendly,Less age-friendly,Less age-friendly,Reasonably age-friendly,Less age-friendly,campus,26.549,199:0,0,146,148,26.549,0
200,1.92,1.5,1.28,3,1.0,3.0,3,3,1,1.0,1,1,3,1,2,1,3,2,3,1.696,1.721,3.0,3.0,2.0,3.0,3,2,3,3,2,2,3,3,2,3,3,3,2,2,3,3,3,2,3,3,3,3,3,2,2,2,1,2,2,1,2,1,2,2,2,1,2,1,2,1,2,1,2,2,2,2,2,1,3,3,3,3,3,3,1,1,1,3,1.621,1.671,1.621,1.421,1.621,1.446,1.446,1.621,Reasonably age-friendly,Less age-friendly,Less age-friendly,Less age-friendly,Reasonably age-friendly,Reasonably age-friendly,Less age-friendly,Less age-friendly,Less age-friendly,Reasonably age-friendly,Less age-friendly,campus,18.982,200:0,0,146,145,18.982,0
201,2.16,1.5,1.44,3,1.0,3.0,3,3,1,1.0,1,1,3,3,2,1,3,2,3,1.808,1.833,3.0,3.0,2.0,3.0,3,2,3,3,2,2,3,3,2,3,3,3,2,2,3,3,3,2,3,3,3,3,3,2,2,2,1,2,2,1,2,1,2,2,2,1,2,1,2,1,2,1,2,2,2,2,2,1,3,3,3,3,3,3,1,1,1,3,1.733,1.783,1.733,1.533,1.733,1.558,1.558,1.733,Reasonably age-friendly,Less age-friendly,Less age-friendly,Less age-friendly,Reasonably age-friendly,Reasonably age-friendly,Less age-friendly,Less age-friendly,Less age-friendly,Reasonably age-friendly,Less age-friendly,campus,11.988,201:0,0,150,146,11.988,0
202,2.04,1.5,1.36,3,1.0,3.0,3,3,1,1.0,1,1,3,2,2,1,3,3,3,1.802,1.777,3.0,3.0,2.0,3.0,3,2,3,3,2,3,3,3,2,3,3,3,2,2,3,3,3,2,3,3,3,3,3,2,2,2,1,2,2,1,2,1,2,2,2,1,2,1,2,1,2,1,2,2,2,2,2,1,3,3,3,3,3,3,1,1,1,3,1.677,1.727,1.677,1.477,1.677,1.552,1.502,1.677,Reasonably age-friendly,Less age-friendly,Less age-friendly,Less age-friendly,Reasonably age-friendly,Reasonably age-friendly,Less age-friendly,Less age-friendly,Less age-friendly,Reasonably age-friendly,Less age-friendly,campus,21.299,202:0,0,150,148,21.299,0
203,2.56,1.0,2.56,3,3.0,3.0,3,3,3,3.0,2,3,2,2,1,1,1,2,3,2.592,2.567,3.0,3.0,2.0,3.0,3,1,3,3,1,2,3,3,1,3,3,2,1,1,3,3,2,1,3,3,3,3,3,2,2,2,1,2,2,1,2,1,2,2,2,1,2,1,2,1,2,1,2,2,2,2,2,1,3,3,3,3,3,3,3,3,3,3,2.467,2.517,2.467,2.467,2.467,2.542,2.492,2.467,Reasonably age-friendly,More age-friendly,More age-friendly,More age-friendly,Reasonably age-friendly,Reasonably age-friendly,Reasonably age-friendly,More age-friendly,Reasonably age-friendly,Reasonably age-friendly,More age-friendly,campus,160.585,203:0,0,150,151,160.585,0
204,2.44,1.0,2.44,3,3.0,3.0,3,3,3,1.0,2,2,3,2,1,1,2,2,3,2.508,2.533,3.0,3.0,2.0,3.0,3,2,3,3,2,2,3,3,2,3,3,3,2,2,3,3,3,2,3,3,3,3,3,2,2,2,1,2,2,1,2,1,2,2,2,1,2,1,2,1,2,1,2,2,2,2,2,1,3,3,3,3,3,3,3,3,3,3,2.433,2.483,2.433,2.433,2.433,2.458,2.458,2.433,Reasonably age-friendly,Reasonably age-friendly,Reasonably age-friendly,Reasonably age-friendly,Reasonably age-friendly,Reasonably age-friendly,Reasonably age-friendly,Reasonably age-friendly,Reasonably age-friendly,Reasonably age-friendly,Reasonably age-friendly,campus,78.735,204:0,0,151,152,78.735,0
205,2.07,1.0,2.07,3,1.5,1.0,3,3,2,3.0,2,1,3,1,1,1,2,3,3,2.299,2.274,3.0,3.0,2.0,3.0,3,2,3,3,2,3,3,3,2,3,3,3,2,2,3,3,3,2,3,3,3,3,3,2,2,2,1,2,2,1,2,1,2,2,2,1,2,1,2,1,2,1,2,2,2,2,2,1,3,3,3,3,3,3,3,3,3,3,2.174,2.224,2.174,2.174,2.174,2.249,2.199,2.174,Reasonably age-friendly,Reasonably age-friendly,Reasonably age-friendly,Reasonably age-friendly,Reasonably age-friendly,Reasonably age-friendly,Reasonably age-friendly,Reasonably age-friendly,Reasonably age-friendly,Reasonably age-friendly,Less age-friendly,campus,58.434,205:0,0,152,153,58.434,0
206,2.19,1.0,2.19,3,3.0,1.5,3,3,2,3.0,2,1,3,1,1,1,2,2,3,2.333,2.358,3.0,3.0,2.0,3.0,3,2,3,3,2,2,3,3,2,3,3,3,2,2,3,3,3,2,3,3,3,3,3,2,2,2,1,2,2,1,2,1,2,2,2,1,2,1,2,1,2,1,2,2,2,2,2,1,3,3,3,3,3,3,3,3,3,3,2.258,2.308,2.258,2.258,2.258,2.283,2.283,2.258,Reasonably age-friendly,Reasonably age-friendly,Reasonably age-friendly,Reasonably age-friendly,Reasonably age-friendly,Reasonably age-friendly,Reasonably age-friendly,Reasonably age-friendly,Reasonably age-friendly,Reasonably age-friendly,Less age-friendly,campus,92.124,206:0,0,154,150,92.124,0
207,2.38,1.0,2.38,3,3.0,2.0,3,3,3,3.0,3,2,3,1,1,1,1,1,3,2.416,2.491,3.0,3.0,2.0,3.0,3,1,3,3,1,1,3,3,2,3,3,3,2,2,3,3,3,2,3,3,3,3,3,2,2,2,1,2,2,1,2,1,2,2,2,1,2,1,2,1,2,1,2,2,2,2,2,1,3,3,3,3,3,3,3,3,3,3,2.391,2.391,2.391,2.341,2.391,2.366,2.416,2.391,Reasonably age-friendly,Reasonably age-friendly,Reasonably age-friendly,Reasonably age-friendly,Reasonably age-friendly,Reasonably age-friendly,Reasonably age-friendly,Reasonably age-friendly,Reasonably age-friendly,Reasonably age-friendly,Reasonably age-friendly,campus,50.008,207:0,0,149,155,50.008,0
208,2.33,1.0,2.33,3,3.0,2.5,3,3,3,3.0,3,1,2,1,1,1,1,2,3,2.231,2.406,3.0,3.0,2.0,3.0,3,2,3,3,2,2,3,3,1,3,3,2,1,1,3,3,2,1,3,3,3,3,3,2,2,2,1,2,2,1,2,1,2,2,2,1,2,1,2,1,2,1,2,2,2,2,2,1,3,3,1,3,3,3,3,3,3,3,2.306,2.406,2.306,2.356,2.306,2.381,2.331,2.306,Reasonably age-friendly,Reasonably age-friendly,Reasonably age-friendly,Reasonably age-friendly,Reasonably age-friendly,Reasonably age-friendly,Reasonably age-friendly,Reasonably age-friendly,Reasonably age-friendly,Reasonably age-friendly,Reasonably age-friendly,campus,88.0,208:0,0,155,156,88.0,0
209,1.99,1.0,1.99,3,1.5,3.0,3,3,2,1.0,3,1,3,1,1,1,1,2,3,1.993,2.218,3.0,3.0,2.0,3.0,3,2,3,3,2,2,3,3,2,3,3,3,2,2,3,3,3,2,3,3,3,3,3,2,2,2,1,2,2,1,2,1,2,2,2,1,2,1,2,1,2,1,2,2,2,2,2,1,3,3,1,3,3,3,3,3,3,3,2.118,2.168,2.118,2.118,2.118,2.143,2.143,2.118,Reasonably age-friendly,Reasonably age-friendly,Reasonably age-friendly,Reasonably age-friendly,Reasonably age-friendly,Reasonably age-friendly,Reasonably age-friendly,Reasonably age-friendly,Reasonably age-friendly,Reasonably age-friendly,Reasonably age-friendly,campus,31.767,209:0,0,139,157,31.767,0
210,1.72,1.5,1.147,3,1.0,3.0,2,2,1,1.0,1,1,3,2,2,1,2,1,3,1.553,1.628,3.0,3.0,2.0,3.0,3,2,3,3,2,1,3,3,2,3,3,3,2,2,3,3,3,2,3,3,3,3,3,2,2,2,1,2,2,1,2,1,2,2,2,1,2,1,2,1,2,1,2,2,2,2,2,1,3,3,3,3,3,3,3,3,3,3,1.528,1.578,1.528,1.528,1.528,1.503,1.553,1.528,Reasonably age-friendly,Less age-friendly,Less age-friendly,Less age-friendly,Reasonably age-friendly,Reasonably age-friendly,Less age-friendly,Less age-friendly,Less age-friendly,Reasonably age-friendly,Less age-friendly,campus,32.357,210:0,0,158,155,32.357,0
211,1.56,1.5,1.04,3,1.0,3.0,2,3,1,1.0,1,1,3,1,1,2,1,3,3,1.578,1.553,3.0,3.0,2.0,3.0,3,2,3,3,2,3,3,3,2,3,3,3,2,2,3,3,3,2,3,3,3,3,3,2,2,2,1,2,2,1,2,1,2,2,2,1,2,1,2,1,2,1,2,2,2,2,2,1,3,3,3,3,3,3,3,3,3,3,1.453,1.503,1.453,1.453,1.453,1.528,1.478,1.453,Reasonably age-friendly,Reasonably age-friendly,Reasonably age-friendly,Reasonably age-friendly,Reasonably age-friendly,Reasonably age-friendly,Less age-friendly,Reasonably age-friendly,Less age-friendly,Reasonably age-friendly,Less age-friendly,campus,20.541,211:0,0,155,159,20.541,0
212,2.32,1.0,2.32,3,3.0,3.0,3,3,3,1.0,2,2,2,1,1,1,2,1,3,2.374,2.399,3.0,3.0,2.0,3.0,3,1,3,3,1,1,3,3,1,3,3,2,1,1,3,3,2,1,3,3,3,3,3,2,2,2,1,2,2,1,2,1,2,2,2,1,2,1,2,1,2,1,2,2,2,2,2,1,3,3,3,3,3,3,3,3,3,3,2.299,2.349,2.299,2.299,2.299,2.324,2.324,2.299,Reasonably age-friendly,Reasonably age-friendly,Reasonably age-friendly,Reasonably age-friendly,Reasonably age-friendly,Reasonably age-friendly,Reasonably age-friendly,Reasonably age-friendly,Reasonably age-friendly,Reasonably age-friendly,Reasonably age-friendly,campus,48.834,212:0,0,158,154,48.834,0
215,1.92,1.5,1.28,3,1.0,3.0,3,3,1,1.0,1,1,3,1,2,1,3,1,3,1.646,1.721,3.0,3.0,2.0,3.0,3,2,3,3,2,1,3,3,2,3,3,3,2,2,3,3,3,2,3,3,3,3,3,2,2,2,1,2,2,1,2,1,2,2,2,1,2,1,2,1,2,1,2,2,2,2,2,1,3,3,3,3,3,3,3,3,3,3,1.621,1.671,1.621,1.621,1.621,1.596,1.646,1.621,Reasonably age-friendly,Less age-friendly,Less age-friendly,Less age-friendly,Reasonably age-friendly,Reasonably age-friendly,Less age-friendly,Less age-friendly,Less age-friendly,Reasonably age-friendly,Less age-friendly,campus,29.868,215:0,0,154,149,29.868,0
216,2.57,1.0,2.57,3,3.0,2.5,3,3,3,3.0,3,1,2,1,1,1,3,3,3,2.649,2.574,3.0,3.0,2.0,3.0,3,3,3,3,3,3,3,3,1,3,3,2,1,1,3,3,2,1,3,3,3,3,3,2,2,2,1,2,2,1,2,1,2,2,2,1,2,1,2,1,2,1,2,2,2,2,2,1,2,3,3,3,3,3,3,3,3,3,2.474,2.624,2.474,2.574,2.474,2.599,2.499,2.474,Reasonably age-friendly,Reasonably age-friendly,Reasonably age-friendly,Reasonably age-friendly,Reasonably age-friendly,Reasonably age-friendly,Reasonably age-friendly,Reasonably age-friendly,Reasonably age-friendly,Reasonably age-friendly,Less age-friendly,campus,132.807,216:0,0,142,117,132.807,0
217,2.02,2.0,1.01,3,3.0,2.0,2,2,3,1.5,2,1,2,2,2,2,1,3,3,1.557,1.482,3.0,3.0,2.0,3.0,3,1,3,3,1,3,3,3,1,3,3,2,1,1,3,3,2,1,3,3,3,3,3,2,2,2,1,2,2,1,2,1,2,2,2,1,2,1,2,1,2,1,2,2,2,2,2,1,3,3,3,3,3,3,3,3,3,3,1.382,1.432,1.382,1.382,1.382,1.507,1.407,1.382,Reasonably age-friendly,Reasonably age-friendly,Reasonably age-friendly,Reasonably age-friendly,Reasonably age-friendly,Reasonably age-friendly,Reasonably age-friendly,Reasonably age-friendly,Reasonably age-friendly,Reasonably age-friendly,Less age-friendly,campus,41.04,217:0,0,160,142,41.04,0
218,2.19,1.0,2.19,3,3.0,1.5,3,3,3,1.5,2,1,2,1,1,1,2,3,3,2.383,2.308,3.0,3.0,2.0,3.0,3,2,3,3,2,3,3,3,1,3,3,2,1,1,3,3,2,1,3,3,3,3,3,2,2,2,1,2,2,1,2,1,2,2,2,1,2,1,2,1,2,1,2,2,2,2,2,1,3,3,3,3,3,3,3,3,3,3,2.208,2.308,2.208,2.258,2.208,2.333,2.233,2.208,Reasonably age-friendly,Reasonably age-friendly,Reasonably age-friendly,Reasonably age-friendly,Reasonably age-friendly,Reasonably age-friendly,Reasonably age-friendly,Reasonably age-friendly,Reasonably age-friendly,Reasonably age-friendly,Less age-friendly,campus,55.886,218:0,0,153,161,55.886,0
219,2.36,1.0,2.36,3,3.0,3.0,3,3,3,1.0,3,3,1,1,1,1,1,2,3,2.452,2.377,3.0,3.0,2.0,3.0,3,2,3,3,2,2,3,3,1,3,3,1,1,1,3,3,1,1,3,3,3,3,3,2,2,2,1,2,2,1,2,1,2,2,2,1,2,1,2,1,2,1,2,2,2,2,2,1,3,3,3,3,3,3,3,3,3,3,2.327,2.427,2.327,2.377,2.327,2.402,2.302,2.327,Reasonably age-friendly,Reasonably age-friendly,Reasonably age-friendly,Reasonably age-friendly,Reasonably age-friendly,Reasonably age-friendly,Reasonably age-friendly,Reasonably age-friendly,Reasonably age-friendly,Reasonably age-friendly,Reasonably age-friendly,campus,82.791,219:0,0,161,158,82.791,0
220,2.15,1.0,2.15,3,3.0,1.5,3,3,2,3.0,3,1,2,1,1,1,1,2,3,2.305,2.28,3.0,3.0,2.0,3.0,3,2,3,3,2,2,3,3,1,3,3,2,1,1,3,3,2,1,3,3,3,3,3,2,2,2,1,2,2,1,2,1,2,2,2,1,2,1,2,1,2,1,2,2,2,2,2,1,3,3,3,3,3,3,3,3,3,3,2.18,2.28,2.18,2.23,2.18,2.255,2.205,2.18,Reasonably age-friendly,Reasonably age-friendly,Reasonably age-friendly,Reasonably age-friendly,Reasonably age-friendly,Reasonably age-friendly,Reasonably age-friendly,Reasonably age-friendly,Reasonably age-friendly,Reasonably age-friendly,Reasonably age-friendly,campus,61.958,220:0,0,161,162,61.958,0
221,2.24,1.5,1.493,3,1.0,3.0,3,3,1,3.0,3,1,3,1,2,1,3,3,3,1.895,1.87,3.0,3.0,2.0,3.0,3,3,3,3,3,3,3,3,2,3,3,3,2,2,3,3,3,2,3,3,3,3,3,2,2,2,1,2,2,1,2,1,2,2,2,1,2,1,2,1,2,1,2,2,2,2,2,1,3,3,3,3,3,3,3,3,3,3,1.77,1.87,1.77,1.82,1.77,1.845,1.795,1.77,Reasonably age-friendly,Less age-friendly,Less age-friendly,Less age-friendly,Reasonably age-friendly,Reasonably age-friendly,Less age-friendly,Less age-friendly,Less age-friendly,Reasonably age-friendly,Less age-friendly,campus,17.232,221:0,0,163,164,17.232,0
222,2.15,1.0,2.15,3,1.5,1.0,3,3,2,3.0,3,1,3,2,1,1,1,2,3,2.305,2.33,3.0,3.0,2.0,3.0,3,3,3,3,3,2,3,3,2,3,3,3,2,2,3,3,3,2,3,3,3,3,3,2,2,2,1,2,2,1,2,1,2,2,2,1,2,1,2,1,2,1,2,2,2,2,2,1,3,3,3,3,3,3,3,3,3,3,2.23,2.33,2.23,2.28,2.23,2.255,2.255,2.23,Reasonably age-friendly,Reasonably age-friendly,Reasonably age-friendly,Reasonably age-friendly,Reasonably age-friendly,Reasonably age-friendly,Reasonably age-friendly,Reasonably age-friendly,Reasonably age-friendly,Reasonably age-friendly,Reasonably age-friendly,campus,65.332,222:0,0,163,165,65.332,0
223,2.15,1.0,2.15,3,1.5,1.0,3,3,2,3.0,3,1,2,1,1,1,2,1,3,2.255,2.28,3.0,3.0,2.0,3.0,3,1,3,3,1,1,3,3,1,3,3,2,1,1,3,3,2,1,3,3,3,3,3,2,2,2,1,2,2,1,2,1,2,2,2,1,2,1,2,1,2,1,2,2,2,2,2,1,3,3,3,3,3,3,3,3,3,3,2.18,2.23,2.18,2.18,2.18,2.205,2.205,2.18,Reasonably age-friendly,Reasonably age-friendly,Reasonably age-friendly,Reasonably age-friendly,Reasonably age-friendly,Reasonably age-friendly,Reasonably age-friendly,Reasonably age-friendly,Reasonably age-friendly,Reasonably age-friendly,Less age-friendly,campus,53.042,223:0,0,165,166,53.042,0
224,2.34,1.0,2.34,3,3.0,2.0,3,3,3,1.5,2,1,2,2,1,1,2,2,3,2.238,2.313,3.0,3.0,2.0,3.0,3,1,3,3,1,2,3,3,1,3,3,2,1,1,3,3,2,1,3,3,3,3,3,2,2,2,1,2,2,1,2,1,2,2,2,1,2,1,2,1,2,1,2,2,2,2,2,1,3,3,1,2,3,3,3,3,3,3,2.313,2.363,2.313,2.313,2.313,2.388,2.338,2.313,Reasonably age-friendly,Reasonably age-friendly,Reasonably age-friendly,Reasonably age-friendly,Reasonably age-friendly,Reasonably age-friendly,Reasonably age-friendly,Reasonably age-friendly,Reasonably age-friendly,Reasonably age-friendly,Reasonably age-friendly,campus,68.816,224:0,0,41,167,68.816,0
225,2.07,1.5,1.38,2,3.0,1.5,2,2,3,1.0,3,1,3,1,1,2,3,1,3,1.516,1.691,3.0,3.0,2.0,3.0,3,1,3,3,1,1,3,3,2,3,3,3,2,2,3,3,3,2,3,3,3,3,3,2,2,2,1,2,2,1,2,1,2,2,2,1,2,1,2,1,2,1,2,2,2,2,2,1,3,3,1,2,3,3,3,3,3,3,1.691,1.691,1.691,1.641,1.691,1.666,1.716,1.691,Reasonably age-friendly,Less age-friendly,Less age-friendly,Less age-friendly,Reasonably age-friendly,Reasonably age-friendly,Less age-friendly,Less age-friendly,Less age-friendly,Reasonably age-friendly,Less age-friendly,campus,49.492,225:0,0,40,168,49.492,0
226,1.99,2.5,0.796,1,3.0,1.5,2,3,2,3.0,3,1,1,1,3,2,2,1,3,1.107,1.282,3.0,3.0,2.0,3.0,3,3,3,3,3,1,3,3,1,3,3,1,1,1,3,3,1,1,3,3,3,3,3,2,2,2,1,2,2,1,2,1,2,2,2,1,2,1,2,1,2,1,2,2,2,2,2,1,3,3,1,3,3,3,3,3,3,3,1.232,1.382,1.232,1.332,1.232,1.257,1.207,1.232,Reasonably age-friendly,Less age-friendly,Less age-friendly,Less age-friendly,Reasonably age-friendly,Reasonably age-friendly,Less age-friendly,Less age-friendly,Less age-friendly,Reasonably age-friendly,Less age-friendly,campus,49.733,226:0,0,168,169,49.733,0
227,2.64,1.0,2.64,3,3.0,3.0,3,3,3,3.0,3,3,3,2,1,1,1,3,3,2.498,2.673,3.0,3.0,2.0,3.0,3,2,3,3,2,3,3,3,2,3,3,3,2,2,3,3,3,2,3,3,3,3,3,2,2,2,1,2,2,1,2,1,2,2,2,1,2,1,2,1,2,1,2,2,2,2,2,1,3,1,1,3,3,3,3,3,1,1,2.373,2.423,2.373,2.573,2.373,2.648,2.398,2.373,Reasonably age-friendly,Reasonably age-friendly,Reasonably age-friendly,More age-friendly,Reasonably age-friendly,Reasonably age-friendly,More age-friendly,More age-friendly,Reasonably age-friendly,Reasonably age-friendly,More age-friendly,campus,69.973,227:0,0,170,143,69.973,0
228,2.72,1.5,1.813,3,3.0,3.0,3,3,2,3.0,3,1,3,3,2,1,3,3,3,1.919,1.994,3.0,3.0,2.0,3.0,3,1,3,3,1,3,3,3,2,3,3,3,2,2,3,3,3,2,3,3,3,3,3,2,2,2,1,2,2,1,2,1,2,2,2,1,2,1,2,1,2,1,2,2,2,2,2,1,3,1,1,2,3,1,1,2,1,1,1.794,1.794,1.794,1.744,1.794,1.969,1.819,1.794,Reasonably age-friendly,Less age-friendly,Less age-friendly,Less age-friendly,Reasonably age-friendly,Reasonably age-friendly,Less age-friendly,Less age-friendly,Less age-friendly,Reasonably age-friendly,Less age-friendly,campus,10.355,228:0,0,171,143,10.355,0
229,2.45,1.0,2.45,3,3.0,2.5,3,3,2,3.0,3,1,2,1,1,1,3,3,3,2.465,2.39,3.0,3.0,2.0,3.0,3,2,3,3,2,3,3,3,1,3,3,2,1,1,3,3,2,1,3,3,3,3,3,2,2,2,1,2,2,1,2,1,2,2,2,1,2,1,2,1,2,1,2,2,2,2,2,1,3,2,2,2,3,1,1,3,3,2,2.29,2.39,2.29,2.24,2.29,2.515,2.415,2.29,Reasonably age-friendly,Reasonably age-friendly,Reasonably age-friendly,Reasonably age-friendly,Reasonably age-friendly,Reasonably age-friendly,Less age-friendly,Reasonably age-friendly,Reasonably age-friendly,Reasonably age-friendly,Less age-friendly,campus,97.187,229:0,0,172,171,8.029570132309429,0
229,2.45,1.0,2.45,3,3.0,2.5,3,3,2,3.0,3,1,2,1,1,1,3,3,3,2.465,2.39,3.0,3.0,2.0,3.0,3,2,3,3,2,3,3,3,1,3,3,2,1,1,3,3,2,1,3,3,3,3,3,2,2,2,1,2,2,1,2,1,2,2,2,1,2,1,2,1,2,1,2,2,2,2,2,1,3,2,2,2,3,1,1,3,3,2,2.29,2.39,2.29,2.24,2.29,2.515,2.415,2.29,Reasonably age-friendly,Reasonably age-friendly,Reasonably age-friendly,Reasonably age-friendly,Reasonably age-friendly,Reasonably age-friendly,Less age-friendly,Reasonably age-friendly,Reasonably age-friendly,Reasonably age-friendly,Less age-friendly,campus,97.187,229:1,1,141,172,89.15532276014177,0
231,2.48,1.0,2.48,3,3.0,3.0,3,3,3,3.0,3,1,3,1,1,1,2,3,3,2.586,2.561,3.0,3.0,2.0,3.0,3,3,3,3,3,3,3,3,2,3,3,3,2,2,3,3,3,2,3,3,3,3,3,2,2,2,1,2,2,1,2,1,2,2,2,1,2,1,2,1,2,1,2,2,2,2,2,1,3,3,3,3,3,3,3,3,3,3,2.461,2.561,2.461,2.511,2.461,2.536,2.486,2.461,Reasonably age-friendly,Reasonably age-friendly,Reasonably age-friendly,Reasonably age-friendly,Reasonably age-friendly,Reasonably age-friendly,Reasonably age-friendly,Reasonably age-friendly,Reasonably age-friendly,Reasonably age-friendly,Reasonably age-friendly,campus,114.209,231:0,0,63,173,114.209,0
232,2.57,1.0,2.57,3,3.0,2.5,3,3,3,3.0,3,1,3,2,1,1,2,3,3,2.649,2.624,3.0,3.0,2.0,3.0,3,3,3,3,3,3,3,3,2,3,3,3,2,2,3,3,3,2,3,3,3,3,3,2,2,2,1,2,2,1,2,1,2,2,2,1,2,1,2,1,2,1,2,2,2,2,2,1,3,3,3,3,3,3,3,3,3,3,2.524,2.624,2.524,2.574,2.524,2.599,2.549,2.524,More age-friendly,Reasonably age-friendly,Reasonably age-friendly,Reasonably age-friendly,More age-friendly,More age-friendly,Reasonably age-friendly,Reasonably age-friendly,Reasonably age-friendly,More age-friendly,Reasonably age-friendly,campus,82.74,232:0,0,173,174,82.74,0
233,2.52,1.0,2.52,3,3.0,3.0,3,3,3,2.5,3,2,3,2,1,1,1,3,3,2.614,2.589,3.0,3.0,2.0,3.0,3,3,3,3,3,3,3,3,2,3,3,3,2,2,3,3,3,2,3,3,3,3,3,2,2,2,1,2,2,1,2,1,2,2,2,1,2,1,2,1,2,1,2,2,2,2,2,1,3,3,3,3,3,3,3,3,3,3,2.489,2.589,2.489,2.539,2.489,2.564,2.514,2.489,Reasonably age-friendly,More age-friendly,More age-friendly,More age-friendly,Reasonably age-friendly,Reasonably age-friendly,More age-friendly,More age-friendly,More age-friendly,Reasonably age-friendly,More age-friendly,campus,82.176,233:0,0,175,176,82.176,0
234,1.92,1.5,1.28,3,1.0,3.0,2,3,1,1.0,1,1,3,3,1,2,2,2,3,1.696,1.721,3.0,3.0,2.0,3.0,3,3,3,3,3,2,3,3,2,3,3,3,2,2,3,3,3,2,3,3,3,3,3,2,2,2,1,2,2,1,2,1,2,2,2,1,2,1,2,1,2,1,2,2,2,2,2,1,3,3,3,3,3,3,3,3,3,3,1.621,1.721,1.621,1.671,1.621,1.646,1.646,1.621,Reasonably age-friendly,Reasonably age-friendly,Reasonably age-friendly,Reasonably age-friendly,Reasonably age-friendly,Reasonably age-friendly,Reasonably age-friendly,Reasonably age-friendly,Reasonably age-friendly,Reasonably age-friendly,Less age-friendly,campus,10.169,234:0,0,177,178,10.169,0
235,2.56,1.0,2.56,2,3.0,3.0,3,3,3,3.0,3,3,2,1,1,1,2,3,3,2.642,2.567,3.0,3.0,2.0,3.0,3,3,3,3,3,3,3,3,1,3,3,2,1,1,3,3,2,1,3,3,3,3,3,2,2,2,1,2,2,1,2,1,2,2,2,1,2,1,2,1,2,1,2,2,2,2,2,1,3,3,3,3,3,3,3,3,3,3,2.467,2.617,2.467,2.567,2.467,2.592,2.492,2.467,Reasonably age-friendly,Reasonably age-friendly,Reasonably age-friendly,Reasonably age-friendly,Reasonably age-friendly,Reasonably age-friendly,Reasonably age-friendly,Reasonably age-friendly,Reasonably age-friendly,Reasonably age-friendly,Less age-friendly,campus,73.825,235:0,0,179,180,73.825,0
236,2.56,1.0,2.56,3,3.0,3.0,3,3,3,3.0,3,2,2,1,1,1,2,3,3,2.642,2.567,3.0,3.0,2.0,3.0,3,2,3,3,2,3,3,3,1,3,3,2,1,1,3,3,2,1,3,3,3,3,3,2,2,2,1,2,2,1,2,1,2,2,2,1,2,1,2,1,2,1,2,2,2,2,2,1,3,3,3,3,3,3,3,3,3,3,2.467,2.567,2.467,2.517,2.467,2.592,2.492,2.467,Reasonably age-friendly,Reasonably age-friendly,Reasonably age-friendly,Reasonably age-friendly,Reasonably age-friendly,Reasonably age-friendly,Reasonably age-friendly,Reasonably age-friendly,Reasonably age-friendly,Reasonably age-friendly,Reasonably age-friendly,campus,74.622,236:0,0,180,181,74.622,0
237,2.8,1.0,2.8,3,3.0,3.0,3,3,3,3.0,3,2,2,2,1,1,3,3,2,2.81,2.685,3.0,3.0,2.0,3.0,3,2,3,3,2,3,2,3,1,3,3,2,1,1,3,3,2,1,3,3,3,3,3,2,2,2,1,2,2,1,2,1,2,2,2,1,2,1,2,1,2,1,2,2,2,2,2,1,3,3,3,3,3,3,3,3,3,3,2.635,2.735,2.635,2.685,2.635,2.76,2.61,2.635,More age-friendly,Reasonably age-friendly,Reasonably age-friendly,Reasonably age-friendly,More age-friendly,More age-friendly,Reasonably age-friendly,Reasonably age-friendly,Reasonably age-friendly,More age-friendly,Less age-friendly,campus,81.213,237:0,0,181,51,81.213,0
239,2.12,1.5,1.413,3,1.0,3.0,3,3,1,1.0,2,1,2,2,2,1,3,3,3,1.639,1.764,3.0,3.0,2.0,3.0,3,3,3,3,3,3,3,3,1,3,3,2,1,1,3,3,2,1,3,3,3,3,3,2,2,2,1,2,2,1,2,1,2,2,2,1,2,1,2,1,2,1,2,2,2,2,2,1,3,1,1,3,3,3,3,3,1,1,1.464,1.614,1.464,1.764,1.464,1.789,1.489,1.464,Reasonably age-friendly,Less age-friendly,Less age-friendly,Less age-friendly,Reasonably age-friendly,Reasonably age-friendly,Less age-friendly,Less age-friendly,Less age-friendly,Reasonably age-friendly,Less age-friendly,campus,10.467,239:0,0,170,182,10.467,0
240,2.11,1.0,2.11,3,1.5,1.0,3,3,2,2.0,2,1,2,1,1,1,3,1,3,2.127,2.152,3.0,3.0,2.0,3.0,3,1,3,3,1,1,3,3,1,3,3,2,1,1,3,3,2,1,3,3,3,3,3,2,2,2,1,2,2,1,2,1,2,2,2,1,2,1,2,1,2,1,2,2,2,2,2,1,3,3,2,2,2,3,3,3,3,2,2.052,2.202,2.052,2.152,2.052,2.177,2.177,2.052,Reasonably age-friendly,Less age-friendly,Less age-friendly,Less age-friendly,Reasonably age-friendly,Reasonably age-friendly,Less age-friendly,Less age-friendly,Less age-friendly,Reasonably age-friendly,Less age-friendly,residential,122.67,240:0,0,32,183,122.67,0
241,2.19,1.0,2.19,3,1.5,1.0,3,3,2,3.0,2,1,3,1,1,1,3,2,3,2.333,2.358,3.0,3.0,2.0,3.0,3,1,3,3,1,2,3,3,2,3,3,3,2,2,3,3,3,2,3,3,3,3,3,2,2,2,1,2,2,1,2,1,2,2,2,1,2,1,2,1,2,1,2,2,2,2,2,1,3,3,3,3,3,3,3,3,3,3,2.258,2.258,2.258,2.208,2.258,2.283,2.283,2.258,Reasonably age-friendly,Less age-friendly,Reasonably age-friendly,Reasonably age-friendly,Reasonably age-friendly,Reasonably age-friendly,Less age-friendly,Reasonably age-friendly,Reasonably age-friendly,Reasonably age-friendly,Less age-friendly,residential,69.993,241:0,0,48,184,69.993,0
242,2.19,1.0,2.19,3,2.5,2.0,3,3,2,3.0,2,1,2,1,1,1,2,3,3,2.383,2.308,3.0,3.0,2.0,3.0,3,3,3,3,3,3,3,3,1,3,3,2,1,1,3,3,2,1,3,3,3,3,3,2,2,2,1,2,2,1,2,1,2,2,2,1,2,1,2,1,2,1,2,2,2,2,2,1,1,2,3,3,3,3,2,3,3,1,2.008,2.258,2.008,2.208,2.008,2.333,2.233,2.008,Reasonably age-friendly,Reasonably age-friendly,Reasonably age-friendly,Reasonably age-friendly,Reasonably age-friendly,Reasonably age-friendly,Reasonably age-friendly,Reasonably age-friendly,Reasonably age-friendly,Reasonably age-friendly,Less age-friendly,residential,47.196,242:0,0,33,185,47.196,0
243,2.16,1.5,1.44,3,1.0,3.0,3,3,1,1.0,1,1,3,3,2,1,3,3,3,1.658,1.733,3.0,3.0,2.0,3.0,3,2,3,3,2,3,3,3,2,3,3,3,2,2,3,3,3,2,3,3,3,3,3,2,2,2,1,2,2,1,2,1,2,2,2,1,2,1,2,1,2,1,2,2,2,2,2,1,3,1,1,2,3,1,1,2,1,1,1.533,1.583,1.533,1.533,1.533,1.708,1.558,1.533,Reasonably age-friendly,Less age-friendly,Less age-friendly,Less age-friendly,Reasonably age-friendly,Reasonably age-friendly,Less age-friendly,Less age-friendly,Less age-friendly,Reasonably age-friendly,Less age-friendly,campus,20.141,243:0,0,143,138,20.141,0
244,2.16,1.5,1.44,3,1.0,3.0,3,3,1,1.0,1,1,3,3,2,1,3,3,3,1.658,1.733,3.0,3.0,2.0,3.0,3,2,3,3,2,3,3,3,2,3,3,3,2,2,3,3,3,2,3,3,3,3,3,2,2,2,1,2,2,1,2,1,2,2,2,1,2,1,2,1,2,1,2,2,2,2,2,1,3,1,1,2,3,1,1,2,1,1,1.533,1.583,1.533,1.533,1.533,1.708,1.558,1.533,Reasonably age-friendly,Less age-friendly,Less age-friendly,Less age-friendly,Reasonably age-friendly,Reasonably age-friendly,Less age-friendly,Less age-friendly,Less age-friendly,Reasonably age-friendly,Less age-friendly,campus,18.66,244:0,0,171,139,18.66,0
245,2.35,1.5,1.567,3,3.0,1.5,3,3,2,3.0,1,1,2,2,2,1,3,1,3,1.847,1.772,3.0,3.0,2.0,3.0,3,2,3,3,2,1,3,3,1,3,3,2,1,1,3,3,2,1,3,3,3,3,3,2,2,2,1,2,2,1,2,1,2,2,2,1,2,1,2,1,2,1,2,2,2,2,2,1,3,2,3,2,3,1,3,3,3,3,1.772,1.772,1.772,1.822,1.772,1.797,1.797,1.772,Reasonably age-friendly,Less age-friendly,Less age-friendly,Less age-friendly,Reasonably age-friendly,Reasonably age-friendly,Less age-friendly,Less age-friendly,Less age-friendly,Reasonably age-friendly,Less age-friendly,campus,7.655,245:0,0,137,186,7.655,0
246,2.77,1.0,2.77,3,3.0,2.5,3,3,3,3.0,3,2,3,2,1,1,3,3,3,2.789,2.764,3.0,3.0,2.0,3.0,3,2,3,3,2,3,3,3,2,3,3,3,2,2,3,3,3,2,3,3,3,3,3,2,2,2,1,2,2,1,2,1,2,2,2,1,2,1,2,1,2,1,2,2,2,2,2,1,3,2,3,3,3,1,3,2,2,3,2.664,2.614,2.664,2.664,2.664,2.639,2.589,2.664,More age-friendly,Reasonably age-friendly,Reasonably age-friendly,Reasonably age-friendly,More age-friendly,More age-friendly,Reasonably age-friendly,Reasonably age-friendly,Reasonably age-friendly,More age-friendly,Less age-friendly,campus,143.502,246:0,0,186,138,143.502,0
247,2.57,1.0,2.57,3,3.0,2.5,3,3,2,3.0,3,1,2,2,1,1,3,1,3,2.449,2.474,3.0,3.0,2.0,3.0,3,2,3,3,2,1,3,3,1,3,3,2,1,1,3,3,2,1,3,3,3,3,3,2,2,2,1,2,2,1,2,1,2,2,2,1,2,1,2,1,2,1,2,2,2,2,2,1,3,3,2,2,3,3,3,2,3,3,2.474,2.574,2.474,2.524,2.474,2.399,2.499,2.474,Reasonably age-friendly,Reasonably age-friendly,Reasonably age-friendly,Reasonably age-friendly,Reasonably age-friendly,Reasonably age-friendly,Reasonably age-friendly,Less age-friendly,Reasonably age-friendly,Reasonably age-friendly,Less age-friendly,hospital,33.962,247:0,0,104,103,33.962,0
248,1.99,1.5,1.327,3,1.5,1.0,3,3,2,2.0,2,1,3,1,2,1,2,2,2,1.629,1.604,3.0,3.0,2.0,3.0,3,2,3,3,2,2,2,3,2,3,3,3,2,2,3,3,3,2,3,3,3,3,3,2,2,2,1,2,2,1,2,1,2,2,2,1,2,1,2,1,2,1,2,2,2,2,2,1,3,3,2,2,1,3,2,3,3,3,1.654,1.704,1.654,1.554,1.654,1.679,1.629,1.654,Reasonably age-friendly,Less age-friendly,Less age-friendly,Less age-friendly,Reasonably age-friendly,Reasonably age-friendly,Less age-friendly,Less age-friendly,Less age-friendly,Reasonably age-friendly,Less age-friendly,campus,486.565,248:0,0,108,3,486.565,0
249,1.91,1.5,1.273,2,1.5,1.0,3,3,2,3.0,1,1,2,1,2,1,2,1,3,1.541,1.566,3.0,3.0,2.0,3.0,3,1,3,3,1,1,3,3,1,3,3,2,1,1,3,3,2,1,3,3,3,3,3,2,2,2,1,2,2,1,2,1,2,2,2,1,2,1,2,1,2,1,2,2,2,2,2,1,3,3,2,2,1,3,2,3,2,3,1.566,1.616,1.566,1.466,1.566,1.591,1.491,1.566,Reasonably age-friendly,Less age-friendly,Less age-friendly,Less age-friendly,Reasonably age-friendly,Reasonably age-friendly,Less age-friendly,Less age-friendly,Less age-friendly,Reasonably age-friendly,Less age-friendly,residential,202.114,249:0,0,47,187,202.114,0
250,2.16,1.0,2.16,3,3.0,3.0,3,3,3,1.0,1,1,3,1,1,1,2,1,3,2.262,2.337,3.0,3.0,2.0,3.0,3,1,3,3,1,1,3,3,2,3,3,3,2,2,3,3,3,2,3,3,3,3,3,2,2,2,1,2,2,1,2,1,2,2,2,1,2,1,2,1,2,1,2,2,2,2,2,1,3,2,3,3,3,3,3,3,3,3,2.237,2.137,2.237,2.187,2.237,2.212,2.262,2.237,Reasonably age-friendly,Reasonably age-friendly,Reasonably age-friendly,Reasonably age-friendly,Reasonably age-friendly,Reasonably age-friendly,Reasonably age-friendly,Reasonably age-friendly,Reasonably age-friendly,Reasonably age-friendly,Less age-friendly,residential,57.539,250:0,0,188,189,57.539,0
251,2.04,1.5,1.36,3,1.0,3.0,3,3,1,1.0,1,1,3,2,2,1,3,1,3,1.602,1.677,3.0,3.0,2.0,3.0,3,1,3,3,1,1,3,3,2,3,3,3,2,2,3,3,3,2,3,3,3,3,3,2,2,2,1,2,2,1,2,1,2,2,2,1,2,1,2,1,2,1,2,2,2,2,2,1,3,2,2,2,1,3,2,3,2,3,1.677,1.577,1.677,1.527,1.677,1.652,1.602,1.677,Reasonably age-friendly,Less age-friendly,Less age-friendly,Less age-friendly,Reasonably age-friendly,Reasonably age-friendly,Less age-friendly,Less age-friendly,Less age-friendly,Reasonably age-friendly,Less age-friendly,residential,15.374,251:0,0,189,187,15.374,0
252,2.04,1.5,1.36,3,3.0,3.0,1,3,3,1.0,1,1,2,1,2,1,3,2,3,1.752,1.727,3.0,3.0,2.0,3.0,3,1,3,3,1,2,3,3,1,3,3,2,1,1,3,3,2,1,3,3,3,3,3,2,2,2,1,2,2,1,2,1,2,2,2,1,2,1,2,1,2,1,2,2,2,2,2,1,3,3,3,3,3,3,3,3,2,3,1.627,1.677,1.627,1.627,1.627,1.702,1.552,1.627,Reasonably age-friendly,Less age-friendly,Less age-friendly,Less age-friendly,Reasonably age-friendly,Reasonably age-friendly,Less age-friendly,Less age-friendly,Less age-friendly,Reasonably age-friendly,Less age-friendly,residential,52.872,252:0,0,190,191,52.872,1
253,2.38,1.0,2.38,2,3.0,2.0,3,3,3,3.0,2,1,3,2,1,1,2,1,3,2.416,2.491,3.0,3.0,2.0,3.0,3,2,3,3,2,1,3,3,2,3,3,3,2,2,3,3,3,2,3,3,3,3,3,2,2,2,1,2,2,1,2,1,2,2,2,1,2,1,2,1,2,1,2,2,2,2,2,1,3,3,3,3,3,3,3,3,3,3,2.391,2.441,2.391,2.391,2.391,2.366,2.416,2.391,Reasonably age-friendly,Reasonably age-friendly,Reasonably age-friendly,Reasonably age-friendly,Reasonably age-friendly,Reasonably age-friendly,Reasonably age-friendly,Reasonably age-friendly,Reasonably age-friendly,Reasonably age-friendly,Reasonably age-friendly,residential,36.562,253:0,0,26,192,36.562,0
254,2.38,1.0,2.38,2,3.0,2.0,3,3,3,3.0,2,1,3,2,1,1,2,2,3,2.466,2.391,3.0,3.0,2.0,3.0,3,2,3,3,2,2,3,3,2,3,3,3,2,2,3,3,3,2,3,3,3,3,3,2,2,2,1,2,2,1,2,1,2,2,2,1,2,1,2,1,2,1,2,2,2,2,2,1,3,3,3,2,3,3,3,3,3,3,2.391,2.441,2.391,2.391,2.391,2.416,2.416,2.391,Reasonably age-friendly,Reasonably age-friendly,Reasonably age-friendly,Reasonably age-friendly,Reasonably age-friendly,Reasonably age-friendly,Reasonably age-friendly,Reasonably age-friendly,Reasonably age-friendly,Reasonably age-friendly,Reasonably age-friendly,residential,177.491,254:0,0,192,193,177.491,0
255,2.38,1.0,2.38,2,3.0,2.0,3,3,3,3.0,2,1,3,2,1,1,2,3,3,2.516,2.391,3.0,3.0,2.0,3.0,3,2,3,3,2,3,3,3,2,3,3,3,2,2,3,3,3,2,3,3,3,3,3,2,2,2,1,2,2,1,2,1,2,2,2,1,2,1,2,1,2,1,2,2,2,2,2,1,1,3,3,2,3,1,2,3,3,2,2.291,2.441,2.291,2.291,2.291,2.466,2.416,2.291,Reasonably age-friendly,Reasonably age-friendly,Reasonably age-friendly,Reasonably age-friendly,Reasonably age-friendly,Reasonably age-friendly,Reasonably age-friendly,Reasonably age-friendly,Reasonably age-friendly,Reasonably age-friendly,Reasonably age-friendly,residential,104.375,255:0,0,193,194,104.375,0
256,1.92,1.5,1.28,3,1.0,3.0,3,3,1,1.0,1,1,3,1,2,1,3,1,1,1.546,1.521,3.0,3.0,2.0,3.0,3,2,3,3,2,1,1,3,2,3,3,3,2,2,3,3,3,2,3,3,3,3,3,2,2,2,1,2,2,1,2,1,2,2,2,1,2,1,2,1,2,1,2,2,2,2,2,1,3,2,2,2,2,3,3,1,2,2,1.521,1.571,1.521,1.621,1.521,1.396,1.446,1.521,Reasonably age-friendly,Less age-friendly,Less age-friendly,Less age-friendly,Reasonably age-friendly,Reasonably age-friendly,Less age-friendly,Less age-friendly,Less age-friendly,Reasonably age-friendly,Less age-friendly,residential,8.352,256:0,0,195,196,8.352,0
257,2.37,1.0,2.37,3,3.0,2.5,3,3,3,1.5,2,1,3,1,1,1,3,2,1,2.359,2.284,3.0,3.0,2.0,3.0,3,1,3,3,1,2,1,3,2,3,3,3,2,2,3,3,3,2,3,3,3,3,3,2,2,2,1,2,2,1,2,1,2,2,2,1,2,1,2,1,2,1,2,2,2,2,2,1,3,2,2,2,2,3,3,2,2,2,2.284,2.284,2.284,2.334,2.284,2.309,2.209,2.284,Reasonably age-friendly,Less age-friendly,Reasonably age-friendly,Less age-friendly,Reasonably age-friendly,Reasonably age-friendly,Reasonably age-friendly,Less age-friendly,Less age-friendly,Reasonably age-friendly,Less age-friendly,residential,25.523,257:0,0,196,197,25.523,0
258,1.88,1.0,1.88,3,3.0,3.0,3,3,1,1.0,2,1,3,1,1,1,1,1,1,2.066,1.941,3.0,3.0,2.0,3.0,3,1,3,3,1,1,1,3,2,3,3,3,2,2,3,3,3,2,3,3,3,3,3,2,2,2,1,2,2,1,2,1,2,2,2,1,2,1,2,1,2,1,2,2,2,2,2,1,3,2,3,2,3,2,3,3,2,2,1.941,1.941,1.941,1.991,1.941,2.016,1.866,1.941,Reasonably age-friendly,Less age-friendly,Reasonably age-friendly,Less age-friendly,Reasonably age-friendly,Reasonably age-friendly,Reasonably age-friendly,Reasonably age-friendly,Less age-friendly,Reasonably age-friendly,Less age-friendly,residential,8.707,258:0,0,197,198,8.707,0
259,1.92,1.0,1.92,3,2.5,1.5,2,2,2,2.0,1,1,2,1,1,1,3,3,3,2.194,2.019,3.0,3.0,2.0,3.0,3,3,3,3,3,3,3,3,1,3,3,2,1,1,3,3,2,1,3,3,3,3,3,2,2,2,1,2,2,1,2,1,2,2,2,1,2,1,2,1,2,1,2,2,2,2,2,1,3,2,3,2,3,2,3,3,3,2,1.919,2.069,1.919,2.119,1.919,2.144,2.044,1.919,Reasonably age-friendly,Less age-friendly,Less age-friendly,Less age-friendly,Reasonably age-friendly,Reasonably age-friendly,Less age-friendly,Less age-friendly,Less age-friendly,Reasonably age-friendly,Less age-friendly,residential,29.703,259:0,0,199,200,29.703,0
260,1.97,1.0,1.97,3,2.5,1.0,3,3,2,2.0,1,1,2,1,1,1,2,3,3,2.129,2.054,3.0,3.0,2.0,3.0,3,3,3,3,3,3,3,3,1,3,3,2,1,1,3,3,2,1,3,3,3,3,3,2,2,2,1,2,2,1,2,1,2,2,2,1,2,1,2,1,2,1,2,2,2,2,2,1,3,3,2,2,3,3,2,3,3,3,2.054,2.204,2.054,2.054,2.054,2.179,2.079,2.054,Reasonably age-friendly,Reasonably age-friendly,Reasonably age-friendly,Reasonably age-friendly,Reasonably age-friendly,Reasonably age-friendly,Reasonably age-friendly,Reasonably age-friendly,Reasonably age-friendly,Reasonably age-friendly,Less age-friendly,residential,11.548,260:0,0,200,201,11.548,0
261,2.41,1.0,2.41,3,3.0,2.5,3,3,3,3.0,3,2,2,1,1,1,1,1,2,2.337,2.312,3.0,3.0,2.0,3.0,3,1,3,3,1,1,2,3,1,3,3,2,1,1,3,3,2,1,3,3,3,3,3,2,2,2,1,2,2,1,2,1,2,2,2,1,2,1,2,1,2,1,2,2,2,2,2,1,3,3,2,2,3,3,2,3,3,3,2.362,2.412,2.362,2.262,2.362,2.387,2.337,2.362,Reasonably age-friendly,Reasonably age-friendly,Reasonably age-friendly,Reasonably age-friendly,Reasonably age-friendly,Reasonably age-friendly,Reasonably age-friendly,Reasonably age-friendly,Reasonably age-friendly,Reasonably age-friendly,Reasonably age-friendly,residential,54.141,261:0,0,202,201,54.141,0
262,1.83,1.5,1.22,3,2.5,2.0,1,1,2,3.0,1,1,2,1,1,2,3,3,3,1.504,1.629,3.0,3.0,2.0,3.0,3,3,3,3,3,3,3,3,1,3,3,2,1,1,3,3,2,1,3,3,3,3,3,2,2,2,1,2,2,1,2,1,2,2,2,1,2,1,2,1,2,1,2,2,2,2,2,1,3,2,1,3,1,3,2,3,3,3,1.529,1.579,1.529,1.529,1.529,1.654,1.554,1.529,Reasonably age-friendly,Less age-friendly,Less age-friendly,Less age-friendly,Reasonably age-friendly,Reasonably age-friendly,Less age-friendly,Less age-friendly,Less age-friendly,Reasonably age-friendly,Less age-friendly,residential,30.452,262:0,0,185,203,30.452,0
263,1.83,1.5,1.22,3,2.5,2.0,1,1,2,3.0,1,1,2,1,1,2,3,3,3,1.704,1.629,3.0,3.0,2.0,3.0,3,3,3,3,3,3,3,3,1,3,3,2,1,1,3,3,2,1,3,3,3,3,3,2,2,2,1,2,2,1,2,1,2,2,2,1,2,1,2,1,2,1,2,2,2,2,2,1,3,3,3,3,3,3,3,3,3,3,1.529,1.679,1.529,1.629,1.529,1.654,1.554,1.529,Reasonably age-friendly,Less age-friendly,Less age-friendly,Less age-friendly,Reasonably age-friendly,Reasonably age-friendly,Less age-friendly,Less age-friendly,Less age-friendly,Reasonably age-friendly,Less age-friendly,residential,42.805,263:0,0,203,204,42.805,0
264,2.28,1.0,2.28,3,3.0,3.0,3,3,3,1.0,2,3,2,1,1,1,1,1,3,2.346,2.371,3.0,3.0,2.0,3.0,3,1,3,3,1,1,3,3,1,3,3,2,1,1,3,3,2,1,3,3,3,3,3,2,2,2,1,2,2,1,2,1,2,2,2,1,2,1,2,1,2,1,2,2,2,2,2,1,3,3,3,3,3,3,3,3,3,3,2.271,2.321,2.271,2.271,2.271,2.296,2.296,2.271,Reasonably age-friendly,Reasonably age-friendly,Reasonably age-friendly,Reasonably age-friendly,Reasonably age-friendly,Reasonably age-friendly,Reasonably age-friendly,Reasonably age-friendly,Reasonably age-friendly,Reasonably age-friendly,Reasonably age-friendly,residential,101.533,264:0,0,204,205,101.533,0
265,1.95,1.5,1.3,3,2.5,2.0,1,2,3,2.0,1,1,2,1,1,2,3,3,3,1.76,1.685,3.0,3.0,2.0,3.0,3,3,3,3,3,3,3,3,1,3,3,2,1,1,3,3,2,1,3,3,3,3,3,2,2,2,1,2,2,1,2,1,2,2,2,1,2,1,2,1,2,1,2,2,2,2,2,1,3,3,3,3,3,3,3,3,3,3,1.585,1.735,1.585,1.685,1.585,1.71,1.61,1.585,Reasonably age-friendly,Reasonably age-friendly,Reasonably age-friendly,Less age-friendly,Reasonably age-friendly,Reasonably age-friendly,Less age-friendly,Less age-friendly,Less age-friendly,Reasonably age-friendly,Less age-friendly,residential,20.34,265:0,0,205,206,20.34,0
266,1.69,2.0,0.845,3,1.0,2.5,2,2,1,1.0,1,1,3,1,2,2,3,1,3,1.342,1.317,3.0,3.0,2.0,3.0,3,1,3,3,1,1,3,3,2,3,3,3,2,2,3,3,3,2,3,3,3,3,3,2,2,2,1,2,2,1,2,1,2,2,2,1,2,1,2,1,2,1,2,2,2,2,2,1,3,1,3,2,3,3,3,3,3,2,1.217,1.117,1.217,1.266,1.217,1.292,1.342,1.217,Reasonably age-friendly,Less age-friendly,Less age-friendly,Less age-friendly,Reasonably age-friendly,Reasonably age-friendly,Less age-friendly,Less age-friendly,Less age-friendly,Reasonably age-friendly,Less age-friendly,residential,4.237,266:0,0,206,207,4.237,0
267,1.79,1.5,1.193,3,2.5,2.0,1,2,2,3.0,1,1,2,1,1,2,2,3,3,1.685,1.51,3.0,3.0,2.0,3.0,3,3,3,3,3,3,3,3,1,3,3,2,1,1,3,3,2,1,3,3,3,3,3,2,2,2,1,2,2,1,2,1,2,2,2,1,2,1,2,1,2,1,2,2,2,2,2,1,3,3,3,2,3,3,3,3,3,3,1.51,1.66,1.51,1.61,1.51,1.635,1.535,1.51,Reasonably age-friendly,Reasonably age-friendly,Reasonably age-friendly,Reasonably age-friendly,Reasonably age-friendly,Reasonably age-friendly,Reasonably age-friendly,Reasonably age-friendly,Reasonably age-friendly,Reasonably age-friendly,Less age-friendly,residential,96.376,267:0,0,207,208,96.376,0
268,1.8,1.5,1.2,3,1.0,3.0,3,3,1,1.0,1,1,3,2,2,1,1,1,2,1.59,1.515,3.0,3.0,2.0,3.0,3,1,3,3,1,1,2,3,2,3,3,3,2,2,3,3,3,2,3,3,3,3,3,2,2,2,1,2,2,1,2,1,2,2,2,1,2,1,2,1,2,1,2,2,2,2,2,1,3,3,3,2,3,3,3,3,3,3,1.565,1.565,1.565,1.515,1.565,1.54,1.54,1.565,Reasonably age-friendly,Reasonably age-friendly,Reasonably age-friendly,Reasonably age-friendly,Reasonably age-friendly,Reasonably age-friendly,Reasonably age-friendly,Reasonably age-friendly,Reasonably age-friendly,Reasonably age-friendly,Less age-friendly,residential,8.851,268:0,0,208,202,8.851,0
269,2.08,1.5,1.387,3,1.0,3.0,3,3,1,3.0,1,1,3,2,2,1,2,1,2,1.721,1.646,3.0,3.0,2.0,3.0,3,1,3,3,1,1,2,3,2,3,3,3,2,2,3,3,3,2,3,3,3,3,3,2,2,2,1,2,2,1,2,1,2,2,2,1,2,1,2,1,2,1,2,2,2,2,2,1,3,3,3,2,3,3,1,2,2,2,1.596,1.696,1.596,1.446,1.596,1.571,1.571,1.596,Reasonably age-friendly,Less age-friendly,Less age-friendly,Less age-friendly,Reasonably age-friendly,Reasonably age-friendly,Less age-friendly,Less age-friendly,Less age-friendly,Reasonably age-friendly,Less age-friendly,residential,9.925,269:0,0,35,209,9.925,0
270,2.42,1.0,2.42,3,3.0,2.0,3,3,2,3.0,3,1,3,1,1,1,3,3,3,2.544,2.519,3.0,3.0,2.0,3.0,3,2,3,3,2,3,3,3,2,3,3,3,2,2,3,3,3,2,3,3,3,3,3,2,2,2,1,2,2,1,2,1,2,2,2,1,2,1,2,1,2,1,2,2,2,2,2,1,3,3,3,3,3,3,3,2,2,2,2.319,2.469,2.319,2.419,2.319,2.394,2.344,2.319,Reasonably age-friendly,Reasonably age-friendly,Reasonably age-friendly,Reasonably age-friendly,Reasonably age-friendly,Reasonably age-friendly,Reasonably age-friendly,Reasonably age-friendly,Less age-friendly,Reasonably age-friendly,Less age-friendly,residential,79.872,270:0,0,209,210,79.872,0
271,2.48,1.0,2.48,3,3.0,3.0,3,3,3,3.0,3,1,3,1,1,1,2,2,2,2.536,2.511,3.0,3.0,2.0,3.0,3,1,3,3,1,2,2,3,2,3,3,3,2,2,3,3,3,2,3,3,3,3,3,2,2,2,1,2,2,1,2,1,2,2,2,1,2,1,2,1,2,1,2,2,2,2,2,1,3,3,3,3,3,3,3,3,3,3,2.461,2.461,2.461,2.411,2.461,2.486,2.436,2.461,Reasonably age-friendly,Reasonably age-friendly,Reasonably age-friendly,Reasonably age-friendly,Reasonably age-friendly,Reasonably age-friendly,Reasonably age-friendly,Reasonably age-friendly,Reasonably age-friendly,Reasonably age-friendly,Reasonably age-friendly,residential,43.561,271:0,0,210,211,43.561,0
272,1.68,1.5,1.12,3,1.0,3.0,3,3,1,1.0,1,1,3,1,2,1,1,1,3,1.534,1.509,3.0,3.0,2.0,3.0,3,2,3,3,2,1,3,3,2,3,3,3,2,2,3,3,3,2,3,3,3,3,3,2,2,2,1,2,2,1,2,1,2,2,2,1,2,1,2,1,2,1,2,2,2,2,2,1,3,3,3,2,3,3,3,3,3,3,1.509,1.559,1.509,1.509,1.509,1.484,1.534,1.509,Reasonably age-friendly,Reasonably age-friendly,Reasonably age-friendly,Reasonably age-friendly,Reasonably age-friendly,Reasonably age-friendly,Reasonably age-friendly,Less age-friendly,Reasonably age-friendly,Reasonably age-friendly,Less age-friendly,residential,11.974,272:0,0,212,213,11.974,0
273,2.03,1.5,1.353,3,2.5,2.0,2,2,2,3.0,1,1,2,1,1,2,3,3,3,1.797,1.622,3.0,3.0,2.0,3.0,3,3,3,3,3,3,3,3,1,3,3,2,1,1,3,3,2,1,3,3,3,3,3,2,2,2,1,2,2,1,2,1,2,2,2,1,2,1,2,1,2,1,2,2,2,2,2,1,3,3,3,2,3,3,3,3,3,3,1.622,1.772,1.622,1.722,1.622,1.747,1.647,1.622,Reasonably age-friendly,Reasonably age-friendly,Reasonably age-friendly,Less age-friendly,Reasonably age-friendly,Reasonably age-friendly,Less age-friendly,Reasonably age-friendly,Less age-friendly,Reasonably age-friendly,Less age-friendly,residential,44.956,273:0,0,213,214,44.956,0
274,2.16,1.0,2.16,3,3.0,3.0,3,3,2,3.0,1,2,2,1,1,1,1,1,1,2.262,2.087,3.0,3.0,2.0,3.0,3,1,3,3,1,1,1,3,1,3,3,2,1,1,3,3,2,1,3,3,3,3,3,2,2,2,1,2,2,1,2,1,2,2,2,1,2,1,2,1,2,1,2,2,2,2,2,1,3,3,3,2,3,3,3,3,3,3,2.187,2.237,2.187,2.187,2.187,2.212,2.112,2.187,Reasonably age-friendly,Reasonably age-friendly,Reasonably age-friendly,Reasonably age-friendly,Reasonably age-friendly,Reasonably age-friendly,Reasonably age-friendly,Reasonably age-friendly,Reasonably age-friendly,Reasonably age-friendly,Reasonably age-friendly,residential,16.118,274:0,0,214,215,16.118,0
275,2.23,1.0,2.23,3,2.5,2.0,3,3,2,3.0,1,1,2,1,1,1,3,3,3,2.411,2.236,3.0,3.0,2.0,3.0,3,3,3,3,3,3,3,3,1,3,3,2,1,1,3,3,2,1,3,3,3,3,3,2,2,2,1,2,2,1,2,1,2,2,2,1,2,1,2,1,2,1,2,2,2,2,2,1,3,3,3,2,3,3,3,3,3,3,2.236,2.386,2.236,2.336,2.236,2.361,2.261,2.236,Reasonably age-friendly,Reasonably age-friendly,Reasonably age-friendly,Less age-friendly,Reasonably age-friendly,Reasonably age-friendly,Reasonably age-friendly,Reasonably age-friendly,Less age-friendly,Reasonably age-friendly,Less age-friendly,residential,27.508,275:0,0,215,216,27.508,0
276,2.04,1.5,1.36,3,1.0,3.0,3,3,1,1.0,1,1,3,2,2,1,3,1,3,1.602,1.677,3.0,3.0,2.0,3.0,3,1,3,3,1,1,3,3,2,3,3,3,2,2,3,3,3,2,3,3,3,3,3,2,2,2,1,2,2,1,2,1,2,2,2,1,2,1,2,1,2,1,2,2,2,2,2,1,3,2,2,2,3,2,1,3,1,1,1.477,1.577,1.477,1.427,1.477,1.652,1.502,1.477,Reasonably age-friendly,Less age-friendly,Less age-friendly,Less age-friendly,Reasonably age-friendly,Reasonably age-friendly,Less age-friendly,Less age-friendly,Less age-friendly,Reasonably age-friendly,Less age-friendly,residential,22.586,276:0,0,217,200,22.586,0
277,2.04,1.5,1.36,3,1.0,3.0,3,3,1,1.0,1,1,3,2,2,1,3,1,3,1.602,1.677,3.0,3.0,2.0,3.0,3,1,3,3,1,1,3,3,2,3,3,3,2,2,3,3,3,2,3,3,3,3,3,2,2,2,1,2,2,1,2,1,2,2,2,1,2,1,2,1,2,1,2,2,2,2,2,1,3,2,2,2,3,2,1,3,1,1,1.477,1.577,1.477,1.427,1.477,1.652,1.502,1.477,Reasonably age-friendly,Less age-friendly,Less age-friendly,Less age-friendly,Reasonably age-friendly,Reasonably age-friendly,Less age-friendly,Less age-friendly,Less age-friendly,Reasonably age-friendly,Less age-friendly,residential,30.344,277:0,0,217,218,30.344,0
278,2.04,1.5,1.36,3,1.0,3.0,3,3,1,1.0,1,1,3,2,2,1,3,1,3,1.602,1.677,3.0,3.0,2.0,3.0,3,1,3,3,1,1,3,3,2,3,3,3,2,2,3,3,3,2,3,3,3,3,3,2,2,2,1,2,2,1,2,1,2,2,2,1,2,1,2,1,2,1,2,2,2,2,2,1,3,2,2,2,3,2,1,3,1,1,1.477,1.577,1.477,1.427,1.477,1.652,1.502,1.477,Reasonably age-friendly,Less age-friendly,Less age-friendly,Less age-friendly,Reasonably age-friendly,Reasonably age-friendly,Less age-friendly,Less age-friendly,Less age-friendly,Reasonably age-friendly,Less age-friendly,residential,30.855,278:0,0,219,200,30.855,0
279,2.13,1.0,2.13,3,3.0,2.5,3,3,2,1.0,3,2,2,1,1,1,1,2,2,2.291,2.116,3.0,3.0,2.0,3.0,3,1,3,3,1,2,2,3,1,3,3,2,1,1,3,3,2,1,3,3,3,3,3,2,2,2,1,2,2,1,2,1,2,2,2,1,2,1,2,1,2,1,2,2,2,2,2,1,3,2,3,2,3,3,3,3,3,2,2.066,2.116,2.066,2.166,2.066,2.241,2.141,2.066,Reasonably age-friendly,Reasonably age-friendly,Reasonably age-friendly,Reasonably age-friendly,Reasonably age-friendly,Reasonably age-friendly,Reasonably age-friendly,Reasonably age-friendly,Reasonably age-friendly,Reasonably age-friendly,Reasonably age-friendly,residential,99.397,279:0,0,219,220,99.397,0
280,2.23,1.0,2.23,3,2.5,2.0,3,3,2,3.0,1,1,2,1,1,1,3,3,3,2.411,2.236,3.0,3.0,2.0,3.0,3,3,3,3,3,3,3,3,1,3,3,2,1,1,3,3,2,1,3,3,3,3,3,2,2,2,1,2,2,1,2,1,2,2,2,1,2,1,2,1,2,1,2,2,2,2,2,1,3,2,3,2,2,3,3,3,2,2,2.136,2.286,2.136,2.336,2.136,2.361,2.161,2.136,Reasonably age-friendly,Reasonably age-friendly,Reasonably age-friendly,Less age-friendly,Reasonably age-friendly,Reasonably age-friendly,Reasonably age-friendly,Reasonably age-friendly,Less age-friendly,Reasonably age-friendly,Less age-friendly,residential,50.505,280:0,0,220,221,50.505,0
281,1.83,2.5,0.732,3,2.5,2.0,1,1,2,3.0,1,1,2,1,2,3,3,3,1,1.362,1.087,3.0,3.0,2.0,3.0,3,3,3,3,3,3,1,3,1,3,3,2,1,1,3,3,2,1,3,3,3,3,3,2,2,2,1,2,2,1,2,1,2,2,2,1,2,1,2,1,2,1,2,2,2,2,2,1,3,3,3,2,3,3,3,3,3,3,1.187,1.337,1.187,1.287,1.187,1.312,1.112,1.187,Reasonably age-friendly,Less age-friendly,Less age-friendly,Less age-friendly,Reasonably age-friendly,Reasonably age-friendly,Less age-friendly,Less age-friendly,Less age-friendly,Reasonably age-friendly,Less age-friendly,residential,115.032,281:0,0,222,223,115.032,0
282,1.92,1.5,1.28,3,1.0,3.0,3,3,1,1.0,1,1,3,3,2,1,1,1,2,1.546,1.571,3.0,3.0,2.0,3.0,3,1,3,3,1,1,2,3,2,3,3,3,2,2,3,3,3,2,3,3,3,3,3,2,2,2,1,2,2,1,2,1,2,2,2,1,2,1,2,1,2,1,2,2,2,2,2,1,1,3,2,2,3,1,2,3,3,2,1.521,1.621,1.521,1.471,1.521,1.596,1.596,1.521,Reasonably age-friendly,Reasonably age-friendly,Reasonably age-friendly,Reasonably age-friendly,Reasonably age-friendly,Reasonably age-friendly,Less age-friendly,Reasonably age-friendly,Reasonably age-friendly,Reasonably age-friendly,Less age-friendly,residential,23.43,282:0,0,223,194,23.43,0
283,1.72,2.5,0.688,3,1.0,3.0,2,2,1,1.0,1,1,3,3,3,2,1,1,3,1.132,1.207,3.0,3.0,2.0,3.0,3,1,3,3,1,1,3,3,2,3,3,3,2,2,3,3,3,2,3,3,3,3,3,2,2,2,1,2,2,1,2,1,2,2,2,1,2,1,2,1,2,1,2,2,2,2,2,1,1,3,2,2,3,1,2,3,3,2,1.107,1.207,1.107,1.057,1.107,1.182,1.232,1.107,Reasonably age-friendly,Less age-friendly,Less age-friendly,Less age-friendly,Reasonably age-friendly,Reasonably age-friendly,Less age-friendly,Less age-friendly,Less age-friendly,Reasonably age-friendly,Less age-friendly,residential,21.162,283:0,0,223,224,21.162,0
284,2.04,1.5,1.36,3,1.0,3.0,3,3,1,1.0,1,1,3,3,2,1,2,1,3,1.602,1.677,3.0,3.0,2.0,3.0,3,1,3,3,1,1,3,3,2,3,3,3,2,2,3,3,3,2,3,3,3,3,3,2,2,2,1,2,2,1,2,1,2,2,2,1,2,1,2,1,2,1,2,2,2,2,2,1,1,3,2,2,3,1,2,3,3,2,1.577,1.677,1.577,1.527,1.577,1.652,1.702,1.577,Reasonably age-friendly,Less age-friendly,Less age-friendly,Less age-friendly,Reasonably age-friendly,Reasonably age-friendly,Less age-friendly,Less age-friendly,Less age-friendly,Reasonably age-friendly,Less age-friendly,residential,20.853,284:0,0,194,225,20.853,0
285,1.72,2.5,0.688,3,1.0,3.0,2,2,1,1.0,1,1,3,3,3,2,1,1,2,1.132,1.157,3.0,3.0,2.0,3.0,3,1,3,3,1,1,2,3,2,3,3,3,2,2,3,3,3,2,3,3,3,3,3,2,2,2,1,2,2,1,2,1,2,2,2,1,2,1,2,1,2,1,2,2,2,2,2,1,1,3,2,2,3,1,2,3,3,2,1.107,1.207,1.107,1.057,1.107,1.182,1.182,1.107,Reasonably age-friendly,Less age-friendly,Less age-friendly,Less age-friendly,Reasonably age-friendly,Reasonably age-friendly,Less age-friendly,Less age-friendly,Less age-friendly,Reasonably age-friendly,Less age-friendly,residential,23.478,285:0,0,225,224,23.478,0
286,2.06,1.0,2.06,2,3.0,2.0,2,2,3,2.0,2,2,2,1,1,1,2,3,2,2.092,2.167,3.0,3.0,2.0,3.0,3,2,3,3,2,3,2,3,1,3,3,2,1,1,3,3,2,1,3,3,3,3,3,2,2,2,1,2,2,1,2,1,2,2,2,1,2,1,2,1,2,1,2,2,2,2,2,1,3,3,1,3,3,3,3,2,3,2,2.017,2.217,2.017,2.167,2.017,2.142,2.092,2.017,Reasonably age-friendly,Reasonably age-friendly,Reasonably age-friendly,Reasonably age-friendly,Reasonably age-friendly,Reasonably age-friendly,Reasonably age-friendly,Reasonably age-friendly,Reasonably age-friendly,Reasonably age-friendly,Less age-friendly,residential,94.247,286:0,0,14,226,94.247,0
287,1.96,1.5,1.307,3,2.5,1.5,1,2,3,2.5,1,1,3,1,1,2,3,3,3,1.765,1.74,3.0,3.0,2.0,3.0,3,3,3,3,3,3,3,3,2,3,3,3,2,2,3,3,3,2,3,3,3,3,3,2,2,2,1,2,2,1,2,1,2,2,2,1,2,1,2,1,2,1,2,2,2,2,2,1,3,3,3,3,3,3,2,2,1,3,1.64,1.74,1.64,1.59,1.64,1.615,1.465,1.64,Reasonably age-friendly,Reasonably age-friendly,Reasonably age-friendly,Reasonably age-friendly,Reasonably age-friendly,Reasonably age-friendly,Less age-friendly,Less age-friendly,Less age-friendly,Reasonably age-friendly,Less age-friendly,residential,17.662,287:0,0,226,227,17.662,0
288,1.72,2.0,0.86,3,1.0,1.0,2,2,1,1.0,1,1,3,3,2,2,2,1,3,1.352,1.427,3.0,3.0,2.0,3.0,3,1,3,3,1,1,3,3,2,3,3,3,2,2,3,3,3,2,3,3,3,3,3,2,2,2,1,2,2,1,2,1,2,2,2,1,2,1,2,1,2,1,2,2,2,2,2,1,3,3,3,3,3,3,2,2,1,2,1.227,1.327,1.227,1.177,1.227,1.202,1.152,1.227,Reasonably age-friendly,Less age-friendly,Less age-friendly,Less age-friendly,Reasonably age-friendly,Reasonably age-friendly,Less age-friendly,Less age-friendly,Less age-friendly,Reasonably age-friendly,Less age-friendly,residential,10.987,288:0,0,227,20,10.987,0
289,1.92,1.5,1.28,3,1.0,1.0,3,3,1,1.0,1,1,3,3,2,1,2,1,3,1.646,1.721,3.0,3.0,2.0,3.0,3,1,3,3,1,1,3,3,2,3,3,3,2,2,3,3,3,2,3,3,3,3,3,2,2,2,1,2,2,1,2,1,2,2,2,1,2,1,2,1,2,1,2,2,2,2,2,1,3,3,3,3,3,3,2,2,1,2,1.521,1.621,1.521,1.471,1.521,1.496,1.446,1.521,Reasonably age-friendly,Less age-friendly,Less age-friendly,Less age-friendly,Reasonably age-friendly,Reasonably age-friendly,Less age-friendly,Less age-friendly,Less age-friendly,Reasonably age-friendly,Less age-friendly,residential,10.068,289:0,0,20,228,10.068,0
290,1.48,2.0,0.74,2,1.0,3.0,2,3,1,1.0,1,1,3,1,2,2,1,1,3,1.068,1.243,3.0,3.0,2.0,3.0,3,1,3,3,1,1,3,3,2,3,3,3,2,2,3,3,3,2,3,3,3,3,3,2,2,2,1,2,2,1,2,1,2,2,2,1,2,1,2,1,2,1,2,2,2,2,2,1,3,1,1,2,2,3,3,1,3,2,1.143,1.043,1.143,1.193,1.143,1.018,1.268,1.143,Reasonably age-friendly,Less age-friendly,Less age-friendly,Less age-friendly,Reasonably age-friendly,Reasonably age-friendly,Less age-friendly,Less age-friendly,Less age-friendly,Reasonably age-friendly,Less age-friendly,residential,16.03,290:0,0,14,229,16.03,0
291,2.02,1.5,1.347,3,3.0,2.0,1,2,3,1.0,2,3,2,1,1,2,2,1,2,1.493,1.568,3.0,3.0,2.0,3.0,3,1,3,3,1,1,2,3,1,3,3,2,1,1,3,3,2,1,3,3,3,3,3,2,2,2,1,2,2,1,2,1,2,2,2,1,2,1,2,1,2,1,2,2,2,2,2,1,1,2,1,2,3,3,2,3,3,1,1.418,1.568,1.418,1.518,1.418,1.643,1.593,1.418,Reasonably age-friendly,Reasonably age-friendly,Less age-friendly,Reasonably age-friendly,Reasonably age-friendly,Reasonably age-friendly,Reasonably age-friendly,Reasonably age-friendly,Reasonably age-friendly,Reasonably age-friendly,Less age-friendly,residential,84.068,291:0,0,229,230,84.068,0
292,2.04,1.5,1.36,3,1.0,3.0,2,3,1,1.0,1,1,3,3,2,1,3,1,2,1.702,1.727,3.0,3.0,2.0,3.0,3,1,3,3,1,1,2,3,2,3,3,3,2,2,3,3,3,2,3,3,3,3,3,2,2,2,1,2,2,1,2,1,2,2,2,1,2,1,2,1,2,1,2,2,2,2,2,1,1,3,3,3,3,3,2,3,1,1,1.477,1.677,1.477,1.527,1.477,1.652,1.452,1.477,Reasonably age-friendly,Less age-friendly,Less age-friendly,Less age-friendly,Reasonably age-friendly,Reasonably age-friendly,Less age-friendly,Less age-friendly,Less age-friendly,Reasonably age-friendly,Less age-friendly,residential,13.923,292:0,0,230,231,13.923,0
293,2.04,1.5,1.36,3,1.0,3.0,2,3,1,1.0,1,1,3,3,2,1,3,1,2,1.702,1.727,3.0,3.0,2.0,3.0,3,1,3,3,1,1,2,3,2,3,3,3,2,2,3,3,3,2,3,3,3,3,3,2,2,2,1,2,2,1,2,1,2,2,2,1,2,1,2,1,2,1,2,2,2,2,2,1,1,3,3,3,3,3,2,3,1,1,1.477,1.677,1.477,1.527,1.477,1.652,1.452,1.477,Reasonably age-friendly,Less age-friendly,Less age-friendly,Less age-friendly,Reasonably age-friendly,Reasonably age-friendly,Less age-friendly,Less age-friendly,Less age-friendly,Reasonably age-friendly,Less age-friendly,residential,12.282,293:0,0,231,232,12.282,0
294,1.91,2.0,0.955,3,1.5,1.0,3,3,2,1.0,2,1,2,2,3,1,1,1,3,1.419,1.444,3.0,3.0,2.0,3.0,3,1,3,3,1,1,3,3,1,3,3,2,1,1,3,3,2,1,3,3,3,3,3,2,2,2,1,2,2,1,2,1,2,2,2,1,2,1,2,1,2,1,2,2,2,2,2,1,1,3,3,3,3,3,2,3,3,3,1.344,1.394,1.344,1.244,1.344,1.369,1.369,1.344,Reasonably age-friendly,Less age-friendly,Less age-friendly,Less age-friendly,Reasonably age-friendly,Reasonably age-friendly,Less age-friendly,Less age-friendly,Less age-friendly,Reasonably age-friendly,Less age-friendly,residential,17.662,294:0,0,232,233,17.662,0
295,1.91,1.0,1.91,3,1.5,1.0,3,3,2,1.0,2,1,2,1,1,1,2,1,1,2.087,2.012,3.0,3.0,2.0,3.0,3,1,3,3,1,1,1,3,1,3,3,2,1,1,3,3,2,1,3,3,3,3,3,2,2,2,1,2,2,1,2,1,2,2,2,1,2,1,2,1,2,1,2,2,2,2,2,1,3,3,3,3,3,3,3,3,3,3,2.012,2.062,2.012,2.012,2.012,2.037,1.937,2.012,Reasonably age-friendly,Reasonably age-friendly,Reasonably age-friendly,Reasonably age-friendly,Reasonably age-friendly,Reasonably age-friendly,Reasonably age-friendly,Reasonably age-friendly,Less age-friendly,Reasonably age-friendly,Less age-friendly,residential,44.99,295:0,0,233,234,44.99,0
296,1.79,1.0,1.79,3,1.5,1.0,3,3,2,1.0,2,1,2,1,1,1,1,1,2,2.003,1.978,3.0,3.0,2.0,3.0,3,1,3,3,1,1,2,3,1,3,3,2,1,1,3,3,2,1,3,3,3,3,3,2,2,2,1,2,2,1,2,1,2,2,2,1,2,1,2,1,2,1,2,2,2,2,2,1,3,3,3,3,3,3,3,3,3,3,1.928,1.978,1.928,1.928,1.928,1.953,1.903,1.928,Reasonably age-friendly,Reasonably age-friendly,Reasonably age-friendly,Reasonably age-friendly,Reasonably age-friendly,Reasonably age-friendly,Reasonably age-friendly,Reasonably age-friendly,Reasonably age-friendly,Reasonably age-friendly,Reasonably age-friendly,residential,41.629,296:0,0,234,235,41.629,0
297,2.26,1.5,1.507,1,3.0,2.0,3,3,3,3.0,2,2,3,1,2,1,2,1,3,1.605,1.78,3.0,3.0,2.0,3.0,3,1,3,3,1,1,3,3,2,3,3,3,2,2,3,3,3,2,3,3,3,3,3,2,2,2,1,2,2,1,2,1,2,2,2,1,2,1,2,1,2,1,2,2,2,2,2,1,1,3,1,2,3,1,2,3,3,2,1.68,1.78,1.68,1.63,1.68,1.755,1.805,1.68,Reasonably age-friendly,Reasonably age-friendly,Less age-friendly,Reasonably age-friendly,Reasonably age-friendly,Reasonably age-friendly,Less age-friendly,Less age-friendly,Reasonably age-friendly,Reasonably age-friendly,Less age-friendly,residential,105.518,297:0,0,225,236,105.518,0
298,1.69,2.5,0.676,2,2.5,1.0,1,1,2,3.0,1,1,1,1,2,3,3,3,3,1.323,1.198,3.0,3.0,2.0,3.0,3,3,3,3,3,3,3,3,1,3,3,1,1,1,3,3,1,1,3,3,3,3,3,2,2,2,1,2,2,1,2,1,2,2,2,1,2,1,2,1,2,1,2,2,2,2,2,1,3,3,3,3,3,3,3,3,3,3,1.148,1.298,1.148,1.248,1.148,1.273,1.123,1.148,Reasonably age-friendly,Less age-friendly,Less age-friendly,Less age-friendly,Reasonably age-friendly,Reasonably age-friendly,Less age-friendly,Less age-friendly,Less age-friendly,Reasonably age-friendly,Less age-friendly,residential,151.056,298:0,0,237,238,151.056,0
299,2.16,1.0,2.16,3,3.0,3.0,2,3,3,1.0,3,2,2,1,1,1,1,1,1,2.162,2.087,3.0,3.0,2.0,3.0,3,1,3,3,1,1,1,3,1,3,3,2,1,1,3,3,2,1,3,3,3,3,3,2,2,2,1,2,2,1,2,1,2,2,2,1,2,1,2,1,2,1,2,2,2,2,2,1,3,3,2,2,3,3,2,3,3,2,2.087,2.237,2.087,2.087,2.087,2.212,2.112,2.087,Reasonably age-friendly,Reasonably age-friendly,Reasonably age-friendly,Reasonably age-friendly,Reasonably age-friendly,Reasonably age-friendly,Reasonably age-friendly,Reasonably age-friendly,Reasonably age-friendly,Reasonably age-friendly,Reasonably age-friendly,residential,91.387,299:0,0,225,239,91.387,0
300,2.28,1.0,2.28,3,3.0,3.0,3,3,3,1.0,3,2,2,1,1,1,1,1,3,2.246,2.271,3.0,3.0,2.0,3.0,3,1,3,3,1,1,3,3,1,3,3,2,1,1,3,3,2,1,3,3,3,3,3,2,2,2,1,2,2,1,2,1,2,2,2,1,2,1,2,1,2,1,2,2,2,2,2,1,3,3,2,2,3,3,2,3,3,2,2.171,2.321,2.171,2.171,2.171,2.296,2.296,2.171,Reasonably age-friendly,Reasonably age-friendly,Reasonably age-friendly,Reasonably age-friendly,Reasonably age-friendly,Reasonably age-friendly,Reasonably age-friendly,Reasonably age-friendly,Reasonably age-friendly,Reasonably age-friendly,Reasonably age-friendly,residential,19.552,300:0,0,239,240,19.552,0
301,2.28,1.0,2.28,3,3.0,3.0,3,3,3,1.0,3,2,2,1,1,1,1,1,3,2.246,2.371,3.0,3.0,2.0,3.0,3,1,3,3,1,1,3,3,1,3,3,2,1,1,3,3,2,1,3,3,3,3,3,2,2,2,1,2,2,1,2,1,2,2,2,1,2,1,2,1,2,1,2,2,2,2,2,1,3,3,2,3,3,3,3,3,3,2,2.171,2.321,2.171,2.271,2.171,2.296,2.296,2.171,Reasonably age-friendly,Reasonably age-friendly,Reasonably age-friendly,Reasonably age-friendly,Reasonably age-friendly,Reasonably age-friendly,Reasonably age-friendly,Reasonably age-friendly,Reasonably age-friendly,Reasonably age-friendly,Reasonably age-friendly,residential,10.866,301:0,0,240,241,10.866,0
302,1.97,1.5,1.313,3,2.5,3.0,1,2,3,1.5,1,1,2,1,1,2,3,3,3,1.769,1.694,3.0,3.0,2.0,3.0,3,3,3,3,3,3,3,3,1,3,3,2,1,1,3,3,2,1,3,3,3,3,3,2,2,2,1,2,2,1,2,1,2,2,2,1,2,1,2,1,2,1,2,2,2,2,2,1,3,3,3,3,3,3,3,3,3,2,1.494,1.744,1.494,1.694,1.494,1.719,1.619,1.494,Reasonably age-friendly,Reasonably age-friendly,Reasonably age-friendly,Less age-friendly,Reasonably age-friendly,Reasonably age-friendly,Less age-friendly,Less age-friendly,Less age-friendly,Reasonably age-friendly,Less age-friendly,residential,5.895,302:0,0,241,242,5.895,0
303,2.12,1.0,2.12,3,3.0,3.0,2,2,3,1.5,1,1,2,1,1,1,3,1,3,2.234,2.259,3.0,3.0,2.0,3.0,3,1,3,3,1,1,3,3,1,3,3,2,1,1,3,3,2,1,3,3,3,3,3,2,2,2,1,2,2,1,2,1,2,2,2,1,2,1,2,1,2,1,2,2,2,2,2,1,3,3,3,3,3,3,3,3,3,2,2.059,2.209,2.059,2.159,2.059,2.184,2.184,2.059,Reasonably age-friendly,Less age-friendly,Less age-friendly,Less age-friendly,Reasonably age-friendly,Reasonably age-friendly,Less age-friendly,Less age-friendly,Less age-friendly,Reasonably age-friendly,Less age-friendly,residential,15.033,303:0,0,242,243,15.033,0
304,1.6,1.5,1.067,3,1.0,3.0,2,3,1,1.5,1,1,2,1,2,1,1,1,3,1.497,1.522,3.0,3.0,2.0,3.0,3,1,3,3,1,1,3,3,1,3,3,2,1,1,3,3,2,1,3,3,3,3,3,2,2,2,1,2,2,1,2,1,2,2,2,1,2,1,2,1,2,1,2,2,2,2,2,1,3,3,3,3,3,3,3,3,3,2,1.322,1.472,1.322,1.422,1.322,1.447,1.447,1.322,Reasonably age-friendly,Less age-friendly,Less age-friendly,Reasonably age-friendly,Reasonably age-friendly,Reasonably age-friendly,Less age-friendly,Less age-friendly,Less age-friendly,Reasonably age-friendly,Less age-friendly,residential,4.215,304:0,0,243,244,4.215,0
305,2.08,1.0,2.08,3,3.0,3.0,3,3,3,1.5,1,1,2,1,1,1,1,1,3,2.206,2.231,3.0,3.0,2.0,3.0,3,1,3,3,1,1,3,3,1,3,3,2,1,1,3,3,2,1,3,3,3,3,3,2,2,2,1,2,2,1,2,1,2,2,2,1,2,1,2,1,2,1,2,2,2,2,2,1,3,3,3,3,3,3,3,3,3,2,2.031,2.181,2.031,2.131,2.031,2.156,2.156,2.031,Reasonably age-friendly,Reasonably age-friendly,Reasonably age-friendly,Reasonably age-friendly,Reasonably age-friendly,Reasonably age-friendly,Reasonably age-friendly,Reasonably age-friendly,Reasonably age-friendly,Reasonably age-friendly,Less age-friendly,residential,17.76,305:0,0,244,245,17.76,0
306,2.15,2.0,1.075,3,2.5,2.0,3,2,3,3.0,1,1,2,1,2,2,2,3,3,1.603,1.528,3.0,3.0,2.0,3.0,3,3,3,3,3,3,3,3,1,3,3,2,1,1,3,3,2,1,3,3,3,3,3,2,2,2,1,2,2,1,2,1,2,2,2,1,2,1,2,1,2,1,2,2,2,2,2,1,3,3,3,3,3,3,3,3,3,2,1.328,1.578,1.328,1.527,1.328,1.553,1.453,1.328,Reasonably age-friendly,Reasonably age-friendly,Reasonably age-friendly,Reasonably age-friendly,Reasonably age-friendly,Reasonably age-friendly,Reasonably age-friendly,Reasonably age-friendly,Less age-friendly,Reasonably age-friendly,Less age-friendly,residential,71.172,306:0,0,245,246,71.172,0
307,1.8,1.5,1.2,3,1.0,3.0,3,3,1,1.0,1,1,2,1,2,1,2,1,3,1.59,1.615,3.0,3.0,2.0,3.0,3,2,3,3,2,1,3,3,1,3,3,2,1,1,3,3,2,1,3,3,3,3,3,2,2,2,1,2,2,1,2,1,2,2,2,1,2,1,2,1,2,1,2,2,2,2,2,1,3,3,3,3,3,3,3,2,3,2,1.415,1.615,1.415,1.565,1.415,1.44,1.54,1.415,Reasonably age-friendly,Less age-friendly,Less age-friendly,Less age-friendly,Reasonably age-friendly,Reasonably age-friendly,Less age-friendly,Less age-friendly,Less age-friendly,Reasonably age-friendly,Less age-friendly,residential,9.804,307:0,0,246,247,9.804,0
308,1.92,1.5,1.28,3,1.0,3.0,3,3,1,1.0,1,1,2,3,2,1,1,1,3,1.646,1.571,3.0,3.0,2.0,3.0,3,1,3,3,1,1,3,3,1,3,3,2,1,1,3,3,2,1,3,3,3,3,3,2,2,2,1,2,2,1,2,1,2,2,2,1,2,1,2,1,2,1,2,2,2,2,2,1,3,3,3,2,3,3,1,2,1,2,1.471,1.621,1.471,1.371,1.471,1.496,1.396,1.471,Reasonably age-friendly,Reasonably age-friendly,Reasonably age-friendly,Reasonably age-friendly,Reasonably age-friendly,Reasonably age-friendly,Less age-friendly,Less age-friendly,Less age-friendly,Reasonably age-friendly,Less age-friendly,residential,24.432,308:0,0,248,249,24.432,0
309,2.56,1.0,2.56,3,3.0,3.0,3,3,3,3.0,3,2,2,2,1,1,1,3,1,2.642,2.467,3.0,3.0,2.0,3.0,3,2,3,3,2,3,1,3,1,3,3,2,1,1,3,3,2,1,3,3,3,3,3,2,2,2,1,2,2,1,2,1,2,2,2,1,2,1,2,1,2,1,2,2,2,2,2,1,3,3,3,3,3,3,3,3,3,2,2.367,2.567,2.367,2.517,2.367,2.592,2.392,2.367,Reasonably age-friendly,Reasonably age-friendly,More age-friendly,Reasonably age-friendly,Reasonably age-friendly,Reasonably age-friendly,Reasonably age-friendly,Reasonably age-friendly,Reasonably age-friendly,Reasonably age-friendly,Reasonably age-friendly,residential,87.841,309:0,0,249,250,87.841,0
310,1.92,1.5,1.28,3,1.0,3.0,2,3,1,1.0,1,1,3,2,2,1,3,1,3,1.546,1.621,3.0,3.0,2.0,3.0,3,1,3,3,1,1,3,3,2,3,3,3,2,2,3,3,3,2,3,3,3,3,3,2,2,2,1,2,2,1,2,1,2,2,2,1,2,1,2,1,2,1,2,2,2,2,2,1,3,2,2,2,1,3,2,3,2,3,1.621,1.521,1.621,1.471,1.621,1.596,1.546,1.621,Reasonably age-friendly,Less age-friendly,Less age-friendly,Less age-friendly,Reasonably age-friendly,Reasonably age-friendly,Less age-friendly,Less age-friendly,Less age-friendly,Reasonably age-friendly,Less age-friendly,residential,24.527,310:0,0,187,251,24.527,0
311,1.31,1.5,0.873,1,1.5,1.0,1,2,2,2.0,1,1,3,1,1,2,1,1,3,1.261,1.436,3.0,3.0,2.0,3.0,3,1,3,3,1,1,3,3,2,3,3,3,2,2,3,3,3,2,3,3,3,3,3,2,2,2,1,2,2,1,2,1,2,2,2,1,2,1,2,1,2,1,2,2,2,2,2,1,1,3,2,3,3,3,3,2,1,1,1.136,1.336,1.136,1.286,1.136,1.211,1.161,1.136,Reasonably age-friendly,Reasonably age-friendly,Reasonably age-friendly,Reasonably age-friendly,Reasonably age-friendly,Reasonably age-friendly,Reasonably age-friendly,Reasonably age-friendly,Less age-friendly,Reasonably age-friendly,Less age-friendly,residential,95.42,311:0,0,251,252,95.42,0
312,1.53,2.0,0.765,2,2.5,1.0,1,1,2,2.5,1,1,2,1,1,3,2,3,3,1.286,1.311,3.0,3.0,2.0,3.0,3,3,3,3,3,3,3,3,1,3,3,2,1,1,3,3,2,1,3,3,3,3,3,2,2,2,1,2,2,1,2,1,2,2,2,1,2,1,2,1,2,1,2,2,2,2,2,1,1,3,2,3,2,3,3,2,1,1,1.011,1.361,1.011,1.31,1.011,1.236,1.036,1.011,Reasonably age-friendly,Reasonably age-friendly,Less age-friendly,Less age-friendly,Reasonably age-friendly,Reasonably age-friendly,Less age-friendly,Less age-friendly,Less age-friendly,Reasonably age-friendly,Less age-friendly,residential,81.132,312:0,0,253,254,81.132,0
313,1.92,1.5,1.28,3,1.0,3.0,3,3,1,1.0,1,1,3,2,2,1,2,1,3,1.546,1.721,3.0,3.0,2.0,3.0,3,2,3,3,2,1,3,3,2,3,3,3,2,2,3,3,3,2,3,3,3,3,3,2,2,2,1,2,2,1,2,1,2,2,2,1,2,1,2,1,2,1,2,2,2,2,2,1,1,1,2,3,2,2,3,2,1,1,1.421,1.471,1.421,1.621,1.421,1.496,1.446,1.421,Reasonably age-friendly,Less age-friendly,Less age-friendly,Less age-friendly,Reasonably age-friendly,Reasonably age-friendly,Less age-friendly,Less age-friendly,Less age-friendly,Reasonably age-friendly,Less age-friendly,residential,10.97,313:0,0,253,255,10.97,0
314,2.32,1.5,1.547,3,3.0,3.0,3,3,3,3.0,1,1,3,1,2,1,2,1,3,1.833,1.808,3.0,3.0,2.0,3.0,3,1,3,3,1,1,3,3,2,3,3,3,2,2,3,3,3,2,3,3,3,3,3,2,2,2,1,2,2,1,2,1,2,2,2,1,2,1,2,1,2,1,2,2,2,2,2,1,3,3,3,2,3,3,3,3,3,3,1.808,1.808,1.808,1.758,1.808,1.783,1.833,1.808,Reasonably age-friendly,Reasonably age-friendly,Reasonably age-friendly,Reasonably age-friendly,Reasonably age-friendly,Reasonably age-friendly,Less age-friendly,Reasonably age-friendly,Reasonably age-friendly,Reasonably age-friendly,Less age-friendly,residential,73.8,314:0,0,256,257,73.8,0
315,2.11,1.5,1.407,3,1.5,1.0,3,3,2,3.0,1,1,2,2,2,1,2,1,2,1.735,1.71,3.0,3.0,2.0,3.0,3,1,3,3,1,1,2,3,1,3,3,2,1,1,3,3,2,1,3,3,3,3,3,2,2,2,1,2,2,1,2,1,2,2,2,1,2,1,2,1,2,1,2,2,2,2,2,1,3,3,3,3,3,3,3,2,3,1,1.46,1.71,1.46,1.66,1.46,1.585,1.635,1.46,Reasonably age-friendly,Less age-friendly,Less age-friendly,Less age-friendly,Reasonably age-friendly,Reasonably age-friendly,Less age-friendly,Less age-friendly,Less age-friendly,Reasonably age-friendly,Less age-friendly,residential,87.699,315:0,0,255,258,87.699,0
316,1.92,1.5,1.28,3,1.0,3.0,3,3,1,1.0,1,1,2,2,2,1,2,1,3,1.646,1.571,3.0,3.0,2.0,3.0,3,1,3,3,1,1,3,3,1,3,3,2,1,1,3,3,2,1,3,3,3,3,3,2,2,2,1,2,2,1,2,1,2,2,2,1,2,1,2,1,2,1,2,2,2,2,2,1,1,3,3,2,3,1,2,2,3,1,1.371,1.621,1.371,1.471,1.371,1.496,1.596,1.371,Reasonably age-friendly,Less age-friendly,Less age-friendly,Less age-friendly,Reasonably age-friendly,Reasonably age-friendly,Less age-friendly,Less age-friendly,Less age-friendly,Reasonably age-friendly,Less age-friendly,residential,14.179,316:0,0,258,256,14.179,0
317,1.71,1.5,1.14,3,1.5,1.0,3,3,2,1.0,1,1,2,1,2,1,1,2,2,1.598,1.523,3.0,3.0,2.0,3.0,3,2,3,3,2,2,2,3,1,3,3,2,1,1,3,3,2,1,3,3,3,3,3,2,2,2,1,2,2,1,2,1,2,2,2,1,2,1,2,1,2,1,2,2,2,2,2,1,3,3,3,3,3,3,2,3,2,3,1.473,1.573,1.473,1.423,1.473,1.548,1.348,1.473,Reasonably age-friendly,Reasonably age-friendly,Reasonably age-friendly,Reasonably age-friendly,Reasonably age-friendly,Reasonably age-friendly,Less age-friendly,Reasonably age-friendly,Less age-friendly,Reasonably age-friendly,Less age-friendly,residential,85.795,317:0,0,251,259,85.795,0
318,1.83,1.0,1.83,3,1.5,1.0,3,3,2,1.0,1,1,2,1,1,1,2,2,3,2.081,2.056,3.0,3.0,2.0,3.0,3,1,3,3,1,2,3,3,1,3,3,2,1,1,3,3,2,1,3,3,3,3,3,2,2,2,1,2,2,1,2,1,2,2,2,1,2,1,2,1,2,1,2,2,2,2,2,1,1,3,3,3,3,1,3,3,3,3,1.956,2.006,1.956,1.956,1.956,2.031,1.981,1.956,Reasonably age-friendly,Reasonably age-friendly,Reasonably age-friendly,Reasonably age-friendly,Reasonably age-friendly,Reasonably age-friendly,Reasonably age-friendly,Reasonably age-friendly,Reasonably age-friendly,Reasonably age-friendly,Less age-friendly,residential,48.237,318:0,0,260,258,48.237,0
319,1.83,2.0,0.915,3,1.5,1.0,3,3,2,1.0,1,1,2,1,3,1,2,1,3,1.391,1.416,3.0,3.0,2.0,3.0,3,1,3,3,1,1,3,3,1,3,3,2,1,1,3,3,2,1,3,3,3,3,3,2,2,2,1,2,2,1,2,1,2,2,2,1,2,1,2,1,2,1,2,2,2,2,2,1,1,3,3,3,3,1,1,3,3,2,1.216,1.366,1.216,1.116,1.216,1.341,1.341,1.216,Reasonably age-friendly,Less age-friendly,Less age-friendly,Less age-friendly,Reasonably age-friendly,Reasonably age-friendly,Less age-friendly,Less age-friendly,Less age-friendly,Reasonably age-friendly,Less age-friendly,residential,27.731,319:0,0,254,261,27.731,0
320,1.95,1.0,1.95,3,1.5,1.0,3,3,2,1.0,1,1,2,1,1,1,3,1,3,2.115,2.14,3.0,3.0,2.0,3.0,3,1,3,3,1,1,3,3,1,3,3,2,1,1,3,3,2,1,3,3,3,3,3,2,2,2,1,2,2,1,2,1,2,2,2,1,2,1,2,1,2,1,2,2,2,2,2,1,3,3,3,3,3,3,3,3,3,3,2.04,2.09,2.04,2.04,2.04,2.065,2.065,2.04,Reasonably age-friendly,Less age-friendly,Less age-friendly,Less age-friendly,Reasonably age-friendly,Reasonably age-friendly,Less age-friendly,Less age-friendly,Less age-friendly,Reasonably age-friendly,Less age-friendly,residential,20.325,320:0,0,261,262,20.325,0
321,2.03,1.0,2.03,3,1.5,1.0,3,3,2,1.0,2,1,1,1,1,1,3,1,3,2.071,2.146,3.0,3.0,2.0,3.0,3,1,3,3,1,1,3,3,1,3,3,1,1,1,3,3,1,1,3,3,3,3,3,2,2,2,1,2,2,1,2,1,2,2,2,1,2,1,2,1,2,1,2,2,2,2,2,1,3,2,2,3,1,3,3,3,3,3,2.096,2.046,2.096,2.096,2.096,2.121,2.071,2.096,Reasonably age-friendly,Less age-friendly,Less age-friendly,Less age-friendly,Reasonably age-friendly,Reasonably age-friendly,Less age-friendly,Less age-friendly,Less age-friendly,Reasonably age-friendly,Less age-friendly,residential,23.649,321:0,0,263,234,23.649,0
322,2.03,1.0,2.03,3,1.5,1.0,3,3,2,1.0,2,1,2,1,1,1,3,1,3,2.171,1.996,3.0,3.0,2.0,3.0,3,1,3,3,1,1,3,3,1,3,3,2,1,1,3,3,2,1,3,3,3,3,3,2,2,2,1,2,2,1,2,1,2,2,2,1,2,1,2,1,2,1,2,2,2,2,2,1,3,3,3,1,3,3,3,3,3,3,2.096,2.146,2.096,2.096,2.096,2.121,2.121,2.096,Reasonably age-friendly,Less age-friendly,Less age-friendly,Less age-friendly,Reasonably age-friendly,Reasonably age-friendly,Less age-friendly,Less age-friendly,Less age-friendly,Reasonably age-friendly,Less age-friendly,residential,26.043,322:0,0,264,263,26.043,0
323,2.03,1.0,2.03,3,1.5,1.0,3,3,2,1.0,2,1,2,1,1,1,3,1,3,2.171,1.996,3.0,3.0,2.0,3.0,3,1,3,3,1,1,3,3,1,3,3,2,1,1,3,3,2,1,3,3,3,3,3,2,2,2,1,2,2,1,2,1,2,2,2,1,2,1,2,1,2,1,2,2,2,2,2,1,3,3,3,1,3,3,1,1,3,3,2.096,2.146,2.096,1.896,2.096,1.921,2.121,2.096,Reasonably age-friendly,Less age-friendly,Less age-friendly,Less age-friendly,Reasonably age-friendly,Reasonably age-friendly,Less age-friendly,Less age-friendly,Less age-friendly,Reasonably age-friendly,Less age-friendly,residential,24.657,323:0,0,265,264,24.657,0
324,1.87,1.0,1.87,2,1.5,1.0,3,3,2,1.0,1,1,2,1,1,1,3,1,3,1.959,1.884,3.0,3.0,2.0,3.0,3,1,3,3,1,1,3,3,1,3,3,2,1,1,3,3,2,1,3,3,3,3,3,2,2,2,1,2,2,1,2,1,2,2,2,1,2,1,2,1,2,1,2,2,2,2,2,1,2,1,2,1,2,3,3,3,3,3,1.984,1.834,1.984,1.984,1.984,2.009,2.009,1.984,Reasonably age-friendly,Less age-friendly,Less age-friendly,Less age-friendly,Reasonably age-friendly,Reasonably age-friendly,Less age-friendly,Less age-friendly,Less age-friendly,Reasonably age-friendly,Less age-friendly,residential,44.046,324:0,0,262,265,44.046,0
325,1.91,1.0,1.91,3,1.5,1.0,3,3,2,1.0,2,1,1,1,1,1,2,1,3,2.087,2.062,3.0,3.0,2.0,3.0,3,1,3,3,1,1,3,3,1,3,3,1,1,1,3,3,1,1,3,3,3,3,3,2,2,2,1,2,2,1,2,1,2,2,2,1,2,1,2,1,2,1,2,2,2,2,2,1,3,3,3,3,3,3,3,3,3,3,2.012,2.062,2.012,2.012,2.012,2.037,1.987,2.012,Reasonably age-friendly,Reasonably age-friendly,Reasonably age-friendly,Reasonably age-friendly,Reasonably age-friendly,Reasonably age-friendly,Reasonably age-friendly,Reasonably age-friendly,Reasonably age-friendly,Reasonably age-friendly,Less age-friendly,residential,34.469,325:0,0,265,266,34.469,0
326,1.87,1.5,1.247,3,1.5,1.0,3,3,2,1.5,1,1,1,1,2,1,2,1,3,1.623,1.598,3.0,3.0,2.0,3.0,3,1,3,3,1,1,3,3,1,3,3,1,1,1,3,3,1,1,3,3,3,3,3,2,2,2,1,2,2,1,2,1,2,2,2,1,2,1,2,1,2,1,2,2,2,2,2,1,3,3,3,3,3,3,3,3,3,3,1.548,1.598,1.548,1.548,1.548,1.573,1.523,1.548,Reasonably age-friendly,Less age-friendly,Less age-friendly,Less age-friendly,Reasonably age-friendly,Reasonably age-friendly,Less age-friendly,Less age-friendly,Less age-friendly,Reasonably age-friendly,Less age-friendly,residential,20.513,326:0,0,233,267,20.513,0
327,1.71,1.5,1.14,3,1.5,1.0,3,3,2,1.0,1,1,1,1,2,1,1,1,3,1.448,1.523,3.0,3.0,2.0,3.0,3,1,3,3,1,1,3,3,1,3,3,1,1,1,3,3,1,1,3,3,3,3,3,2,2,2,1,2,2,1,2,1,2,2,2,1,2,1,2,1,2,1,2,2,2,2,2,1,3,1,2,3,3,3,2,2,2,3,1.473,1.323,1.473,1.373,1.473,1.398,1.348,1.473,Reasonably age-friendly,Less age-friendly,Less age-friendly,Reasonably age-friendly,Reasonably age-friendly,Reasonably age-friendly,Less age-friendly,Less age-friendly,Less age-friendly,Reasonably age-friendly,Less age-friendly,residential,24.468,327:0,0,267,268,24.468,0
328,1.75,2.0,0.875,3,1.5,1.0,3,3,2,1.5,1,1,2,1,3,1,1,1,3,1.363,1.388,3.0,3.0,2.0,3.0,3,1,3,3,1,1,3,3,1,3,3,2,1,1,3,3,2,1,3,3,3,3,3,2,2,2,1,2,2,1,2,1,2,2,2,1,2,1,2,1,2,1,2,2,2,2,2,1,3,3,3,3,3,3,3,3,1,3,1.287,1.338,1.287,1.288,1.287,1.313,1.113,1.287,Reasonably age-friendly,Less age-friendly,Less age-friendly,Less age-friendly,Reasonably age-friendly,Reasonably age-friendly,Less age-friendly,Less age-friendly,Less age-friendly,Reasonably age-friendly,Less age-friendly,residential,31.317,328:0,0,268,269,31.317,0
329,1.99,1.0,1.99,3,1.5,1.0,3,3,2,3.0,1,1,3,1,1,1,2,1,3,2.143,2.218,3.0,3.0,2.0,3.0,3,1,3,3,1,1,3,3,2,3,3,3,2,2,3,3,3,2,3,3,3,3,3,2,2,2,1,2,2,1,2,1,2,2,2,1,2,1,2,1,2,1,2,2,2,2,2,1,3,3,3,3,3,3,2,3,3,3,2.118,2.118,2.118,1.968,2.118,2.093,2.143,2.118,Reasonably age-friendly,Reasonably age-friendly,Reasonably age-friendly,Reasonably age-friendly,Reasonably age-friendly,Reasonably age-friendly,Reasonably age-friendly,Reasonably age-friendly,Reasonably age-friendly,Reasonably age-friendly,Less age-friendly,residential,85.086,329:0,0,231,270,85.086,0
330,1.96,1.0,1.96,3,1.0,1.0,3,3,2,3.0,1,1,3,1,1,1,2,1,3,2.122,2.197,3.0,3.0,2.0,3.0,3,1,3,3,1,1,3,3,2,3,3,3,2,2,3,3,3,2,3,3,3,3,3,2,2,2,1,2,2,1,2,1,2,2,2,1,2,1,2,1,2,1,2,2,2,2,2,1,3,3,3,3,3,2,3,3,3,3,2.097,2.097,2.097,2.047,2.097,2.072,2.122,2.097,Reasonably age-friendly,Reasonably age-friendly,Reasonably age-friendly,Reasonably age-friendly,Reasonably age-friendly,Reasonably age-friendly,Reasonably age-friendly,Reasonably age-friendly,Reasonably age-friendly,Reasonably age-friendly,Less age-friendly,residential,6.89,330:0,0,270,271,6.89,0
331,1.71,2.0,0.855,3,1.5,1.0,3,3,2,1.0,1,1,2,1,3,1,1,1,3,1.349,1.374,3.0,3.0,2.0,3.0,3,1,3,3,1,1,3,3,1,3,3,2,1,1,3,3,2,1,3,3,3,3,3,2,2,2,1,2,2,1,2,1,2,2,2,1,2,1,2,1,2,1,2,2,2,2,2,1,3,3,3,3,3,3,3,3,3,3,1.274,1.324,1.274,1.273,1.274,1.299,1.299,1.274,Reasonably age-friendly,Less age-friendly,Less age-friendly,Less age-friendly,Reasonably age-friendly,Reasonably age-friendly,Less age-friendly,Less age-friendly,Less age-friendly,Reasonably age-friendly,Less age-friendly,residential,13.617,331:0,0,271,272,13.617,0
332,1.99,1.0,1.99,3,1.5,1.0,3,3,2,3.0,1,1,3,1,1,1,2,1,2,2.143,2.168,3.0,3.0,2.0,3.0,3,1,3,3,1,1,2,3,2,3,3,3,2,2,3,3,3,2,3,3,3,3,3,2,2,2,1,2,2,1,2,1,2,2,2,1,2,1,2,1,2,1,2,2,2,2,2,1,1,1,3,3,3,2,3,3,3,3,2.118,1.918,2.118,2.068,2.118,2.093,2.093,2.118,Reasonably age-friendly,Less age-friendly,Reasonably age-friendly,Reasonably age-friendly,Reasonably age-friendly,Reasonably age-friendly,Reasonably age-friendly,Reasonably age-friendly,Reasonably age-friendly,Reasonably age-friendly,Less age-friendly,residential,53.504,332:0,0,271,273,53.504,0
333,1.92,1.5,1.28,3,1.0,3.0,3,3,1,1.0,1,1,3,2,2,1,2,1,3,1.546,1.721,3.0,3.0,2.0,3.0,3,1,3,3,1,1,3,3,2,3,3,3,2,2,3,3,3,2,3,3,3,3,3,2,2,2,1,2,2,1,2,1,2,2,2,1,2,1,2,1,2,1,2,2,2,2,2,1,1,1,2,3,2,2,3,2,1,1,1.421,1.421,1.421,1.571,1.421,1.496,1.446,1.421,Reasonably age-friendly,Less age-friendly,Less age-friendly,Less age-friendly,Reasonably age-friendly,Reasonably age-friendly,Less age-friendly,Less age-friendly,Less age-friendly,Reasonably age-friendly,Less age-friendly,residential,12.924,333:0,0,273,274,12.924,0
334,1.92,1.5,1.28,3,1.0,3.0,3,3,1,1.0,1,1,3,2,2,1,2,1,3,1.546,1.721,3.0,3.0,2.0,3.0,3,1,3,3,1,1,3,3,2,3,3,3,2,2,3,3,3,2,3,3,3,3,3,2,2,2,1,2,2,1,2,1,2,2,2,1,2,1,2,1,2,1,2,2,2,2,2,1,1,1,2,3,2,2,3,2,1,1,1.421,1.421,1.421,1.571,1.421,1.496,1.446,1.421,Reasonably age-friendly,Less age-friendly,Less age-friendly,Less age-friendly,Reasonably age-friendly,Reasonably age-friendly,Less age-friendly,Less age-friendly,Less age-friendly,Reasonably age-friendly,Less age-friendly,residential,14.523,334:0,0,274,255,14.523,0
335,1.92,1.5,1.28,3,1.0,3.0,3,3,1,1.0,1,1,3,2,2,1,2,1,3,1.546,1.721,3.0,3.0,2.0,3.0,3,1,3,3,1,1,3,3,2,3,3,3,2,2,3,3,3,2,3,3,3,3,3,2,2,2,1,2,2,1,2,1,2,2,2,1,2,1,2,1,2,1,2,2,2,2,2,1,1,1,2,3,2,2,3,2,1,1,1.421,1.421,1.421,1.571,1.421,1.496,1.446,1.421,Reasonably age-friendly,Less age-friendly,Less age-friendly,Less age-friendly,Reasonably age-friendly,Reasonably age-friendly,Less age-friendly,Less age-friendly,Less age-friendly,Reasonably age-friendly,Less age-friendly,residential,14.544,335:0,0,253,273,14.544,0
336,2.11,1.5,1.407,3,1.5,1.0,3,3,2,3.0,1,1,2,2,2,1,2,1,3,1.735,1.76,3.0,3.0,2.0,3.0,3,1,3,3,1,1,3,3,1,3,3,2,1,1,3,3,2,1,3,3,3,3,3,2,2,2,1,2,2,1,2,1,2,2,2,1,2,1,2,1,2,1,2,2,2,2,2,1,3,3,3,3,3,3,3,2,3,3,1.66,1.71,1.66,1.66,1.66,1.585,1.685,1.66,Reasonably age-friendly,Less age-friendly,Less age-friendly,Reasonably age-friendly,Reasonably age-friendly,Reasonably age-friendly,Less age-friendly,Less age-friendly,Less age-friendly,Reasonably age-friendly,Less age-friendly,residential,24.671,336:0,0,274,275,24.671,0
337,2.11,1.5,1.407,3,1.5,1.0,3,3,2,3.0,1,1,2,2,2,1,2,1,2,1.735,1.71,3.0,3.0,2.0,3.0,3,1,3,3,1,1,2,3,1,3,3,2,1,1,3,3,2,1,3,3,3,3,3,2,2,2,1,2,2,1,2,1,2,2,2,1,2,1,2,1,2,1,2,2,2,2,2,1,3,3,3,3,3,3,3,3,3,3,1.66,1.71,1.66,1.66,1.66,1.685,1.635,1.66,Reasonably age-friendly,Less age-friendly,Less age-friendly,Less age-friendly,Reasonably age-friendly,Reasonably age-friendly,Less age-friendly,Less age-friendly,Less age-friendly,Reasonably age-friendly,Less age-friendly,residential,58.172,337:0,0,275,276,58.172,0
338,1.72,2.0,0.86,3,1.0,3.0,2,2,1,1.0,1,1,3,2,2,2,2,1,3,1.352,1.427,3.0,3.0,2.0,3.0,3,3,3,3,3,1,3,3,2,3,3,3,2,2,3,3,3,2,3,3,3,3,3,2,2,2,1,2,2,1,2,1,2,2,2,1,2,1,2,1,2,1,2,2,2,2,2,1,3,2,3,3,3,3,3,3,1,3,1.327,1.327,1.327,1.377,1.327,1.302,1.152,1.327,Reasonably age-friendly,Less age-friendly,Less age-friendly,Less age-friendly,Reasonably age-friendly,Reasonably age-friendly,Less age-friendly,Less age-friendly,Less age-friendly,Reasonably age-friendly,Less age-friendly,residential,10.992,338:0,0,238,277,5.16764521706108,0
338,1.72,2.0,0.86,3,1.0,3.0,2,2,1,1.0,1,1,3,2,2,2,2,1,3,1.352,1.427,3.0,3.0,2.0,3.0,3,3,3,3,3,1,3,3,2,3,3,3,2,2,3,3,3,2,3,3,3,3,3,2,2,2,1,2,2,1,2,1,2,2,2,1,2,1,2,1,2,1,2,2,2,2,2,1,3,2,3,3,3,3,3,3,1,3,1.327,1.327,1.327,1.377,1.327,1.302,1.152,1.327,Reasonably age-friendly,Less age-friendly,Less age-friendly,Less age-friendly,Reasonably age-friendly,Reasonably age-friendly,Less age-friendly,Less age-friendly,Less age-friendly,Reasonably age-friendly,Less age-friendly,residential,10.992,338:1,1,25,277,5.823728724788795,0
339,1.91,1.0,1.91,3,1.5,1.0,3,3,2,2.0,1,1,3,1,1,1,2,1,3,2.087,2.162,3.0,3.0,2.0,3.0,3,1,3,3,1,1,3,3,2,3,3,3,2,2,3,3,3,2,3,3,3,3,3,2,2,2,1,2,2,1,2,1,2,2,2,1,2,1,2,1,2,1,2,2,2,2,2,1,3,3,3,3,3,3,2,3,3,3,2.062,2.062,2.062,1.912,2.062,2.037,2.087,2.062,Reasonably age-friendly,Reasonably age-friendly,Reasonably age-friendly,Reasonably age-friendly,Reasonably age-friendly,Reasonably age-friendly,Less age-friendly,Less age-friendly,Reasonably age-friendly,Reasonably age-friendly,Less age-friendly,residential,41.786,339:0,0,232,278,41.786,0
340,1.99,1.0,1.99,3,1.5,1.0,3,3,2,3.0,1,1,3,1,1,1,2,1,3,2.143,2.218,3.0,3.0,2.0,3.0,3,1,3,3,1,1,3,3,2,3,3,3,2,2,3,3,3,2,3,3,3,3,3,2,2,2,1,2,2,1,2,1,2,2,2,1,2,1,2,1,2,1,2,2,2,2,2,1,3,3,3,3,3,3,2,3,3,3,2.118,2.118,2.118,1.968,2.118,2.093,2.143,2.118,Reasonably age-friendly,Reasonably age-friendly,Reasonably age-friendly,Reasonably age-friendly,Reasonably age-friendly,Reasonably age-friendly,Reasonably age-friendly,Reasonably age-friendly,Reasonably age-friendly,Reasonably age-friendly,Less age-friendly,residential,5.908,340:0,0,278,279,5.908,0
341,1.99,1.0,1.99,3,1.5,1.0,3,3,2,3.0,1,1,3,1,1,1,2,1,3,2.143,2.218,3.0,3.0,2.0,3.0,3,1,3,3,1,1,3,3,2,3,3,3,2,2,3,3,3,2,3,3,3,3,3,2,2,2,1,2,2,1,2,1,2,2,2,1,2,1,2,1,2,1,2,2,2,2,2,1,3,3,3,3,3,3,3,3,3,3,2.118,2.118,2.118,2.068,2.118,2.093,2.143,2.118,Reasonably age-friendly,Reasonably age-friendly,Reasonably age-friendly,Reasonably age-friendly,Reasonably age-friendly,Reasonably age-friendly,Reasonably age-friendly,Reasonably age-friendly,Reasonably age-friendly,Reasonably age-friendly,Less age-friendly,residential,42.541,341:0,0,279,280,42.541,0
342,1.96,1.0,1.96,3,1.0,1.0,3,3,2,3.0,1,1,3,1,1,1,2,1,3,2.122,2.197,3.0,3.0,2.0,3.0,3,1,3,3,1,1,3,3,2,3,3,3,2,2,3,3,3,2,3,3,3,3,3,2,2,2,1,2,2,1,2,1,2,2,2,1,2,1,2,1,2,1,2,2,2,2,2,1,3,3,3,3,3,2,3,3,3,3,2.097,2.097,2.097,2.047,2.097,2.072,2.122,2.097,Reasonably age-friendly,Reasonably age-friendly,Reasonably age-friendly,Reasonably age-friendly,Reasonably age-friendly,Reasonably age-friendly,Reasonably age-friendly,Reasonably age-friendly,Reasonably age-friendly,Reasonably age-friendly,Less age-friendly,residential,8.538,342:0,0,280,281,8.538,0
343,1.99,1.0,1.99,3,1.5,1.0,3,3,2,3.0,1,1,3,1,1,1,2,1,2,2.143,2.168,3.0,3.0,2.0,3.0,3,1,3,3,1,1,2,3,2,3,3,3,2,2,3,3,3,2,3,3,3,3,3,2,2,2,1,2,2,1,2,1,2,2,2,1,2,1,2,1,2,1,2,2,2,2,2,1,1,1,3,3,3,2,3,3,3,3,2.118,1.918,2.118,2.068,2.118,2.093,2.093,2.118,Reasonably age-friendly,Less age-friendly,Reasonably age-friendly,Reasonably age-friendly,Reasonably age-friendly,Reasonably age-friendly,Reasonably age-friendly,Reasonably age-friendly,Reasonably age-friendly,Reasonably age-friendly,Less age-friendly,residential,53.23,343:0,0,281,253,53.23,0
344,1.75,2.0,0.875,3,1.5,1.0,3,3,2,1.5,1,1,2,1,3,1,1,1,3,1.363,1.388,3.0,3.0,2.0,3.0,3,1,3,3,1,1,3,3,1,3,3,2,1,1,3,3,2,1,3,3,3,3,3,2,2,2,1,2,2,1,2,1,2,2,2,1,2,1,2,1,2,1,2,2,2,2,2,1,3,3,3,3,3,3,3,3,3,3,1.287,1.338,1.287,1.288,1.287,1.313,1.313,1.287,Reasonably age-friendly,Less age-friendly,Less age-friendly,Less age-friendly,Reasonably age-friendly,Reasonably age-friendly,Less age-friendly,Less age-friendly,Less age-friendly,Reasonably age-friendly,Less age-friendly,residential,15.41,344:0,0,269,282,15.41,0
345,1.95,2.0,0.975,2,1.5,1.0,3,3,2,2.0,1,1,2,1,3,1,3,1,3,1.433,1.458,3.0,3.0,2.0,3.0,3,1,3,3,1,1,3,3,1,3,3,2,1,1,3,3,2,1,3,3,3,3,3,2,2,2,1,2,2,1,2,1,2,2,2,1,2,1,2,1,2,1,2,2,2,2,2,1,3,3,3,3,3,3,3,3,3,3,1.358,1.408,1.358,1.358,1.358,1.383,1.383,1.358,Reasonably age-friendly,Less age-friendly,Less age-friendly,Less age-friendly,Reasonably age-friendly,Reasonably age-friendly,Less age-friendly,Less age-friendly,Less age-friendly,Reasonably age-friendly,Less age-friendly,residential,19.401,345:0,0,282,280,19.401,0
346,1.91,1.0,1.91,3,1.5,1.0,3,3,2,1.0,2,1,2,1,1,1,2,1,2,2.087,2.062,3.0,3.0,2.0,3.0,3,1,3,3,1,1,2,3,1,3,3,2,1,1,3,3,2,1,3,3,3,3,3,2,2,2,1,2,2,1,2,1,2,2,2,1,2,1,2,1,2,1,2,2,2,2,2,1,3,3,3,3,1,3,3,3,3,3,2.012,2.062,2.012,2.012,2.012,2.037,1.987,2.012,Reasonably age-friendly,Reasonably age-friendly,Reasonably age-friendly,Reasonably age-friendly,Reasonably age-friendly,Reasonably age-friendly,Reasonably age-friendly,Reasonably age-friendly,Reasonably age-friendly,Reasonably age-friendly,Less age-friendly,residential,26.506,346:0,0,282,283,26.506,0
347,1.83,1.0,1.83,3,1.5,1.0,3,3,2,1.0,1,1,1,1,1,1,2,1,1,2.031,1.906,3.0,3.0,2.0,3.0,3,1,3,3,1,1,1,3,1,3,3,1,1,1,3,3,1,1,3,3,3,3,3,2,2,2,1,2,2,1,2,1,2,2,2,1,2,1,2,1,2,1,2,2,2,2,2,1,3,3,3,3,3,3,1,1,3,3,1.956,2.006,1.956,1.756,1.956,1.781,1.831,1.956,Reasonably age-friendly,Reasonably age-friendly,Reasonably age-friendly,Less age-friendly,Reasonably age-friendly,Reasonably age-friendly,Less age-friendly,Less age-friendly,Less age-friendly,Reasonably age-friendly,Less age-friendly,residential,39.646,347:0,0,283,262,39.646,0
348,1.91,1.0,1.91,3,1.5,1.0,3,3,2,1.0,2,1,2,1,1,1,2,1,2,2.087,2.062,3.0,3.0,2.0,3.0,3,1,3,3,1,1,2,3,1,3,3,2,1,1,3,3,2,1,3,3,3,3,3,2,2,2,1,2,2,1,2,1,2,2,2,1,2,1,2,1,2,1,2,2,2,2,2,1,3,3,3,3,3,3,1,1,1,3,2.012,2.062,2.012,1.812,2.012,1.837,1.787,2.012,Reasonably age-friendly,Reasonably age-friendly,Reasonably age-friendly,Reasonably age-friendly,Reasonably age-friendly,Reasonably age-friendly,Less age-friendly,Less age-friendly,Less age-friendly,Reasonably age-friendly,Less age-friendly,residential,20.965,348:0,0,283,284,20.965,0
349,1.59,2.5,0.636,1,2.5,2.0,2,2,3,1.0,1,1,1,1,3,2,1,3,3,1.295,1.17,3.0,3.0,2.0,3.0,3,3,3,3,3,3,3,3,1,3,3,1,1,1,3,3,1,1,3,3,3,3,3,2,2,2,1,2,2,1,2,1,2,2,2,1,2,1,2,1,2,1,2,2,2,2,2,1,3,3,3,3,3,3,3,3,2,3,1.12,1.27,1.12,1.22,1.12,1.245,0.995,1.12,Reasonably age-friendly,Less age-friendly,Less age-friendly,Less age-friendly,Reasonably age-friendly,Reasonably age-friendly,Less age-friendly,Less age-friendly,Less age-friendly,Reasonably age-friendly,Less age-friendly,residential,24.131,349:0,0,191,285,24.131,1
350,1.92,1.5,1.28,3,1.0,3.0,3,3,1,1.0,1,1,3,2,2,1,2,1,3,1.646,1.721,3.0,3.0,2.0,3.0,3,1,3,3,1,1,3,3,2,3,3,3,2,2,3,3,3,2,3,3,3,3,3,2,2,2,1,2,2,1,2,1,2,2,2,1,2,1,2,1,2,1,2,2,2,2,2,1,3,3,3,3,3,3,3,3,2,1,1.421,1.621,1.421,1.571,1.421,1.596,1.546,1.421,Reasonably age-friendly,Less age-friendly,Less age-friendly,Less age-friendly,Reasonably age-friendly,Reasonably age-friendly,Less age-friendly,Less age-friendly,Less age-friendly,Reasonably age-friendly,Less age-friendly,residential,17.791,350:0,0,285,286,17.791,1
351,2.07,1.5,1.38,3,2.5,2.0,3,3,3,1.0,1,1,1,1,2,1,2,3,2,1.816,1.641,3.0,3.0,2.0,3.0,3,3,3,3,3,3,2,3,1,3,3,1,1,1,3,3,1,1,3,3,3,3,3,2,2,2,1,2,2,1,2,1,2,2,2,1,2,1,2,1,2,1,2,2,2,2,2,1,3,3,3,3,3,3,3,3,3,1,1.441,1.791,1.441,1.741,1.441,1.766,1.566,1.441,Reasonably age-friendly,Reasonably age-friendly,Reasonably age-friendly,Less age-friendly,Reasonably age-friendly,Reasonably age-friendly,Less age-friendly,Reasonably age-friendly,Less age-friendly,Reasonably age-friendly,Less age-friendly,residential,49.115,351:0,0,286,287,49.115,1
352,2.4,2.0,1.2,3,3.0,3.0,3,3,3,3.0,2,1,2,1,3,1,2,1,3,1.49,1.415,3.0,3.0,2.0,3.0,3,1,3,3,1,1,3,3,1,3,3,2,1,1,3,3,2,1,3,3,3,3,3,2,2,2,1,2,2,1,2,1,2,2,2,1,2,1,2,1,2,1,2,2,2,2,2,1,3,3,2,1,3,3,3,3,3,1,1.315,1.565,1.315,1.515,1.315,1.54,1.54,1.315,Reasonably age-friendly,Less age-friendly,Less age-friendly,Less age-friendly,Reasonably age-friendly,Reasonably age-friendly,Less age-friendly,Less age-friendly,Less age-friendly,Reasonably age-friendly,Less age-friendly,residential,18.773,352:0,0,287,288,18.773,1
353,1.97,1.0,1.97,3,3.0,3.0,2,3,3,1.0,2,1,2,1,1,1,1,1,1,2.129,2.054,3.0,3.0,2.0,3.0,3,1,3,3,1,1,1,3,1,3,3,2,1,1,3,3,2,1,3,3,3,3,3,2,2,2,1,2,2,1,2,1,2,2,2,1,2,1,2,1,2,1,2,2,2,2,2,1,3,3,3,3,3,3,3,3,3,1,1.854,2.104,1.854,2.054,1.854,2.079,1.979,1.854,Reasonably age-friendly,Reasonably age-friendly,Reasonably age-friendly,Reasonably age-friendly,Reasonably age-friendly,Reasonably age-friendly,Reasonably age-friendly,Reasonably age-friendly,Reasonably age-friendly,Reasonably age-friendly,Reasonably age-friendly,residential,21.579,353:0,0,289,290,21.579,1
354,1.87,2.0,0.935,3,1.5,1.0,3,3,2,1.0,3,1,1,1,3,1,1,3,3,1.505,1.38,3.0,3.0,2.0,3.0,3,1,3,3,1,3,3,3,1,3,3,1,1,1,3,3,1,1,3,3,3,3,3,2,2,2,1,2,2,1,2,1,2,2,2,1,2,1,2,1,2,1,2,2,2,2,2,1,3,3,3,3,3,3,3,3,3,3,1.33,1.38,1.33,1.33,1.33,1.455,1.305,1.33,Reasonably age-friendly,Less age-friendly,Reasonably age-friendly,Less age-friendly,Reasonably age-friendly,Reasonably age-friendly,Less age-friendly,Less age-friendly,Less age-friendly,Reasonably age-friendly,Less age-friendly,residential,24.558,354:0,0,290,291,24.558,1
355,2.32,1.0,2.32,3,3.0,3.0,3,3,3,1.0,3,1,2,1,1,1,2,1,3,2.374,2.299,3.0,3.0,2.0,3.0,3,1,3,3,1,1,3,3,1,3,3,2,1,1,3,3,2,1,3,3,3,3,3,2,2,2,1,2,2,1,2,1,2,2,2,1,2,1,2,1,2,1,2,2,2,2,2,1,3,3,3,2,3,3,3,3,3,1,2.099,2.349,2.099,2.299,2.099,2.324,2.324,2.099,Reasonably age-friendly,Reasonably age-friendly,Reasonably age-friendly,Reasonably age-friendly,Reasonably age-friendly,Reasonably age-friendly,Reasonably age-friendly,Reasonably age-friendly,Reasonably age-friendly,Reasonably age-friendly,Reasonably age-friendly,residential,22.061,355:0,0,290,292,22.061,1
356,2.33,2.0,1.165,3,3.0,2.5,3,3,3,1.0,2,1,2,1,3,1,3,2,1,1.516,1.291,3.0,3.0,2.0,3.0,3,1,3,3,1,2,1,3,1,3,3,2,1,1,3,3,2,1,3,3,3,3,3,2,2,2,1,2,2,1,2,1,2,2,2,1,2,1,2,1,2,1,2,2,2,2,2,1,3,1,2,1,3,3,3,3,3,3,1.491,1.341,1.491,1.491,1.491,1.566,1.416,1.491,Reasonably age-friendly,Less age-friendly,Less age-friendly,Less age-friendly,Reasonably age-friendly,Reasonably age-friendly,Less age-friendly,Less age-friendly,Less age-friendly,Reasonably age-friendly,Less age-friendly,residential,54.304,356:0,0,293,294,54.304,1
357,1.83,1.0,1.83,3,1.5,1.0,3,3,2,1.0,1,1,2,1,1,1,2,1,3,2.031,1.956,3.0,3.0,2.0,3.0,3,1,3,3,1,1,3,3,1,3,3,2,1,1,3,3,2,1,3,3,3,3,3,2,2,2,1,2,2,1,2,1,2,2,2,1,2,1,2,1,2,1,2,2,2,2,2,1,3,3,3,2,3,3,3,3,3,3,1.956,2.006,1.956,1.956,1.956,1.981,1.981,1.956,Reasonably age-friendly,Reasonably age-friendly,Reasonably age-friendly,Reasonably age-friendly,Reasonably age-friendly,Reasonably age-friendly,Reasonably age-friendly,Reasonably age-friendly,Reasonably age-friendly,Reasonably age-friendly,Less age-friendly,residential,23.28,357:0,0,292,295,23.28,1
358,1.91,1.5,1.273,3,1.5,1.0,3,3,2,1.0,2,1,3,1,2,1,2,1,3,1.641,1.716,3.0,3.0,2.0,3.0,3,1,3,3,1,1,3,3,2,3,3,3,2,2,3,3,3,2,3,3,3,3,3,2,2,2,1,2,2,1,2,1,2,2,2,1,2,1,2,1,2,1,2,2,2,2,2,1,3,3,3,3,3,3,3,3,3,3,1.616,1.616,1.616,1.566,1.616,1.591,1.641,1.616,Reasonably age-friendly,Less age-friendly,Less age-friendly,Less age-friendly,Reasonably age-friendly,Reasonably age-friendly,Less age-friendly,Less age-friendly,Less age-friendly,Reasonably age-friendly,Less age-friendly,residential,21.848,358:0,0,295,296,21.848,1
359,2.03,2.0,1.015,3,1.5,1.0,3,3,2,1.0,2,1,2,1,3,1,3,3,3,1.56,1.386,3.0,3.0,2.0,3.0,3,1,3,3,1,3,3,3,1,3,3,2,1,1,3,3,2,1,3,3,3,3,3,2,2,2,1,2,2,1,2,1,2,2,2,1,2,1,2,1,2,1,2,2,2,2,2,1,3,3,3,2,3,3,3,3,3,3,1.386,1.435,1.386,1.386,1.386,1.511,1.411,1.386,Reasonably age-friendly,Less age-friendly,Less age-friendly,Less age-friendly,Reasonably age-friendly,Reasonably age-friendly,Less age-friendly,Less age-friendly,Less age-friendly,Reasonably age-friendly,Less age-friendly,residential,60.887,359:0,0,295,297,60.887,1
360,1.71,1.0,1.71,3,1.5,1.0,3,3,2,1.0,1,1,2,1,1,1,1,1,3,1.947,1.972,3.0,3.0,2.0,3.0,3,1,3,3,1,1,3,3,1,3,3,2,1,1,3,3,2,1,3,3,3,3,3,2,2,2,1,2,2,1,2,1,2,2,2,1,2,1,2,1,2,1,2,2,2,2,2,1,3,3,3,3,3,3,3,3,3,3,1.872,1.922,1.872,1.872,1.872,1.897,1.897,1.872,Reasonably age-friendly,Reasonably age-friendly,Reasonably age-friendly,Reasonably age-friendly,Reasonably age-friendly,Reasonably age-friendly,Reasonably age-friendly,Reasonably age-friendly,Reasonably age-friendly,Reasonably age-friendly,Reasonably age-friendly,residential,20.928,360:0,0,297,298,20.928,1
361,1.99,1.0,1.99,3,1.5,1.0,3,3,2,2.0,2,1,2,1,1,1,2,3,3,2.043,1.968,3.0,3.0,2.0,3.0,3,2,3,3,2,3,3,3,1,3,3,2,1,1,3,3,2,1,3,3,3,3,3,2,2,2,1,2,2,1,2,1,2,2,2,1,2,1,2,1,2,1,2,2,2,2,2,1,3,1,1,1,3,3,3,3,3,3,2.068,1.968,2.068,2.118,2.068,2.193,2.093,2.068,Reasonably age-friendly,Reasonably age-friendly,Reasonably age-friendly,Reasonably age-friendly,Reasonably age-friendly,Reasonably age-friendly,Reasonably age-friendly,Reasonably age-friendly,Reasonably age-friendly,Reasonably age-friendly,Less age-friendly,residential,56.256,361:0,0,297,299,56.256,1
362,2.52,1.0,2.52,3,3.0,3.0,3,3,3,3.0,3,3,2,1,1,1,1,3,3,2.614,2.539,3.0,3.0,2.0,3.0,3,3,3,3,3,3,3,3,1,3,3,2,1,1,3,3,2,1,3,3,3,3,3,2,2,2,1,2,2,1,2,1,2,2,2,1,2,1,2,1,2,1,2,2,2,2,2,1,3,3,3,3,3,3,1,2,3,3,2.439,2.589,2.439,2.339,2.439,2.464,2.464,2.439,Reasonably age-friendly,More age-friendly,More age-friendly,More age-friendly,Reasonably age-friendly,Reasonably age-friendly,Reasonably age-friendly,Reasonably age-friendly,Reasonably age-friendly,Reasonably age-friendly,More age-friendly,residential,20.943,362:0,0,249,300,20.943,0
363,2.56,1.0,2.56,3,3.0,3.0,3,3,3,3.0,3,2,3,2,1,1,1,3,2,2.642,2.467,3.0,3.0,2.0,3.0,3,1,3,3,1,3,2,3,2,3,3,3,2,2,3,3,3,2,3,3,3,3,3,2,2,2,1,2,2,1,2,1,2,2,2,1,2,1,2,1,2,1,2,2,2,2,2,1,3,2,3,2,3,3,3,1,2,1,2.317,2.417,2.317,2.467,2.317,2.392,2.392,2.317,Reasonably age-friendly,Reasonably age-friendly,More age-friendly,Reasonably age-friendly,Reasonably age-friendly,Reasonably age-friendly,Reasonably age-friendly,Reasonably age-friendly,Reasonably age-friendly,Reasonably age-friendly,Reasonably age-friendly,residential,26.444,363:0,0,250,301,26.444,0
364,1.8,1.5,1.2,3,1.0,3.0,3,3,1,1.0,1,1,3,2,2,1,1,1,1,1.59,1.465,3.0,3.0,2.0,3.0,3,1,3,3,1,1,1,3,2,3,3,3,2,2,3,3,3,2,3,3,3,3,3,2,2,2,1,2,2,1,2,1,2,2,2,1,2,1,2,1,2,1,2,2,2,2,2,1,3,2,3,2,3,3,3,1,2,1,1.365,1.465,1.365,1.515,1.365,1.34,1.39,1.365,Reasonably age-friendly,Less age-friendly,Reasonably age-friendly,Less age-friendly,Reasonably age-friendly,Reasonably age-friendly,Reasonably age-friendly,Less age-friendly,Less age-friendly,Reasonably age-friendly,Less age-friendly,residential,14.771,364:0,0,250,302,14.771,0
365,2.24,1.0,2.24,3,3.0,3.0,3,3,3,1.0,2,1,2,2,1,1,1,1,2,2.318,2.293,3.0,3.0,2.0,3.0,3,1,3,3,1,1,2,3,1,3,3,2,1,1,3,3,2,1,3,3,3,3,3,2,2,2,1,2,2,1,2,1,2,2,2,1,2,1,2,1,2,1,2,2,2,2,2,1,3,3,3,3,3,3,3,3,3,2,2.143,2.293,2.143,2.243,2.143,2.268,2.218,2.143,Reasonably age-friendly,Reasonably age-friendly,Reasonably age-friendly,Reasonably age-friendly,Reasonably age-friendly,Reasonably age-friendly,Reasonably age-friendly,Reasonably age-friendly,Reasonably age-friendly,Reasonably age-friendly,Reasonably age-friendly,residential,96.275,365:0,0,302,303,96.275,0
366,1.6,2.5,0.64,3,1.0,3.0,2,2,1,1.0,1,1,2,2,3,2,1,3,3,1.198,1.223,3.0,3.0,2.0,3.0,3,1,3,3,1,3,3,3,1,3,3,2,1,1,3,3,2,1,3,3,3,3,3,2,2,2,1,2,2,1,2,1,2,2,2,1,2,1,2,1,2,1,2,2,2,2,2,1,1,3,2,3,3,1,3,2,3,1,0.923,1.173,0.923,1.123,0.923,1.148,1.148,0.923,Less age-friendly,Less age-friendly,Less age-friendly,Less age-friendly,Less age-friendly,Less age-friendly,Less age-friendly,Less age-friendly,Less age-friendly,Less age-friendly,Less age-friendly,residential,12.222,366:0,0,303,304,12.222,0
367,1.97,1.5,1.313,3,2.5,3.0,2,2,2,1.5,1,1,3,1,1,2,3,3,3,1.669,1.644,3.0,3.0,2.0,3.0,3,3,3,3,3,3,3,3,2,3,3,3,2,2,3,3,3,2,3,3,3,3,3,2,2,2,1,2,2,1,2,1,2,2,2,1,2,1,2,1,2,1,2,2,2,2,2,1,3,3,2,2,3,3,2,3,3,2,1.544,1.744,1.544,1.594,1.544,1.719,1.669,1.544,Reasonably age-friendly,Reasonably age-friendly,Less age-friendly,Less age-friendly,Reasonably age-friendly,Reasonably age-friendly,Less age-friendly,Less age-friendly,Less age-friendly,Reasonably age-friendly,Less age-friendly,residential,20.253,367:0,0,304,305,20.253,0
368,1.99,1.0,1.99,3,2.5,2.0,1,3,2,3.0,1,1,2,1,1,1,3,3,3,2.243,2.168,3.0,3.0,2.0,3.0,3,3,3,3,3,3,3,3,1,3,3,2,1,1,3,3,2,1,3,3,3,3,3,2,2,2,1,2,2,1,2,1,2,2,2,1,2,1,2,1,2,1,2,2,2,2,2,1,1,3,3,3,3,1,3,2,3,1,1.868,2.218,1.868,2.168,1.868,2.093,2.093,1.868,Reasonably age-friendly,Reasonably age-friendly,Reasonably age-friendly,Less age-friendly,Reasonably age-friendly,Reasonably age-friendly,Less age-friendly,Less age-friendly,Less age-friendly,Reasonably age-friendly,Less age-friendly,residential,23.33,368:0,0,304,306,23.33,0
369,1.95,1.5,1.3,3,1.5,1.0,3,3,2,3.0,2,1,2,1,2,1,1,1,3,1.66,1.685,3.0,3.0,2.0,3.0,3,1,3,3,1,1,3,3,1,3,3,2,1,1,3,3,2,1,3,3,3,3,3,2,2,2,1,2,2,1,2,1,2,2,2,1,2,1,2,1,2,1,2,2,2,2,2,1,3,3,3,3,3,3,3,3,3,3,1.585,1.635,1.585,1.585,1.585,1.61,1.61,1.585,Reasonably age-friendly,Reasonably age-friendly,Reasonably age-friendly,Reasonably age-friendly,Reasonably age-friendly,Reasonably age-friendly,Reasonably age-friendly,Reasonably age-friendly,Reasonably age-friendly,Reasonably age-friendly,Less age-friendly,residential,27.344,369:0,0,305,307,27.344,0
370,1.95,2.0,0.975,3,2.5,2.0,2,1,2,3.0,1,1,3,1,2,2,3,3,3,1.433,1.408,3.0,3.0,2.0,3.0,3,3,3,3,3,3,3,3,2,3,3,3,2,2,3,3,3,2,3,3,3,3,3,2,2,2,1,2,2,1,2,1,2,2,2,1,2,1,2,1,2,1,2,2,2,2,2,1,3,3,2,2,3,3,2,3,3,2,1.308,1.507,1.308,1.358,1.308,1.483,1.433,1.308,Reasonably age-friendly,Less age-friendly,Less age-friendly,Less age-friendly,Reasonably age-friendly,Reasonably age-friendly,Less age-friendly,Less age-friendly,Less age-friendly,Reasonably age-friendly,Less age-friendly,residential,84.627,370:0,0,308,224,84.627,0
371,1.48,2.5,0.592,3,1.0,3.0,1,2,1,1.0,1,1,3,2,3,2,1,1,3,1.064,1.139,3.0,3.0,2.0,3.0,3,1,3,3,1,1,3,3,2,3,3,3,2,2,3,3,3,2,3,3,3,3,3,2,2,2,1,2,2,1,2,1,2,2,2,1,2,1,2,1,2,1,2,2,2,2,2,1,3,3,2,2,3,1,2,3,3,1,0.939,1.139,0.939,0.989,0.939,1.114,1.164,0.939,Less age-friendly,Less age-friendly,Less age-friendly,Less age-friendly,Less age-friendly,Less age-friendly,Less age-friendly,Less age-friendly,Less age-friendly,Less age-friendly,Less age-friendly,residential,23.634,371:0,0,304,240,23.634,0
372,1.67,2.0,0.835,2,1.5,1.0,3,3,2,1.5,1,1,1,1,3,1,1,1,3,1.335,1.31,3.0,3.0,2.0,3.0,3,2,3,3,2,1,3,3,1,3,3,1,1,1,3,3,1,1,3,3,3,3,3,2,2,2,1,2,2,1,2,1,2,2,2,1,2,1,2,1,2,1,2,2,2,2,2,1,3,3,3,3,3,3,3,3,3,3,1.259,1.36,1.259,1.31,1.259,1.285,1.235,1.259,Reasonably age-friendly,Less age-friendly,Less age-friendly,Less age-friendly,Reasonably age-friendly,Reasonably age-friendly,Less age-friendly,Less age-friendly,Less age-friendly,Reasonably age-friendly,Less age-friendly,residential,19.891,372:0,0,243,309,19.891,0
373,1.91,1.0,1.91,3,1.5,1.0,3,3,2,1.0,2,1,2,1,1,1,2,1,3,2.087,2.112,3.0,3.0,2.0,3.0,3,1,3,3,1,1,3,3,1,3,3,2,1,1,3,3,2,1,3,3,3,3,3,2,2,2,1,2,2,1,2,1,2,2,2,1,2,1,2,1,2,1,2,2,2,2,2,1,3,3,3,3,3,3,3,3,3,3,2.012,2.062,2.012,2.012,2.012,2.037,2.037,2.012,Reasonably age-friendly,Reasonably age-friendly,Reasonably age-friendly,Reasonably age-friendly,Reasonably age-friendly,Reasonably age-friendly,Reasonably age-friendly,Reasonably age-friendly,Reasonably age-friendly,Reasonably age-friendly,Less age-friendly,residential,30.434,373:0,0,309,310,30.434,0
374,1.71,1.0,1.71,3,1.5,1.0,3,3,2,1.0,1,1,2,1,1,1,1,1,3,1.947,1.972,3.0,3.0,2.0,3.0,3,1,3,3,1,1,3,3,1,3,3,2,1,1,3,3,2,1,3,3,3,3,3,2,2,2,1,2,2,1,2,1,2,2,2,1,2,1,2,1,2,1,2,2,2,2,2,1,3,3,3,3,3,3,3,3,3,3,1.872,1.922,1.872,1.872,1.872,1.897,1.897,1.872,Reasonably age-friendly,Reasonably age-friendly,Reasonably age-friendly,Reasonably age-friendly,Reasonably age-friendly,Reasonably age-friendly,Reasonably age-friendly,Reasonably age-friendly,Reasonably age-friendly,Reasonably age-friendly,Reasonably age-friendly,residential,45.207,374:0,0,309,311,45.207,0
375,1.79,1.0,1.79,3,1.5,1.0,3,3,2,1.0,2,1,2,1,1,1,1,2,2,2.053,1.978,3.0,3.0,2.0,3.0,3,1,3,3,1,2,2,3,1,3,3,2,1,1,3,3,2,1,3,3,3,3,3,2,2,2,1,2,2,1,2,1,2,2,2,1,2,1,2,1,2,1,2,2,2,2,2,1,3,3,3,3,3,2,2,2,1,3,1.928,1.978,1.928,1.828,1.928,1.903,1.703,1.928,Reasonably age-friendly,Reasonably age-friendly,Reasonably age-friendly,Reasonably age-friendly,Reasonably age-friendly,Reasonably age-friendly,Reasonably age-friendly,Reasonably age-friendly,Reasonably age-friendly,Reasonably age-friendly,Reasonably age-friendly,residential,40.978,375:0,0,311,312,40.978,0
376,1.87,1.0,1.87,3,1.5,1.0,3,3,2,1.5,1,1,2,1,1,1,2,1,3,2.059,2.084,3.0,3.0,2.0,3.0,3,1,3,3,1,1,3,3,1,3,3,2,1,1,3,3,2,1,3,3,3,3,3,2,2,2,1,2,2,1,2,1,2,2,2,1,2,1,2,1,2,1,2,2,2,2,2,1,3,3,3,3,3,3,3,3,3,3,1.984,2.034,1.984,1.984,1.984,2.009,2.009,1.984,Reasonably age-friendly,Reasonably age-friendly,Reasonably age-friendly,Reasonably age-friendly,Reasonably age-friendly,Reasonably age-friendly,Reasonably age-friendly,Reasonably age-friendly,Reasonably age-friendly,Reasonably age-friendly,Less age-friendly,residential,42.498,376:0,0,309,313,42.498,0
377,1.71,1.0,1.71,3,1.5,1.0,3,3,2,1.0,1,1,1,1,1,1,1,3,3,2.047,1.922,3.0,3.0,2.0,3.0,3,1,3,3,1,3,3,3,1,3,3,1,1,1,3,3,1,1,3,3,3,3,3,2,2,2,1,2,2,1,2,1,2,2,2,1,2,1,2,1,2,1,2,2,2,2,2,1,3,3,3,3,3,3,3,3,3,3,1.872,1.922,1.872,1.872,1.872,1.997,1.847,1.872,Reasonably age-friendly,Reasonably age-friendly,Reasonably age-friendly,Reasonably age-friendly,Reasonably age-friendly,Reasonably age-friendly,Reasonably age-friendly,Reasonably age-friendly,Reasonably age-friendly,Reasonably age-friendly,Reasonably age-friendly,residential,32.424,377:0,0,313,314,32.424,0
378,1.95,1.0,1.95,3,1.5,1.0,3,3,2,1.0,1,1,1,1,1,1,3,3,3,2.215,2.09,3.0,3.0,2.0,3.0,3,2,3,3,2,3,3,3,1,3,3,1,1,1,3,3,1,1,3,3,3,3,3,2,2,2,1,2,2,1,2,1,2,2,2,1,2,1,2,1,2,1,2,2,2,2,2,1,3,3,3,3,3,3,3,3,3,3,2.04,2.14,2.04,2.09,2.04,2.165,2.015,2.04,Reasonably age-friendly,Less age-friendly,Reasonably age-friendly,Less age-friendly,Reasonably age-friendly,Reasonably age-friendly,Less age-friendly,Reasonably age-friendly,Less age-friendly,Reasonably age-friendly,Less age-friendly,residential,30.037,378:0,0,314,311,30.037,0
379,1.95,2.0,0.975,3,1.5,1.0,3,3,2,1.5,2,1,2,1,3,1,2,1,1,1.433,1.158,3.0,3.0,2.0,3.0,3,1,3,3,1,1,1,3,1,3,3,2,1,1,3,3,2,1,3,3,3,3,3,2,2,2,1,2,2,1,2,1,2,2,2,1,2,1,2,1,2,1,2,2,2,2,2,1,3,3,3,1,3,3,3,3,3,3,1.358,1.408,1.358,1.358,1.358,1.383,1.283,1.358,Reasonably age-friendly,Less age-friendly,Less age-friendly,Less age-friendly,Reasonably age-friendly,Reasonably age-friendly,Less age-friendly,Less age-friendly,Less age-friendly,Reasonably age-friendly,Less age-friendly,residential,61.093,379:0,0,313,315,61.093,0
380,2.03,1.0,2.03,3,1.5,1.0,3,3,2,1.0,2,1,1,1,1,1,3,3,1,2.071,1.846,3.0,3.0,2.0,3.0,3,2,3,3,2,3,1,3,1,3,3,1,1,1,3,3,1,1,3,3,3,3,3,2,2,2,1,2,2,1,2,1,2,2,2,1,2,1,2,1,2,1,2,2,2,2,2,1,3,1,1,1,3,3,3,3,3,3,2.096,1.996,2.096,2.146,2.096,2.221,1.971,2.096,Reasonably age-friendly,Less age-friendly,Less age-friendly,Less age-friendly,Reasonably age-friendly,Reasonably age-friendly,Less age-friendly,Reasonably age-friendly,Less age-friendly,Reasonably age-friendly,Less age-friendly,residential,20.243,380:0,0,315,316,20.243,0
381,2.03,1.0,2.03,3,1.5,1.0,3,3,2,1.0,2,1,2,1,1,1,3,3,2,2.271,2.146,3.0,3.0,2.0,3.0,3,2,3,3,2,3,2,3,1,3,3,2,1,1,3,3,2,1,3,3,3,3,3,2,2,2,1,2,2,1,2,1,2,2,2,1,2,1,2,1,2,1,2,2,2,2,2,1,3,3,3,3,3,3,3,3,3,3,2.096,2.196,2.096,2.146,2.096,2.221,2.071,2.096,Reasonably age-friendly,Less age-friendly,Reasonably age-friendly,Less age-friendly,Reasonably age-friendly,Reasonably age-friendly,Less age-friendly,Reasonably age-friendly,Less age-friendly,Reasonably age-friendly,Less age-friendly,residential,45.387,381:0,0,315,317,45.387,0
382,1.71,1.0,1.71,3,1.5,1.0,3,3,2,1.0,1,1,2,1,1,1,1,3,3,2.047,1.972,3.0,3.0,2.0,3.0,3,1,3,3,1,3,3,3,1,3,3,2,1,1,3,3,2,1,3,3,3,3,3,2,2,2,1,2,2,1,2,1,2,2,2,1,2,1,2,1,2,1,2,2,2,2,2,1,3,3,3,3,3,3,3,3,3,3,1.872,1.922,1.872,1.872,1.872,1.997,1.897,1.872,Reasonably age-friendly,Reasonably age-friendly,Reasonably age-friendly,Reasonably age-friendly,Reasonably age-friendly,Reasonably age-friendly,Reasonably age-friendly,Reasonably age-friendly,Reasonably age-friendly,Reasonably age-friendly,Reasonably age-friendly,residential,29.99,382:0,0,314,318,29.99,0
383,1.71,1.5,1.14,3,1.5,1.0,3,3,2,1.0,1,1,1,1,2,1,1,2,3,1.598,1.523,3.0,3.0,2.0,3.0,3,2,3,3,2,2,3,3,1,3,3,1,1,1,3,3,1,1,3,3,3,3,3,2,2,2,1,2,2,1,2,1,2,2,2,1,2,1,2,1,2,1,2,2,2,2,2,1,3,3,3,3,3,3,3,3,3,3,1.473,1.573,1.473,1.523,1.473,1.548,1.448,1.473,Reasonably age-friendly,Reasonably age-friendly,Reasonably age-friendly,Reasonably age-friendly,Reasonably age-friendly,Reasonably age-friendly,Reasonably age-friendly,Reasonably age-friendly,Less age-friendly,Reasonably age-friendly,Less age-friendly,residential,127.598,383:0,0,314,319,127.598,0
384,1.79,1.0,1.79,3,1.5,1.0,3,3,2,1.0,2,1,2,1,1,1,1,1,1,2.003,1.928,3.0,3.0,2.0,3.0,3,1,3,3,1,1,1,3,1,3,3,2,1,1,3,3,2,1,3,3,3,3,3,2,2,2,1,2,2,1,2,1,2,2,2,1,2,1,2,1,2,1,2,2,2,2,2,1,2,3,3,3,3,3,3,3,3,3,1.928,1.978,1.928,1.928,1.928,1.953,1.853,1.928,Reasonably age-friendly,Reasonably age-friendly,Reasonably age-friendly,Reasonably age-friendly,Reasonably age-friendly,Reasonably age-friendly,Reasonably age-friendly,Reasonably age-friendly,Reasonably age-friendly,Reasonably age-friendly,Reasonably age-friendly,residential,86.267,384:0,0,246,317,86.267,0
385,1.99,1.0,1.99,3,1.5,1.0,3,3,2,1.0,3,1,2,1,1,1,2,2,2,2.193,2.118,3.0,3.0,2.0,3.0,3,2,3,3,2,2,2,3,1,3,3,2,1,1,3,3,2,1,3,3,3,3,3,2,2,2,1,2,2,1,2,1,2,2,2,1,2,1,2,1,2,1,2,2,2,2,2,1,3,3,3,3,3,3,3,3,3,3,2.068,2.168,2.068,2.118,2.068,2.143,2.043,2.068,Reasonably age-friendly,Reasonably age-friendly,Reasonably age-friendly,Reasonably age-friendly,Reasonably age-friendly,Reasonably age-friendly,Reasonably age-friendly,Reasonably age-friendly,Reasonably age-friendly,Reasonably age-friendly,Less age-friendly,residential,32.086,385:0,0,317,319,32.086,0
386,1.76,2.0,0.88,3,2.5,1.5,1,2,2,3.0,1,1,2,1,2,2,2,3,3,1.466,1.391,3.0,3.0,2.0,3.0,3,3,3,3,3,3,3,3,1,3,3,2,1,1,3,3,2,1,3,3,3,3,3,2,2,2,1,2,2,1,2,1,2,2,2,1,2,1,2,1,2,1,2,2,2,2,2,1,1,3,3,3,3,3,3,3,3,3,1.291,1.441,1.291,1.391,1.291,1.416,1.316,1.291,Reasonably age-friendly,Less age-friendly,Less age-friendly,Less age-friendly,Reasonably age-friendly,Reasonably age-friendly,Less age-friendly,Less age-friendly,Less age-friendly,Reasonably age-friendly,Less age-friendly,residential,14.82,386:0,0,273,320,14.82,0
387,1.83,1.0,1.83,3,1.5,1.0,3,3,2,1.0,1,1,1,1,1,1,2,1,1,2.031,1.906,3.0,3.0,2.0,3.0,3,1,3,3,1,1,1,3,1,3,3,1,1,1,3,3,1,1,3,3,3,3,3,2,2,2,1,2,2,1,2,1,2,2,2,1,2,1,2,1,2,1,2,2,2,2,2,1,3,3,3,3,3,3,3,3,3,3,1.956,2.006,1.956,1.956,1.956,1.981,1.831,1.956,Reasonably age-friendly,Reasonably age-friendly,Reasonably age-friendly,Less age-friendly,Reasonably age-friendly,Reasonably age-friendly,Reasonably age-friendly,Reasonably age-friendly,Less age-friendly,Reasonably age-friendly,Less age-friendly,residential,56.378,387:0,0,321,322,56.378,0
388,1.83,1.5,1.22,3,1.5,1.0,3,3,2,1.0,1,1,2,1,2,1,2,1,3,1.604,1.629,3.0,3.0,2.0,3.0,3,1,3,3,1,1,3,3,1,3,3,2,1,1,3,3,2,1,3,3,3,3,3,2,2,2,1,2,2,1,2,1,2,2,2,1,2,1,2,1,2,1,2,2,2,2,2,1,3,3,3,3,3,3,3,3,3,3,1.529,1.579,1.529,1.529,1.529,1.554,1.554,1.529,Reasonably age-friendly,Less age-friendly,Less age-friendly,Less age-friendly,Reasonably age-friendly,Reasonably age-friendly,Less age-friendly,Less age-friendly,Less age-friendly,Reasonably age-friendly,Less age-friendly,residential,30.165,388:0,0,321,323,30.165,0
389,1.87,1.0,1.87,3,1.5,1.0,3,3,2,2.0,2,1,2,1,1,1,1,1,3,2.059,2.084,3.0,3.0,2.0,3.0,3,1,3,3,1,1,3,3,1,3,3,2,1,1,3,3,2,1,3,3,3,3,3,2,2,2,1,2,2,1,2,1,2,2,2,1,2,1,2,1,2,1,2,2,2,2,2,1,3,3,3,3,3,3,3,3,3,3,1.984,2.034,1.984,1.984,1.984,2.009,2.009,1.984,Reasonably age-friendly,Reasonably age-friendly,Reasonably age-friendly,Reasonably age-friendly,Reasonably age-friendly,Reasonably age-friendly,Reasonably age-friendly,Reasonably age-friendly,Reasonably age-friendly,Reasonably age-friendly,Reasonably age-friendly,residential,42.672,389:0,0,323,324,42.672,0
390,1.99,1.5,1.327,3,1.5,1.0,3,3,2,3.0,1,1,3,1,2,1,2,1,1,1.679,1.654,3.0,3.0,2.0,3.0,3,1,3,3,1,1,1,3,2,3,3,3,2,2,3,3,3,2,3,3,3,3,3,2,2,2,1,2,2,1,2,1,2,2,2,1,2,1,2,1,2,1,2,2,2,2,2,1,3,2,3,3,3,3,3,3,3,3,1.654,1.554,1.654,1.604,1.654,1.629,1.579,1.654,Reasonably age-friendly,Less age-friendly,Less age-friendly,Less age-friendly,Reasonably age-friendly,Reasonably age-friendly,Less age-friendly,Less age-friendly,Less age-friendly,Reasonably age-friendly,Less age-friendly,residential,42.048,390:0,0,321,325,42.048,0
391,1.83,1.0,1.83,3,1.5,1.0,3,3,2,1.0,1,1,3,1,1,1,2,1,3,2.031,2.106,3.0,3.0,2.0,3.0,3,1,3,3,1,1,3,3,2,3,3,3,2,2,3,3,3,2,3,3,3,3,3,2,2,2,1,2,2,1,2,1,2,2,2,1,2,1,2,1,2,1,2,2,2,2,2,1,3,3,3,3,2,3,3,3,3,3,2.006,2.006,2.006,1.956,2.006,1.981,2.031,2.006,Reasonably age-friendly,Reasonably age-friendly,Reasonably age-friendly,Reasonably age-friendly,Reasonably age-friendly,Reasonably age-friendly,Reasonably age-friendly,Reasonably age-friendly,Reasonably age-friendly,Reasonably age-friendly,Less age-friendly,residential,24.546,391:0,0,324,319,24.546,0
392,1.52,3.0,0.507,3,1.0,3.0,1,1,1,1.0,1,1,2,2,3,3,2,2,3,1.155,1.13,3.0,3.0,2.0,3.0,3,2,3,3,2,2,3,3,1,3,3,2,1,1,3,3,2,1,3,3,3,3,3,2,2,2,1,2,2,1,2,1,2,2,2,1,2,1,2,1,2,1,2,2,2,2,2,1,3,3,3,3,3,3,3,3,3,3,1.03,1.13,1.03,1.08,1.03,1.105,1.055,1.03,Reasonably age-friendly,Less age-friendly,Less age-friendly,Less age-friendly,Reasonably age-friendly,Reasonably age-friendly,Less age-friendly,Less age-friendly,Less age-friendly,Reasonably age-friendly,Less age-friendly,hospital,20.852,392:0,0,326,327,20.852,0
393,2.5,1.0,2.5,3,3.0,2.0,3,3,3,1.0,3,1,3,2,1,1,3,1,3,2.5,2.575,3.0,3.0,2.0,3.0,3,2,3,3,2,1,3,3,2,3,3,3,2,2,3,3,3,2,3,3,3,3,3,2,2,2,1,2,2,1,2,1,2,2,2,1,2,1,2,1,2,1,2,2,2,2,2,1,3,3,3,3,3,3,3,3,3,3,2.475,2.525,2.475,2.475,2.475,2.45,2.5,2.475,Reasonably age-friendly,Reasonably age-friendly,Reasonably age-friendly,Reasonably age-friendly,Reasonably age-friendly,Reasonably age-friendly,Reasonably age-friendly,Reasonably age-friendly,Reasonably age-friendly,Reasonably age-friendly,Less age-friendly,hospital,59.854,393:0,0,113,328,59.854,0
394,2.6,1.5,1.733,3,3.0,3.0,2,3,3,3.0,3,1,2,2,1,2,3,1,3,1.963,1.988,3.0,3.0,2.0,3.0,3,2,3,3,2,1,3,3,1,3,3,2,1,1,3,3,2,1,3,3,3,3,3,2,2,2,1,2,2,1,2,1,2,2,2,1,2,1,2,1,2,1,2,2,2,2,2,1,3,3,3,3,3,3,3,3,3,3,1.888,1.988,1.888,1.938,1.888,1.913,1.913,1.888,Reasonably age-friendly,Reasonably age-friendly,Reasonably age-friendly,Reasonably age-friendly,Reasonably age-friendly,Reasonably age-friendly,Reasonably age-friendly,Reasonably age-friendly,Reasonably age-friendly,Reasonably age-friendly,Less age-friendly,hospital,113.221,394:0,0,327,104,113.221,0
395,2.25,1.0,2.25,3,3.0,2.5,2,3,3,3.0,2,1,2,1,1,1,2,2,3,2.375,2.35,3.0,3.0,2.0,3.0,3,2,3,3,2,2,3,3,1,3,3,2,1,1,3,3,2,1,3,3,3,3,3,2,2,2,1,2,2,1,2,1,2,2,2,1,2,1,2,1,2,1,2,2,2,2,2,1,3,3,3,3,3,3,3,3,3,3,2.25,2.35,2.25,2.3,2.25,2.325,2.275,2.25,Reasonably age-friendly,Reasonably age-friendly,Reasonably age-friendly,Reasonably age-friendly,Reasonably age-friendly,Reasonably age-friendly,Reasonably age-friendly,Reasonably age-friendly,Reasonably age-friendly,Reasonably age-friendly,Less age-friendly,hospital,47.664,395:0,0,326,329,47.664,0
396,2.48,1.0,2.48,3,3.0,3.0,3,3,2,3.0,3,1,3,1,1,1,3,1,3,2.486,2.561,3.0,3.0,2.0,3.0,3,3,3,3,3,1,3,3,2,3,3,3,2,2,3,3,3,2,3,3,3,3,3,2,2,2,1,2,2,1,2,1,2,2,2,1,2,1,2,1,2,1,2,2,2,2,2,1,3,3,3,3,3,3,3,3,3,3,2.461,2.561,2.461,2.511,2.461,2.436,2.486,2.461,Reasonably age-friendly,Reasonably age-friendly,Reasonably age-friendly,Reasonably age-friendly,Reasonably age-friendly,Reasonably age-friendly,Reasonably age-friendly,Reasonably age-friendly,Reasonably age-friendly,Reasonably age-friendly,Less age-friendly,hospital,52.93,396:0,0,328,327,52.93,0
397,2.57,1.0,2.57,3,3.0,2.5,3,3,3,3.0,3,1,3,1,1,1,3,2,2,2.599,2.574,3.0,3.0,2.0,3.0,3,2,3,3,2,2,2,3,2,3,3,3,2,2,3,3,3,2,3,3,3,3,3,2,2,2,1,2,2,1,2,1,2,2,2,1,2,1,2,1,2,1,2,2,2,2,2,1,3,3,3,3,3,3,3,3,3,3,2.524,2.574,2.524,2.524,2.524,2.549,2.499,2.524,More age-friendly,Reasonably age-friendly,Reasonably age-friendly,Reasonably age-friendly,More age-friendly,More age-friendly,Reasonably age-friendly,Reasonably age-friendly,Reasonably age-friendly,More age-friendly,Less age-friendly,campus,56.853,397:0,0,111,330,56.853,0
398,2.23,1.0,2.23,1,3.0,1.5,3,3,3,3.0,3,1,3,1,1,1,2,3,3,2.411,2.386,3.0,3.0,2.0,3.0,3,1,3,3,1,3,3,3,2,3,3,3,2,2,3,3,3,2,3,3,3,3,3,2,2,2,1,2,2,1,2,1,2,2,2,1,2,1,2,1,2,1,2,2,2,2,2,1,3,3,3,3,3,3,3,3,3,3,2.286,2.286,2.286,2.236,2.286,2.361,2.311,2.286,Reasonably age-friendly,Reasonably age-friendly,Reasonably age-friendly,Reasonably age-friendly,Reasonably age-friendly,Reasonably age-friendly,Reasonably age-friendly,Reasonably age-friendly,Reasonably age-friendly,Reasonably age-friendly,Less age-friendly,campus,48.056,398:0,0,330,331,48.056,0
399,2.42,1.0,2.42,3,3.0,2.0,3,3,3,3.0,3,1,2,1,1,1,2,3,3,2.544,2.469,3.0,3.0,2.0,3.0,3,2,3,3,2,3,3,3,1,3,3,2,1,1,3,3,2,1,3,3,3,3,3,2,2,2,1,2,2,1,2,1,2,2,2,1,2,1,2,1,2,1,2,2,2,2,2,1,3,3,3,3,3,3,3,3,3,3,2.369,2.469,2.369,2.419,2.369,2.494,2.394,2.369,Reasonably age-friendly,Reasonably age-friendly,Reasonably age-friendly,Reasonably age-friendly,Reasonably age-friendly,Reasonably age-friendly,Reasonably age-friendly,Reasonably age-friendly,Reasonably age-friendly,Reasonably age-friendly,Reasonably age-friendly,campus,61.065,399:0,0,331,332,61.065,0
400,2.07,1.0,2.07,3,3.0,1.5,3,3,2,1.0,1,1,2,1,1,1,3,1,3,2.199,2.224,3.0,3.0,2.0,3.0,3,2,3,3,2,1,3,3,1,3,3,2,1,1,3,3,2,1,3,3,3,3,3,2,2,2,1,2,2,1,2,1,2,2,2,1,2,1,2,1,2,1,2,2,2,2,2,1,3,3,3,3,3,3,3,3,3,3,2.124,2.224,2.124,2.174,2.124,2.149,2.149,2.124,Reasonably age-friendly,Less age-friendly,Less age-friendly,Less age-friendly,Reasonably age-friendly,Reasonably age-friendly,Less age-friendly,Less age-friendly,Less age-friendly,Reasonably age-friendly,Less age-friendly,campus,45.738,400:0,0,332,328,45.738,0
401,1.8,1.5,1.2,3,1.0,3.0,3,3,1,1.0,1,1,3,1,2,1,2,1,3,1.59,1.665,3.0,3.0,2.0,3.0,3,2,3,3,2,1,3,3,2,3,3,3,2,2,3,3,3,2,3,3,3,3,3,2,2,2,1,2,2,1,2,1,2,2,2,1,2,1,2,1,2,1,2,2,2,2,2,1,3,3,3,3,3,3,3,3,3,3,1.565,1.615,1.565,1.565,1.565,1.54,1.59,1.565,Reasonably age-friendly,Less age-friendly,Less age-friendly,Less age-friendly,Reasonably age-friendly,Reasonably age-friendly,Less age-friendly,Less age-friendly,Less age-friendly,Reasonably age-friendly,Less age-friendly,campus,7.739,401:0,0,330,333,7.739,0
402,2.48,1.0,2.48,3,3.0,3.0,3,3,3,3.0,3,1,3,1,1,1,2,3,3,2.586,2.561,3.0,3.0,2.0,3.0,3,3,3,3,3,3,3,3,2,3,3,3,2,2,3,3,3,2,3,3,3,3,3,2,2,2,1,2,2,1,2,1,2,2,2,1,2,1,2,1,2,1,2,2,2,2,2,1,3,3,3,3,3,3,3,3,3,3,2.461,2.561,2.461,2.511,2.461,2.536,2.486,2.461,Reasonably age-friendly,Reasonably age-friendly,Reasonably age-friendly,Reasonably age-friendly,Reasonably age-friendly,Reasonably age-friendly,Reasonably age-friendly,Reasonably age-friendly,Reasonably age-friendly,Reasonably age-friendly,Reasonably age-friendly,campus,24.867,402:0,0,334,335,24.867,0
403,2.48,1.0,2.48,3,3.0,3.0,3,3,3,3.0,3,1,3,1,1,1,2,3,3,2.586,2.561,3.0,3.0,2.0,3.0,3,3,3,3,3,3,3,3,2,3,3,3,2,2,3,3,3,2,3,3,3,3,3,2,2,2,1,2,2,1,2,1,2,2,2,1,2,1,2,1,2,1,2,2,2,2,2,1,3,3,3,3,3,3,3,3,3,3,2.461,2.561,2.461,2.511,2.461,2.536,2.486,2.461,Reasonably age-friendly,Reasonably age-friendly,Reasonably age-friendly,Reasonably age-friendly,Reasonably age-friendly,Reasonably age-friendly,Reasonably age-friendly,Reasonably age-friendly,Reasonably age-friendly,Reasonably age-friendly,Reasonably age-friendly,campus,16.514,403:0,0,335,336,16.514,0
404,2.48,1.0,2.48,3,3.0,3.0,3,3,3,3.0,3,1,2,1,1,1,2,2,3,2.536,2.511,3.0,3.0,2.0,3.0,3,1,3,3,1,2,3,3,1,3,3,2,1,1,3,3,2,1,3,3,3,3,3,2,2,2,1,2,2,1,2,1,2,2,2,1,2,1,2,1,2,1,2,2,2,2,2,1,3,3,3,3,3,3,3,3,3,3,2.411,2.461,2.411,2.411,2.411,2.486,2.436,2.411,Reasonably age-friendly,Reasonably age-friendly,Reasonably age-friendly,Reasonably age-friendly,Reasonably age-friendly,Reasonably age-friendly,Reasonably age-friendly,Reasonably age-friendly,Reasonably age-friendly,Reasonably age-friendly,Reasonably age-friendly,campus,29.897,404:0,0,336,337,29.897,0
405,2.3,1.0,2.3,3,3.0,2.0,3,3,2,3.0,3,1,2,1,1,1,2,3,3,2.46,2.385,3.0,3.0,2.0,3.0,3,1,3,3,1,3,3,3,1,3,3,2,1,1,3,3,2,1,3,3,3,3,3,2,2,2,1,2,2,1,2,1,2,2,2,1,2,1,2,1,2,1,2,2,2,2,2,1,3,3,3,3,3,3,3,3,3,3,2.285,2.335,2.285,2.285,2.285,2.41,2.31,2.285,Reasonably age-friendly,Reasonably age-friendly,Reasonably age-friendly,Reasonably age-friendly,Reasonably age-friendly,Reasonably age-friendly,Reasonably age-friendly,Reasonably age-friendly,Reasonably age-friendly,Reasonably age-friendly,Reasonably age-friendly,campus,79.019,405:0,0,337,327,79.019,0
406,2.45,1.0,2.45,3,3.0,2.5,3,3,3,3.0,3,1,2,1,1,1,2,3,3,2.565,2.49,3.0,3.0,2.0,3.0,3,2,3,3,2,3,3,3,1,3,3,2,1,1,3,3,2,1,3,3,3,3,3,2,2,2,1,2,2,1,2,1,2,2,2,1,2,1,2,1,2,1,2,2,2,2,2,1,3,3,3,3,3,3,3,3,3,3,2.39,2.49,2.39,2.44,2.39,2.515,2.415,2.39,Reasonably age-friendly,Reasonably age-friendly,Reasonably age-friendly,Reasonably age-friendly,Reasonably age-friendly,Reasonably age-friendly,Reasonably age-friendly,Reasonably age-friendly,Reasonably age-friendly,Reasonably age-friendly,Reasonably age-friendly,campus,44.076,406:0,0,333,334,44.076,0
407,1.87,1.0,1.87,3,1.5,1.0,2,2,1,3.0,2,1,2,1,1,1,3,3,3,2.159,2.084,3.0,3.0,2.0,3.0,3,2,3,3,2,3,3,3,1,3,3,2,1,1,3,3,2,1,3,3,3,3,3,2,2,2,1,2,2,1,2,1,2,2,2,1,2,1,2,1,2,1,2,2,2,2,2,1,3,3,3,3,3,3,3,3,3,3,1.984,2.084,1.984,2.034,1.984,2.109,2.009,1.984,Reasonably age-friendly,Less age-friendly,Less age-friendly,Less age-friendly,Reasonably age-friendly,Reasonably age-friendly,Less age-friendly,Less age-friendly,Less age-friendly,Reasonably age-friendly,Less age-friendly,campus,53.634,407:0,0,333,338,53.634,0
408,1.93,1.5,1.287,2,3.0,2.5,2,2,3,1.0,2,1,3,1,1,2,2,2,3,1.701,1.726,3.0,3.0,2.0,3.0,3,2,3,3,2,2,3,3,2,3,3,3,2,2,3,3,3,2,3,3,3,3,3,2,2,2,1,2,2,1,2,1,2,2,2,1,2,1,2,1,2,1,2,2,2,2,2,1,3,3,3,3,3,3,3,3,3,3,1.626,1.676,1.626,1.626,1.626,1.651,1.651,1.626,Reasonably age-friendly,Reasonably age-friendly,Reasonably age-friendly,Reasonably age-friendly,Reasonably age-friendly,Reasonably age-friendly,Reasonably age-friendly,Reasonably age-friendly,Reasonably age-friendly,Reasonably age-friendly,Less age-friendly,campus,34.311,408:0,0,339,340,34.311,0
409,1.69,1.5,1.127,1,3.0,2.5,1,3,2,1.0,2,1,2,1,1,2,2,3,3,1.639,1.564,3.0,3.0,2.0,3.0,3,2,3,3,2,3,3,3,1,3,3,2,1,1,3,3,2,1,3,3,3,3,3,2,2,2,1,2,2,1,2,1,2,2,2,1,2,1,2,1,2,1,2,2,2,2,2,1,3,3,3,3,3,3,3,3,3,3,1.464,1.564,1.464,1.514,1.464,1.589,1.489,1.464,Reasonably age-friendly,Reasonably age-friendly,Reasonably age-friendly,Reasonably age-friendly,Reasonably age-friendly,Reasonably age-friendly,Reasonably age-friendly,Reasonably age-friendly,Less age-friendly,Reasonably age-friendly,Less age-friendly,campus,27.233,409:0,0,339,341,27.233,0
410,1.76,1.5,1.173,3,1.0,3.0,3,3,1,1.0,2,1,1,1,2,1,1,3,3,1.671,1.546,3.0,3.0,2.0,3.0,3,3,3,3,3,3,3,3,1,3,3,1,1,1,3,3,1,1,3,3,3,3,3,2,2,2,1,2,2,1,2,1,2,2,2,1,2,1,2,1,2,1,2,2,2,2,2,1,3,3,3,3,3,3,3,3,3,3,1.496,1.646,1.496,1.596,1.496,1.621,1.471,1.496,Reasonably age-friendly,Reasonably age-friendly,Reasonably age-friendly,Reasonably age-friendly,Reasonably age-friendly,Reasonably age-friendly,Reasonably age-friendly,Reasonably age-friendly,Less age-friendly,Reasonably age-friendly,Less age-friendly,campus,9.46,410:0,0,341,338,9.46,0
411,2.34,1.0,2.34,2,3.0,2.0,3,3,3,3.0,3,1,1,1,1,1,2,3,3,2.488,2.363,3.0,3.0,2.0,3.0,3,2,3,3,2,3,3,3,1,3,3,1,1,1,3,3,1,1,3,3,3,3,3,2,2,2,1,2,2,1,2,1,2,2,2,1,2,1,2,1,2,1,2,2,2,2,2,1,3,3,3,3,3,3,3,3,3,3,2.313,2.413,2.313,2.363,2.313,2.438,2.288,2.313,Reasonably age-friendly,Reasonably age-friendly,Reasonably age-friendly,Reasonably age-friendly,Reasonably age-friendly,Reasonably age-friendly,Reasonably age-friendly,Reasonably age-friendly,Reasonably age-friendly,Reasonably age-friendly,Reasonably age-friendly,campus,165.335,411:0,0,338,342,165.335,0
412,2.6,1.0,2.6,3,3.0,3.0,3,3,3,2.0,3,2,3,1,1,1,3,2,3,2.42,2.545,3.0,3.0,2.0,3.0,3,2,3,3,2,2,3,3,2,3,3,3,2,2,3,3,3,2,3,3,3,3,3,2,2,2,1,2,2,1,2,1,2,2,2,1,2,1,2,1,2,1,2,2,2,2,2,1,3,2,1,2,3,3,3,3,2,3,2.545,2.495,2.545,2.545,2.545,2.57,2.47,2.545,More age-friendly,Reasonably age-friendly,Reasonably age-friendly,Reasonably age-friendly,More age-friendly,More age-friendly,Reasonably age-friendly,Reasonably age-friendly,Reasonably age-friendly,More age-friendly,Less age-friendly,residential,183.181,412:0,0,66,75,183.181,0
413,1.95,1.0,1.95,3,1.5,1.0,2,3,2,2.0,3,1,1,1,1,1,2,3,3,2.215,2.09,3.0,3.0,2.0,3.0,3,2,3,3,2,3,3,3,1,3,3,1,1,1,3,3,1,1,3,3,3,3,3,2,2,2,1,2,2,1,2,1,2,2,2,1,2,1,2,1,2,1,2,2,2,2,2,1,3,3,3,3,3,3,3,3,3,3,2.04,2.14,2.04,2.09,2.04,2.165,2.015,2.04,Reasonably age-friendly,Reasonably age-friendly,Reasonably age-friendly,Reasonably age-friendly,Reasonably age-friendly,Reasonably age-friendly,Reasonably age-friendly,Reasonably age-friendly,Reasonably age-friendly,Reasonably age-friendly,Less age-friendly,residential,63.73,413:0,0,343,344,63.73,2
414,2.92,1.0,2.92,3,3.0,3.0,3,3,3,3.0,3,2,2,3,1,1,3,3,3,2.794,2.719,3.0,3.0,2.0,3.0,3,2,3,3,2,3,3,3,1,3,3,2,1,1,3,3,2,1,3,3,3,3,3,2,2,2,1,2,2,1,2,1,2,2,2,1,2,1,2,1,2,1,2,2,2,2,2,1,3,3,2,2,2,2,3,3,3,3,2.719,2.819,2.719,2.769,2.719,2.844,2.744,2.719,More age-friendly,Reasonably age-friendly,Reasonably age-friendly,Reasonably age-friendly,More age-friendly,More age-friendly,Reasonably age-friendly,Reasonably age-friendly,Reasonably age-friendly,More age-friendly,Less age-friendly,hospital,98.757,414:0,0,69,80,98.757,0
415,1.55,1.5,1.033,1,1.5,1.0,1,2,2,1.0,2,1,1,1,2,1,3,2,3,1.523,1.448,3.0,3.0,2.0,3.0,3,1,3,3,1,2,3,3,1,3,3,1,1,1,3,3,1,1,3,3,3,3,3,2,2,2,1,2,2,1,2,1,2,2,2,1,2,1,2,1,2,1,2,2,2,2,2,1,3,3,3,3,3,3,3,3,3,3,1.398,1.448,1.398,1.398,1.398,1.473,1.373,1.398,Reasonably age-friendly,Less age-friendly,Less age-friendly,Less age-friendly,Reasonably age-friendly,Reasonably age-friendly,Less age-friendly,Less age-friendly,Less age-friendly,Reasonably age-friendly,Less age-friendly,hospital,9.954,415:0,0,69,345,9.954,0
416,2.07,1.0,2.07,3,1.5,1.0,3,3,2,3.0,2,1,1,1,1,1,2,3,3,2.299,2.174,3.0,3.0,2.0,3.0,3,2,3,3,2,3,3,3,1,3,3,1,1,1,3,3,1,1,3,3,3,3,3,2,2,2,1,2,2,1,2,1,2,2,2,1,2,1,2,1,2,1,2,2,2,2,2,1,3,3,3,3,3,3,3,3,3,3,2.124,2.224,2.124,2.174,2.124,2.249,2.099,2.124,Reasonably age-friendly,Reasonably age-friendly,Reasonably age-friendly,Reasonably age-friendly,Reasonably age-friendly,Reasonably age-friendly,Reasonably age-friendly,Reasonably age-friendly,Reasonably age-friendly,Reasonably age-friendly,Less age-friendly,hospital,43.109,416:0,0,345,346,43.109,0
417,2.07,1.0,2.07,3,1.5,1.0,3,3,2,3.0,2,1,1,1,1,1,2,3,3,2.299,2.174,3.0,3.0,2.0,3.0,3,1,3,3,1,3,3,3,1,3,3,1,1,1,3,3,1,1,3,3,3,3,3,2,2,2,1,2,2,1,2,1,2,2,2,1,2,1,2,1,2,1,2,2,2,2,2,1,3,3,3,3,3,3,3,3,3,3,2.124,2.174,2.124,2.124,2.124,2.249,2.099,2.124,Reasonably age-friendly,Reasonably age-friendly,Reasonably age-friendly,Reasonably age-friendly,Reasonably age-friendly,Reasonably age-friendly,Reasonably age-friendly,Reasonably age-friendly,Reasonably age-friendly,Reasonably age-friendly,Less age-friendly,hospital,27.01,417:0,0,345,347,27.01,0
418,2.15,1.0,2.15,3,1.5,1.0,3,3,2,3.0,3,1,2,1,1,1,2,3,3,2.355,2.28,3.0,3.0,2.0,3.0,3,2,3,3,2,3,3,3,1,3,3,2,1,1,3,3,2,1,3,3,3,3,3,2,2,2,1,2,2,1,2,1,2,2,2,1,2,1,2,1,2,1,2,2,2,2,2,1,3,3,3,3,3,3,3,3,3,3,2.18,2.28,2.18,2.23,2.18,2.305,2.205,2.18,Reasonably age-friendly,Reasonably age-friendly,Reasonably age-friendly,Reasonably age-friendly,Reasonably age-friendly,Reasonably age-friendly,Reasonably age-friendly,Reasonably age-friendly,Reasonably age-friendly,Reasonably age-friendly,Less age-friendly,hospital,50.387,418:0,0,348,349,50.387,0
419,2.52,1.0,2.52,3,3.0,3.0,3,3,3,3.0,2,1,3,1,1,1,3,2,3,2.564,2.589,3.0,3.0,2.0,3.0,3,2,3,3,2,2,3,3,2,3,3,3,2,2,3,3,3,2,3,3,3,3,3,2,2,2,1,2,2,1,2,1,2,2,2,1,2,1,2,1,2,1,2,2,2,2,2,1,3,3,3,3,3,3,3,3,3,3,2.489,2.539,2.489,2.489,2.489,2.514,2.514,2.489,Reasonably age-friendly,Reasonably age-friendly,Reasonably age-friendly,Reasonably age-friendly,Reasonably age-friendly,Reasonably age-friendly,Reasonably age-friendly,Reasonably age-friendly,Reasonably age-friendly,Reasonably age-friendly,Less age-friendly,hospital,66.398,419:0,0,349,84,66.398,0
420,2.53,1.0,2.53,3,3.0,2.5,3,3,2,3.0,3,2,2,1,1,1,3,3,3,2.521,2.546,3.0,3.0,2.0,3.0,3,1,3,3,1,3,3,3,1,3,3,2,1,1,3,3,2,1,3,3,3,3,3,2,2,2,1,2,2,1,2,1,2,2,2,1,2,1,2,1,2,1,2,2,2,2,2,1,1,3,2,3,3,3,3,3,3,3,2.446,2.496,2.446,2.446,2.446,2.571,2.471,2.446,Reasonably age-friendly,Reasonably age-friendly,Reasonably age-friendly,Reasonably age-friendly,Reasonably age-friendly,Reasonably age-friendly,Reasonably age-friendly,Reasonably age-friendly,Reasonably age-friendly,Reasonably age-friendly,Less age-friendly,hospital,69.583,420:0,0,84,85,69.583,0
422,2.03,1.0,2.03,3,1.5,1.0,3,3,2,3.0,3,1,2,1,1,1,1,3,3,2.271,2.196,3.0,3.0,2.0,3.0,3,2,3,3,2,3,3,3,1,3,3,2,1,1,3,3,2,1,3,3,3,3,3,2,2,2,1,2,2,1,2,1,2,2,2,1,2,1,2,1,2,1,2,2,2,2,2,1,3,3,3,3,3,3,3,3,3,3,2.096,2.196,2.096,2.146,2.096,2.221,2.121,2.096,Reasonably age-friendly,Reasonably age-friendly,Reasonably age-friendly,Reasonably age-friendly,Reasonably age-friendly,Reasonably age-friendly,Reasonably age-friendly,Reasonably age-friendly,Reasonably age-friendly,Reasonably age-friendly,Reasonably age-friendly,hospital,28.743,422:0,0,350,351,28.743,0
423,2.03,1.0,2.03,3,1.5,1.0,3,3,2,3.0,3,1,2,1,1,1,1,1,3,2.171,2.196,3.0,3.0,2.0,3.0,3,1,3,3,1,1,3,3,1,3,3,2,1,1,3,3,2,1,3,3,3,3,3,2,2,2,1,2,2,1,2,1,2,2,2,1,2,1,2,1,2,1,2,2,2,2,2,1,3,3,3,3,3,3,3,3,3,3,2.096,2.146,2.096,2.096,2.096,2.121,2.121,2.096,Reasonably age-friendly,Reasonably age-friendly,Reasonably age-friendly,Reasonably age-friendly,Reasonably age-friendly,Reasonably age-friendly,Reasonably age-friendly,Reasonably age-friendly,Reasonably age-friendly,Reasonably age-friendly,Reasonably age-friendly,hospital,35.51,423:0,0,348,350,35.51,0
424,2.26,1.0,2.26,3,3.0,2.0,3,3,3,1.0,3,1,1,2,1,1,1,2,3,2.382,2.307,3.0,3.0,2.0,3.0,3,2,3,3,2,2,3,3,1,3,3,1,1,1,3,3,1,1,3,3,3,3,3,2,2,2,1,2,2,1,2,1,2,2,2,1,2,1,2,1,2,1,2,2,2,2,2,1,3,3,3,3,3,3,3,3,3,3,2.257,2.357,2.257,2.307,2.257,2.332,2.232,2.257,Reasonably age-friendly,Reasonably age-friendly,Reasonably age-friendly,Reasonably age-friendly,Reasonably age-friendly,Reasonably age-friendly,Reasonably age-friendly,Reasonably age-friendly,Reasonably age-friendly,Reasonably age-friendly,Reasonably age-friendly,hospital,61.256,424:0,0,348,352,61.256,0
425,1.95,1.0,1.95,2,1.5,1.0,3,3,2,3.0,3,1,1,1,1,1,1,3,3,2.215,2.09,3.0,3.0,2.0,3.0,3,2,3,3,2,3,3,3,1,3,3,1,1,1,3,3,1,1,3,3,3,3,3,2,2,2,1,2,2,1,2,1,2,2,2,1,2,1,2,1,2,1,2,2,2,2,2,1,3,3,3,3,3,3,1,1,1,3,2.04,2.14,2.04,1.89,2.04,1.965,1.815,2.04,Reasonably age-friendly,Reasonably age-friendly,Reasonably age-friendly,Reasonably age-friendly,Reasonably age-friendly,Reasonably age-friendly,Reasonably age-friendly,Reasonably age-friendly,Reasonably age-friendly,Reasonably age-friendly,Reasonably age-friendly,hospital,54.532,425:0,0,352,353,54.532,0
426,1.99,1.0,1.99,3,1.5,1.0,3,3,2,2.0,2,1,1,1,1,1,2,2,3,2.193,2.118,3.0,3.0,2.0,3.0,3,1,3,3,1,2,3,3,1,3,3,1,1,1,3,3,1,1,3,3,3,3,3,2,2,2,1,2,2,1,2,1,2,2,2,1,2,1,2,1,2,1,2,2,2,2,2,1,3,3,3,3,3,3,1,1,1,3,2.068,2.118,2.068,1.868,2.068,1.943,1.843,2.068,Reasonably age-friendly,Reasonably age-friendly,Reasonably age-friendly,Reasonably age-friendly,Reasonably age-friendly,Reasonably age-friendly,Less age-friendly,Less age-friendly,Less age-friendly,Reasonably age-friendly,Less age-friendly,hospital,26.088,426:0,0,353,354,26.088,0
427,2.07,1.0,2.07,3,1.5,1.0,3,3,2,2.0,3,1,1,1,1,1,2,1,3,2.199,2.174,3.0,3.0,2.0,3.0,3,1,3,3,1,1,3,3,1,3,3,1,1,1,3,3,1,1,3,3,3,3,3,2,2,2,1,2,2,1,2,1,2,2,2,1,2,1,2,1,2,1,2,2,2,2,2,1,3,3,3,3,3,3,1,1,1,3,2.124,2.174,2.124,1.924,2.124,1.949,1.899,2.124,Reasonably age-friendly,Reasonably age-friendly,Reasonably age-friendly,Reasonably age-friendly,Reasonably age-friendly,Reasonably age-friendly,Less age-friendly,Less age-friendly,Less age-friendly,Reasonably age-friendly,Less age-friendly,hospital,58.879,427:0,0,354,345,58.879,0
428,2.07,1.0,2.07,3,1.5,1.0,3,3,2,3.0,2,1,1,1,1,1,2,2,3,2.249,2.174,3.0,3.0,2.0,3.0,3,1,3,3,1,2,3,3,1,3,3,1,1,1,3,3,1,1,3,3,3,3,3,2,2,2,1,2,2,1,2,1,2,2,2,1,2,1,2,1,2,1,2,2,2,2,2,1,3,3,3,3,3,3,3,3,3,3,2.124,2.174,2.124,2.124,2.124,2.199,2.099,2.124,Reasonably age-friendly,Reasonably age-friendly,Reasonably age-friendly,Reasonably age-friendly,Reasonably age-friendly,Reasonably age-friendly,Reasonably age-friendly,Reasonably age-friendly,Reasonably age-friendly,Reasonably age-friendly,Less age-friendly,hospital,50.804,428:0,0,347,348,50.804,0
429,2.11,1.0,2.11,3,1.5,1.0,3,3,2,3.0,1,1,1,2,1,1,2,3,3,2.327,2.202,3.0,3.0,2.0,3.0,3,1,3,3,1,3,3,3,1,3,3,1,1,1,3,3,1,1,3,3,3,3,3,2,2,2,1,2,2,1,2,1,2,2,2,1,2,1,2,1,2,1,2,2,2,2,2,1,3,3,3,3,3,3,3,3,3,3,2.152,2.202,2.152,2.152,2.152,2.277,2.127,2.152,Reasonably age-friendly,Reasonably age-friendly,Reasonably age-friendly,Reasonably age-friendly,Reasonably age-friendly,Reasonably age-friendly,Reasonably age-friendly,Reasonably age-friendly,Reasonably age-friendly,Reasonably age-friendly,Less age-friendly,hospital,58.336,429:0,0,347,353,58.336,0
430,2.0,1.0,2.0,3,1.0,3.0,3,3,1,1.0,2,1,3,1,1,1,3,1,3,2.15,2.225,3.0,3.0,2.0,3.0,3,1,3,3,1,1,3,3,2,3,3,3,2,2,3,3,3,2,3,3,3,3,3,2,2,2,1,2,2,1,2,1,2,2,2,1,2,1,2,1,2,1,2,2,2,2,2,1,3,3,3,3,3,3,3,2,2,2,2.025,2.125,2.025,2.075,2.025,2.0,2.05,2.025,Reasonably age-friendly,Less age-friendly,Less age-friendly,Reasonably age-friendly,Reasonably age-friendly,Reasonably age-friendly,Less age-friendly,Less age-friendly,Less age-friendly,Reasonably age-friendly,Less age-friendly,hospital,25.171,430:0,0,70,355,25.171,0
431,1.91,1.0,1.91,3,1.5,1.0,3,3,2,1.0,2,1,1,1,1,1,2,1,2,2.087,2.012,3.0,3.0,2.0,3.0,3,1,3,3,1,1,2,3,1,3,3,1,1,1,3,3,1,1,3,3,3,3,3,2,2,2,1,2,2,1,2,1,2,2,2,1,2,1,2,1,2,1,2,2,2,2,2,1,3,3,3,3,3,3,1,1,1,3,2.012,2.062,2.012,1.812,2.012,1.837,1.737,2.012,Reasonably age-friendly,Reasonably age-friendly,Reasonably age-friendly,Reasonably age-friendly,Reasonably age-friendly,Reasonably age-friendly,Less age-friendly,Less age-friendly,Less age-friendly,Reasonably age-friendly,Less age-friendly,hospital,61.4,431:0,0,355,352,61.4,0
432,1.92,1.0,1.92,3,1.0,1.0,3,3,1,1.5,2,1,3,1,1,1,3,1,3,2.094,2.169,3.0,3.0,2.0,3.0,3,1,3,3,1,1,3,3,2,3,3,3,2,2,3,3,3,2,3,3,3,3,3,2,2,2,1,2,2,1,2,1,2,2,2,1,2,1,2,1,2,1,2,2,2,2,2,1,3,3,3,3,3,3,3,2,2,2,1.969,2.069,1.969,2.019,1.969,1.944,1.994,1.969,Reasonably age-friendly,Less age-friendly,Less age-friendly,Reasonably age-friendly,Reasonably age-friendly,Reasonably age-friendly,Less age-friendly,Less age-friendly,Less age-friendly,Reasonably age-friendly,Less age-friendly,hospital,32.888,432:0,0,355,71,32.888,0
433,2.4,1.0,2.4,3,3.0,3.0,3,3,3,3.0,2,1,2,1,1,1,2,2,3,2.28,2.255,3.0,3.0,2.0,3.0,3,1,3,3,1,2,3,3,1,3,3,2,1,1,3,3,2,1,3,3,3,3,3,2,2,2,1,2,2,1,2,1,2,2,2,1,2,1,2,1,2,1,2,2,2,2,2,1,3,1,1,1,3,3,3,2,2,2,2.255,2.205,2.255,2.355,2.255,2.33,2.28,2.255,Reasonably age-friendly,Reasonably age-friendly,Reasonably age-friendly,Reasonably age-friendly,Reasonably age-friendly,Reasonably age-friendly,Reasonably age-friendly,Reasonably age-friendly,Reasonably age-friendly,Reasonably age-friendly,Reasonably age-friendly,hospital,69.549,433:0,0,355,356,69.549,0
434,2.52,1.5,1.68,3,3.0,3.0,3,3,3,3.0,2,1,3,2,2,1,2,1,3,1.926,2.001,3.0,3.0,2.0,3.0,3,3,3,3,3,1,3,3,2,3,3,3,2,2,3,3,3,2,3,3,3,3,3,2,2,2,1,2,2,1,2,1,2,2,2,1,2,1,2,1,2,1,2,2,2,2,2,1,3,3,3,3,3,3,3,3,3,3,1.901,2.001,1.901,1.951,1.901,1.876,1.926,1.901,Reasonably age-friendly,Reasonably age-friendly,Reasonably age-friendly,Reasonably age-friendly,Reasonably age-friendly,Reasonably age-friendly,Reasonably age-friendly,Reasonably age-friendly,Reasonably age-friendly,Reasonably age-friendly,Less age-friendly,hospital,51.794,434:0,0,133,357,51.794,0
435,2.49,1.0,2.49,3,2.5,3.0,3,3,3,3.0,1,2,3,2,1,1,2,3,3,2.593,2.568,3.0,3.0,2.0,3.0,3,3,3,3,3,3,3,3,2,3,3,3,2,2,3,3,3,2,3,3,3,3,3,2,2,2,1,2,2,1,2,1,2,2,2,1,2,1,2,1,2,1,2,2,2,2,2,1,3,3,3,3,3,3,3,3,3,3,2.468,2.568,2.468,2.518,2.468,2.543,2.493,2.468,Reasonably age-friendly,Reasonably age-friendly,Reasonably age-friendly,Reasonably age-friendly,Reasonably age-friendly,Reasonably age-friendly,Reasonably age-friendly,Reasonably age-friendly,Reasonably age-friendly,Reasonably age-friendly,Less age-friendly,hospital,48.921,435:0,0,357,358,48.921,0
436,2.28,1.5,1.52,3,3.0,3.0,3,3,2,3.0,2,1,3,1,2,1,2,3,3,1.914,1.889,3.0,3.0,2.0,3.0,3,3,3,3,3,3,3,3,2,3,3,3,2,2,3,3,3,2,3,3,3,3,3,2,2,2,1,2,2,1,2,1,2,2,2,1,2,1,2,1,2,1,2,2,2,2,2,1,3,3,3,3,3,3,3,3,3,3,1.789,1.889,1.789,1.839,1.789,1.864,1.814,1.789,Reasonably age-friendly,Reasonably age-friendly,Reasonably age-friendly,Reasonably age-friendly,Reasonably age-friendly,Reasonably age-friendly,Reasonably age-friendly,Reasonably age-friendly,Reasonably age-friendly,Reasonably age-friendly,Less age-friendly,hospital,28.222,436:0,0,358,134,28.222,0
437,2.46,1.5,1.64,2,3.0,2.0,3,3,3,3.0,3,1,3,2,2,1,2,3,3,1.998,1.973,3.0,3.0,2.0,3.0,3,2,3,3,2,3,3,3,2,3,3,3,2,2,3,3,3,2,3,3,3,3,3,2,2,2,1,2,2,1,2,1,2,2,2,1,2,1,2,1,2,1,2,2,2,2,2,1,3,3,3,3,3,3,3,3,3,3,1.873,1.923,1.873,1.873,1.873,1.948,1.898,1.873,Reasonably age-friendly,Reasonably age-friendly,Reasonably age-friendly,Reasonably age-friendly,Reasonably age-friendly,Reasonably age-friendly,Reasonably age-friendly,Reasonably age-friendly,Reasonably age-friendly,Reasonably age-friendly,Less age-friendly,hospital,27.621,437:0,0,135,359,27.621,0
438,2.56,1.0,2.56,3,3.0,3.0,3,3,3,1.5,3,2,3,2,1,1,2,3,3,2.642,2.617,3.0,3.0,2.0,3.0,3,2,3,3,2,3,3,3,2,3,3,3,2,2,3,3,3,2,3,3,3,3,3,2,2,2,1,2,2,1,2,1,2,2,2,1,2,1,2,1,2,1,2,2,2,2,2,1,3,3,3,3,3,3,3,3,3,3,2.517,2.567,2.517,2.517,2.517,2.592,2.542,2.517,More age-friendly,Reasonably age-friendly,Reasonably age-friendly,Reasonably age-friendly,More age-friendly,More age-friendly,Reasonably age-friendly,Reasonably age-friendly,Reasonably age-friendly,More age-friendly,Reasonably age-friendly,hospital,29.486,438:0,0,359,360,29.486,0
439,2.38,1.0,2.38,3,3.0,2.0,3,3,3,3.0,1,1,3,1,1,1,3,1,3,2.416,2.491,3.0,3.0,2.0,3.0,3,2,3,3,2,1,3,3,2,3,3,3,2,2,3,3,3,2,3,3,3,3,3,2,2,2,1,2,2,1,2,1,2,2,2,1,2,1,2,1,2,1,2,2,2,2,2,1,3,3,3,3,3,3,3,3,3,3,2.391,2.441,2.391,2.391,2.391,2.366,2.416,2.391,Reasonably age-friendly,Less age-friendly,Less age-friendly,Less age-friendly,Reasonably age-friendly,Reasonably age-friendly,Less age-friendly,Less age-friendly,Less age-friendly,Reasonably age-friendly,Less age-friendly,hospital,58.514,439:0,0,358,361,58.514,0
441,1.91,1.5,1.273,3,1.5,1.0,3,3,2,1.0,2,1,3,1,2,1,2,1,1,1.641,1.616,3.0,3.0,2.0,3.0,3,1,3,3,1,1,1,3,2,3,3,3,2,2,3,3,3,2,3,3,3,3,3,2,2,2,1,2,2,1,2,1,2,2,2,1,2,1,2,1,2,1,2,2,2,2,2,1,3,3,3,3,3,3,3,3,3,3,1.616,1.616,1.616,1.566,1.616,1.591,1.541,1.616,Reasonably age-friendly,Less age-friendly,Less age-friendly,Less age-friendly,Reasonably age-friendly,Reasonably age-friendly,Less age-friendly,Less age-friendly,Less age-friendly,Reasonably age-friendly,Less age-friendly,hospital,50.783,441:0,0,361,72,50.783,0
442,2.07,1.0,2.07,3,1.5,1.0,3,3,2,1.5,2,1,2,2,1,1,2,3,3,2.199,2.024,3.0,3.0,2.0,3.0,3,3,3,3,3,3,3,3,1,3,3,2,1,1,3,3,2,1,3,3,3,3,3,2,2,2,1,2,2,1,2,1,2,2,2,1,2,1,2,1,2,1,2,2,2,2,2,1,3,3,2,1,3,2,2,2,2,2,2.024,2.274,2.024,2.124,2.024,2.149,2.049,2.024,Reasonably age-friendly,Reasonably age-friendly,Reasonably age-friendly,Reasonably age-friendly,Reasonably age-friendly,Reasonably age-friendly,Reasonably age-friendly,Reasonably age-friendly,Reasonably age-friendly,Reasonably age-friendly,Less age-friendly,campus,44.523,442:0,0,362,115,44.523,0
443,2.52,1.0,2.52,3,3.0,3.0,3,3,3,3.0,3,3,2,1,1,1,1,3,3,2.614,2.539,3.0,3.0,2.0,3.0,3,3,3,3,3,3,3,3,1,3,3,2,1,1,3,3,2,1,3,3,3,3,3,2,2,2,1,2,2,1,2,1,2,2,2,1,2,1,2,1,2,1,2,2,2,2,2,1,3,3,3,3,3,3,3,3,3,3,2.439,2.589,2.439,2.539,2.439,2.564,2.464,2.439,Reasonably age-friendly,More age-friendly,More age-friendly,More age-friendly,Reasonably age-friendly,Reasonably age-friendly,More age-friendly,More age-friendly,Reasonably age-friendly,Reasonably age-friendly,More age-friendly,campus,81.02,443:0,0,362,363,81.02,0
444,2.64,1.0,2.64,3,3.0,3.0,3,3,3,3.0,3,3,3,2,1,1,1,3,3,2.698,2.673,3.0,3.0,2.0,3.0,3,2,3,3,2,3,3,3,2,3,3,3,2,2,3,3,3,2,3,3,3,3,3,2,2,2,1,2,2,1,2,1,2,2,2,1,2,1,2,1,2,1,2,2,2,2,2,1,3,3,3,3,3,3,3,3,3,3,2.573,2.623,2.573,2.573,2.573,2.648,2.598,2.573,More age-friendly,More age-friendly,More age-friendly,More age-friendly,More age-friendly,More age-friendly,More age-friendly,More age-friendly,More age-friendly,More age-friendly,More age-friendly,campus,81.461,444:0,0,363,364,81.461,0
445,2.07,1.0,2.07,3,1.5,1.0,3,3,2,3.0,2,1,3,2,1,1,1,1,3,1.999,2.074,3.0,3.0,2.0,3.0,3,1,3,3,1,1,3,3,2,3,3,3,2,2,3,3,3,2,3,3,3,3,3,2,2,2,1,2,2,1,2,1,2,2,2,1,2,1,2,1,2,1,2,2,2,2,2,1,3,3,1,1,1,1,1,1,1,1,1.974,2.174,1.974,1.924,1.974,1.949,1.999,1.974,Reasonably age-friendly,Reasonably age-friendly,Reasonably age-friendly,Reasonably age-friendly,Reasonably age-friendly,Reasonably age-friendly,Reasonably age-friendly,Reasonably age-friendly,Reasonably age-friendly,Reasonably age-friendly,Reasonably age-friendly,campus,35.509,445:0,0,364,160,35.509,0
446,2.18,1.0,2.18,3,3.0,2.0,3,3,2,3.0,3,1,2,1,1,1,1,2,3,2.126,2.301,3.0,3.0,2.0,3.0,3,2,3,3,2,2,3,3,1,3,3,2,1,1,3,3,2,1,3,3,3,3,3,2,2,2,1,2,2,1,2,1,2,2,2,1,2,1,2,1,2,1,2,2,2,2,2,1,3,3,1,3,3,3,3,3,3,3,2.201,2.301,2.201,2.251,2.201,2.276,2.226,2.201,Reasonably age-friendly,Reasonably age-friendly,Reasonably age-friendly,Reasonably age-friendly,Reasonably age-friendly,Reasonably age-friendly,Reasonably age-friendly,Reasonably age-friendly,Reasonably age-friendly,Reasonably age-friendly,Reasonably age-friendly,campus,73.86,446:0,0,157,159,73.86,0
447,2.42,1.0,2.42,3,3.0,2.0,3,3,3,3.0,3,1,2,1,1,1,2,2,3,2.494,2.469,3.0,3.0,2.0,3.0,3,2,3,3,2,2,3,3,1,3,3,2,1,1,3,3,2,1,3,3,3,3,3,2,2,2,1,2,2,1,2,1,2,2,2,1,2,1,2,1,2,1,2,2,2,2,2,1,3,3,3,3,3,3,3,3,3,3,2.369,2.469,2.369,2.419,2.369,2.444,2.394,2.369,Reasonably age-friendly,Reasonably age-friendly,Reasonably age-friendly,Reasonably age-friendly,Reasonably age-friendly,Reasonably age-friendly,Reasonably age-friendly,Reasonably age-friendly,Reasonably age-friendly,Reasonably age-friendly,Reasonably age-friendly,campus,115.242,447:0,0,160,157,115.242,0
448,1.87,1.0,1.87,3,1.5,1.0,3,3,2,1.0,3,1,3,1,1,1,1,3,3,1.959,2.134,3.0,3.0,2.0,3.0,3,3,3,3,3,3,3,3,2,3,3,3,2,2,3,3,3,2,3,3,3,3,3,2,2,2,1,2,2,1,2,1,2,2,2,1,2,1,2,1,2,1,2,2,2,2,2,1,3,3,1,3,3,3,3,3,3,3,2.034,2.134,2.034,2.084,2.034,2.109,2.059,2.034,Reasonably age-friendly,Reasonably age-friendly,Reasonably age-friendly,Reasonably age-friendly,Reasonably age-friendly,Reasonably age-friendly,Reasonably age-friendly,Reasonably age-friendly,Reasonably age-friendly,Reasonably age-friendly,Reasonably age-friendly,campus,21.077,448:0,0,156,138,21.077,0
449,2.36,1.5,1.573,3,1.0,3.0,3,3,1,1.0,3,3,3,3,2,1,2,1,3,1.651,1.926,3.0,3.0,2.0,3.0,3,2,3,3,2,1,3,3,2,3,3,3,2,2,3,3,3,2,3,3,3,3,3,2,2,2,1,2,2,1,2,1,2,2,2,1,2,1,2,1,2,1,2,2,2,2,2,1,3,3,1,3,3,3,3,3,3,3,1.826,1.876,1.826,1.826,1.826,1.801,1.851,1.826,Reasonably age-friendly,Reasonably age-friendly,Less age-friendly,Reasonably age-friendly,Reasonably age-friendly,Reasonably age-friendly,Reasonably age-friendly,Reasonably age-friendly,Reasonably age-friendly,Reasonably age-friendly,Less age-friendly,campus,24.005,449:0,0,157,156,24.005,0
450,1.96,2.0,0.98,3,3.0,3.0,1,2,3,3.0,2,1,1,1,2,2,1,3,3,1.536,1.411,3.0,3.0,2.0,3.0,3,3,3,3,3,3,3,3,1,3,3,1,1,1,3,3,1,1,3,3,3,3,3,2,2,2,1,2,2,1,2,1,2,2,2,1,2,1,2,1,2,1,2,2,2,2,2,1,3,3,3,3,3,3,3,3,3,3,1.361,1.511,1.361,1.461,1.361,1.486,1.336,1.361,Reasonably age-friendly,Reasonably age-friendly,Reasonably age-friendly,Reasonably age-friendly,Reasonably age-friendly,Reasonably age-friendly,Reasonably age-friendly,Reasonably age-friendly,Reasonably age-friendly,Reasonably age-friendly,Less age-friendly,campus,22.679,450:0,0,156,365,22.679,0
451,2.16,1.5,1.44,2,3.0,3.0,1,2,3,3.0,3,2,2,2,1,2,1,3,3,1.658,1.583,3.0,3.0,2.0,3.0,3,2,3,3,2,3,3,3,1,3,3,2,1,1,3,3,2,1,3,3,3,3,3,2,2,2,1,2,2,1,2,1,2,2,2,1,2,1,2,1,2,1,2,2,2,2,2,1,3,1,1,1,1,3,3,3,3,3,1.683,1.583,1.683,1.733,1.683,1.808,1.708,1.683,Reasonably age-friendly,Reasonably age-friendly,Reasonably age-friendly,Reasonably age-friendly,Reasonably age-friendly,Reasonably age-friendly,Reasonably age-friendly,Reasonably age-friendly,Reasonably age-friendly,Reasonably age-friendly,Reasonably age-friendly,campus,100.271,451:0,0,365,366,100.271,0
452,2.4,1.0,2.4,2,3.0,3.0,3,3,3,3.0,3,1,2,1,1,1,2,3,3,2.53,2.255,3.0,3.0,2.0,3.0,3,2,3,3,2,3,3,3,1,3,3,2,1,1,3,3,2,1,3,3,3,3,3,2,2,2,1,2,2,1,2,1,2,2,2,1,2,1,2,1,2,1,2,2,2,2,2,1,3,1,3,1,3,3,1,1,1,3,2.355,2.255,2.355,2.205,2.355,2.28,2.18,2.355,Reasonably age-friendly,Reasonably age-friendly,Reasonably age-friendly,Reasonably age-friendly,Reasonably age-friendly,Reasonably age-friendly,Reasonably age-friendly,Reasonably age-friendly,Reasonably age-friendly,Reasonably age-friendly,Reasonably age-friendly,campus,97.286,452:0,0,366,148,97.286,0
453,2.04,1.5,1.36,3,1.0,3.0,3,3,1,3.0,2,1,2,1,2,1,2,3,3,1.802,1.727,3.0,3.0,2.0,3.0,3,2,3,3,2,3,3,3,1,3,3,2,1,1,3,3,2,1,3,3,3,3,3,2,2,2,1,2,2,1,2,1,2,2,2,1,2,1,2,1,2,1,2,2,2,2,2,1,3,3,3,3,3,3,3,3,3,3,1.627,1.727,1.627,1.677,1.627,1.752,1.652,1.627,Reasonably age-friendly,Reasonably age-friendly,Reasonably age-friendly,Reasonably age-friendly,Reasonably age-friendly,Reasonably age-friendly,Reasonably age-friendly,Reasonably age-friendly,Less age-friendly,Reasonably age-friendly,Less age-friendly,campus,21.925,453:0,0,147,151,21.925,0
454,2.11,1.0,2.11,3,1.5,1.0,3,3,2,3.0,1,1,2,2,1,1,2,1,3,2.127,2.052,3.0,3.0,2.0,3.0,3,2,3,3,2,1,3,3,1,3,3,2,1,1,3,3,2,1,3,3,3,3,3,2,2,2,1,2,2,1,2,1,2,2,2,1,2,1,2,1,2,1,2,2,2,2,2,1,3,3,2,1,3,3,2,2,2,2,2.052,2.252,2.052,2.102,2.052,2.077,2.077,2.052,Reasonably age-friendly,Reasonably age-friendly,Reasonably age-friendly,Reasonably age-friendly,Reasonably age-friendly,Reasonably age-friendly,Reasonably age-friendly,Reasonably age-friendly,Reasonably age-friendly,Reasonably age-friendly,Less age-friendly,campus,40.217,454:0,0,367,116,40.217,0
456,2.56,1.0,2.56,3,3.0,3.0,3,3,3,3.0,3,2,2,1,1,1,2,3,3,2.642,2.567,3.0,3.0,2.0,3.0,3,2,3,3,2,3,3,3,1,3,3,2,1,1,3,3,2,1,3,3,3,3,3,2,2,2,1,2,2,1,2,1,2,2,2,1,2,1,2,1,2,1,2,2,2,2,2,1,3,3,3,3,3,3,3,3,3,3,2.467,2.567,2.467,2.517,2.467,2.592,2.492,2.467,Reasonably age-friendly,Reasonably age-friendly,Reasonably age-friendly,Reasonably age-friendly,Reasonably age-friendly,Reasonably age-friendly,Reasonably age-friendly,Reasonably age-friendly,Reasonably age-friendly,Reasonably age-friendly,Reasonably age-friendly,campus,126.486,456:0,0,367,368,126.486,0
457,2.31,1.0,2.31,3,1.5,1.0,3,3,2,3.0,3,3,3,2,1,1,1,1,3,2.267,2.342,3.0,3.0,2.0,3.0,3,1,3,3,1,1,3,3,2,3,3,3,2,2,3,3,3,2,3,3,3,3,3,2,2,2,1,2,2,1,2,1,2,2,2,1,2,1,2,1,2,1,2,2,2,2,2,1,3,3,2,2,2,3,3,3,3,3,2.342,2.342,2.342,2.292,2.342,2.317,2.367,2.342,Reasonably age-friendly,Reasonably age-friendly,Reasonably age-friendly,Reasonably age-friendly,Reasonably age-friendly,Reasonably age-friendly,Reasonably age-friendly,Reasonably age-friendly,Reasonably age-friendly,Reasonably age-friendly,Reasonably age-friendly,campus,79.353,457:0,0,364,369,79.353,0
458,2.19,1.0,2.19,3,1.5,1.0,3,3,2,1.5,2,1,2,3,1,1,2,1,3,2.283,2.308,3.0,3.0,2.0,3.0,3,1,3,3,1,1,3,3,1,3,3,2,1,1,3,3,2,1,3,3,3,3,3,2,2,2,1,2,2,1,2,1,2,2,2,1,2,1,2,1,2,1,2,2,2,2,2,1,3,3,3,3,3,3,3,3,3,3,2.208,2.258,2.208,2.208,2.208,2.233,2.233,2.208,Reasonably age-friendly,Reasonably age-friendly,Reasonably age-friendly,Reasonably age-friendly,Reasonably age-friendly,Reasonably age-friendly,Reasonably age-friendly,Reasonably age-friendly,Reasonably age-friendly,Reasonably age-friendly,Less age-friendly,campus,85.193,458:0,0,166,367,85.193,0
459,1.8,1.0,1.8,3,1.0,3.0,3,3,1,1.0,1,1,3,2,1,1,1,1,3,1.91,1.985,3.0,3.0,2.0,3.0,3,2,3,3,2,1,3,3,2,3,3,3,2,2,3,3,3,2,3,3,3,3,3,2,2,2,1,2,2,1,2,1,2,2,2,1,2,1,2,1,2,1,2,2,2,2,2,1,3,3,2,2,3,3,3,3,3,3,1.985,2.035,1.985,1.985,1.985,1.96,2.01,1.985,Reasonably age-friendly,Reasonably age-friendly,Reasonably age-friendly,Reasonably age-friendly,Reasonably age-friendly,Reasonably age-friendly,Reasonably age-friendly,Reasonably age-friendly,Reasonably age-friendly,Reasonably age-friendly,Reasonably age-friendly,campus,22.101,459:0,0,166,369,22.101,0
460,2.51,1.0,2.51,3,1.5,1.0,3,3,3,3.0,3,1,3,2,1,1,3,3,3,2.607,2.582,3.0,3.0,2.0,3.0,3,2,3,3,2,3,3,3,2,3,3,3,2,2,3,3,3,2,3,3,3,3,3,2,2,2,1,2,2,1,2,1,2,2,2,1,2,1,2,1,2,1,2,2,2,2,2,1,3,3,3,3,3,3,3,3,3,3,2.482,2.532,2.482,2.482,2.482,2.557,2.507,2.482,Reasonably age-friendly,Reasonably age-friendly,Reasonably age-friendly,Reasonably age-friendly,Reasonably age-friendly,Reasonably age-friendly,Reasonably age-friendly,Reasonably age-friendly,Reasonably age-friendly,Reasonably age-friendly,Less age-friendly,campus,85.759,460:0,0,368,370,85.759,0
461,2.19,1.0,2.19,3,1.5,1.0,3,3,2,3.0,2,1,3,1,1,1,3,1,3,2.183,2.258,3.0,3.0,2.0,3.0,3,2,3,3,2,1,3,3,2,3,3,3,2,2,3,3,3,2,3,3,3,3,3,2,2,2,1,2,2,1,2,1,2,2,2,1,2,1,2,1,2,1,2,2,2,2,2,1,3,1,2,2,3,3,3,3,3,3,2.258,2.108,2.258,2.258,2.258,2.233,2.283,2.258,Reasonably age-friendly,Less age-friendly,Less age-friendly,Less age-friendly,Reasonably age-friendly,Reasonably age-friendly,Less age-friendly,Less age-friendly,Reasonably age-friendly,Reasonably age-friendly,Less age-friendly,campus,128.443,461:0,0,166,370,128.443,0
462,2.19,1.0,2.19,3,1.5,1.0,3,3,2,3.0,2,1,3,2,1,1,2,3,2,2.383,2.308,3.0,3.0,2.0,3.0,3,2,3,3,2,3,2,3,2,3,3,3,2,2,3,3,3,2,3,3,3,3,3,2,2,2,1,2,2,1,2,1,2,2,2,1,2,1,2,1,2,1,2,2,2,2,2,1,3,3,3,3,3,3,3,3,3,3,2.258,2.308,2.258,2.258,2.258,2.333,2.233,2.258,Reasonably age-friendly,Reasonably age-friendly,Reasonably age-friendly,Reasonably age-friendly,Reasonably age-friendly,Reasonably age-friendly,Reasonably age-friendly,Reasonably age-friendly,Reasonably age-friendly,Reasonably age-friendly,Less age-friendly,campus,79.939,462:0,0,370,371,79.939,0
463,2.15,1.0,2.15,3,1.5,1.0,3,3,2,3.0,3,1,2,2,1,1,1,3,3,2.355,2.28,3.0,3.0,2.0,3.0,3,3,3,3,3,3,3,3,1,3,3,2,1,1,3,3,2,1,3,3,3,3,3,2,2,2,1,2,2,1,2,1,2,2,2,1,2,1,2,1,2,1,2,2,2,2,2,1,3,3,3,3,3,3,3,3,3,3,2.18,2.33,2.18,2.28,2.18,2.305,2.205,2.18,Reasonably age-friendly,Reasonably age-friendly,Reasonably age-friendly,Reasonably age-friendly,Reasonably age-friendly,Reasonably age-friendly,Reasonably age-friendly,Reasonably age-friendly,Reasonably age-friendly,Reasonably age-friendly,Reasonably age-friendly,campus,55.248,463:0,0,370,372,55.248,0
464,2.21,1.0,2.21,3,1.5,2.0,3,3,2,3.0,3,1,3,1,1,1,2,2,3,2.347,2.372,3.0,3.0,2.0,3.0,3,1,3,3,1,2,3,3,2,3,3,3,2,2,3,3,3,2,3,3,3,3,3,2,2,2,1,2,2,1,2,1,2,2,2,1,2,1,2,1,2,1,2,2,2,2,2,1,3,3,3,3,3,3,3,3,3,3,2.272,2.272,2.272,2.222,2.272,2.297,2.297,2.272,Reasonably age-friendly,Reasonably age-friendly,Reasonably age-friendly,Reasonably age-friendly,Reasonably age-friendly,Reasonably age-friendly,Reasonably age-friendly,Reasonably age-friendly,Reasonably age-friendly,Reasonably age-friendly,Less age-friendly,campus,119.777,464:0,0,372,165,119.777,0
465,2.19,1.0,2.19,2,3.0,1.5,3,3,3,1.0,3,3,1,1,1,1,1,2,3,2.333,2.258,3.0,3.0,2.0,3.0,3,2,3,3,2,2,3,3,1,3,3,1,1,1,3,3,1,1,3,3,3,3,3,2,2,2,1,2,2,1,2,1,2,2,2,1,2,1,2,1,2,1,2,2,2,2,2,1,3,3,3,3,3,3,3,3,3,3,2.208,2.308,2.208,2.258,2.208,2.283,2.183,2.208,Reasonably age-friendly,Reasonably age-friendly,Reasonably age-friendly,Reasonably age-friendly,Reasonably age-friendly,Reasonably age-friendly,Reasonably age-friendly,Reasonably age-friendly,Reasonably age-friendly,Reasonably age-friendly,Reasonably age-friendly,campus,61.203,465:0,0,373,374,61.203,0
466,2.03,1.0,2.03,3,1.5,1.0,3,3,2,3.0,3,1,2,1,1,1,1,2,3,2.221,2.196,3.0,3.0,2.0,3.0,3,2,3,3,2,2,3,3,1,3,3,2,1,1,3,3,2,1,3,3,3,3,3,2,2,2,1,2,2,1,2,1,2,2,2,1,2,1,2,1,2,1,2,2,2,2,2,1,3,3,3,3,3,3,3,3,3,3,2.096,2.196,2.096,2.146,2.096,2.171,2.121,2.096,Reasonably age-friendly,Reasonably age-friendly,Reasonably age-friendly,Reasonably age-friendly,Reasonably age-friendly,Reasonably age-friendly,Reasonably age-friendly,Reasonably age-friendly,Reasonably age-friendly,Reasonably age-friendly,Reasonably age-friendly,campus,70.005,466:0,0,369,375,70.005,0
467,1.68,1.0,1.68,3,1.0,3.0,3,3,1,1.0,1,1,2,1,1,1,1,1,3,1.926,1.951,3.0,3.0,2.0,3.0,3,1,3,3,1,1,3,3,1,3,3,2,1,1,3,3,2,1,3,3,3,3,3,2,2,2,1,2,2,1,2,1,2,2,2,1,2,1,2,1,2,1,2,2,2,2,2,1,3,3,3,3,3,3,3,3,3,3,1.851,1.901,1.851,1.851,1.851,1.876,1.876,1.851,Reasonably age-friendly,Reasonably age-friendly,Reasonably age-friendly,Reasonably age-friendly,Reasonably age-friendly,Reasonably age-friendly,Reasonably age-friendly,Reasonably age-friendly,Reasonably age-friendly,Reasonably age-friendly,Reasonably age-friendly,campus,25.924,467:0,0,375,165,25.924,0
468,2.24,1.5,1.493,3,3.0,3.0,2,3,3,3.0,3,1,2,2,1,2,1,2,3,1.845,1.82,3.0,3.0,2.0,3.0,3,3,3,3,3,2,3,3,1,3,3,2,1,1,3,3,2,1,3,3,3,3,3,2,2,2,1,2,2,1,2,1,2,2,2,1,2,1,2,1,2,1,2,2,2,2,2,1,3,3,3,3,3,3,3,3,3,3,1.72,1.87,1.72,1.82,1.72,1.795,1.745,1.72,Reasonably age-friendly,Reasonably age-friendly,Reasonably age-friendly,Reasonably age-friendly,Reasonably age-friendly,Reasonably age-friendly,Reasonably age-friendly,Reasonably age-friendly,Reasonably age-friendly,Reasonably age-friendly,Less age-friendly,campus,51.369,468:0,0,375,164,51.369,0
469,2.07,1.0,2.07,3,1.5,1.0,3,3,2,1.5,2,1,2,2,1,1,2,1,3,2.199,2.224,3.0,3.0,2.0,3.0,3,1,3,3,1,1,3,3,1,3,3,2,1,1,3,3,2,1,3,3,3,3,3,2,2,2,1,2,2,1,2,1,2,2,2,1,2,1,2,1,2,1,2,2,2,2,2,1,3,3,3,3,3,3,3,3,3,3,2.124,2.174,2.124,2.124,2.124,2.149,2.149,2.124,Reasonably age-friendly,Reasonably age-friendly,Reasonably age-friendly,Reasonably age-friendly,Reasonably age-friendly,Reasonably age-friendly,Reasonably age-friendly,Reasonably age-friendly,Reasonably age-friendly,Reasonably age-friendly,Less age-friendly,campus,80.033,469:0,0,362,369,80.033,0
470,2.72,1.0,2.72,3,3.0,3.0,3,3,3,3.0,3,1,3,3,1,1,2,1,3,2.654,2.729,3.0,3.0,2.0,3.0,3,2,3,3,2,1,3,3,2,3,3,3,2,2,3,3,3,2,3,3,3,3,3,2,2,2,1,2,2,1,2,1,2,2,2,1,2,1,2,1,2,1,2,2,2,2,2,1,3,3,3,3,3,3,3,3,3,3,2.629,2.679,2.629,2.629,2.629,2.604,2.654,2.629,More age-friendly,Reasonably age-friendly,Reasonably age-friendly,Reasonably age-friendly,More age-friendly,More age-friendly,Reasonably age-friendly,Reasonably age-friendly,Reasonably age-friendly,More age-friendly,Reasonably age-friendly,campus,62.369,470:0,0,159,164,62.369,0
471,2.36,1.5,1.573,3,1.0,3.0,3,3,1,3.0,3,1,2,3,2,1,2,1,3,1.851,1.876,3.0,3.0,2.0,3.0,3,2,3,3,2,1,3,3,1,3,3,2,1,1,3,3,2,1,3,3,3,3,3,2,2,2,1,2,2,1,2,1,2,2,2,1,2,1,2,1,2,1,2,2,2,2,2,1,3,3,3,3,3,3,3,3,3,3,1.776,1.876,1.776,1.826,1.776,1.801,1.801,1.776,Reasonably age-friendly,Less age-friendly,Less age-friendly,Less age-friendly,Reasonably age-friendly,Reasonably age-friendly,Less age-friendly,Less age-friendly,Less age-friendly,Reasonably age-friendly,Less age-friendly,campus,34.269,471:0,0,164,158,34.269,0
472,2.32,1.5,1.547,3,1.0,3.0,3,3,1,3.0,3,2,3,3,2,1,1,3,3,1.933,1.908,3.0,3.0,2.0,3.0,3,3,3,3,3,3,3,3,2,3,3,3,2,2,3,3,3,2,3,3,3,3,3,2,2,2,1,2,2,1,2,1,2,2,2,1,2,1,2,1,2,1,2,2,2,2,2,1,3,3,3,3,3,3,3,3,3,3,1.808,1.908,1.808,1.858,1.808,1.883,1.833,1.808,Reasonably age-friendly,Reasonably age-friendly,Reasonably age-friendly,Reasonably age-friendly,Reasonably age-friendly,Reasonably age-friendly,Reasonably age-friendly,Reasonably age-friendly,Reasonably age-friendly,Reasonably age-friendly,Less age-friendly,campus,13.077,472:0,0,373,162,13.077,0
473,2.15,1.0,2.15,3,1.5,1.0,3,3,2,3.0,3,1,2,2,1,1,1,3,3,2.355,2.28,3.0,3.0,2.0,3.0,3,3,3,3,3,3,3,3,1,3,3,2,1,1,3,3,2,1,3,3,3,3,3,2,2,2,1,2,2,1,2,1,2,2,2,1,2,1,2,1,2,1,2,2,2,2,2,1,3,3,3,3,3,3,3,3,3,3,2.18,2.33,2.18,2.28,2.18,2.305,2.205,2.18,Reasonably age-friendly,Reasonably age-friendly,Reasonably age-friendly,Reasonably age-friendly,Reasonably age-friendly,Reasonably age-friendly,Reasonably age-friendly,Reasonably age-friendly,Reasonably age-friendly,Reasonably age-friendly,Reasonably age-friendly,campus,76.064,473:0,0,372,373,76.064,0
474,2.07,1.0,2.07,3,1.5,1.0,3,3,2,3.0,2,1,2,2,1,1,1,1,3,2.199,2.224,3.0,3.0,2.0,3.0,3,1,3,3,1,1,3,3,1,3,3,2,1,1,3,3,2,1,3,3,3,3,3,2,2,2,1,2,2,1,2,1,2,2,2,1,2,1,2,1,2,1,2,2,2,2,2,1,3,3,3,3,3,3,3,3,3,3,2.124,2.174,2.124,2.124,2.124,2.149,2.149,2.124,Reasonably age-friendly,Reasonably age-friendly,Reasonably age-friendly,Reasonably age-friendly,Reasonably age-friendly,Reasonably age-friendly,Reasonably age-friendly,Reasonably age-friendly,Reasonably age-friendly,Reasonably age-friendly,Reasonably age-friendly,campus,85.946,474:0,0,153,154,85.946,0
475,2.19,1.0,2.19,2,3.0,1.5,3,3,3,3.0,3,1,2,1,1,1,1,2,3,2.333,2.308,3.0,3.0,2.0,3.0,3,2,3,3,2,2,3,3,1,3,3,2,1,1,3,3,2,1,3,3,3,3,3,2,2,2,1,2,2,1,2,1,2,2,2,1,2,1,2,1,2,1,2,2,2,2,2,1,3,3,3,3,3,3,3,3,3,3,2.208,2.308,2.208,2.258,2.208,2.283,2.233,2.208,Reasonably age-friendly,Reasonably age-friendly,Reasonably age-friendly,Reasonably age-friendly,Reasonably age-friendly,Reasonably age-friendly,Reasonably age-friendly,Reasonably age-friendly,Reasonably age-friendly,Reasonably age-friendly,Reasonably age-friendly,campus,36.471,475:0,0,374,163,36.471,0
476,2.0,1.5,1.333,3,1.0,3.0,3,3,1,3.0,3,1,2,1,2,1,1,3,3,1.783,1.708,3.0,3.0,2.0,3.0,3,2,3,3,2,3,3,3,1,3,3,2,1,1,3,3,2,1,3,3,3,3,3,2,2,2,1,2,2,1,2,1,2,2,2,1,2,1,2,1,2,1,2,2,2,2,2,1,3,3,3,3,3,3,3,3,3,3,1.608,1.708,1.608,1.658,1.608,1.733,1.633,1.608,Reasonably age-friendly,Reasonably age-friendly,Reasonably age-friendly,Reasonably age-friendly,Reasonably age-friendly,Reasonably age-friendly,Reasonably age-friendly,Reasonably age-friendly,Reasonably age-friendly,Reasonably age-friendly,Less age-friendly,campus,13.861,476:0,0,374,161,13.861,0
477,2.19,1.0,2.19,3,1.5,1.0,3,3,2,3.0,2,1,3,2,1,1,2,3,3,2.383,2.358,3.0,3.0,2.0,3.0,3,3,3,3,3,3,3,3,2,3,3,3,2,2,3,3,3,2,3,3,3,3,3,2,2,2,1,2,2,1,2,1,2,2,2,1,2,1,2,1,2,1,2,2,2,2,2,1,3,3,3,3,3,3,3,3,3,3,2.258,2.358,2.258,2.308,2.258,2.333,2.283,2.258,Reasonably age-friendly,Reasonably age-friendly,Reasonably age-friendly,Reasonably age-friendly,Reasonably age-friendly,Reasonably age-friendly,Reasonably age-friendly,Reasonably age-friendly,Reasonably age-friendly,Reasonably age-friendly,Less age-friendly,campus,56.658,477:0,0,162,152,56.658,0
478,2.48,1.0,2.48,3,3.0,3.0,3,3,3,3.0,3,1,2,1,1,1,2,3,3,2.586,2.511,3.0,3.0,2.0,3.0,3,3,3,3,3,3,3,3,1,3,3,2,1,1,3,3,2,1,3,3,3,3,3,2,2,2,1,2,2,1,2,1,2,2,2,1,2,1,2,1,2,1,2,2,2,2,2,1,3,3,3,3,3,3,3,3,3,3,2.411,2.561,2.411,2.511,2.411,2.536,2.436,2.411,Reasonably age-friendly,Reasonably age-friendly,Reasonably age-friendly,Reasonably age-friendly,Reasonably age-friendly,Reasonably age-friendly,Reasonably age-friendly,Reasonably age-friendly,Reasonably age-friendly,Reasonably age-friendly,Reasonably age-friendly,campus,116.102,478:0,0,64,175,116.102,0
479,2.27,1.0,2.27,3,1.5,1.0,3,3,2,3.0,3,1,3,2,1,1,2,1,3,2.339,2.414,3.0,3.0,2.0,3.0,3,2,3,3,2,1,3,3,2,3,3,3,2,2,3,3,3,2,3,3,3,3,3,2,2,2,1,2,2,1,2,1,2,2,2,1,2,1,2,1,2,1,2,2,2,2,2,1,3,3,3,3,3,3,3,3,3,3,2.314,2.364,2.314,2.314,2.314,2.289,2.339,2.314,Reasonably age-friendly,Reasonably age-friendly,Reasonably age-friendly,Reasonably age-friendly,Reasonably age-friendly,Reasonably age-friendly,Reasonably age-friendly,Reasonably age-friendly,Reasonably age-friendly,Reasonably age-friendly,Reasonably age-friendly,campus,15.856,479:0,0,57,376,15.856,0
480,2.27,1.0,2.27,3,1.5,1.0,3,3,2,3.0,3,1,3,2,1,1,2,2,3,2.389,2.414,3.0,3.0,2.0,3.0,3,2,3,3,2,2,3,3,2,3,3,3,2,2,3,3,3,2,3,3,3,3,3,2,2,2,1,2,2,1,2,1,2,2,2,1,2,1,2,1,2,1,2,2,2,2,2,1,3,3,3,3,3,3,3,3,3,3,2.314,2.364,2.314,2.314,2.314,2.339,2.339,2.314,Reasonably age-friendly,Reasonably age-friendly,Reasonably age-friendly,Reasonably age-friendly,Reasonably age-friendly,Reasonably age-friendly,Reasonably age-friendly,Reasonably age-friendly,Reasonably age-friendly,Reasonably age-friendly,Reasonably age-friendly,campus,60.543,480:0,0,376,377,60.543,0
481,2.42,1.0,2.42,3,3.0,2.0,3,3,3,3.0,3,1,3,1,1,1,2,3,3,2.344,2.319,3.0,3.0,2.0,3.0,3,2,3,3,2,3,3,3,2,3,3,3,2,2,3,3,3,2,3,3,3,3,3,2,2,2,1,2,2,1,2,1,2,2,2,1,2,1,2,1,2,1,2,2,2,2,2,1,3,3,1,1,2,3,1,1,1,1,2.219,2.469,2.219,2.219,2.219,2.294,2.244,2.219,Reasonably age-friendly,Reasonably age-friendly,Reasonably age-friendly,Reasonably age-friendly,Reasonably age-friendly,Reasonably age-friendly,Reasonably age-friendly,Reasonably age-friendly,Reasonably age-friendly,Reasonably age-friendly,Reasonably age-friendly,campus,188.697,481:0,0,376,378,188.697,0
482,2.27,1.0,2.27,3,1.5,3.0,3,3,2,3.0,3,1,3,1,1,1,2,1,3,2.339,2.414,3.0,3.0,2.0,3.0,3,2,3,3,2,1,3,3,2,3,3,3,2,2,3,3,3,2,3,3,3,3,3,2,2,2,1,2,2,1,2,1,2,2,2,1,2,1,2,1,2,1,2,2,2,2,2,1,3,3,3,3,3,3,3,3,3,3,2.314,2.364,2.314,2.314,2.314,2.289,2.339,2.314,Reasonably age-friendly,Reasonably age-friendly,Reasonably age-friendly,Reasonably age-friendly,Reasonably age-friendly,Reasonably age-friendly,Reasonably age-friendly,Reasonably age-friendly,Reasonably age-friendly,Reasonably age-friendly,Reasonably age-friendly,campus,216.104,482:0,0,376,379,216.104,0
483,2.3,1.0,2.3,3,3.0,2.0,3,3,2,3.0,3,1,2,1,1,1,2,3,2,2.46,2.235,3.0,3.0,2.0,3.0,3,2,3,3,2,3,2,3,1,3,3,2,1,1,3,3,2,1,3,3,3,3,3,2,2,2,1,2,2,1,2,1,2,2,2,1,2,1,2,1,2,1,2,2,2,2,2,1,3,3,3,2,3,3,3,3,3,3,2.285,2.385,2.285,2.335,2.285,2.41,2.26,2.285,Reasonably age-friendly,Reasonably age-friendly,Reasonably age-friendly,Reasonably age-friendly,Reasonably age-friendly,Reasonably age-friendly,Reasonably age-friendly,Reasonably age-friendly,Reasonably age-friendly,Reasonably age-friendly,Reasonably age-friendly,campus,252.092,483:0,0,38,57,252.092,0
484,1.92,1.5,1.28,3,1.0,3.0,3,3,1,1.0,1,1,3,1,2,1,3,1,3,1.646,1.521,3.0,3.0,2.0,3.0,3,2,3,3,2,1,3,3,2,3,3,3,2,2,3,3,3,2,3,3,3,3,3,2,2,2,1,2,2,1,2,1,2,2,2,1,2,1,2,1,2,1,2,2,2,2,2,1,3,3,3,1,3,3,3,3,3,3,1.621,1.671,1.621,1.621,1.621,1.596,1.646,1.621,Reasonably age-friendly,Less age-friendly,Less age-friendly,Less age-friendly,Reasonably age-friendly,Reasonably age-friendly,Less age-friendly,Less age-friendly,Less age-friendly,Reasonably age-friendly,Less age-friendly,campus,9.25,484:0,0,175,173,9.25,0
485,2.27,1.0,2.27,3,1.5,1.0,3,3,1,3.0,3,1,2,2,1,1,3,2,3,2.189,2.164,3.0,3.0,2.0,3.0,3,2,3,3,2,2,3,3,1,3,3,2,1,1,3,3,2,1,3,3,3,3,3,2,2,2,1,2,2,1,2,1,2,2,2,1,2,1,2,1,2,1,2,2,2,2,2,1,3,3,1,1,3,3,3,3,3,3,2.264,2.364,2.264,2.314,2.264,2.339,2.289,2.264,Reasonably age-friendly,Reasonably age-friendly,Less age-friendly,Less age-friendly,Reasonably age-friendly,Reasonably age-friendly,Reasonably age-friendly,Reasonably age-friendly,Less age-friendly,Reasonably age-friendly,Less age-friendly,campus,160.892,485:0,0,173,62,160.892,0
486,2.57,1.0,2.57,3,3.0,2.5,3,3,3,3.0,3,1,3,2,1,1,2,3,3,2.649,2.624,3.0,3.0,2.0,3.0,3,3,3,3,3,3,3,3,2,3,3,3,2,2,3,3,3,2,3,3,3,3,3,2,2,2,1,2,2,1,2,1,2,2,2,1,2,1,2,1,2,1,2,2,2,2,2,1,3,3,3,3,3,3,3,3,3,3,2.524,2.624,2.524,2.574,2.524,2.599,2.549,2.524,More age-friendly,Reasonably age-friendly,Reasonably age-friendly,Reasonably age-friendly,More age-friendly,More age-friendly,Reasonably age-friendly,Reasonably age-friendly,Reasonably age-friendly,More age-friendly,Reasonably age-friendly,campus,69.377,486:0,0,174,179,69.377,0
487,2.84,1.0,2.84,3,3.0,3.0,3,3,3,3.0,3,1,2,3,1,1,3,2,3,2.788,2.763,3.0,3.0,2.0,3.0,3,1,3,3,1,2,3,3,1,3,3,2,1,1,3,3,2,1,3,3,3,3,3,2,2,2,1,2,2,1,2,1,2,2,2,1,2,1,2,1,2,1,2,2,2,2,2,1,3,3,3,3,3,3,3,3,3,3,2.663,2.713,2.663,2.663,2.663,2.738,2.688,2.663,More age-friendly,Reasonably age-friendly,Reasonably age-friendly,Reasonably age-friendly,More age-friendly,More age-friendly,Reasonably age-friendly,Reasonably age-friendly,Reasonably age-friendly,More age-friendly,Less age-friendly,campus,92.243,487:0,0,61,62,92.243,0
488,1.95,1.5,1.3,3,1.5,1.0,2,2,2,3.0,3,1,1,1,1,2,2,3,3,1.76,1.635,3.0,3.0,2.0,3.0,3,2,3,3,2,3,3,3,1,3,3,1,1,1,3,3,1,1,3,3,3,3,3,2,2,2,1,2,2,1,2,1,2,2,2,1,2,1,2,1,2,1,2,2,2,2,2,1,3,3,3,3,3,3,3,3,3,3,1.585,1.685,1.585,1.635,1.585,1.71,1.56,1.585,Reasonably age-friendly,Reasonably age-friendly,Reasonably age-friendly,Reasonably age-friendly,Reasonably age-friendly,Reasonably age-friendly,Reasonably age-friendly,Reasonably age-friendly,Reasonably age-friendly,Reasonably age-friendly,Less age-friendly,campus,157.611,488:0,0,174,61,157.611,0
489,2.62,1.0,2.62,3,3.0,2.0,3,3,3,2.0,3,3,3,1,1,1,3,3,3,2.684,2.659,3.0,3.0,2.0,3.0,3,3,3,3,3,3,3,3,2,3,3,3,2,2,3,3,3,2,3,3,3,3,3,2,2,2,1,2,2,1,2,1,2,2,2,1,2,1,2,1,2,1,2,2,2,2,2,1,3,3,3,3,3,3,3,3,3,3,2.559,2.659,2.559,2.609,2.559,2.634,2.584,2.559,More age-friendly,Reasonably age-friendly,Reasonably age-friendly,Reasonably age-friendly,More age-friendly,More age-friendly,Reasonably age-friendly,Reasonably age-friendly,Reasonably age-friendly,More age-friendly,Less age-friendly,campus,59.824,489:0,0,141,380,59.824,0
490,2.36,1.0,2.36,3,3.0,3.0,3,3,2,3.0,3,1,3,1,1,1,2,3,3,2.502,2.477,3.0,3.0,2.0,3.0,3,3,3,3,3,3,3,3,2,3,3,3,2,2,3,3,3,2,3,3,3,3,3,2,2,2,1,2,2,1,2,1,2,2,2,1,2,1,2,1,2,1,2,2,2,2,2,1,3,3,3,3,3,3,3,3,3,3,2.377,2.477,2.377,2.427,2.377,2.452,2.402,2.377,Reasonably age-friendly,Reasonably age-friendly,Reasonably age-friendly,Reasonably age-friendly,Reasonably age-friendly,Reasonably age-friendly,Reasonably age-friendly,Reasonably age-friendly,Reasonably age-friendly,Reasonably age-friendly,Less age-friendly,campus,97.504,490:0,0,380,381,97.504,0
491,2.11,1.0,2.11,2,1.5,1.0,3,3,2,3.0,2,1,2,1,1,1,3,3,3,2.327,2.252,3.0,3.0,2.0,3.0,3,2,3,3,2,3,3,3,1,3,3,2,1,1,3,3,2,1,3,3,3,3,3,2,2,2,1,2,2,1,2,1,2,2,2,1,2,1,2,1,2,1,2,2,2,2,2,1,3,3,3,3,3,3,3,3,3,3,2.152,2.252,2.152,2.202,2.152,2.277,2.177,2.152,Reasonably age-friendly,Reasonably age-friendly,Reasonably age-friendly,Reasonably age-friendly,Reasonably age-friendly,Reasonably age-friendly,Less age-friendly,Reasonably age-friendly,Less age-friendly,Reasonably age-friendly,Less age-friendly,campus,63.412,491:0,0,168,382,63.412,0
492,2.11,1.5,1.407,1,3.0,1.5,3,3,2,3.0,3,1,2,1,2,1,2,3,3,1.635,1.76,3.0,3.0,2.0,3.0,3,3,3,3,3,3,3,3,1,3,3,2,1,1,3,3,2,1,3,3,3,3,3,2,2,2,1,2,2,1,2,1,2,2,2,1,2,1,2,1,2,1,2,2,2,2,2,1,3,1,1,3,3,3,3,3,3,3,1.66,1.61,1.66,1.76,1.66,1.785,1.685,1.66,Reasonably age-friendly,Less age-friendly,Less age-friendly,Reasonably age-friendly,Reasonably age-friendly,Reasonably age-friendly,Reasonably age-friendly,Reasonably age-friendly,Less age-friendly,Reasonably age-friendly,Less age-friendly,campus,130.458,492:0,0,169,170,130.458,0
493,2.53,1.0,2.53,3,3.0,2.5,3,3,2,3.0,3,2,1,1,1,1,3,2,3,2.571,2.396,3.0,3.0,2.0,3.0,3,2,3,3,2,2,3,3,1,3,3,1,1,1,3,3,1,1,3,3,3,3,3,2,2,2,1,2,2,1,2,1,2,2,2,1,2,1,2,1,2,1,2,2,2,2,2,1,3,3,3,2,3,3,3,3,3,3,2.446,2.546,2.446,2.496,2.446,2.521,2.421,2.446,Reasonably age-friendly,Reasonably age-friendly,Reasonably age-friendly,Reasonably age-friendly,Reasonably age-friendly,Reasonably age-friendly,Reasonably age-friendly,Reasonably age-friendly,Reasonably age-friendly,Reasonably age-friendly,Less age-friendly,campus,100.687,493:0,0,144,23,100.687,0
494,2.07,1.5,1.38,3,1.5,1.0,2,3,2,3.0,2,1,1,1,1,2,3,3,3,1.816,1.691,3.0,3.0,2.0,3.0,3,2,3,3,2,3,3,3,1,3,3,1,1,1,3,3,1,1,3,3,3,3,3,2,2,2,1,2,2,1,2,1,2,2,2,1,2,1,2,1,2,1,2,2,2,2,2,1,3,3,3,3,3,3,3,3,3,3,1.641,1.741,1.641,1.691,1.641,1.766,1.616,1.641,Reasonably age-friendly,Less age-friendly,Reasonably age-friendly,Less age-friendly,Reasonably age-friendly,Reasonably age-friendly,Less age-friendly,Reasonably age-friendly,Less age-friendly,Reasonably age-friendly,Less age-friendly,campus,66.464,494:0,0,169,144,66.464,0
495,1.83,2.0,0.915,1,3.0,1.5,2,1,2,3.0,3,1,2,1,2,2,2,3,3,1.291,1.416,3.0,3.0,2.0,3.0,3,3,3,3,3,3,3,3,1,3,3,2,1,1,3,3,2,1,3,3,3,3,3,2,2,2,1,2,2,1,2,1,2,2,2,1,2,1,2,1,2,1,2,2,2,2,2,1,3,1,1,3,3,3,3,3,3,3,1.316,1.265,1.316,1.415,1.316,1.441,1.341,1.316,Reasonably age-friendly,Less age-friendly,Less age-friendly,Less age-friendly,Reasonably age-friendly,Reasonably age-friendly,Less age-friendly,Less age-friendly,Less age-friendly,Reasonably age-friendly,Less age-friendly,campus,163.736,495:0,0,167,182,163.736,0
496,2.18,1.0,2.18,2,3.0,2.0,3,3,3,1.5,3,2,1,1,1,1,1,3,3,2.376,2.251,3.0,3.0,2.0,3.0,3,3,3,3,3,3,3,3,1,3,3,1,1,1,3,3,1,1,3,3,3,3,3,2,2,2,1,2,2,1,2,1,2,2,2,1,2,1,2,1,2,1,2,2,2,2,2,1,3,3,3,3,3,3,3,3,3,3,2.201,2.351,2.201,2.301,2.201,2.326,2.176,2.201,Reasonably age-friendly,Reasonably age-friendly,Reasonably age-friendly,Reasonably age-friendly,Reasonably age-friendly,Reasonably age-friendly,Reasonably age-friendly,Reasonably age-friendly,Reasonably age-friendly,Reasonably age-friendly,Reasonably age-friendly,campus,167.29,496:0,0,383,177,167.29,0
497,2.33,1.0,2.33,3,3.0,2.5,3,3,3,1.5,3,1,1,1,1,1,2,3,3,2.481,2.356,3.0,3.0,2.0,3.0,3,2,3,3,2,3,3,3,1,3,3,1,1,1,3,3,1,1,3,3,3,3,3,2,2,2,1,2,2,1,2,1,2,2,2,1,2,1,2,1,2,1,2,2,2,2,2,1,3,3,3,3,3,3,3,3,3,3,2.306,2.406,2.306,2.356,2.306,2.431,2.281,2.306,Reasonably age-friendly,Reasonably age-friendly,Reasonably age-friendly,Reasonably age-friendly,Reasonably age-friendly,Reasonably age-friendly,Reasonably age-friendly,Reasonably age-friendly,Reasonably age-friendly,Reasonably age-friendly,Reasonably age-friendly,campus,117.379,497:0,0,167,383,117.379,0
498,2.36,1.5,1.573,3,3.0,1.0,2,3,3,3.0,2,2,2,2,1,2,2,1,3,1.851,1.676,3.0,3.0,2.0,3.0,3,2,3,3,2,1,3,3,1,3,3,2,1,1,3,3,2,1,3,3,3,3,3,2,2,2,1,2,2,1,2,1,2,2,2,1,2,1,2,1,2,1,2,2,2,2,2,1,3,3,3,1,3,3,3,3,3,3,1.776,1.876,1.776,1.826,1.776,1.801,1.801,1.776,Reasonably age-friendly,Reasonably age-friendly,Reasonably age-friendly,Reasonably age-friendly,Reasonably age-friendly,Reasonably age-friendly,Reasonably age-friendly,Reasonably age-friendly,Reasonably age-friendly,Reasonably age-friendly,Reasonably age-friendly,campus,31.424,498:0,0,53,384,31.424,0
499,2.6,1.0,2.6,3,3.0,3.0,3,3,3,3.0,3,1,3,2,1,1,2,3,3,2.67,2.645,3.0,3.0,2.0,3.0,3,2,3,3,2,3,3,3,2,3,3,3,2,2,3,3,3,2,3,3,3,3,3,2,2,2,1,2,2,1,2,1,2,2,2,1,2,1,2,1,2,1,2,2,2,2,2,1,3,3,3,3,3,3,3,3,3,3,2.545,2.595,2.545,2.545,2.545,2.62,2.57,2.545,More age-friendly,Reasonably age-friendly,Reasonably age-friendly,Reasonably age-friendly,More age-friendly,More age-friendly,Reasonably age-friendly,Reasonably age-friendly,Reasonably age-friendly,More age-friendly,Reasonably age-friendly,campus,131.92,499:0,0,181,384,131.92,0
500,2.69,1.0,2.69,3,3.0,2.5,3,3,2,3.0,3,1,2,3,1,1,3,2,3,2.683,2.658,3.0,3.0,2.0,3.0,3,2,3,3,2,2,3,3,1,3,3,2,1,1,3,3,2,1,3,3,3,3,3,2,2,2,1,2,2,1,2,1,2,2,2,1,2,1,2,1,2,1,2,2,2,2,2,1,3,3,3,3,3,3,3,2,3,3,2.558,2.658,2.558,2.608,2.558,2.533,2.583,2.558,More age-friendly,Reasonably age-friendly,Reasonably age-friendly,Reasonably age-friendly,More age-friendly,More age-friendly,Reasonably age-friendly,Reasonably age-friendly,Reasonably age-friendly,More age-friendly,Less age-friendly,campus,60.848,500:0,0,54,55,60.848,0
501,2.11,1.5,1.407,3,1.5,1.0,3,3,1,3.0,3,2,3,1,2,1,2,3,3,1.835,1.81,3.0,3.0,2.0,3.0,3,2,3,3,2,3,3,3,2,3,3,3,2,2,3,3,3,2,3,3,3,3,3,2,2,2,1,2,2,1,2,1,2,2,2,1,2,1,2,1,2,1,2,2,2,2,2,1,3,3,3,3,3,3,3,3,3,3,1.71,1.76,1.71,1.71,1.71,1.785,1.735,1.71,Reasonably age-friendly,Reasonably age-friendly,Reasonably age-friendly,Reasonably age-friendly,Reasonably age-friendly,Reasonably age-friendly,Less age-friendly,Reasonably age-friendly,Less age-friendly,Reasonably age-friendly,Less age-friendly,campus,169.063,501:0,0,180,54,169.063,0
502,2.04,1.5,1.36,3,1.0,3.0,3,3,1,1.0,1,1,3,3,2,1,2,2,3,1.752,1.677,3.0,3.0,2.0,3.0,3,2,3,3,2,2,3,3,2,3,3,3,2,2,3,3,3,2,3,3,3,3,3,2,2,2,1,2,2,1,2,1,2,2,2,1,2,1,2,1,2,1,2,2,2,2,2,1,3,3,3,2,3,3,3,2,3,3,1.677,1.727,1.677,1.677,1.677,1.602,1.702,1.677,Reasonably age-friendly,Less age-friendly,Reasonably age-friendly,Less age-friendly,Reasonably age-friendly,Reasonably age-friendly,Less age-friendly,Less age-friendly,Less age-friendly,Reasonably age-friendly,Less age-friendly,campus,28.384,502:0,0,56,57,28.384,0
503,2.33,1.0,2.33,3,3.0,2.5,3,3,3,3.0,3,1,3,1,1,1,1,3,3,2.481,2.456,3.0,3.0,2.0,3.0,3,2,3,3,2,3,3,3,2,3,3,3,2,2,3,3,3,2,3,3,3,3,3,2,2,2,1,2,2,1,2,1,2,2,2,1,2,1,2,1,2,1,2,2,2,2,2,1,3,3,3,3,3,3,3,3,3,3,2.356,2.406,2.356,2.356,2.356,2.431,2.381,2.356,Reasonably age-friendly,Reasonably age-friendly,Reasonably age-friendly,Reasonably age-friendly,Reasonably age-friendly,Reasonably age-friendly,Reasonably age-friendly,Reasonably age-friendly,Reasonably age-friendly,Reasonably age-friendly,Reasonably age-friendly,campus,114.682,503:0,0,182,177,114.682,0
504,2.64,1.0,2.64,3,3.0,3.0,3,3,3,3.0,3,3,3,2,1,1,1,3,3,2.498,2.673,3.0,3.0,2.0,3.0,3,2,3,3,2,3,3,3,2,3,3,3,2,2,3,3,3,2,3,3,3,3,3,2,2,2,1,2,2,1,2,1,2,2,2,1,2,1,2,1,2,1,2,2,2,2,2,1,3,1,1,3,3,3,3,3,1,1,2.373,2.423,2.373,2.573,2.373,2.648,2.398,2.373,Reasonably age-friendly,Reasonably age-friendly,Reasonably age-friendly,More age-friendly,Reasonably age-friendly,Reasonably age-friendly,More age-friendly,More age-friendly,Reasonably age-friendly,Reasonably age-friendly,More age-friendly,campus,60.52,504:0,0,171,381,60.52,0
505,2.08,1.5,1.387,3,1.0,3.0,3,3,1,1.0,3,1,3,3,2,1,1,3,3,1.621,1.796,3.0,3.0,2.0,3.0,3,3,3,3,3,3,3,3,2,3,3,3,2,2,3,3,3,2,3,3,3,3,3,2,2,2,1,2,2,1,2,1,2,2,2,1,2,1,2,1,2,1,2,2,2,2,2,1,3,1,1,3,3,3,3,3,1,1,1.496,1.596,1.496,1.746,1.496,1.771,1.521,1.496,Reasonably age-friendly,Reasonably age-friendly,Reasonably age-friendly,Reasonably age-friendly,Reasonably age-friendly,Reasonably age-friendly,Reasonably age-friendly,Reasonably age-friendly,Reasonably age-friendly,Reasonably age-friendly,Less age-friendly,campus,15.643,505:0,0,381,170,15.643,0
506,2.36,1.5,1.573,2,3.0,3.0,3,3,3,1.0,3,1,3,3,2,1,1,3,3,1.751,1.926,3.0,3.0,2.0,3.0,3,3,3,3,3,3,3,3,2,3,3,3,2,2,3,3,3,2,3,3,3,3,3,2,2,2,1,2,2,1,2,1,2,2,2,1,2,1,2,1,2,1,2,2,2,2,2,1,3,1,1,3,3,3,3,3,1,1,1.626,1.726,1.626,1.876,1.626,1.901,1.651,1.626,Reasonably age-friendly,Reasonably age-friendly,Reasonably age-friendly,Reasonably age-friendly,Reasonably age-friendly,Reasonably age-friendly,Reasonably age-friendly,Reasonably age-friendly,Reasonably age-friendly,Reasonably age-friendly,Reasonably age-friendly,campus,19.42,506:0,0,381,182,19.42,0
507,2.36,1.0,2.36,3,3.0,3.0,3,3,3,3.0,3,1,2,1,1,1,1,3,3,2.502,2.427,3.0,3.0,2.0,3.0,3,2,3,3,2,3,3,3,1,3,3,2,1,1,3,3,2,1,3,3,3,3,3,2,2,2,1,2,2,1,2,1,2,2,2,1,2,1,2,1,2,1,2,2,2,2,2,1,3,3,3,3,3,3,3,3,3,3,2.327,2.427,2.327,2.377,2.327,2.452,2.352,2.327,Reasonably age-friendly,Reasonably age-friendly,More age-friendly,Reasonably age-friendly,Reasonably age-friendly,Reasonably age-friendly,Reasonably age-friendly,Reasonably age-friendly,Reasonably age-friendly,Reasonably age-friendly,Reasonably age-friendly,campus,134.234,507:0,0,381,178,134.234,0
508,1.84,1.5,1.227,2,1.0,3.0,2,3,1,1.0,1,1,3,3,1,2,2,2,3,1.659,1.684,3.0,3.0,2.0,3.0,3,3,3,3,3,2,3,3,2,3,3,3,2,2,3,3,3,2,3,3,3,3,3,2,2,2,1,2,2,1,2,1,2,2,2,1,2,1,2,1,2,1,2,2,2,2,2,1,3,3,3,3,3,3,3,3,3,3,1.584,1.684,1.584,1.634,1.584,1.609,1.609,1.584,Reasonably age-friendly,Reasonably age-friendly,Reasonably age-friendly,Reasonably age-friendly,Reasonably age-friendly,Reasonably age-friendly,Reasonably age-friendly,Reasonably age-friendly,Reasonably age-friendly,Reasonably age-friendly,Less age-friendly,campus,19.572,508:0,0,178,179,19.572,0
509,1.92,1.0,1.92,3,1.0,3.0,3,3,1,1.0,1,1,3,1,1,1,3,2,3,2.144,2.169,3.0,3.0,2.0,3.0,3,3,3,3,3,2,3,3,2,3,3,3,2,2,3,3,3,2,3,3,3,3,3,2,2,2,1,2,2,1,2,1,2,2,2,1,2,1,2,1,2,1,2,2,2,2,2,1,3,3,3,3,3,3,3,3,3,3,2.069,2.169,2.069,2.119,2.069,2.094,2.094,2.069,Reasonably age-friendly,Less age-friendly,Less age-friendly,Less age-friendly,Reasonably age-friendly,Reasonably age-friendly,Less age-friendly,Less age-friendly,Less age-friendly,Reasonably age-friendly,Less age-friendly,campus,16.671,509:0,0,177,179,16.671,0
510,2.12,1.0,2.12,3,1.5,2.5,3,3,1,3.0,3,1,2,1,1,1,2,3,3,2.334,2.259,3.0,3.0,2.0,3.0,3,3,3,3,3,3,3,3,1,3,3,2,1,1,3,3,2,1,3,3,3,3,3,2,2,2,1,2,2,1,2,1,2,2,2,1,2,1,2,1,2,1,2,2,2,2,2,1,3,3,3,3,3,3,1,1,1,1,1.959,2.309,1.959,2.059,1.959,2.084,1.984,1.959,Reasonably age-friendly,Reasonably age-friendly,Reasonably age-friendly,Reasonably age-friendly,Reasonably age-friendly,Reasonably age-friendly,Reasonably age-friendly,Reasonably age-friendly,Less age-friendly,Reasonably age-friendly,Less age-friendly,campus,156.475,510:0,0,179,55,156.475,0
511,2.52,1.0,2.52,3,3.0,3.0,3,3,3,2.5,3,2,3,2,1,1,1,3,3,2.614,2.589,3.0,3.0,2.0,3.0,3,3,3,3,3,3,3,3,2,3,3,3,2,2,3,3,3,2,3,3,3,3,3,2,2,2,1,2,2,1,2,1,2,2,2,1,2,1,2,1,2,1,2,2,2,2,2,1,3,3,3,3,3,3,3,3,3,3,2.489,2.589,2.489,2.539,2.489,2.564,2.514,2.489,Reasonably age-friendly,More age-friendly,More age-friendly,More age-friendly,Reasonably age-friendly,Reasonably age-friendly,More age-friendly,More age-friendly,More age-friendly,Reasonably age-friendly,More age-friendly,campus,54.605,511:0,0,176,178,54.605,0
512,2.12,1.5,1.413,3,1.0,3.0,3,3,1,1.0,2,1,3,2,2,1,3,3,3,1.839,1.814,3.0,3.0,2.0,3.0,3,2,3,3,2,3,3,3,2,3,3,3,2,2,3,3,3,2,3,3,3,3,3,2,2,2,1,2,2,1,2,1,2,2,2,1,2,1,2,1,2,1,2,2,2,2,2,1,3,3,3,3,3,3,3,3,3,3,1.714,1.764,1.714,1.714,1.714,1.789,1.739,1.714,Reasonably age-friendly,Less age-friendly,Less age-friendly,Less age-friendly,Reasonably age-friendly,Reasonably age-friendly,Less age-friendly,Less age-friendly,Less age-friendly,Reasonably age-friendly,Less age-friendly,campus,11.604,512:0,0,176,174,11.604,0
513,2.15,1.5,1.433,3,1.5,1.0,3,3,2,2.0,1,1,3,2,2,1,3,1,3,1.753,1.828,3.0,3.0,2.0,3.0,3,1,3,3,1,1,3,3,2,3,3,3,2,2,3,3,3,2,3,3,3,3,3,2,2,2,1,2,2,1,2,1,2,2,2,1,2,1,2,1,2,1,2,2,2,2,2,1,3,3,3,3,3,3,3,3,2,3,1.728,1.728,1.728,1.678,1.728,1.703,1.653,1.728,Reasonably age-friendly,Less age-friendly,Reasonably age-friendly,Reasonably age-friendly,Reasonably age-friendly,Reasonably age-friendly,Less age-friendly,Less age-friendly,Less age-friendly,Reasonably age-friendly,Less age-friendly,residential,58.666,513:0,0,187,254,58.666,0
514,1.83,1.0,1.83,3,1.5,1.0,3,3,2,1.0,1,1,1,1,1,1,2,1,3,2.031,2.006,3.0,3.0,2.0,3.0,3,1,3,3,1,1,3,3,1,3,3,1,1,1,3,3,1,1,3,3,3,3,3,2,2,2,1,2,2,1,2,1,2,2,2,1,2,1,2,1,2,1,2,2,2,2,2,1,3,3,3,3,3,3,1,1,1,3,1.956,2.006,1.956,1.756,1.956,1.781,1.731,1.956,Reasonably age-friendly,Reasonably age-friendly,Reasonably age-friendly,Reasonably age-friendly,Reasonably age-friendly,Reasonably age-friendly,Less age-friendly,Less age-friendly,Less age-friendly,Reasonably age-friendly,Less age-friendly,residential,33.748,514:0,0,284,261,33.748,0
515,2.04,1.5,1.36,3,1.0,3.0,3,3,1,1.0,1,1,3,2,2,1,3,1,3,1.602,1.677,3.0,3.0,2.0,3.0,3,1,3,3,1,1,3,3,2,3,3,3,2,2,3,3,3,2,3,3,3,3,3,2,2,2,1,2,2,1,2,1,2,2,2,1,2,1,2,1,2,1,2,2,2,2,2,1,3,2,2,2,3,2,1,3,1,1,1.477,1.577,1.477,1.427,1.477,1.652,1.502,1.477,Reasonably age-friendly,Less age-friendly,Less age-friendly,Less age-friendly,Reasonably age-friendly,Reasonably age-friendly,Less age-friendly,Less age-friendly,Less age-friendly,Reasonably age-friendly,Less age-friendly,residential,31.516,515:0,0,385,219,22.537017761645792,0
515,2.04,1.5,1.36,3,1.0,3.0,3,3,1,1.0,1,1,3,2,2,1,3,1,3,1.602,1.677,3.0,3.0,2.0,3.0,3,1,3,3,1,1,3,3,2,3,3,3,2,2,3,3,3,2,3,3,3,3,3,2,2,2,1,2,2,1,2,1,2,2,2,1,2,1,2,1,2,1,2,2,2,2,2,1,3,2,2,2,3,2,1,3,1,1,1.477,1.577,1.477,1.427,1.477,1.652,1.502,1.477,Reasonably age-friendly,Less age-friendly,Less age-friendly,Less age-friendly,Reasonably age-friendly,Reasonably age-friendly,Less age-friendly,Less age-friendly,Less age-friendly,Reasonably age-friendly,Less age-friendly,residential,31.516,515:1,1,218,385,8.978350190835423,0
516,1.71,1.0,1.71,3,1.5,1.0,3,3,2,1.0,1,1,2,1,1,1,1,1,3,1.947,1.972,3.0,3.0,2.0,3.0,3,1,3,3,1,1,3,3,1,3,3,2,1,1,3,3,2,1,3,3,3,3,3,2,2,2,1,2,2,1,2,1,2,2,2,1,2,1,2,1,2,1,2,2,2,2,2,1,3,3,3,3,1,3,3,3,3,3,1.872,1.922,1.872,1.872,1.872,1.897,1.897,1.872,Reasonably age-friendly,Reasonably age-friendly,Reasonably age-friendly,Reasonably age-friendly,Reasonably age-friendly,Reasonably age-friendly,Reasonably age-friendly,Reasonably age-friendly,Reasonably age-friendly,Reasonably age-friendly,Reasonably age-friendly,residential,80.534,516:0,0,222,386,80.534,0
517,2.45,1.0,2.45,3,3.0,2.5,3,3,3,3.0,2,2,2,1,1,1,2,2,1,2.515,2.29,3.0,3.0,2.0,3.0,3,2,3,3,2,2,1,3,1,3,3,2,1,1,3,3,2,1,3,3,3,3,3,2,2,2,1,2,2,1,2,1,2,2,2,1,2,1,2,1,2,1,2,2,2,2,2,1,3,2,3,2,2,3,3,1,2,2,2.29,2.39,2.29,2.44,2.29,2.265,2.215,2.29,Reasonably age-friendly,Reasonably age-friendly,Reasonably age-friendly,Reasonably age-friendly,Reasonably age-friendly,Reasonably age-friendly,Reasonably age-friendly,Reasonably age-friendly,Reasonably age-friendly,Reasonably age-friendly,Reasonably age-friendly,residential,205.173,517:0,0,194,195,205.173,0
518,1.83,1.5,1.22,3,2.5,2.0,1,1,2,3.0,1,1,2,1,1,2,3,3,3,1.604,1.529,3.0,3.0,2.0,3.0,3,3,3,3,3,3,3,3,1,3,3,2,1,1,3,3,2,1,3,3,3,3,3,2,2,2,1,2,2,1,2,1,2,2,2,1,2,1,2,1,2,1,2,2,2,2,2,1,3,3,2,2,3,3,3,3,3,3,1.529,1.679,1.529,1.629,1.529,1.654,1.554,1.529,Reasonably age-friendly,Less age-friendly,Less age-friendly,Less age-friendly,Reasonably age-friendly,Reasonably age-friendly,Less age-friendly,Less age-friendly,Less age-friendly,Reasonably age-friendly,Less age-friendly,residential,82.94,518:0,0,387,217,31.750289125449918,0
518,1.83,1.5,1.22,3,2.5,2.0,1,1,2,3.0,1,1,2,1,1,2,3,3,3,1.604,1.529,3.0,3.0,2.0,3.0,3,3,3,3,3,3,3,3,1,3,3,2,1,1,3,3,2,1,3,3,3,3,3,2,2,2,1,2,2,1,2,1,2,2,2,1,2,1,2,1,2,1,2,2,2,2,2,1,3,3,2,2,3,3,3,3,3,3,1.529,1.679,1.529,1.629,1.529,1.654,1.554,1.529,Reasonably age-friendly,Less age-friendly,Less age-friendly,Less age-friendly,Reasonably age-friendly,Reasonably age-friendly,Less age-friendly,Less age-friendly,Less age-friendly,Reasonably age-friendly,Less age-friendly,residential,82.94,518:1,1,388,387,32.163233970416535,0
518,1.83,1.5,1.22,3,2.5,2.0,1,1,2,3.0,1,1,2,1,1,2,3,3,3,1.604,1.529,3.0,3.0,2.0,3.0,3,3,3,3,3,3,3,3,1,3,3,2,1,1,3,3,2,1,3,3,3,3,3,2,2,2,1,2,2,1,2,1,2,2,2,1,2,1,2,1,2,1,2,2,2,2,2,1,3,3,2,2,3,3,3,3,3,3,1.529,1.679,1.529,1.629,1.529,1.654,1.554,1.529,Reasonably age-friendly,Less age-friendly,Less age-friendly,Less age-friendly,Reasonably age-friendly,Reasonably age-friendly,Less age-friendly,Less age-friendly,Less age-friendly,Reasonably age-friendly,Less age-friendly,residential,82.94,518:2,2,216,388,19.02492815175623,0
519,1.8,1.5,1.2,3,1.0,3.0,3,3,1,1.0,1,1,3,2,2,1,1,1,2,1.59,1.515,3.0,3.0,2.0,3.0,3,1,3,3,1,1,2,3,2,3,3,3,2,2,3,3,3,2,3,3,3,3,3,2,2,2,1,2,2,1,2,1,2,2,2,1,2,1,2,1,2,1,2,2,2,2,2,1,3,3,3,2,3,3,3,3,3,3,1.565,1.565,1.565,1.515,1.565,1.54,1.54,1.565,Reasonably age-friendly,Reasonably age-friendly,Reasonably age-friendly,Reasonably age-friendly,Reasonably age-friendly,Reasonably age-friendly,Reasonably age-friendly,Reasonably age-friendly,Reasonably age-friendly,Reasonably age-friendly,Less age-friendly,residential,27.802,519:0,0,216,208,27.802,0
520,2.08,1.0,2.08,3,3.0,3.0,2,2,3,2.0,3,1,2,1,1,1,1,1,1,2.206,2.031,3.0,3.0,2.0,3.0,3,1,3,3,1,1,1,3,1,3,3,2,1,1,3,3,2,1,3,3,3,3,3,2,2,2,1,2,2,1,2,1,2,2,2,1,2,1,2,1,2,1,2,2,2,2,2,1,3,2,3,2,3,2,3,3,3,2,2.031,2.081,2.031,2.131,2.031,2.156,2.056,2.031,Reasonably age-friendly,Reasonably age-friendly,Reasonably age-friendly,Reasonably age-friendly,Reasonably age-friendly,Reasonably age-friendly,Reasonably age-friendly,Reasonably age-friendly,Reasonably age-friendly,Reasonably age-friendly,Less age-friendly,residential,82.418,520:0,0,198,199,82.418,0
521,2.23,1.0,2.23,3,2.5,2.0,3,3,2,3.0,1,1,2,1,1,1,3,3,3,2.411,2.236,3.0,3.0,2.0,3.0,3,3,3,3,3,3,3,3,1,3,3,2,1,1,3,3,2,1,3,3,3,3,3,2,2,2,1,2,2,1,2,1,2,2,2,1,2,1,2,1,2,1,2,2,2,2,2,1,3,2,3,2,2,3,3,3,2,2,2.136,2.286,2.136,2.336,2.136,2.361,2.161,2.136,Reasonably age-friendly,Reasonably age-friendly,Reasonably age-friendly,Less age-friendly,Reasonably age-friendly,Reasonably age-friendly,Reasonably age-friendly,Reasonably age-friendly,Less age-friendly,Reasonably age-friendly,Less age-friendly,residential,98.685,521:0,0,221,222,98.685,0
522,2.04,1.5,1.36,3,1.0,3.0,3,3,1,1.0,1,1,3,2,2,1,3,1,3,1.702,1.677,3.0,3.0,2.0,3.0,3,2,3,3,2,1,3,3,2,3,3,3,2,2,3,3,3,2,3,3,3,3,3,2,2,2,1,2,2,1,2,1,2,2,2,1,2,1,2,1,2,1,2,2,2,2,2,1,3,2,3,2,2,3,3,1,2,2,1.577,1.627,1.577,1.677,1.577,1.452,1.602,1.577,Reasonably age-friendly,Less age-friendly,Less age-friendly,Less age-friendly,Reasonably age-friendly,Reasonably age-friendly,Less age-friendly,Less age-friendly,Less age-friendly,Reasonably age-friendly,Less age-friendly,residential,23.311,522:0,0,196,221,23.311,0
523,2.15,1.0,2.15,3,1.5,1.0,3,3,2,1.0,2,1,2,2,1,1,3,1,1,2.255,2.18,3.0,3.0,2.0,3.0,3,1,3,3,1,1,1,3,1,3,3,2,1,1,3,3,2,1,3,3,3,3,3,2,2,2,1,2,2,1,2,1,2,2,2,1,2,1,2,1,2,1,2,2,2,2,2,1,3,3,3,3,3,3,3,1,3,2,2.08,2.23,2.08,2.18,2.08,2.005,2.105,2.08,Reasonably age-friendly,Less age-friendly,Reasonably age-friendly,Less age-friendly,Reasonably age-friendly,Reasonably age-friendly,Less age-friendly,Less age-friendly,Less age-friendly,Reasonably age-friendly,Less age-friendly,residential,28.472,523:0,0,197,389,28.472,0
524,1.91,1.0,1.91,3,1.5,1.0,3,3,2,2.0,1,1,3,1,1,1,2,1,1,2.087,2.062,3.0,3.0,2.0,3.0,3,1,3,3,1,1,1,3,2,3,3,3,2,2,3,3,3,2,3,3,3,3,3,2,2,2,1,2,2,1,2,1,2,2,2,1,2,1,2,1,2,1,2,2,2,2,2,1,3,3,3,3,3,3,3,3,3,3,2.062,2.062,2.062,2.012,2.062,2.037,1.987,2.062,Reasonably age-friendly,Reasonably age-friendly,Reasonably age-friendly,Reasonably age-friendly,Reasonably age-friendly,Reasonably age-friendly,Reasonably age-friendly,Reasonably age-friendly,Reasonably age-friendly,Reasonably age-friendly,Less age-friendly,residential,28.013,524:0,0,389,390,28.013,0
525,1.99,1.0,1.99,3,1.5,1.0,3,3,2,1.5,1,1,2,1,1,1,3,1,1,2.043,1.968,3.0,3.0,2.0,3.0,3,1,3,3,1,1,1,3,1,3,3,2,1,1,3,3,2,1,3,3,3,3,3,2,2,2,1,2,2,1,2,1,2,2,2,1,2,1,2,1,2,1,2,2,2,2,2,1,3,3,2,2,2,3,3,3,3,3,2.068,2.118,2.068,2.068,2.068,2.093,1.993,2.068,Reasonably age-friendly,Less age-friendly,Less age-friendly,Less age-friendly,Reasonably age-friendly,Reasonably age-friendly,Less age-friendly,Less age-friendly,Less age-friendly,Reasonably age-friendly,Less age-friendly,residential,28.847,525:0,0,390,196,28.847,0
526,2.03,1.0,2.03,3,1.5,1.0,3,3,2,2.5,2,1,2,1,1,1,2,1,3,2.171,2.196,3.0,3.0,2.0,3.0,3,1,3,3,1,1,3,3,1,3,3,2,1,1,3,3,2,1,3,3,3,3,3,2,2,2,1,2,2,1,2,1,2,2,2,1,2,1,2,1,2,1,2,2,2,2,2,1,3,3,3,3,3,3,3,3,3,3,2.096,2.146,2.096,2.096,2.096,2.121,2.121,2.096,Reasonably age-friendly,Reasonably age-friendly,Reasonably age-friendly,Reasonably age-friendly,Reasonably age-friendly,Reasonably age-friendly,Reasonably age-friendly,Reasonably age-friendly,Reasonably age-friendly,Reasonably age-friendly,Less age-friendly,residential,57.407,526:0,0,390,391,57.407,0
527,1.91,1.0,1.91,3,1.5,1.0,3,3,2,2.0,1,1,2,1,1,1,2,3,3,2.087,2.112,3.0,3.0,2.0,3.0,3,2,3,3,2,3,3,3,1,3,3,2,1,1,3,3,2,1,3,3,3,3,3,2,2,2,1,2,2,1,2,1,2,2,2,1,2,1,2,1,2,1,2,2,2,2,2,1,3,3,2,3,3,3,3,3,3,3,2.012,2.112,2.012,2.062,2.012,2.137,2.037,2.012,Reasonably age-friendly,Reasonably age-friendly,Reasonably age-friendly,Reasonably age-friendly,Reasonably age-friendly,Reasonably age-friendly,Reasonably age-friendly,Reasonably age-friendly,Reasonably age-friendly,Reasonably age-friendly,Less age-friendly,residential,109.805,527:0,0,391,392,109.805,0
528,2.11,1.0,2.11,3,1.5,1.0,3,3,2,2.0,2,1,2,1,1,1,3,1,3,2.127,2.252,3.0,3.0,2.0,3.0,3,1,3,3,1,1,3,3,1,3,3,2,1,1,3,3,2,1,3,3,3,3,3,2,2,2,1,2,2,1,2,1,2,2,2,1,2,1,2,1,2,1,2,2,2,2,2,1,3,3,2,3,3,3,3,3,3,3,2.152,2.202,2.152,2.152,2.152,2.177,2.177,2.152,Reasonably age-friendly,Less age-friendly,Less age-friendly,Reasonably age-friendly,Reasonably age-friendly,Reasonably age-friendly,Less age-friendly,Less age-friendly,Less age-friendly,Reasonably age-friendly,Less age-friendly,residential,59.694,528:0,0,391,393,59.694,0
529,1.99,1.0,1.99,3,1.5,1.0,3,3,2,1.5,1,1,2,1,1,1,3,1,2,2.143,2.118,3.0,3.0,2.0,3.0,3,1,3,3,1,1,2,3,1,3,3,2,1,1,3,3,2,1,3,3,3,3,3,2,2,2,1,2,2,1,2,1,2,2,2,1,2,1,2,1,2,1,2,2,2,2,2,1,3,3,3,3,3,3,3,3,3,3,2.068,2.118,2.068,2.068,2.068,2.093,2.043,2.068,Reasonably age-friendly,Less age-friendly,Less age-friendly,Less age-friendly,Reasonably age-friendly,Reasonably age-friendly,Less age-friendly,Less age-friendly,Less age-friendly,Reasonably age-friendly,Less age-friendly,residential,75.036,529:0,0,389,394,75.036,0
530,1.87,1.0,1.87,3,1.5,1.0,3,3,2,1.5,1,1,3,2,1,1,1,1,2,2.059,2.084,3.0,3.0,2.0,3.0,3,1,3,3,1,1,2,3,2,3,3,3,2,2,3,3,3,2,3,3,3,3,3,2,2,2,1,2,2,1,2,1,2,2,2,1,2,1,2,1,2,1,2,2,2,2,2,1,3,3,3,3,3,3,3,3,3,3,2.034,2.034,2.034,1.984,2.034,2.009,2.009,2.034,Reasonably age-friendly,Reasonably age-friendly,Reasonably age-friendly,Reasonably age-friendly,Reasonably age-friendly,Reasonably age-friendly,Reasonably age-friendly,Reasonably age-friendly,Reasonably age-friendly,Reasonably age-friendly,Reasonably age-friendly,residential,48.702,530:0,0,394,395,48.702,0
531,1.87,1.0,1.87,3,1.5,1.0,3,3,2,1.5,1,1,3,2,1,1,1,1,2,2.059,1.984,3.0,3.0,2.0,3.0,3,1,3,3,1,1,2,3,2,3,3,3,2,2,3,3,3,2,3,3,3,3,3,2,2,2,1,2,2,1,2,1,2,2,2,1,2,1,2,1,2,1,2,2,2,2,2,1,3,3,3,2,3,3,3,3,3,3,2.034,2.034,2.034,1.984,2.034,2.009,2.009,2.034,Reasonably age-friendly,Reasonably age-friendly,Reasonably age-friendly,Reasonably age-friendly,Reasonably age-friendly,Reasonably age-friendly,Reasonably age-friendly,Reasonably age-friendly,Reasonably age-friendly,Reasonably age-friendly,Reasonably age-friendly,residential,7.119,531:0,0,395,202,7.119,0
532,1.91,1.0,1.91,3,1.5,1.0,3,3,2,1.0,2,1,2,1,1,1,2,1,2,2.087,1.962,3.0,3.0,2.0,3.0,3,1,3,3,1,1,2,3,1,3,3,2,1,1,3,3,2,1,3,3,3,3,3,2,2,2,1,2,2,1,2,1,2,2,2,1,2,1,2,1,2,1,2,2,2,2,2,1,2,3,3,2,3,3,3,3,3,3,2.012,2.062,2.012,2.012,2.012,2.037,1.987,2.012,Reasonably age-friendly,Reasonably age-friendly,Reasonably age-friendly,Reasonably age-friendly,Reasonably age-friendly,Reasonably age-friendly,Reasonably age-friendly,Reasonably age-friendly,Reasonably age-friendly,Reasonably age-friendly,Less age-friendly,residential,107.533,532:0,0,395,396,107.533,0
533,2.25,1.0,2.25,2,3.0,2.5,3,3,1,3.0,3,1,2,1,1,1,3,3,3,2.425,2.35,3.0,3.0,2.0,3.0,3,2,3,3,2,3,3,3,1,3,3,2,1,1,3,3,2,1,3,3,3,3,3,2,2,2,1,2,2,1,2,1,2,2,2,1,2,1,2,1,2,1,2,2,2,2,2,1,3,3,3,3,3,3,3,3,3,3,2.25,2.35,2.25,2.3,2.25,2.375,2.275,2.25,Reasonably age-friendly,Less age-friendly,Less age-friendly,Less age-friendly,Reasonably age-friendly,Reasonably age-friendly,Less age-friendly,Less age-friendly,Less age-friendly,Reasonably age-friendly,Less age-friendly,residential,78.675,533:0,0,397,398,78.675,0
534,2.15,1.0,2.15,3,1.5,1.0,3,3,2,3.0,3,1,3,2,1,1,1,3,3,2.355,2.33,3.0,3.0,2.0,3.0,3,2,3,3,2,3,3,3,2,3,3,3,2,2,3,3,3,2,3,3,3,3,3,2,2,2,1,2,2,1,2,1,2,2,2,1,2,1,2,1,2,1,2,2,2,2,2,1,3,3,3,3,3,3,3,3,3,3,2.23,2.28,2.23,2.23,2.23,2.305,2.255,2.23,Reasonably age-friendly,Reasonably age-friendly,Reasonably age-friendly,Reasonably age-friendly,Reasonably age-friendly,Reasonably age-friendly,Reasonably age-friendly,Reasonably age-friendly,Reasonably age-friendly,Reasonably age-friendly,Reasonably age-friendly,residential,76.234,534:0,0,398,399,76.234,0
535,2.25,1.0,2.25,2,3.0,2.5,3,3,3,3.0,3,1,2,1,1,1,1,3,2,2.425,2.3,3.0,3.0,2.0,3.0,3,2,3,3,2,3,2,3,1,3,3,2,1,1,3,3,2,1,3,3,3,3,3,2,2,2,1,2,2,1,2,1,2,2,2,1,2,1,2,1,2,1,2,2,2,2,2,1,3,3,3,3,3,3,3,3,3,3,2.25,2.35,2.25,2.3,2.25,2.375,2.225,2.25,Reasonably age-friendly,Reasonably age-friendly,Reasonably age-friendly,Reasonably age-friendly,Reasonably age-friendly,Reasonably age-friendly,Reasonably age-friendly,Reasonably age-friendly,Reasonably age-friendly,Reasonably age-friendly,Less age-friendly,residential,65.338,535:0,0,398,400,65.338,0
536,2.03,1.0,2.03,3,1.5,1.0,3,3,2,1.0,2,1,1,1,1,1,3,1,3,2.071,2.046,3.0,3.0,2.0,3.0,3,1,3,3,1,1,3,3,1,3,3,1,1,1,3,3,1,1,3,3,3,3,3,2,2,2,1,2,2,1,2,1,2,2,2,1,2,1,2,1,2,1,2,2,2,2,2,1,3,3,2,2,2,3,3,3,3,2,1.996,2.146,1.996,2.096,1.996,2.121,2.071,1.996,Reasonably age-friendly,Less age-friendly,Less age-friendly,Less age-friendly,Reasonably age-friendly,Reasonably age-friendly,Less age-friendly,Less age-friendly,Less age-friendly,Reasonably age-friendly,Less age-friendly,residential,24.918,536:0,0,183,401,24.918,0
537,2.19,1.0,2.19,3,1.5,1.0,3,3,2,3.0,2,1,2,2,1,1,2,1,2,2.283,2.258,3.0,3.0,2.0,3.0,3,1,3,3,1,1,2,3,1,3,3,2,1,1,3,3,2,1,3,3,3,3,3,2,2,2,1,2,2,1,2,1,2,2,2,1,2,1,2,1,2,1,2,2,2,2,2,1,3,3,3,3,3,3,2,3,3,3,2.208,2.258,2.208,2.108,2.208,2.233,2.183,2.208,Reasonably age-friendly,Reasonably age-friendly,Reasonably age-friendly,Reasonably age-friendly,Reasonably age-friendly,Reasonably age-friendly,Reasonably age-friendly,Reasonably age-friendly,Reasonably age-friendly,Reasonably age-friendly,Less age-friendly,residential,248.067,537:0,0,49,402,248.067,0
538,2.23,1.0,2.23,3,3.0,1.5,3,3,3,2.0,2,1,3,1,1,1,2,1,1,2.211,2.186,3.0,3.0,2.0,3.0,3,2,3,3,2,1,1,3,2,3,3,3,2,2,3,3,3,2,3,3,3,3,3,2,2,2,1,2,2,1,2,1,2,2,2,1,2,1,2,1,2,1,2,2,2,2,2,1,3,3,2,2,3,3,1,3,1,3,2.286,2.336,2.286,2.086,2.286,2.261,2.011,2.286,Reasonably age-friendly,Reasonably age-friendly,Reasonably age-friendly,Reasonably age-friendly,Reasonably age-friendly,Reasonably age-friendly,Reasonably age-friendly,Reasonably age-friendly,Less age-friendly,Reasonably age-friendly,Less age-friendly,residential,21.311,538:0,0,403,404,21.311,0
539,1.83,1.0,1.83,3,1.5,1.0,3,3,2,1.0,1,1,1,1,1,1,2,2,3,1.981,1.906,3.0,3.0,2.0,3.0,3,2,3,3,2,2,3,3,1,3,3,1,1,1,3,3,1,1,3,3,3,3,3,2,2,2,1,2,2,1,2,1,2,2,2,1,2,1,2,1,2,1,2,2,2,2,2,1,3,3,2,2,3,3,3,3,3,3,1.956,2.056,1.956,2.006,1.956,2.031,1.931,1.956,Reasonably age-friendly,Less age-friendly,Less age-friendly,Less age-friendly,Reasonably age-friendly,Reasonably age-friendly,Less age-friendly,Less age-friendly,Less age-friendly,Reasonably age-friendly,Less age-friendly,residential,27.966,539:0,0,404,405,27.966,0
540,1.95,1.0,1.95,3,1.5,1.0,3,3,2,1.5,2,1,2,1,1,1,2,3,1,2.215,2.04,3.0,3.0,2.0,3.0,3,2,3,3,2,3,1,3,1,3,3,2,1,1,3,3,2,1,3,3,3,3,3,2,2,2,1,2,2,1,2,1,2,2,2,1,2,1,2,1,2,1,2,2,2,2,2,1,3,3,3,3,3,3,3,3,3,3,2.04,2.14,2.04,2.09,2.04,2.165,1.965,2.04,Reasonably age-friendly,Reasonably age-friendly,Reasonably age-friendly,Reasonably age-friendly,Reasonably age-friendly,Reasonably age-friendly,Reasonably age-friendly,Reasonably age-friendly,Reasonably age-friendly,Reasonably age-friendly,Less age-friendly,residential,102.475,540:0,0,404,406,102.475,0
541,2.07,1.0,2.07,3,1.5,1.0,3,3,3,1.5,2,1,1,1,1,1,2,2,3,2.149,2.074,3.0,3.0,2.0,3.0,3,2,3,3,2,2,3,3,1,3,3,1,1,1,3,3,1,1,3,3,3,3,3,2,2,2,1,2,2,1,2,1,2,2,2,1,2,1,2,1,2,1,2,2,2,2,2,1,3,3,2,2,3,3,3,3,3,3,2.124,2.224,2.124,2.174,2.124,2.199,2.099,2.124,Reasonably age-friendly,Reasonably age-friendly,Reasonably age-friendly,Reasonably age-friendly,Reasonably age-friendly,Reasonably age-friendly,Reasonably age-friendly,Reasonably age-friendly,Reasonably age-friendly,Reasonably age-friendly,Less age-friendly,residential,39.532,541:0,0,405,407,39.532,0
542,2.44,1.0,2.44,3,3.0,3.0,3,3,3,1.0,3,1,1,1,1,1,3,2,2,2.408,2.283,3.0,3.0,2.0,3.0,3,2,3,3,2,2,2,3,1,3,3,1,1,1,3,3,1,1,3,3,3,3,3,2,2,2,1,2,2,1,2,1,2,2,2,1,2,1,2,1,2,1,2,2,2,2,2,1,3,3,2,2,3,3,3,3,3,3,2.383,2.483,2.383,2.433,2.383,2.458,2.308,2.383,Reasonably age-friendly,Reasonably age-friendly,Reasonably age-friendly,Less age-friendly,Reasonably age-friendly,Reasonably age-friendly,Reasonably age-friendly,Reasonably age-friendly,Less age-friendly,Reasonably age-friendly,Less age-friendly,residential,171.492,542:0,0,403,408,171.492,0
543,2.12,1.0,2.12,3,3.0,3.0,3,3,3,1.0,2,1,1,1,1,1,1,2,3,2.184,2.109,3.0,3.0,2.0,3.0,3,2,3,3,2,2,3,3,1,3,3,1,1,1,3,3,1,1,3,3,3,3,3,2,2,2,1,2,2,1,2,1,2,2,2,1,2,1,2,1,2,1,2,2,2,2,2,1,3,3,2,2,2,3,3,3,3,3,2.159,2.259,2.159,2.209,2.159,2.234,2.134,2.159,Reasonably age-friendly,Reasonably age-friendly,Reasonably age-friendly,Reasonably age-friendly,Reasonably age-friendly,Reasonably age-friendly,Reasonably age-friendly,Reasonably age-friendly,Reasonably age-friendly,Reasonably age-friendly,Reasonably age-friendly,residential,43.092,543:0,0,408,409,43.092,0
544,2.46,1.0,2.46,3,3.0,2.0,3,3,3,2.0,3,1,2,2,1,1,2,3,3,2.572,2.497,3.0,3.0,2.0,3.0,3,3,3,3,3,3,3,3,1,3,3,2,1,1,3,3,2,1,3,3,3,3,3,2,2,2,1,2,2,1,2,1,2,2,2,1,2,1,2,1,2,1,2,2,2,2,2,1,3,3,3,3,3,3,3,1,3,3,2.397,2.547,2.397,2.497,2.397,2.322,2.422,2.397,Reasonably age-friendly,Reasonably age-friendly,Reasonably age-friendly,Reasonably age-friendly,Reasonably age-friendly,Reasonably age-friendly,Reasonably age-friendly,Reasonably age-friendly,Reasonably age-friendly,Reasonably age-friendly,Reasonably age-friendly,residential,26.36,544:0,0,403,410,26.36,0
545,2.03,1.0,2.03,3,1.5,1.0,3,3,2,1.5,3,1,1,1,1,1,2,3,3,2.071,2.046,3.0,3.0,2.0,3.0,3,3,3,3,3,3,3,3,1,3,3,1,1,1,3,3,1,1,3,3,3,3,3,2,2,2,1,2,2,1,2,1,2,2,2,1,2,1,2,1,2,1,2,2,2,2,2,1,3,3,1,2,3,3,3,3,3,3,2.096,2.246,2.096,2.196,2.096,2.221,2.071,2.096,Reasonably age-friendly,Reasonably age-friendly,Reasonably age-friendly,Reasonably age-friendly,Reasonably age-friendly,Reasonably age-friendly,Reasonably age-friendly,Reasonably age-friendly,Reasonably age-friendly,Reasonably age-friendly,Less age-friendly,residential,135.995,545:0,0,409,410,135.995,0
546,2.15,1.0,2.15,2,1.5,1.0,3,3,2,2.5,3,1,1,1,1,1,3,3,2,2.155,2.18,3.0,3.0,2.0,3.0,3,2,3,3,2,3,2,3,1,3,3,1,1,1,3,3,1,1,3,3,3,3,3,2,2,2,1,2,2,1,2,1,2,2,2,1,2,1,2,1,2,1,2,2,2,2,2,1,3,3,1,3,3,3,2,2,2,3,2.18,2.28,2.18,2.13,2.18,2.205,2.005,2.18,Reasonably age-friendly,Reasonably age-friendly,Less age-friendly,Less age-friendly,Reasonably age-friendly,Reasonably age-friendly,Less age-friendly,Less age-friendly,Less age-friendly,Reasonably age-friendly,Less age-friendly,residential,95.342,546:0,0,410,411,95.342,0
547,2.51,1.0,2.51,3,1.5,1.0,3,3,2,3.0,3,1,3,3,1,1,3,1,3,2.307,2.582,3.0,3.0,2.0,3.0,3,1,3,3,1,1,3,3,2,3,3,3,2,2,3,3,3,2,3,3,3,3,3,2,2,2,1,2,2,1,2,1,2,2,2,1,2,1,2,1,2,1,2,2,2,2,2,1,3,3,1,3,1,3,3,2,3,3,2.482,2.482,2.482,2.432,2.482,2.357,2.507,2.482,Reasonably age-friendly,Reasonably age-friendly,Less age-friendly,Reasonably age-friendly,Reasonably age-friendly,Reasonably age-friendly,Reasonably age-friendly,Less age-friendly,Reasonably age-friendly,Reasonably age-friendly,Less age-friendly,residential,150.963,547:0,0,411,31,150.963,0
548,2.15,1.0,2.15,3,1.5,1.0,3,3,2,3.0,3,1,2,1,1,1,2,1,2,2.155,2.13,3.0,3.0,2.0,3.0,3,2,3,3,2,1,2,3,1,3,3,2,1,1,3,3,2,1,3,3,3,3,3,2,2,2,1,2,2,1,2,1,2,2,2,1,2,1,2,1,2,1,2,2,2,2,2,1,3,3,2,2,3,3,3,3,3,3,2.18,2.28,2.18,2.23,2.18,2.205,2.155,2.18,Reasonably age-friendly,Reasonably age-friendly,Reasonably age-friendly,Reasonably age-friendly,Reasonably age-friendly,Reasonably age-friendly,Reasonably age-friendly,Reasonably age-friendly,Reasonably age-friendly,Reasonably age-friendly,Less age-friendly,residential,123.848,548:0,0,409,412,123.848,0
549,2.18,2.0,1.09,3,3.0,2.0,3,3,3,1.0,2,1,2,1,3,1,2,1,1,1.413,1.438,3.0,3.0,2.0,3.0,3,1,3,3,1,1,1,3,1,3,3,2,1,1,3,3,2,1,3,3,3,3,3,2,2,2,1,2,2,1,2,1,2,2,2,1,2,1,2,1,2,1,2,2,2,2,2,1,3,2,2,3,3,3,3,3,3,3,1.438,1.388,1.438,1.438,1.438,1.463,1.363,1.438,Reasonably age-friendly,Less age-friendly,Less age-friendly,Less age-friendly,Reasonably age-friendly,Reasonably age-friendly,Less age-friendly,Less age-friendly,Less age-friendly,Reasonably age-friendly,Less age-friendly,residential,33.456,549:0,0,412,413,33.456,0
550,1.99,2.0,0.995,3,1.5,1.0,3,3,2,1.0,3,1,1,1,3,1,2,3,2,1.547,1.372,3.0,3.0,2.0,3.0,3,2,3,3,2,3,2,3,1,3,3,1,1,1,3,3,1,1,3,3,3,3,3,2,2,2,1,2,2,1,2,1,2,2,2,1,2,1,2,1,2,1,2,2,2,2,2,1,3,3,3,3,3,3,3,3,3,3,1.372,1.472,1.372,1.422,1.372,1.497,1.297,1.372,Reasonably age-friendly,Less age-friendly,Less age-friendly,Less age-friendly,Reasonably age-friendly,Reasonably age-friendly,Less age-friendly,Less age-friendly,Less age-friendly,Reasonably age-friendly,Less age-friendly,residential,36.879,550:0,0,413,414,36.879,0
551,2.29,2.0,1.145,3,3.0,2.5,2,2,2,3.0,3,3,2,2,2,2,1,3,3,1.652,1.577,3.0,3.0,2.0,3.0,3,2,3,3,2,3,3,3,1,3,3,2,1,1,3,3,2,1,3,3,3,3,3,2,2,2,1,2,2,1,2,1,2,2,2,1,2,1,2,1,2,1,2,2,2,2,2,1,2,3,3,3,3,3,3,3,3,3,1.477,1.577,1.477,1.527,1.477,1.602,1.502,1.477,Reasonably age-friendly,Reasonably age-friendly,Reasonably age-friendly,Reasonably age-friendly,Reasonably age-friendly,Reasonably age-friendly,Reasonably age-friendly,Reasonably age-friendly,Reasonably age-friendly,Reasonably age-friendly,Reasonably age-friendly,residential,35.673,551:0,0,27,28,35.673,0
552,2.48,1.5,1.653,3,3.0,3.0,3,3,3,3.0,3,1,1,1,2,1,2,2,2,1.957,1.732,3.0,3.0,2.0,3.0,3,2,3,3,2,2,2,3,1,3,3,1,1,1,3,3,1,1,3,3,3,3,3,2,2,2,1,2,2,1,2,1,2,2,2,1,2,1,2,1,2,1,2,2,2,2,2,1,3,3,3,2,3,3,3,3,3,3,1.832,1.932,1.832,1.882,1.832,1.907,1.757,1.832,Reasonably age-friendly,Reasonably age-friendly,Reasonably age-friendly,Less age-friendly,Reasonably age-friendly,Reasonably age-friendly,Reasonably age-friendly,Reasonably age-friendly,Less age-friendly,Reasonably age-friendly,Less age-friendly,residential,119.687,552:0,0,27,413,119.687,0
553,2.07,1.0,2.07,3,1.5,1.0,3,3,2,3.0,2,1,2,1,1,1,2,1,2,2.199,2.174,3.0,3.0,2.0,3.0,3,2,3,3,2,1,2,3,1,3,3,2,1,1,3,3,2,1,3,3,3,3,3,2,2,2,1,2,2,1,2,1,2,2,2,1,2,1,2,1,2,1,2,2,2,2,2,1,3,3,3,3,3,3,3,3,3,3,2.124,2.224,2.124,2.174,2.124,2.149,2.099,2.124,Reasonably age-friendly,Reasonably age-friendly,Reasonably age-friendly,Reasonably age-friendly,Reasonably age-friendly,Reasonably age-friendly,Reasonably age-friendly,Reasonably age-friendly,Reasonably age-friendly,Reasonably age-friendly,Less age-friendly,residential,81.951,553:0,0,414,411,81.951,0
554,2.03,1.0,2.03,3,1.5,1.0,3,3,2,3.0,3,1,3,1,1,1,1,1,3,2.071,2.246,3.0,3.0,2.0,3.0,3,1,3,3,1,1,3,3,2,3,3,3,2,2,3,3,3,2,3,3,3,3,3,2,2,2,1,2,2,1,2,1,2,2,2,1,2,1,2,1,2,1,2,2,2,2,2,1,3,3,2,3,3,3,2,2,3,3,2.146,2.146,2.146,1.996,2.146,2.021,2.171,2.146,Reasonably age-friendly,Reasonably age-friendly,Reasonably age-friendly,Reasonably age-friendly,Reasonably age-friendly,Reasonably age-friendly,Reasonably age-friendly,Reasonably age-friendly,Reasonably age-friendly,Reasonably age-friendly,Reasonably age-friendly,residential,53.754,554:0,0,210,415,53.754,0
555,1.95,1.5,1.3,3,2.5,2.0,3,1,2,1.5,1,1,3,1,1,2,3,3,3,1.76,1.735,3.0,3.0,2.0,3.0,3,3,3,3,3,3,3,3,2,3,3,3,2,2,3,3,3,2,3,3,3,3,3,2,2,2,1,2,2,1,2,1,2,2,2,1,2,1,2,1,2,1,2,2,2,2,2,1,3,3,3,3,3,3,3,3,3,3,1.635,1.735,1.635,1.685,1.635,1.71,1.66,1.635,Reasonably age-friendly,Less age-friendly,Less age-friendly,Less age-friendly,Reasonably age-friendly,Reasonably age-friendly,Less age-friendly,Less age-friendly,Less age-friendly,Reasonably age-friendly,Less age-friendly,residential,21.425,555:0,0,211,212,21.425,0
556,1.79,1.0,1.79,3,1.5,1.0,3,3,2,2.0,1,1,2,1,1,1,1,3,3,2.103,2.028,3.0,3.0,2.0,3.0,3,1,3,3,1,3,3,3,1,3,3,2,1,1,3,3,2,1,3,3,3,3,3,2,2,2,1,2,2,1,2,1,2,2,2,1,2,1,2,1,2,1,2,2,2,2,2,1,3,3,3,3,3,3,3,3,3,3,1.928,1.978,1.928,1.928,1.928,2.053,1.953,1.928,Reasonably age-friendly,Reasonably age-friendly,Reasonably age-friendly,Reasonably age-friendly,Reasonably age-friendly,Reasonably age-friendly,Reasonably age-friendly,Reasonably age-friendly,Reasonably age-friendly,Reasonably age-friendly,Reasonably age-friendly,residential,47.767,556:0,0,212,416,47.767,0
557,1.6,2.0,0.8,3,1.0,3.0,2,2,1,1.0,1,1,3,2,2,2,1,1,3,1.31,1.285,3.0,3.0,2.0,3.0,3,1,3,3,1,1,3,3,2,3,3,3,2,2,3,3,3,2,3,3,3,3,3,2,2,2,1,2,2,1,2,1,2,2,2,1,2,1,2,1,2,1,2,2,2,2,2,1,3,3,3,2,3,3,3,3,3,3,1.285,1.285,1.285,1.235,1.285,1.26,1.31,1.285,Reasonably age-friendly,Less age-friendly,Less age-friendly,Less age-friendly,Reasonably age-friendly,Reasonably age-friendly,Less age-friendly,Less age-friendly,Less age-friendly,Reasonably age-friendly,Less age-friendly,residential,23.592,557:0,0,212,206,23.592,0
558,1.92,1.5,1.28,3,1.0,3.0,3,3,1,1.0,1,1,3,2,2,1,2,1,3,1.646,1.621,3.0,3.0,2.0,3.0,3,1,3,3,1,1,3,3,2,3,3,3,2,2,3,3,3,2,3,3,3,3,3,2,2,2,1,2,2,1,2,1,2,2,2,1,2,1,2,1,2,1,2,2,2,2,2,1,3,3,3,2,3,3,3,3,3,3,1.621,1.621,1.621,1.571,1.621,1.596,1.646,1.621,Reasonably age-friendly,Less age-friendly,Less age-friendly,Less age-friendly,Reasonably age-friendly,Reasonably age-friendly,Less age-friendly,Less age-friendly,Less age-friendly,Reasonably age-friendly,Less age-friendly,residential,22.407,558:0,0,207,213,22.407,0
559,2.11,1.5,1.407,3,1.5,1.0,3,3,2,2.0,2,1,3,1,2,1,3,1,3,1.735,1.71,3.0,3.0,2.0,3.0,3,1,3,3,1,1,3,3,2,3,3,3,2,2,3,3,3,2,3,3,3,3,3,2,2,2,1,2,2,1,2,1,2,2,2,1,2,1,2,1,2,1,2,2,2,2,2,1,3,1,3,2,3,3,3,3,3,2,1.61,1.51,1.61,1.66,1.61,1.685,1.735,1.61,Reasonably age-friendly,Less age-friendly,Less age-friendly,Less age-friendly,Reasonably age-friendly,Reasonably age-friendly,Less age-friendly,Less age-friendly,Less age-friendly,Reasonably age-friendly,Less age-friendly,residential,19.716,559:0,0,396,206,19.716,0
560,1.99,1.0,1.99,3,1.5,1.0,3,3,2,2.0,2,1,3,1,1,1,2,1,3,2.043,2.218,3.0,3.0,2.0,3.0,3,1,3,3,1,1,3,3,2,3,3,3,2,2,3,3,3,2,3,3,3,3,3,2,2,2,1,2,2,1,2,1,2,2,2,1,2,1,2,1,2,1,2,2,2,2,2,1,2,1,2,3,3,3,3,3,3,3,2.118,1.918,2.118,2.068,2.118,2.093,2.143,2.118,Reasonably age-friendly,Less age-friendly,Reasonably age-friendly,Reasonably age-friendly,Reasonably age-friendly,Reasonably age-friendly,Reasonably age-friendly,Reasonably age-friendly,Reasonably age-friendly,Reasonably age-friendly,Less age-friendly,residential,54.551,560:0,0,185,184,54.551,0
561,2.07,1.0,2.07,3,1.5,1.0,3,3,2,3.0,2,1,3,1,1,1,2,1,3,2.199,2.274,3.0,3.0,2.0,3.0,3,1,3,3,1,1,3,3,2,3,3,3,2,2,3,3,3,2,3,3,3,3,3,2,2,2,1,2,2,1,2,1,2,2,2,1,2,1,2,1,2,1,2,2,2,2,2,1,3,3,3,3,3,3,3,1,3,3,2.174,2.174,2.174,2.124,2.174,1.949,2.199,2.174,Reasonably age-friendly,Reasonably age-friendly,Reasonably age-friendly,Reasonably age-friendly,Reasonably age-friendly,Reasonably age-friendly,Reasonably age-friendly,Less age-friendly,Reasonably age-friendly,Reasonably age-friendly,Less age-friendly,residential,30.052,561:0,0,184,417,30.052,0
562,2.07,1.0,2.07,3,1.5,1.0,3,3,2,2.0,3,1,2,1,1,1,2,1,3,2.199,2.124,3.0,3.0,2.0,3.0,3,1,3,3,1,1,3,3,1,3,3,2,1,1,3,3,2,1,3,3,3,3,3,2,2,2,1,2,2,1,2,1,2,2,2,1,2,1,2,1,2,1,2,2,2,2,2,1,3,1,3,2,3,3,3,3,3,3,2.124,1.974,2.124,2.124,2.124,2.149,2.149,2.124,Reasonably age-friendly,Less age-friendly,Reasonably age-friendly,Reasonably age-friendly,Reasonably age-friendly,Reasonably age-friendly,Reasonably age-friendly,Reasonably age-friendly,Reasonably age-friendly,Reasonably age-friendly,Less age-friendly,residential,45.198,562:0,0,417,203,45.198,0
563,2.15,1.0,2.15,3,1.5,1.0,3,3,2,3.0,3,1,2,1,1,1,2,2,3,2.305,2.28,3.0,3.0,2.0,3.0,3,1,3,3,1,2,3,3,1,3,3,2,1,1,3,3,2,1,3,3,3,3,3,2,2,2,1,2,2,1,2,1,2,2,2,1,2,1,2,1,2,1,2,2,2,2,2,1,3,3,3,3,3,3,3,3,3,3,2.18,2.23,2.18,2.18,2.18,2.255,2.205,2.18,Reasonably age-friendly,Reasonably age-friendly,Reasonably age-friendly,Reasonably age-friendly,Reasonably age-friendly,Reasonably age-friendly,Reasonably age-friendly,Reasonably age-friendly,Reasonably age-friendly,Reasonably age-friendly,Less age-friendly,residential,161.561,563:0,0,417,396,161.561,0
564,2.03,1.0,2.03,3,1.5,1.0,3,3,2,1.0,2,1,1,1,1,1,3,2,3,2.221,2.146,3.0,3.0,2.0,3.0,3,1,3,3,1,2,3,3,1,3,3,1,1,1,3,3,1,1,3,3,3,3,3,2,2,2,1,2,2,1,2,1,2,2,2,1,2,1,2,1,2,1,2,2,2,2,2,1,3,3,3,3,3,3,2,3,3,3,2.096,2.146,2.096,1.996,2.096,2.171,2.071,2.096,Reasonably age-friendly,Less age-friendly,Reasonably age-friendly,Less age-friendly,Reasonably age-friendly,Reasonably age-friendly,Less age-friendly,Less age-friendly,Less age-friendly,Reasonably age-friendly,Less age-friendly,residential,48.678,564:0,0,396,402,48.678,0
565,2.27,2.0,1.135,3,1.5,1.0,3,3,2,3.0,3,1,2,1,3,1,3,1,2,1.545,1.52,3.0,3.0,2.0,3.0,3,1,3,3,1,1,2,3,1,3,3,2,1,1,3,3,2,1,3,3,3,3,3,2,2,2,1,2,2,1,2,1,2,2,2,1,2,1,2,1,2,1,2,2,2,2,2,1,3,3,3,3,3,3,3,3,3,3,1.47,1.519,1.47,1.47,1.47,1.495,1.445,1.47,Reasonably age-friendly,Less age-friendly,Less age-friendly,Less age-friendly,Reasonably age-friendly,Reasonably age-friendly,Less age-friendly,Less age-friendly,Less age-friendly,Reasonably age-friendly,Less age-friendly,residential,65.405,565:0,0,412,192,65.405,0
566,2.26,1.5,1.507,1,3.0,2.0,3,3,3,3.0,2,2,3,1,2,1,2,1,3,1.805,1.78,3.0,3.0,2.0,3.0,3,2,3,3,2,1,3,3,2,3,3,3,2,2,3,3,3,2,3,3,3,3,3,2,2,2,1,2,2,1,2,1,2,2,2,1,2,1,2,1,2,1,2,2,2,2,2,1,3,3,3,2,3,3,3,3,3,3,1.78,1.83,1.78,1.78,1.78,1.755,1.805,1.78,Reasonably age-friendly,Reasonably age-friendly,Reasonably age-friendly,Reasonably age-friendly,Reasonably age-friendly,Reasonably age-friendly,Reasonably age-friendly,Less age-friendly,Reasonably age-friendly,Reasonably age-friendly,Less age-friendly,residential,63.049,566:0,0,237,236,63.049,0
567,1.64,2.0,0.82,3,1.0,3.0,2,2,1,3.0,1,1,2,1,2,2,1,3,3,1.324,1.249,3.0,3.0,2.0,3.0,3,1,3,3,1,3,3,3,1,3,3,2,1,1,3,3,2,1,3,3,3,3,3,2,2,2,1,2,2,1,2,1,2,2,2,1,2,1,2,1,2,1,2,2,2,2,2,1,3,3,2,2,3,3,2,3,3,2,1.149,1.299,1.149,1.149,1.149,1.374,1.274,1.149,Reasonably age-friendly,Less age-friendly,Reasonably age-friendly,Less age-friendly,Reasonably age-friendly,Reasonably age-friendly,Less age-friendly,Reasonably age-friendly,Less age-friendly,Reasonably age-friendly,Less age-friendly,residential,7.993,567:0,0,308,305,7.993,0
568,2.07,1.0,2.07,3,2.5,2.0,3,3,3,1.0,1,1,1,1,1,1,2,3,3,2.299,2.174,3.0,3.0,2.0,3.0,3,3,3,3,3,3,3,3,1,3,3,1,1,1,3,3,1,1,3,3,3,3,3,2,2,2,1,2,2,1,2,1,2,2,2,1,2,1,2,1,2,1,2,2,2,2,2,1,3,3,3,3,3,3,3,2,3,2,2.024,2.274,2.024,2.224,2.024,2.149,2.099,2.024,Reasonably age-friendly,Reasonably age-friendly,Reasonably age-friendly,Reasonably age-friendly,Reasonably age-friendly,Reasonably age-friendly,Reasonably age-friendly,Reasonably age-friendly,Reasonably age-friendly,Reasonably age-friendly,Less age-friendly,residential,78.845,568:0,0,247,248,78.845,0
569,1.99,1.5,1.327,3,1.5,1.0,3,3,2,3.0,1,1,3,1,2,1,2,3,3,1.579,1.654,3.0,3.0,2.0,3.0,3,2,3,3,2,3,3,3,2,3,3,3,2,2,3,3,3,2,3,3,3,3,3,2,2,2,1,2,2,1,2,1,2,2,2,1,2,1,2,1,2,1,2,2,2,2,2,1,3,3,1,2,3,3,3,1,3,3,1.654,1.704,1.654,1.654,1.654,1.529,1.679,1.654,Reasonably age-friendly,Less age-friendly,Less age-friendly,Less age-friendly,Reasonably age-friendly,Reasonably age-friendly,Less age-friendly,Less age-friendly,Less age-friendly,Reasonably age-friendly,Less age-friendly,residential,31.799,569:0,0,325,324,31.799,0
570,1.87,1.0,1.87,3,1.5,1.0,3,3,2,1.5,1,1,2,1,1,1,2,1,3,2.059,2.084,3.0,3.0,2.0,3.0,3,1,3,3,1,1,3,3,1,3,3,2,1,1,3,3,2,1,3,3,3,3,3,2,2,2,1,2,2,1,2,1,2,2,2,1,2,1,2,1,2,1,2,2,2,2,2,1,3,3,3,3,3,3,3,3,2,3,1.984,2.034,1.984,1.984,1.984,2.009,1.909,1.984,Reasonably age-friendly,Reasonably age-friendly,Reasonably age-friendly,Reasonably age-friendly,Reasonably age-friendly,Reasonably age-friendly,Reasonably age-friendly,Reasonably age-friendly,Less age-friendly,Reasonably age-friendly,Less age-friendly,residential,45.414,570:0,0,319,418,45.414,0
571,2.03,1.0,2.03,3,1.5,1.0,3,3,2,1.0,2,1,2,1,1,1,3,1,3,2.171,2.196,3.0,3.0,2.0,3.0,3,1,3,3,1,1,3,3,1,3,3,2,1,1,3,3,2,1,3,3,3,3,3,2,2,2,1,2,2,1,2,1,2,2,2,1,2,1,2,1,2,1,2,2,2,2,2,1,3,3,3,3,1,3,3,3,3,3,2.096,2.146,2.096,2.096,2.096,2.121,2.121,2.096,Reasonably age-friendly,Less age-friendly,Less age-friendly,Less age-friendly,Reasonably age-friendly,Reasonably age-friendly,Less age-friendly,Less age-friendly,Less age-friendly,Reasonably age-friendly,Less age-friendly,residential,24.424,571:0,0,323,418,24.424,0
572,1.95,1.0,1.95,3,1.5,1.0,3,3,2,1.0,1,1,2,1,1,1,3,1,3,2.115,2.14,3.0,3.0,2.0,3.0,3,1,3,3,1,1,3,3,1,3,3,2,1,1,3,3,2,1,3,3,3,3,3,2,2,2,1,2,2,1,2,1,2,2,2,1,2,1,2,1,2,1,2,2,2,2,2,1,3,3,3,3,3,3,2,2,3,3,2.04,2.09,2.04,1.94,2.04,1.965,2.065,2.04,Reasonably age-friendly,Less age-friendly,Less age-friendly,Less age-friendly,Reasonably age-friendly,Reasonably age-friendly,Less age-friendly,Less age-friendly,Less age-friendly,Reasonably age-friendly,Less age-friendly,residential,23.852,572:0,0,418,419,23.852,0
573,1.83,1.0,1.83,2,1.5,1.0,3,3,2,1.0,2,1,2,1,1,1,2,2,2,2.081,2.006,3.0,3.0,2.0,3.0,3,1,3,3,1,2,2,3,1,3,3,2,1,1,3,3,2,1,3,3,3,3,3,2,2,2,1,2,2,1,2,1,2,2,2,1,2,1,2,1,2,1,2,2,2,2,2,1,3,3,3,3,3,3,3,3,3,3,1.956,2.006,1.956,1.956,1.956,2.031,1.931,1.956,Reasonably age-friendly,Reasonably age-friendly,Reasonably age-friendly,Reasonably age-friendly,Reasonably age-friendly,Reasonably age-friendly,Reasonably age-friendly,Reasonably age-friendly,Reasonably age-friendly,Reasonably age-friendly,Less age-friendly,residential,58.219,573:0,0,419,317,58.219,0
574,1.95,1.0,1.95,3,1.5,1.0,3,3,2,1.0,1,1,2,1,1,1,3,2,3,2.165,2.14,3.0,3.0,2.0,3.0,3,2,3,3,2,2,3,3,1,3,3,2,1,1,3,3,2,1,3,3,3,3,3,2,2,2,1,2,2,1,2,1,2,2,2,1,2,1,2,1,2,1,2,2,2,2,2,1,3,3,3,3,3,1,2,2,3,1,1.84,2.14,1.84,1.99,1.84,2.015,2.065,1.84,Reasonably age-friendly,Less age-friendly,Less age-friendly,Less age-friendly,Reasonably age-friendly,Reasonably age-friendly,Less age-friendly,Less age-friendly,Less age-friendly,Reasonably age-friendly,Less age-friendly,residential,32.238,574:0,0,419,276,32.238,0
575,1.99,1.5,1.327,3,1.5,1.0,3,3,2,3.0,1,1,2,1,2,1,2,1,2,1.679,1.654,3.0,3.0,2.0,3.0,3,1,3,3,1,1,2,3,1,3,3,2,1,1,3,3,2,1,3,3,3,3,3,2,2,2,1,2,2,1,2,1,2,2,2,1,2,1,2,1,2,1,2,2,2,2,2,1,3,3,3,3,3,3,3,3,3,3,1.604,1.654,1.604,1.604,1.604,1.629,1.579,1.604,Reasonably age-friendly,Less age-friendly,Less age-friendly,Less age-friendly,Reasonably age-friendly,Reasonably age-friendly,Less age-friendly,Less age-friendly,Less age-friendly,Reasonably age-friendly,Less age-friendly,residential,87.084,575:0,0,238,420,87.084,0
576,1.99,1.5,1.327,3,1.5,1.0,3,3,2,3.0,1,1,2,1,2,1,2,1,3,1.679,1.704,3.0,3.0,2.0,3.0,3,1,3,3,1,1,3,3,1,3,3,2,1,1,3,3,2,1,3,3,3,3,3,2,2,2,1,2,2,1,2,1,2,2,2,1,2,1,2,1,2,1,2,2,2,2,2,1,3,3,3,3,3,3,3,3,3,3,1.604,1.654,1.604,1.604,1.604,1.629,1.629,1.604,Reasonably age-friendly,Less age-friendly,Less age-friendly,Less age-friendly,Reasonably age-friendly,Reasonably age-friendly,Less age-friendly,Less age-friendly,Less age-friendly,Reasonably age-friendly,Less age-friendly,residential,12.654,576:0,0,420,228,12.654,0
577,1.83,1.5,1.22,2,1.5,1.0,3,3,2,2.0,1,1,1,1,2,1,2,1,3,1.604,1.579,3.0,3.0,2.0,3.0,3,2,3,3,2,1,3,3,1,3,3,1,1,1,3,3,1,1,3,3,3,3,3,2,2,2,1,2,2,1,2,1,2,2,2,1,2,1,2,1,2,1,2,2,2,2,2,1,3,3,3,3,3,3,3,3,3,3,1.529,1.629,1.529,1.579,1.529,1.554,1.504,1.529,Reasonably age-friendly,Less age-friendly,Less age-friendly,Less age-friendly,Reasonably age-friendly,Reasonably age-friendly,Less age-friendly,Less age-friendly,Less age-friendly,Reasonably age-friendly,Less age-friendly,residential,71.265,577:0,0,420,421,71.265,0
578,1.43,1.5,0.953,1,1.5,1.0,1,3,2,1.0,1,1,1,1,2,1,2,1,2,1.417,1.342,3.0,3.0,2.0,3.0,3,1,3,3,1,1,2,3,1,3,3,1,1,1,3,3,1,1,3,3,3,3,3,2,2,2,1,2,2,1,2,1,2,2,2,1,2,1,2,1,2,1,2,2,2,2,2,1,3,3,3,3,3,3,3,3,3,3,1.342,1.392,1.342,1.342,1.342,1.367,1.267,1.342,Reasonably age-friendly,Less age-friendly,Less age-friendly,Less age-friendly,Reasonably age-friendly,Reasonably age-friendly,Less age-friendly,Less age-friendly,Less age-friendly,Reasonably age-friendly,Less age-friendly,residential,63.279,578:0,0,421,422,63.279,0
579,1.91,1.0,1.91,3,1.5,1.0,3,3,2,2.0,1,1,3,1,1,1,2,1,3,2.087,2.162,3.0,3.0,2.0,3.0,3,1,3,3,1,1,3,3,2,3,3,3,2,2,3,3,3,2,3,3,3,3,3,2,2,2,1,2,2,1,2,1,2,2,2,1,2,1,2,1,2,1,2,2,2,2,2,1,3,3,3,3,3,3,2,2,1,3,2.062,2.062,2.062,1.912,2.062,1.937,1.887,2.062,Reasonably age-friendly,Reasonably age-friendly,Reasonably age-friendly,Reasonably age-friendly,Reasonably age-friendly,Reasonably age-friendly,Less age-friendly,Less age-friendly,Less age-friendly,Reasonably age-friendly,Less age-friendly,residential,29.16,579:0,0,228,423,29.16,0
580,1.75,2.0,0.875,2,1.5,1.0,3,3,2,1.0,1,1,2,1,3,1,2,1,1,1.363,1.288,3.0,3.0,2.0,3.0,3,1,3,3,1,1,1,3,1,3,3,2,1,1,3,3,2,1,3,3,3,3,3,2,2,2,1,2,2,1,2,1,2,2,2,1,2,1,2,1,2,1,2,2,2,2,2,1,3,3,3,3,3,3,3,3,3,3,1.287,1.338,1.287,1.288,1.287,1.313,1.213,1.287,Reasonably age-friendly,Less age-friendly,Less age-friendly,Less age-friendly,Reasonably age-friendly,Reasonably age-friendly,Less age-friendly,Less age-friendly,Less age-friendly,Reasonably age-friendly,Less age-friendly,residential,30.185,580:0,0,423,424,30.185,0
581,1.83,1.0,1.83,3,1.5,1.0,3,3,2,1.0,1,1,2,1,1,1,2,1,1,2.031,1.956,3.0,3.0,2.0,3.0,3,1,3,3,1,1,1,3,1,3,3,2,1,1,3,3,2,1,3,3,3,3,3,2,2,2,1,2,2,1,2,1,2,2,2,1,2,1,2,1,2,1,2,2,2,2,2,1,3,3,3,3,3,3,3,3,3,3,1.956,2.006,1.956,1.956,1.956,1.981,1.881,1.956,Reasonably age-friendly,Reasonably age-friendly,Reasonably age-friendly,Reasonably age-friendly,Reasonably age-friendly,Reasonably age-friendly,Reasonably age-friendly,Reasonably age-friendly,Less age-friendly,Reasonably age-friendly,Less age-friendly,residential,44.261,581:0,0,424,425,44.261,0
582,1.83,1.5,1.22,3,1.5,1.0,3,3,2,1.0,1,1,2,1,2,1,2,1,1,1.604,1.529,3.0,3.0,2.0,3.0,3,1,3,3,1,1,1,3,1,3,3,2,1,1,3,3,2,1,3,3,3,3,3,2,2,2,1,2,2,1,2,1,2,2,2,1,2,1,2,1,2,1,2,2,2,2,2,1,3,3,3,3,3,3,3,3,3,3,1.529,1.579,1.529,1.529,1.529,1.554,1.454,1.529,Reasonably age-friendly,Less age-friendly,Less age-friendly,Less age-friendly,Reasonably age-friendly,Reasonably age-friendly,Less age-friendly,Less age-friendly,Less age-friendly,Reasonably age-friendly,Less age-friendly,residential,23.729,582:0,0,425,426,23.729,0
583,1.75,1.0,1.75,1,1.5,1.0,3,3,2,1.0,2,1,2,1,1,1,2,1,2,1.875,1.95,3.0,3.0,2.0,3.0,3,1,3,3,1,1,2,3,1,3,3,2,1,1,3,3,2,1,3,3,3,3,3,2,2,2,1,2,2,1,2,1,2,2,2,1,2,1,2,1,2,1,2,2,2,2,2,1,3,3,2,3,3,3,3,3,3,3,1.9,1.95,1.9,1.9,1.9,1.925,1.875,1.9,Reasonably age-friendly,Reasonably age-friendly,Less age-friendly,Reasonably age-friendly,Reasonably age-friendly,Reasonably age-friendly,Less age-friendly,Reasonably age-friendly,Less age-friendly,Reasonably age-friendly,Less age-friendly,residential,24.159,583:0,0,426,427,24.159,0
584,1.83,1.0,1.83,3,1.5,1.0,3,3,2,1.0,1,1,2,1,1,1,2,1,2,2.031,2.006,3.0,3.0,2.0,3.0,3,1,3,3,1,1,2,3,1,3,3,2,1,1,3,3,2,1,3,3,3,3,3,2,2,2,1,2,2,1,2,1,2,2,2,1,2,1,2,1,2,1,2,2,2,2,2,1,3,3,3,3,3,3,3,3,3,3,1.956,2.006,1.956,1.956,1.956,1.981,1.931,1.956,Reasonably age-friendly,Reasonably age-friendly,Reasonably age-friendly,Reasonably age-friendly,Reasonably age-friendly,Reasonably age-friendly,Reasonably age-friendly,Reasonably age-friendly,Reasonably age-friendly,Reasonably age-friendly,Less age-friendly,residential,26.923,584:0,0,426,428,26.923,0
585,1.95,1.5,1.3,3,1.5,1.0,3,3,2,1.0,1,1,2,2,2,1,2,1,1,1.66,1.585,3.0,3.0,2.0,3.0,3,1,3,3,1,1,1,3,1,3,3,2,1,1,3,3,2,1,3,3,3,3,3,2,2,2,1,2,2,1,2,1,2,2,2,1,2,1,2,1,2,1,2,2,2,2,2,1,3,3,3,3,3,3,3,3,3,3,1.585,1.635,1.585,1.585,1.585,1.61,1.51,1.585,Reasonably age-friendly,Less age-friendly,Less age-friendly,Less age-friendly,Reasonably age-friendly,Reasonably age-friendly,Less age-friendly,Less age-friendly,Less age-friendly,Reasonably age-friendly,Less age-friendly,residential,30.242,585:0,0,425,429,30.242,0
586,1.91,1.0,1.91,3,1.5,1.0,3,3,2,2.0,1,1,2,1,1,1,2,1,2,2.087,2.062,3.0,3.0,2.0,3.0,3,1,3,3,1,1,2,3,1,3,3,2,1,1,3,3,2,1,3,3,3,3,3,2,2,2,1,2,2,1,2,1,2,2,2,1,2,1,2,1,2,1,2,2,2,2,2,1,3,3,3,3,3,3,3,2,3,3,2.012,2.062,2.012,2.012,2.012,1.937,1.987,2.012,Reasonably age-friendly,Less age-friendly,Less age-friendly,Less age-friendly,Reasonably age-friendly,Reasonably age-friendly,Less age-friendly,Less age-friendly,Less age-friendly,Reasonably age-friendly,Less age-friendly,residential,43.748,586:0,0,429,423,43.748,0
587,1.99,1.0,1.99,3,1.5,1.0,3,3,2,3.0,1,1,2,1,1,1,2,1,2,1.943,2.118,3.0,3.0,2.0,3.0,3,1,3,3,1,1,2,3,1,3,3,2,1,1,3,3,2,1,3,3,3,3,3,2,2,2,1,2,2,1,2,1,2,2,2,1,2,1,2,1,2,1,2,2,2,2,2,1,3,3,1,3,3,3,3,1,3,2,1.968,2.118,1.968,2.068,1.968,1.893,2.043,1.968,Reasonably age-friendly,Reasonably age-friendly,Less age-friendly,Reasonably age-friendly,Reasonably age-friendly,Reasonably age-friendly,Reasonably age-friendly,Less age-friendly,Reasonably age-friendly,Reasonably age-friendly,Less age-friendly,residential,51.45,587:0,0,429,430,51.45,0
588,1.95,1.0,1.95,3,1.5,1.0,3,3,2,2.5,1,1,2,1,1,1,2,1,3,1.915,2.04,3.0,3.0,2.0,3.0,3,1,3,3,1,1,3,3,1,3,3,2,1,1,3,3,2,1,3,3,3,3,3,2,2,2,1,2,2,1,2,1,2,2,2,1,2,1,2,1,2,1,2,2,2,2,2,1,3,1,1,2,2,3,3,1,3,2,1.94,1.89,1.94,2.04,1.94,1.865,2.065,1.94,Reasonably age-friendly,Less age-friendly,Less age-friendly,Reasonably age-friendly,Reasonably age-friendly,Reasonably age-friendly,Reasonably age-friendly,Less age-friendly,Reasonably age-friendly,Reasonably age-friendly,Less age-friendly,residential,16.14,588:0,0,430,431,16.14,0
589,1.8,1.5,1.2,3,1.0,3.0,3,3,1,1.0,1,1,2,1,2,1,2,1,3,1.39,1.515,3.0,3.0,2.0,3.0,3,1,3,3,1,1,3,3,1,3,3,2,1,1,3,3,2,1,3,3,3,3,3,2,2,2,1,2,2,1,2,1,2,2,2,1,2,1,2,1,2,1,2,2,2,2,2,1,3,1,1,2,2,3,3,1,3,2,1.415,1.365,1.415,1.515,1.415,1.34,1.54,1.415,Reasonably age-friendly,Less age-friendly,Less age-friendly,Less age-friendly,Reasonably age-friendly,Reasonably age-friendly,Less age-friendly,Less age-friendly,Less age-friendly,Reasonably age-friendly,Less age-friendly,residential,7.485,589:0,0,14,430,7.485,0
590,1.44,1.5,0.96,3,1.0,1.0,2,3,1,1.0,1,1,3,1,2,1,1,1,3,1.222,1.397,3.0,3.0,2.0,3.0,3,1,3,3,1,1,3,3,2,3,3,3,2,2,3,3,3,2,3,3,3,3,3,2,2,2,1,2,2,1,2,1,2,2,2,1,2,1,2,1,2,1,2,2,2,2,2,1,3,1,1,2,3,3,3,1,3,2,1.297,1.197,1.297,1.347,1.297,1.172,1.422,1.297,Reasonably age-friendly,Less age-friendly,Less age-friendly,Less age-friendly,Reasonably age-friendly,Reasonably age-friendly,Less age-friendly,Less age-friendly,Less age-friendly,Reasonably age-friendly,Less age-friendly,residential,7.805,590:0,0,229,431,7.805,0
591,2.11,1.5,1.407,3,1.5,1.0,3,3,2,3.0,1,1,2,2,2,1,2,1,2,1.535,1.61,3.0,3.0,2.0,3.0,3,1,3,3,1,1,2,3,1,3,3,2,1,1,3,3,2,1,3,3,3,3,3,2,2,2,1,2,2,1,2,1,2,2,2,1,2,1,2,1,2,1,2,2,2,2,2,1,1,2,1,2,3,3,2,3,3,1,1.46,1.61,1.46,1.56,1.46,1.685,1.635,1.46,Reasonably age-friendly,Less age-friendly,Less age-friendly,Less age-friendly,Reasonably age-friendly,Reasonably age-friendly,Less age-friendly,Less age-friendly,Less age-friendly,Reasonably age-friendly,Less age-friendly,residential,83.857,591:0,0,431,231,83.857,0
592,2.25,1.0,2.25,3,3.0,2.5,2,1,3,1.5,3,2,3,2,1,1,2,3,3,2.425,2.4,3.0,3.0,2.0,3.0,3,2,3,3,2,3,3,3,2,3,3,3,2,2,3,3,3,2,3,3,3,3,3,2,2,2,1,2,2,1,2,1,2,2,2,1,2,1,2,1,2,1,2,2,2,2,2,1,1,3,3,3,3,3,2,3,3,3,2.3,2.35,2.3,2.2,2.3,2.375,2.325,2.3,Reasonably age-friendly,Reasonably age-friendly,Reasonably age-friendly,Reasonably age-friendly,Reasonably age-friendly,Reasonably age-friendly,Reasonably age-friendly,Reasonably age-friendly,Reasonably age-friendly,Reasonably age-friendly,Less age-friendly,residential,96.705,592:0,0,432,230,45.13668966448903,0
592,2.25,1.0,2.25,3,3.0,2.5,2,1,3,1.5,3,2,3,2,1,1,2,3,3,2.425,2.4,3.0,3.0,2.0,3.0,3,2,3,3,2,3,3,3,2,3,3,3,2,2,3,3,3,2,3,3,3,3,3,2,2,2,1,2,2,1,2,1,2,2,2,1,2,1,2,1,2,1,2,2,2,2,2,1,1,3,3,3,3,3,2,3,3,3,2.3,2.35,2.3,2.2,2.3,2.375,2.325,2.3,Reasonably age-friendly,Reasonably age-friendly,Reasonably age-friendly,Reasonably age-friendly,Reasonably age-friendly,Reasonably age-friendly,Reasonably age-friendly,Reasonably age-friendly,Reasonably age-friendly,Reasonably age-friendly,Less age-friendly,residential,96.705,592:1,1,7,432,51.565955923045735,0
593,1.95,2.0,0.975,3,1.5,1.0,3,3,2,1.0,1,1,2,1,3,1,3,1,3,1.433,1.458,3.0,3.0,2.0,3.0,3,1,3,3,1,1,3,3,1,3,3,2,1,1,3,3,2,1,3,3,3,3,3,2,2,2,1,2,2,1,2,1,2,2,2,1,2,1,2,1,2,1,2,2,2,2,2,1,3,3,3,3,3,3,3,3,3,3,1.358,1.408,1.358,1.358,1.358,1.383,1.383,1.358,Reasonably age-friendly,Less age-friendly,Less age-friendly,Less age-friendly,Reasonably age-friendly,Reasonably age-friendly,Less age-friendly,Less age-friendly,Less age-friendly,Reasonably age-friendly,Less age-friendly,residential,18.745,593:0,0,268,279,18.745,0
594,2.03,1.0,2.03,3,1.5,1.0,3,3,2,1.0,2,1,2,1,1,1,3,1,3,2.171,2.196,3.0,3.0,2.0,3.0,3,1,3,3,1,1,3,3,1,3,3,2,1,1,3,3,2,1,3,3,3,3,3,2,2,2,1,2,2,1,2,1,2,2,2,1,2,1,2,1,2,1,2,2,2,2,2,1,3,3,3,3,3,3,3,3,3,2,1.996,2.146,1.996,2.096,1.996,2.121,2.121,1.996,Reasonably age-friendly,Less age-friendly,Less age-friendly,Less age-friendly,Reasonably age-friendly,Reasonably age-friendly,Less age-friendly,Less age-friendly,Less age-friendly,Reasonably age-friendly,Less age-friendly,residential,46.955,594:0,0,263,267,46.955,0
595,1.91,1.0,1.91,3,1.5,1.0,3,3,2,1.0,2,1,2,1,1,1,2,1,3,2.087,2.112,3.0,3.0,2.0,3.0,3,1,3,3,1,1,3,3,1,3,3,2,1,1,3,3,2,1,3,3,3,3,3,2,2,2,1,2,2,1,2,1,2,2,2,1,2,1,2,1,2,1,2,2,2,2,2,1,3,3,3,3,3,3,3,3,3,3,2.012,2.062,2.012,2.012,2.012,2.037,2.037,2.012,Reasonably age-friendly,Reasonably age-friendly,Reasonably age-friendly,Reasonably age-friendly,Reasonably age-friendly,Reasonably age-friendly,Reasonably age-friendly,Reasonably age-friendly,Reasonably age-friendly,Reasonably age-friendly,Less age-friendly,residential,42.423,595:0,0,263,433,42.423,0
596,1.91,1.0,1.91,3,1.5,1.0,3,3,2,1.0,2,1,2,1,1,1,2,1,3,1.987,2.012,3.0,3.0,2.0,3.0,3,1,3,3,1,1,3,3,1,3,3,2,1,1,3,3,2,1,3,3,3,3,3,2,2,2,1,2,2,1,2,1,2,2,2,1,2,1,2,1,2,1,2,2,2,2,2,1,3,3,2,2,3,3,3,3,3,3,2.012,2.062,2.012,2.012,2.012,2.037,2.037,2.012,Reasonably age-friendly,Reasonably age-friendly,Reasonably age-friendly,Reasonably age-friendly,Reasonably age-friendly,Reasonably age-friendly,Reasonably age-friendly,Reasonably age-friendly,Reasonably age-friendly,Reasonably age-friendly,Less age-friendly,residential,47.244,596:0,0,264,268,47.244,0
597,2.03,1.0,2.03,3,1.5,1.0,3,3,2,1.0,2,1,1,1,1,1,3,1,3,2.171,2.146,3.0,3.0,2.0,3.0,3,1,3,3,1,1,3,3,1,3,3,1,1,1,3,3,1,1,3,3,3,3,3,2,2,2,1,2,2,1,2,1,2,2,2,1,2,1,2,1,2,1,2,2,2,2,2,1,3,3,3,3,3,3,3,3,2,2,1.996,2.146,1.996,2.096,1.996,2.121,1.971,1.996,Reasonably age-friendly,Less age-friendly,Less age-friendly,Less age-friendly,Reasonably age-friendly,Reasonably age-friendly,Less age-friendly,Less age-friendly,Less age-friendly,Reasonably age-friendly,Less age-friendly,residential,40.238,597:0,0,264,434,40.238,0
598,1.95,1.0,1.95,3,1.5,1.0,3,3,2,1.0,1,1,2,1,1,1,3,1,3,2.115,2.14,3.0,3.0,2.0,3.0,3,1,3,3,1,1,3,3,1,3,3,2,1,1,3,3,2,1,3,3,3,3,3,2,2,2,1,2,2,1,2,1,2,2,2,1,2,1,2,1,2,1,2,2,2,2,2,1,3,3,3,3,3,3,3,3,3,3,2.04,2.09,2.04,2.04,2.04,2.065,2.065,2.04,Reasonably age-friendly,Less age-friendly,Less age-friendly,Less age-friendly,Reasonably age-friendly,Reasonably age-friendly,Less age-friendly,Less age-friendly,Less age-friendly,Reasonably age-friendly,Less age-friendly,residential,45.104,598:0,0,265,269,45.104,0
599,1.76,2.0,0.88,3,2.5,1.5,1,2,2,3.0,1,1,2,1,2,2,2,3,2,1.466,1.341,3.0,3.0,2.0,3.0,3,3,3,3,3,3,2,3,1,3,3,2,1,1,3,3,2,1,3,3,3,3,3,2,2,2,1,2,2,1,2,1,2,2,2,1,2,1,2,1,2,1,2,2,2,2,2,1,1,3,3,3,3,3,3,3,3,3,1.291,1.441,1.291,1.391,1.291,1.416,1.266,1.291,Reasonably age-friendly,Less age-friendly,Less age-friendly,Less age-friendly,Reasonably age-friendly,Reasonably age-friendly,Less age-friendly,Less age-friendly,Less age-friendly,Reasonably age-friendly,Less age-friendly,residential,27.448,599:0,0,320,321,27.448,0
600,1.71,2.0,0.855,3,1.5,1.0,3,3,2,1.0,1,1,2,1,3,1,1,1,3,1.349,1.374,3.0,3.0,2.0,3.0,3,1,3,3,1,1,3,3,1,3,3,2,1,1,3,3,2,1,3,3,3,3,3,2,2,2,1,2,2,1,2,1,2,2,2,1,2,1,2,1,2,1,2,2,2,2,2,1,3,3,3,3,3,3,3,3,3,3,1.274,1.324,1.274,1.273,1.274,1.299,1.299,1.274,Reasonably age-friendly,Less age-friendly,Less age-friendly,Less age-friendly,Reasonably age-friendly,Reasonably age-friendly,Less age-friendly,Less age-friendly,Less age-friendly,Reasonably age-friendly,Less age-friendly,residential,83.781,600:0,0,272,435,83.781,0
601,1.75,1.5,1.167,2,1.5,1.0,3,3,2,1.0,1,1,2,1,2,1,2,1,3,1.567,1.592,3.0,3.0,2.0,3.0,3,1,3,3,1,1,3,3,1,3,3,2,1,1,3,3,2,1,3,3,3,3,3,2,2,2,1,2,2,1,2,1,2,2,2,1,2,1,2,1,2,1,2,2,2,2,2,1,3,3,3,3,3,3,3,3,3,3,1.492,1.542,1.492,1.492,1.492,1.517,1.517,1.492,Reasonably age-friendly,Less age-friendly,Less age-friendly,Less age-friendly,Reasonably age-friendly,Reasonably age-friendly,Less age-friendly,Less age-friendly,Less age-friendly,Reasonably age-friendly,Less age-friendly,residential,64.564,601:0,0,272,320,64.564,0
602,1.91,1.0,1.91,3,1.5,1.0,3,3,2,1.0,2,1,2,1,1,1,2,1,3,2.087,2.112,3.0,3.0,2.0,3.0,3,1,3,3,1,1,3,3,1,3,3,2,1,1,3,3,2,1,3,3,3,3,3,2,2,2,1,2,2,1,2,1,2,2,2,1,2,1,2,1,2,1,2,2,2,2,2,1,3,3,3,3,3,3,3,3,3,3,2.012,2.062,2.012,2.012,2.012,2.037,2.037,2.012,Reasonably age-friendly,Reasonably age-friendly,Reasonably age-friendly,Reasonably age-friendly,Reasonably age-friendly,Reasonably age-friendly,Reasonably age-friendly,Reasonably age-friendly,Reasonably age-friendly,Reasonably age-friendly,Less age-friendly,residential,39.328,602:0,0,275,323,39.328,0
603,2.04,1.5,1.36,3,1.0,3.0,3,3,1,1.0,1,1,2,2,2,1,3,1,3,1.702,1.727,3.0,3.0,2.0,3.0,3,1,3,3,1,1,3,3,1,3,3,2,1,1,3,3,2,1,3,3,3,3,3,2,2,2,1,2,2,1,2,1,2,2,2,1,2,1,2,1,2,1,2,2,2,2,2,1,1,3,3,3,3,1,2,2,3,1,1.427,1.677,1.427,1.527,1.427,1.552,1.652,1.427,Reasonably age-friendly,Less age-friendly,Less age-friendly,Less age-friendly,Reasonably age-friendly,Reasonably age-friendly,Less age-friendly,Less age-friendly,Less age-friendly,Reasonably age-friendly,Less age-friendly,residential,11.116,603:0,0,276,258,11.116,0
604,1.8,1.5,1.2,3,1.0,3.0,3,3,1,1.0,1,1,3,2,2,1,1,1,3,1.59,1.565,3.0,3.0,2.0,3.0,3,1,3,3,1,1,3,3,2,3,3,3,2,2,3,3,3,2,3,3,3,3,3,2,2,2,1,2,2,1,2,1,2,2,2,1,2,1,2,1,2,1,2,2,2,2,2,1,3,3,3,2,3,3,1,2,1,2,1.465,1.565,1.465,1.315,1.465,1.44,1.39,1.465,Reasonably age-friendly,Reasonably age-friendly,Reasonably age-friendly,Reasonably age-friendly,Reasonably age-friendly,Reasonably age-friendly,Less age-friendly,Less age-friendly,Less age-friendly,Reasonably age-friendly,Less age-friendly,residential,14.686,604:0,0,257,248,14.686,0
605,1.83,1.0,1.83,2,1.5,1.0,3,3,2,1.0,2,1,1,1,1,1,2,2,3,2.081,2.006,3.0,3.0,2.0,3.0,3,1,3,3,1,2,3,3,1,3,3,1,1,1,3,3,1,1,3,3,3,3,3,2,2,2,1,2,2,1,2,1,2,2,2,1,2,1,2,1,2,1,2,2,2,2,2,1,3,3,3,3,3,3,3,3,3,3,1.956,2.006,1.956,1.956,1.956,2.031,1.931,1.956,Reasonably age-friendly,Reasonably age-friendly,Reasonably age-friendly,Reasonably age-friendly,Reasonably age-friendly,Reasonably age-friendly,Reasonably age-friendly,Reasonably age-friendly,Reasonably age-friendly,Reasonably age-friendly,Less age-friendly,residential,50.207,605:0,0,260,436,50.207,0
606,1.91,1.5,1.273,3,1.5,1.0,3,3,2,1.0,2,1,2,1,2,1,2,2,2,1.691,1.616,3.0,3.0,2.0,3.0,3,1,3,3,1,2,2,3,1,3,3,2,1,1,3,3,2,1,3,3,3,3,3,2,2,2,1,2,2,1,2,1,2,2,2,1,2,1,2,1,2,1,2,2,2,2,2,1,3,1,3,3,3,3,2,2,3,3,1.566,1.416,1.566,1.466,1.566,1.541,1.541,1.566,Reasonably age-friendly,Less age-friendly,Less age-friendly,Less age-friendly,Reasonably age-friendly,Reasonably age-friendly,Less age-friendly,Less age-friendly,Less age-friendly,Reasonably age-friendly,Less age-friendly,residential,49.644,606:0,0,259,260,49.644,0
607,1.57,2.5,0.628,2,2.5,1.0,1,1,2,3.0,1,1,1,1,2,3,2,3,3,1.19,1.165,3.0,3.0,2.0,3.0,3,3,3,3,3,3,3,3,1,3,3,1,1,1,3,3,1,1,3,3,3,3,3,2,2,2,1,2,2,1,2,1,2,2,2,1,2,1,2,1,2,1,2,2,2,2,2,1,1,3,2,3,3,3,3,2,1,1,0.915,1.265,0.915,1.215,0.915,1.14,0.89,0.915,Less age-friendly,Less age-friendly,Less age-friendly,Less age-friendly,Less age-friendly,Less age-friendly,Less age-friendly,Less age-friendly,Less age-friendly,Less age-friendly,Less age-friendly,residential,42.522,607:0,0,252,255,42.522,0
608,2.4,2.0,1.2,3,3.0,3.0,3,3,3,3.0,2,1,2,1,3,1,2,2,1,1.54,1.315,3.0,3.0,2.0,3.0,3,1,3,3,1,2,1,3,1,3,3,2,1,1,3,3,2,1,3,3,3,3,3,2,2,2,1,2,2,1,2,1,2,2,2,1,2,1,2,1,2,1,2,2,2,2,2,1,3,1,2,1,3,3,3,3,3,3,1.515,1.365,1.515,1.515,1.515,1.59,1.44,1.515,Reasonably age-friendly,Less age-friendly,Less age-friendly,Less age-friendly,Reasonably age-friendly,Reasonably age-friendly,Less age-friendly,Less age-friendly,Less age-friendly,Reasonably age-friendly,Less age-friendly,residential,66.796,608:0,0,288,299,66.796,1
609,1.92,1.5,1.28,3,1.0,3.0,3,3,1,1.0,1,1,3,1,2,1,3,1,1,1.546,1.421,3.0,3.0,2.0,3.0,3,1,3,3,1,1,1,3,2,3,3,3,2,2,3,3,3,2,3,3,3,3,3,2,2,2,1,2,2,1,2,1,2,2,2,1,2,1,2,1,2,1,2,2,2,2,2,1,2,1,2,1,3,3,1,3,3,1,1.421,1.421,1.421,1.371,1.421,1.596,1.546,1.421,Reasonably age-friendly,Less age-friendly,Less age-friendly,Less age-friendly,Reasonably age-friendly,Reasonably age-friendly,Less age-friendly,Less age-friendly,Less age-friendly,Reasonably age-friendly,Less age-friendly,residential,11.446,609:0,0,293,288,11.446,1
610,1.92,1.5,1.28,3,1.0,3.0,3,3,1,1.0,1,1,3,1,2,1,3,1,2,1.546,1.471,3.0,3.0,2.0,3.0,3,1,3,3,1,1,2,3,2,3,3,3,2,2,3,3,3,2,3,3,3,3,3,2,2,2,1,2,2,1,2,1,2,2,2,1,2,1,2,1,2,1,2,2,2,2,2,1,2,1,2,1,3,3,1,3,3,1,1.421,1.421,1.421,1.371,1.421,1.596,1.596,1.421,Reasonably age-friendly,Less age-friendly,Less age-friendly,Less age-friendly,Reasonably age-friendly,Reasonably age-friendly,Less age-friendly,Less age-friendly,Less age-friendly,Reasonably age-friendly,Less age-friendly,residential,11.644,610:0,0,292,293,11.644,1
611,2.04,1.5,1.36,3,1.0,3.0,3,3,1,1.0,1,1,3,2,2,1,3,3,3,1.802,1.777,3.0,3.0,2.0,3.0,3,2,3,3,2,3,3,3,2,3,3,3,2,2,3,3,3,2,3,3,3,3,3,2,2,2,1,2,2,1,2,1,2,2,2,1,2,1,2,1,2,1,2,2,2,2,2,1,3,3,3,3,3,3,3,3,2,3,1.677,1.727,1.677,1.677,1.677,1.752,1.602,1.677,Reasonably age-friendly,Less age-friendly,Less age-friendly,Less age-friendly,Reasonably age-friendly,Reasonably age-friendly,Less age-friendly,Less age-friendly,Less age-friendly,Reasonably age-friendly,Less age-friendly,uncategorized,17.519,611:0,0,37,36,17.519,0
612,2.22,1.5,1.48,2,3.0,2.0,3,3,3,3.0,3,1,2,1,2,1,1,1,2,1.786,1.761,3.0,3.0,2.0,3.0,3,1,3,3,1,1,2,3,1,3,3,2,1,1,3,3,2,1,3,3,3,3,3,2,2,2,1,2,2,1,2,1,2,2,2,1,2,1,2,1,2,1,2,2,2,2,2,1,3,3,3,3,3,3,3,3,3,3,1.711,1.761,1.711,1.711,1.711,1.736,1.686,1.711,Reasonably age-friendly,Reasonably age-friendly,Reasonably age-friendly,Reasonably age-friendly,Reasonably age-friendly,Reasonably age-friendly,Reasonably age-friendly,Reasonably age-friendly,Reasonably age-friendly,Reasonably age-friendly,Less age-friendly,residential,10.243,612:0,0,209,398,10.243,0
614,1.96,1.0,1.96,3,1.0,1.0,3,3,2,3.0,1,1,3,1,1,1,2,1,3,2.122,2.197,3.0,3.0,2.0,3.0,3,1,3,3,1,1,3,3,2,3,3,3,2,2,3,3,3,2,3,3,3,3,3,2,2,2,1,2,2,1,2,1,2,2,2,1,2,1,2,1,2,1,2,2,2,2,2,1,3,3,3,3,3,2,3,3,3,3,2.097,2.097,2.097,2.047,2.097,2.072,2.122,2.097,Reasonably age-friendly,Reasonably age-friendly,Reasonably age-friendly,Reasonably age-friendly,Reasonably age-friendly,Reasonably age-friendly,Reasonably age-friendly,Reasonably age-friendly,Reasonably age-friendly,Reasonably age-friendly,Less age-friendly,residential,9.708,614:0,0,270,280,9.708,0
613,1.96,1.0,1.96,3,1.0,1.0,3,3,2,3.0,1,1,3,1,1,1,2,1,3,2.122,2.197,3.0,3.0,2.0,3.0,3,1,3,3,1,1,3,3,2,3,3,3,2,2,3,3,3,2,3,3,3,3,3,2,2,2,1,2,2,1,2,1,2,2,2,1,2,1,2,1,2,1,2,2,2,2,2,1,3,3,3,3,3,2,3,3,3,3,2.097,2.097,2.097,2.047,2.097,2.072,2.122,2.097,Reasonably age-friendly,Reasonably age-friendly,Reasonably age-friendly,Reasonably age-friendly,Reasonably age-friendly,Reasonably age-friendly,Reasonably age-friendly,Reasonably age-friendly,Reasonably age-friendly,Reasonably age-friendly,Less age-friendly,residential,8.959,613:0,0,271,281,8.959,0
615,2.28,1.5,1.52,3,1.0,3.0,3,3,1,3.0,2,1,2,3,2,1,2,2,3,1.864,1.639,3.0,3.0,2.0,3.0,3,3,3,3,3,2,3,3,1,3,3,2,1,1,3,3,2,1,3,3,3,3,3,2,2,2,1,2,2,1,2,1,2,2,2,1,2,1,2,1,2,1,2,2,2,2,2,1,3,3,3,1,3,3,3,3,3,3,1.739,1.889,1.739,1.839,1.739,1.814,1.764,1.739,Reasonably age-friendly,Reasonably age-friendly,Reasonably age-friendly,Less age-friendly,Reasonably age-friendly,Reasonably age-friendly,Less age-friendly,Less age-friendly,Less age-friendly,Reasonably age-friendly,Less age-friendly,campus,23.033,615:0,0,362,367,23.033,0
616,1.92,1.5,1.28,3,1.0,3.0,3,3,1,1.0,1,1,3,2,2,1,2,1,3,1.646,1.621,3.0,3.0,2.0,3.0,3,1,3,3,1,1,3,3,2,3,3,3,2,2,3,3,3,2,3,3,3,3,3,2,2,2,1,2,2,1,2,1,2,2,2,1,2,1,2,1,2,1,2,2,2,2,2,1,1,3,3,2,3,1,2,3,3,2,1.521,1.621,1.521,1.471,1.521,1.596,1.646,1.521,Reasonably age-friendly,Less age-friendly,Less age-friendly,Less age-friendly,Reasonably age-friendly,Reasonably age-friendly,Less age-friendly,Less age-friendly,Less age-friendly,Reasonably age-friendly,Less age-friendly,residential,19.321,616:0,0,236,193,19.321,0
230,2.18,1.0,2.18,2,3.0,2.0,3,3,3,1.5,3,2,1,1,1,1,1,3,2,2.376,2.201,3.0,3.0,2.0,3.0,3,2,3,3,2,3,2,3,1,3,3,1,1,1,3,3,1,1,3,3,3,3,3,2,2,2,1,2,2,1,2,1,2,2,2,1,2,1,2,1,2,1,2,2,2,2,2,1,3,3,3,3,3,3,3,3,3,3,2.201,2.301,2.201,2.251,2.201,2.326,2.126,2.201,Reasonably age-friendly,Reasonably age-friendly,Reasonably age-friendly,Reasonably age-friendly,Reasonably age-friendly,Reasonably age-friendly,Reasonably age-friendly,Reasonably age-friendly,Reasonably age-friendly,Reasonably age-friendly,Reasonably age-friendly,campus,71.544,230:0,0,44,383,71.544,0
440,1.95,1.0,1.95,3,1.5,1.0,3,3,3,1.0,1,1,3,1,1,1,2,1,1,2.115,2.09,3.0,3.0,2.0,3.0,3,1,3,3,1,1,1,3,2,3,3,3,2,2,3,3,3,2,3,3,3,3,3,2,2,2,1,2,2,1,2,1,2,2,2,1,2,1,2,1,2,1,2,2,2,2,2,1,3,3,3,3,3,3,3,3,3,3,2.09,2.09,2.09,2.04,2.09,2.065,2.015,2.09,Reasonably age-friendly,Reasonably age-friendly,Reasonably age-friendly,Reasonably age-friendly,Reasonably age-friendly,Reasonably age-friendly,Reasonably age-friendly,Reasonably age-friendly,Reasonably age-friendly,Reasonably age-friendly,Less age-friendly,hospital,30.006,440:0,0,361,437,30.006,0
617,1.8,1.5,1.2,3,1.0,3.0,3,3,1,1.0,1,1,3,1,2,1,2,1,1,1.59,1.565,3.0,3.0,2.0,3.0,3,1,3,3,1,1,1,3,2,3,3,3,2,2,3,3,3,2,3,3,3,3,3,2,2,2,1,2,2,1,2,1,2,2,2,1,2,1,2,1,2,1,2,2,2,2,2,1,3,3,3,3,3,3,3,3,3,3,1.565,1.565,1.565,1.515,1.565,1.54,1.49,1.565,Reasonably age-friendly,Less age-friendly,Less age-friendly,Less age-friendly,Reasonably age-friendly,Reasonably age-friendly,Less age-friendly,Less age-friendly,Less age-friendly,Reasonably age-friendly,Less age-friendly,hospital,6.604,617:0,0,359,361,6.604,0
155,2.2,1.5,1.467,3,1.0,3.0,3,3,1,3.0,1,1,3,2,2,1,3,1,3,1.777,1.852,3.0,3.0,2.0,3.0,3,1,3,3,1,1,3,3,2,3,3,3,2,2,3,3,3,2,3,3,3,3,3,2,2,2,1,2,2,1,2,1,2,2,2,1,2,1,2,1,2,1,2,2,2,2,2,1,3,3,3,3,3,1,2,3,3,3,1.752,1.752,1.752,1.602,1.752,1.727,1.777,1.752,Reasonably age-friendly,Less age-friendly,Less age-friendly,Less age-friendly,Reasonably age-friendly,Reasonably age-friendly,Less age-friendly,Less age-friendly,Less age-friendly,Reasonably age-friendly,Less age-friendly,hospital,16.061,155:0,0,113,114,16.061,0
101,2.03,1.0,2.03,2,3.0,1.5,3,3,2,1.0,3,1,2,1,1,1,2,3,3,2.271,2.196,3.0,3.0,2.0,3.0,3,2,3,3,2,3,3,3,1,3,3,2,1,1,3,3,2,1,3,3,3,3,3,2,2,2,1,2,2,1,2,1,2,2,2,1,2,1,2,1,2,1,2,2,2,2,2,1,3,3,3,3,3,3,3,3,3,3,2.096,2.196,2.096,2.146,2.096,2.221,2.121,2.096,Reasonably age-friendly,Reasonably age-friendly,Reasonably age-friendly,Reasonably age-friendly,Reasonably age-friendly,Reasonably age-friendly,Reasonably age-friendly,Reasonably age-friendly,Reasonably age-friendly,Reasonably age-friendly,Less age-friendly,residential,31.752,101:0,0,79,438,31.752,0
103,2.31,1.0,2.31,2,3.0,1.5,3,3,2,3.0,3,1,2,1,1,1,3,3,3,2.467,2.392,3.0,3.0,2.0,3.0,3,2,3,3,2,3,3,3,1,3,3,2,1,1,3,3,2,1,3,3,3,3,3,2,2,2,1,2,2,1,2,1,2,2,2,1,2,1,2,1,2,1,2,2,2,2,2,1,3,3,3,3,3,3,3,1,3,3,2.292,2.392,2.292,2.342,2.292,2.217,2.317,2.292,Reasonably age-friendly,Reasonably age-friendly,Reasonably age-friendly,Reasonably age-friendly,Reasonably age-friendly,Reasonably age-friendly,Reasonably age-friendly,Less age-friendly,Reasonably age-friendly,Reasonably age-friendly,Less age-friendly,residential,91.438,103:0,0,438,81,91.438,0
111,2.15,1.5,1.433,1,3.0,1.5,3,3,2,3.0,2,1,2,1,2,1,3,3,3,1.753,1.778,3.0,3.0,2.0,3.0,3,1,3,3,1,3,3,3,1,3,3,2,1,1,3,3,2,1,3,3,3,3,3,2,2,2,1,2,2,1,2,1,2,2,2,1,2,1,2,1,2,1,2,2,2,2,2,1,3,3,2,3,3,3,3,3,3,3,1.678,1.728,1.678,1.678,1.678,1.803,1.703,1.678,Reasonably age-friendly,Less age-friendly,Less age-friendly,Less age-friendly,Reasonably age-friendly,Reasonably age-friendly,Less age-friendly,Less age-friendly,Less age-friendly,Reasonably age-friendly,Less age-friendly,residential,99.715,111:0,0,83,87,99.715,0
122,2.03,1.5,1.353,1,3.0,1.5,3,3,2,3.0,2,1,2,1,2,1,2,3,3,1.797,1.622,3.0,3.0,2.0,3.0,3,2,3,3,2,3,3,3,1,3,3,2,1,1,3,3,2,1,3,3,3,3,3,2,2,2,1,2,2,1,2,1,2,2,2,1,2,1,2,1,2,1,2,2,2,2,2,1,3,2,3,2,3,3,3,3,2,1,1.422,1.622,1.422,1.672,1.422,1.747,1.547,1.422,Reasonably age-friendly,Less age-friendly,Reasonably age-friendly,Less age-friendly,Reasonably age-friendly,Reasonably age-friendly,Less age-friendly,Reasonably age-friendly,Less age-friendly,Reasonably age-friendly,Less age-friendly,residential,108.011,122:0,0,439,102,42.94446249477233,0
122,2.03,1.5,1.353,1,3.0,1.5,3,3,2,3.0,2,1,2,1,2,1,2,3,3,1.797,1.622,3.0,3.0,2.0,3.0,3,2,3,3,2,3,3,3,1,3,3,2,1,1,3,3,2,1,3,3,3,3,3,2,2,2,1,2,2,1,2,1,2,2,2,1,2,1,2,1,2,1,2,2,2,2,2,1,3,2,3,2,3,3,3,3,2,1,1.422,1.622,1.422,1.672,1.422,1.747,1.547,1.422,Reasonably age-friendly,Less age-friendly,Reasonably age-friendly,Less age-friendly,Reasonably age-friendly,Reasonably age-friendly,Less age-friendly,Reasonably age-friendly,Less age-friendly,Reasonably age-friendly,Less age-friendly,residential,108.011,122:1,1,92,439,65.06426658443515,0
125,2.15,1.5,1.433,1,3.0,1.5,3,3,2,3.0,2,1,2,1,2,1,3,3,3,1.853,1.678,3.0,3.0,2.0,3.0,3,3,3,3,3,3,3,3,1,3,3,2,1,1,3,3,2,1,3,3,3,3,3,2,2,2,1,2,2,1,2,1,2,2,2,1,2,1,2,1,2,1,2,2,2,2,2,1,3,3,3,2,3,3,3,3,3,1,1.478,1.828,1.478,1.778,1.478,1.803,1.703,1.478,Reasonably age-friendly,Less age-friendly,Less age-friendly,Less age-friendly,Reasonably age-friendly,Reasonably age-friendly,Less age-friendly,Less age-friendly,Less age-friendly,Reasonably age-friendly,Less age-friendly,residential,146.674,125:0,0,102,101,146.674,0
127,2.26,1.0,2.26,3,3.0,2.0,3,3,3,1.5,1,1,3,1,1,1,3,1,1,2.332,2.207,3.0,3.0,2.0,3.0,3,1,3,3,1,1,1,3,2,3,3,3,2,2,3,3,3,2,3,3,3,3,3,2,2,2,1,2,2,1,2,1,2,2,2,1,2,1,2,1,2,1,2,2,2,2,2,1,3,2,3,2,3,3,3,3,3,3,2.307,2.207,2.307,2.257,2.307,2.282,2.232,2.307,Reasonably age-friendly,Less age-friendly,Reasonably age-friendly,Less age-friendly,Reasonably age-friendly,Reasonably age-friendly,Less age-friendly,Less age-friendly,Less age-friendly,Reasonably age-friendly,Less age-friendly,residential,46.543,127:0,0,101,440,46.543,0
129,1.95,1.0,1.95,2,3.0,1.5,3,3,2,2.0,1,1,3,1,1,1,2,1,2,2.115,2.04,3.0,3.0,2.0,3.0,3,1,3,3,1,1,2,3,2,3,3,3,2,2,3,3,3,2,3,3,3,3,3,2,2,2,1,2,2,1,2,1,2,2,2,1,2,1,2,1,2,1,2,2,2,2,2,1,2,2,3,2,3,3,3,3,3,3,2.09,1.99,2.09,2.04,2.09,2.065,2.065,2.09,Reasonably age-friendly,Reasonably age-friendly,Reasonably age-friendly,Reasonably age-friendly,Reasonably age-friendly,Reasonably age-friendly,Reasonably age-friendly,Reasonably age-friendly,Reasonably age-friendly,Reasonably age-friendly,Less age-friendly,residential,49.914,129:0,0,440,94,49.914,0
619,1.96,2.0,0.98,3,1.0,3.0,2,2,1,1.0,1,1,3,3,2,2,3,2,3,1.486,1.511,3.0,3.0,2.0,3.0,3,3,3,3,3,2,3,3,2,3,3,3,2,2,3,3,3,2,3,3,3,3,3,2,2,2,1,2,2,1,2,1,2,2,2,1,2,1,2,1,2,1,2,2,2,2,2,1,3,2,3,3,3,3,3,3,1,3,1.411,1.411,1.411,1.461,1.411,1.436,1.236,1.411,Reasonably age-friendly,Less age-friendly,Less age-friendly,Less age-friendly,Reasonably age-friendly,Reasonably age-friendly,Less age-friendly,Less age-friendly,Less age-friendly,Reasonably age-friendly,Less age-friendly,residential,21.523,619:0,0,25,26,21.523,0
620,1.96,2.0,0.98,3,1.0,3.0,2,2,1,1.0,1,1,3,3,2,2,3,2,2,1.486,1.461,3.0,3.0,2.0,3.0,3,3,3,3,3,2,2,3,2,3,3,3,2,2,3,3,3,2,3,3,3,3,3,2,2,2,1,2,2,1,2,1,2,2,2,1,2,1,2,1,2,1,2,2,2,2,2,1,3,2,3,3,3,3,3,3,1,3,1.411,1.411,1.411,1.461,1.411,1.436,1.186,1.411,Reasonably age-friendly,Less age-friendly,Less age-friendly,Less age-friendly,Reasonably age-friendly,Reasonably age-friendly,Less age-friendly,Less age-friendly,Less age-friendly,Reasonably age-friendly,Less age-friendly,residential,16.497,620:0,0,238,26,16.497,0
621,1.92,1.5,1.28,3,1.0,3.0,3,3,1,1.0,1,1,3,2,2,1,2,1,2,1.646,1.571,3.0,3.0,2.0,3.0,3,1,3,3,1,1,2,3,2,3,3,3,2,2,3,3,3,2,3,3,3,3,3,2,2,2,1,2,2,1,2,1,2,2,2,1,2,1,2,1,2,1,2,2,2,2,2,1,1,2,3,2,3,3,1,2,2,2,1.521,1.521,1.521,1.371,1.521,1.496,1.496,1.521,Reasonably age-friendly,Less age-friendly,Less age-friendly,Less age-friendly,Reasonably age-friendly,Reasonably age-friendly,Less age-friendly,Less age-friendly,Less age-friendly,Reasonably age-friendly,Less age-friendly,residential,23.085,621:0,0,203,35,23.085,0
622,2.25,1.0,2.25,3,3.0,2.5,2,3,3,3.0,2,1,2,1,1,1,2,2,3,2.375,2.35,3.0,3.0,2.0,3.0,3,2,3,3,2,2,3,3,1,3,3,2,1,1,3,3,2,1,3,3,3,3,3,2,2,2,1,2,2,1,2,1,2,2,2,1,2,1,2,1,2,1,2,2,2,2,2,1,3,3,3,3,3,3,3,3,3,3,2.25,2.35,2.25,2.3,2.25,2.325,2.275,2.25,Reasonably age-friendly,Reasonably age-friendly,Reasonably age-friendly,Reasonably age-friendly,Reasonably age-friendly,Reasonably age-friendly,Reasonably age-friendly,Reasonably age-friendly,Reasonably age-friendly,Reasonably age-friendly,Less age-friendly,hospital,74.131,622:0,0,329,114,74.131,0
623,1.96,1.5,1.307,3,1.0,3.0,2,2,1,3.0,2,1,2,1,1,2,3,3,3,1.765,1.69,3.0,3.0,2.0,3.0,3,2,3,3,2,3,3,3,1,3,3,2,1,1,3,3,2,1,3,3,3,3,3,2,2,2,1,2,2,1,2,1,2,2,2,1,2,1,2,1,2,1,2,2,2,2,2,1,3,3,3,3,3,3,3,3,3,3,1.59,1.69,1.59,1.64,1.59,1.715,1.615,1.59,Reasonably age-friendly,Less age-friendly,Less age-friendly,Less age-friendly,Reasonably age-friendly,Reasonably age-friendly,Less age-friendly,Less age-friendly,Less age-friendly,Reasonably age-friendly,Less age-friendly,campus,28.791,623:0,0,330,339,28.791,0
