mode,scenario_name,distance_label,target_distance_m,straight_line_distance_m,source_node,target_node,walkability_field,day_type,hour,seed_index,seed,steps,replicas,slices,config_file,output_dir,log_file,duration_sec,return_code
baseline_plus_block_move,d0400_dynwd05,d0400,400,399.89096238073773,24,318,dynwd05,weekday,05,0,42,200,32,20,/Users/tsun-yuanku/local/qa_course_platform_github_pages/SQA_Algorithm/outputs/path_routing/benchmarks/formal_modes_suite_01/configs/baseline_plus_block_move/d0400_dynwd05.yaml,/Users/tsun-yuanku/local/qa_course_platform_github_pages/SQA_Algorithm/outputs/path_routing/benchmarks/formal_modes_suite_01/runs/baseline_plus_block_move/d0400_dynwd05/seed_042,/Users/tsun-yuanku/local/qa_course_platform_github_pages/SQA_Algorithm/outputs/path_routing/benchmarks/formal_modes_suite_01/logs/baseline_plus_block_move/d0400_dynwd05__seed_042.log,32.894,0
baseline_plus_block_move,d0400_dynwd05,d0400,400,399.89096238073773,24,318,dynwd05,weekday,05,1,43,200,32,20,/Users/tsun-yuanku/local/qa_course_platform_github_pages/SQA_Algorithm/outputs/path_routing/benchmarks/formal_modes_suite_01/configs/baseline_plus_block_move/d0400_dynwd05.yaml,/Users/tsun-yuanku/local/qa_course_platform_github_pages/SQA_Algorithm/outputs/path_routing/benchmarks/formal_modes_suite_01/runs/baseline_plus_block_move/d0400_dynwd05/seed_043,/Users/tsun-yuanku/local/qa_course_platform_github_pages/SQA_Algorithm/outputs/path_routing/benchmarks/formal_modes_suite_01/logs/baseline_plus_block_move/d0400_dynwd05__seed_043.log,32.826,0
baseline_plus_block_move,d0400_dynwd05,d0400,400,399.89096238073773,24,318,dynwd05,weekday,05,2,44,200,32,20,/Users/tsun-yuanku/local/qa_course_platform_github_pages/SQA_Algorithm/outputs/path_routing/benchmarks/formal_modes_suite_01/configs/baseline_plus_block_move/d0400_dynwd05.yaml,/Users/tsun-yuanku/local/qa_course_platform_github_pages/SQA_Algorithm/outputs/path_routing/benchmarks/formal_modes_suite_01/runs/baseline_plus_block_move/d0400_dynwd05/seed_044,/Users/tsun-yuanku/local/qa_course_platform_github_pages/SQA_Algorithm/outputs/path_routing/benchmarks/formal_modes_suite_01/logs/baseline_plus_block_move/d0400_dynwd05__seed_044.log,32.576,0
baseline_plus_block_move,d0400_dynwd05,d0400,400,399.89096238073773,24,318,dynwd05,weekday,05,3,45,200,32,20,/Users/tsun-yuanku/local/qa_course_platform_github_pages/SQA_Algorithm/outputs/path_routing/benchmarks/formal_modes_suite_01/configs/baseline_plus_block_move/d0400_dynwd05.yaml,/Users/tsun-yuanku/local/qa_course_platform_github_pages/SQA_Algorithm/outputs/path_routing/benchmarks/formal_modes_suite_01/runs/baseline_plus_block_move/d0400_dynwd05/seed_045,/Users/tsun-yuanku/local/qa_course_platform_github_pages/SQA_Algorithm/outputs/path_routing/benchmarks/formal_modes_suite_01/logs/baseline_plus_block_move/d0400_dynwd05__seed_045.log,32.526,0
baseline_plus_block_move,d0400_dynwd05,d0400,400,399.89096238073773,24,318,dynwd05,weekday,05,4,46,200,32,20,/Users/tsun-yuanku/local/qa_course_platform_github_pages/SQA_Algorithm/outputs/path_routing/benchmarks/formal_modes_suite_01/configs/baseline_plus_block_move/d0400_dynwd05.yaml,/Users/tsun-yuanku/local/qa_course_platform_github_pages/SQA_Algorithm/outputs/path_routing/benchmarks/formal_modes_suite_01/runs/baseline_plus_block_move/d0400_dynwd05/seed_046,/Users/tsun-yuanku/local/qa_course_platform_github_pages/SQA_Algorithm/outputs/path_routing/benchmarks/formal_modes_suite_01/logs/baseline_plus_block_move/d0400_dynwd05__seed_046.log,32.253,0
baseline_plus_block_move,d0400_dynwd08,d0400,400,399.89096238073773,24,318,dynwd08,weekday,08,0,42,200,32,20,/Users/tsun-yuanku/local/qa_course_platform_github_pages/SQA_Algorithm/outputs/path_routing/benchmarks/formal_modes_suite_01/configs/baseline_plus_block_move/d0400_dynwd08.yaml,/Users/tsun-yuanku/local/qa_course_platform_github_pages/SQA_Algorithm/outputs/path_routing/benchmarks/formal_modes_suite_01/runs/baseline_plus_block_move/d0400_dynwd08/seed_042,/Users/tsun-yuanku/local/qa_course_platform_github_pages/SQA_Algorithm/outputs/path_routing/benchmarks/formal_modes_suite_01/logs/baseline_plus_block_move/d0400_dynwd08__seed_042.log,32.359,0
baseline_plus_block_move,d0400_dynwd08,d0400,400,399.89096238073773,24,318,dynwd08,weekday,08,1,43,200,32,20,/Users/tsun-yuanku/local/qa_course_platform_github_pages/SQA_Algorithm/outputs/path_routing/benchmarks/formal_modes_suite_01/configs/baseline_plus_block_move/d0400_dynwd08.yaml,/Users/tsun-yuanku/local/qa_course_platform_github_pages/SQA_Algorithm/outputs/path_routing/benchmarks/formal_modes_suite_01/runs/baseline_plus_block_move/d0400_dynwd08/seed_043,/Users/tsun-yuanku/local/qa_course_platform_github_pages/SQA_Algorithm/outputs/path_routing/benchmarks/formal_modes_suite_01/logs/baseline_plus_block_move/d0400_dynwd08__seed_043.log,32.284,0
baseline_plus_block_move,d0400_dynwd08,d0400,400,399.89096238073773,24,318,dynwd08,weekday,08,2,44,200,32,20,/Users/tsun-yuanku/local/qa_course_platform_github_pages/SQA_Algorithm/outputs/path_routing/benchmarks/formal_modes_suite_01/configs/baseline_plus_block_move/d0400_dynwd08.yaml,/Users/tsun-yuanku/local/qa_course_platform_github_pages/SQA_Algorithm/outputs/path_routing/benchmarks/formal_modes_suite_01/runs/baseline_plus_block_move/d0400_dynwd08/seed_044,/Users/tsun-yuanku/local/qa_course_platform_github_pages/SQA_Algorithm/outputs/path_routing/benchmarks/formal_modes_suite_01/logs/baseline_plus_block_move/d0400_dynwd08__seed_044.log,32.448,0
baseline_plus_block_move,d0400_dynwd08,d0400,400,399.89096238073773,24,318,dynwd08,weekday,08,3,45,200,32,20,/Users/tsun-yuanku/local/qa_course_platform_github_pages/SQA_Algorithm/outputs/path_routing/benchmarks/formal_modes_suite_01/configs/baseline_plus_block_move/d0400_dynwd08.yaml,/Users/tsun-yuanku/local/qa_course_platform_github_pages/SQA_Algorithm/outputs/path_routing/benchmarks/formal_modes_suite_01/runs/baseline_plus_block_move/d0400_dynwd08/seed_045,/Users/tsun-yuanku/local/qa_course_platform_github_pages/SQA_Algorithm/outputs/path_routing/benchmarks/formal_modes_suite_01/logs/baseline_plus_block_move/d0400_dynwd08__seed_045.log,32.132,0
baseline_plus_block_move,d0400_dynwd08,d0400,400,399.89096238073773,24,318,dynwd08,weekday,08,4,46,200,32,20,/Users/tsun-yuanku/local/qa_course_platform_github_pages/SQA_Algorithm/outputs/path_routing/benchmarks/formal_modes_suite_01/configs/baseline_plus_block_move/d0400_dynwd08.yaml,/Users/tsun-yuanku/local/qa_course_platform_github_pages/SQA_Algorithm/outputs/path_routing/benchmarks/formal_modes_suite_01/runs/baseline_plus_block_move/d0400_dynwd08/seed_046,/Users/tsun-yuanku/local/qa_course_platform_github_pages/SQA_Algorithm/outputs/path_routing/benchmarks/formal_modes_suite_01/logs/baseline_plus_block_move/d0400_dynwd08__seed_046.log,32.162,0
baseline_plus_block_move,d0400_dynwd12,d0400,400,399.89096238073773,24,318,dynwd12,weekday,12,0,42,200,32,20,/Users/tsun-yuanku/local/qa_course_platform_github_pages/SQA_Algorithm/outputs/path_routing/benchmarks/formal_modes_suite_01/configs/baseline_plus_block_move/d0400_dynwd12.yaml,/Users/tsun-yuanku/local/qa_course_platform_github_pages/SQA_Algorithm/outputs/path_routing/benchmarks/formal_modes_suite_01/runs/baseline_plus_block_move/d0400_dynwd12/seed_042,/Users/tsun-yuanku/local/qa_course_platform_github_pages/SQA_Algorithm/outputs/path_routing/benchmarks/formal_modes_suite_01/logs/baseline_plus_block_move/d0400_dynwd12__seed_042.log,32.208,0
baseline_plus_block_move,d0400_dynwd12,d0400,400,399.89096238073773,24,318,dynwd12,weekday,12,1,43,200,32,20,/Users/tsun-yuanku/local/qa_course_platform_github_pages/SQA_Algorithm/outputs/path_routing/benchmarks/formal_modes_suite_01/configs/baseline_plus_block_move/d0400_dynwd12.yaml,/Users/tsun-yuanku/local/qa_course_platform_github_pages/SQA_Algorithm/outputs/path_routing/benchmarks/formal_modes_suite_01/runs/baseline_plus_block_move/d0400_dynwd12/seed_043,/Users/tsun-yuanku/local/qa_course_platform_github_pages/SQA_Algorithm/outputs/path_routing/benchmarks/formal_modes_suite_01/logs/baseline_plus_block_move/d0400_dynwd12__seed_043.log,31.855,0
baseline_plus_block_move,d0400_dynwd12,d0400,400,399.89096238073773,24,318,dynwd12,weekday,12,2,44,200,32,20,/Users/tsun-yuanku/local/qa_course_platform_github_pages/SQA_Algorithm/outputs/path_routing/benchmarks/formal_modes_suite_01/configs/baseline_plus_block_move/d0400_dynwd12.yaml,/Users/tsun-yuanku/local/qa_course_platform_github_pages/SQA_Algorithm/outputs/path_routing/benchmarks/formal_modes_suite_01/runs/baseline_plus_block_move/d0400_dynwd12/seed_044,/Users/tsun-yuanku/local/qa_course_platform_github_pages/SQA_Algorithm/outputs/path_routing/benchmarks/formal_modes_suite_01/logs/baseline_plus_block_move/d0400_dynwd12__seed_044.log,42.901,0
baseline_plus_block_move,d0400_dynwd12,d0400,400,399.89096238073773,24,318,dynwd12,weekday,12,3,45,200,32,20,/Users/tsun-yuanku/local/qa_course_platform_github_pages/SQA_Algorithm/outputs/path_routing/benchmarks/formal_modes_suite_01/configs/baseline_plus_block_move/d0400_dynwd12.yaml,/Users/tsun-yuanku/local/qa_course_platform_github_pages/SQA_Algorithm/outputs/path_routing/benchmarks/formal_modes_suite_01/runs/baseline_plus_block_move/d0400_dynwd12/seed_045,/Users/tsun-yuanku/local/qa_course_platform_github_pages/SQA_Algorithm/outputs/path_routing/benchmarks/formal_modes_suite_01/logs/baseline_plus_block_move/d0400_dynwd12__seed_045.log,43.029,0
baseline_plus_block_move,d0400_dynwd12,d0400,400,399.89096238073773,24,318,dynwd12,weekday,12,4,46,200,32,20,/Users/tsun-yuanku/local/qa_course_platform_github_pages/SQA_Algorithm/outputs/path_routing/benchmarks/formal_modes_suite_01/configs/baseline_plus_block_move/d0400_dynwd12.yaml,/Users/tsun-yuanku/local/qa_course_platform_github_pages/SQA_Algorithm/outputs/path_routing/benchmarks/formal_modes_suite_01/runs/baseline_plus_block_move/d0400_dynwd12/seed_046,/Users/tsun-yuanku/local/qa_course_platform_github_pages/SQA_Algorithm/outputs/path_routing/benchmarks/formal_modes_suite_01/logs/baseline_plus_block_move/d0400_dynwd12__seed_046.log,42.757,0
baseline_plus_block_move,d0400_dynwd17,d0400,400,399.89096238073773,24,318,dynwd17,weekday,17,0,42,200,32,20,/Users/tsun-yuanku/local/qa_course_platform_github_pages/SQA_Algorithm/outputs/path_routing/benchmarks/formal_modes_suite_01/configs/baseline_plus_block_move/d0400_dynwd17.yaml,/Users/tsun-yuanku/local/qa_course_platform_github_pages/SQA_Algorithm/outputs/path_routing/benchmarks/formal_modes_suite_01/runs/baseline_plus_block_move/d0400_dynwd17/seed_042,/Users/tsun-yuanku/local/qa_course_platform_github_pages/SQA_Algorithm/outputs/path_routing/benchmarks/formal_modes_suite_01/logs/baseline_plus_block_move/d0400_dynwd17__seed_042.log,42.948,0
baseline_plus_block_move,d0400_dynwd17,d0400,400,399.89096238073773,24,318,dynwd17,weekday,17,1,43,200,32,20,/Users/tsun-yuanku/local/qa_course_platform_github_pages/SQA_Algorithm/outputs/path_routing/benchmarks/formal_modes_suite_01/configs/baseline_plus_block_move/d0400_dynwd17.yaml,/Users/tsun-yuanku/local/qa_course_platform_github_pages/SQA_Algorithm/outputs/path_routing/benchmarks/formal_modes_suite_01/runs/baseline_plus_block_move/d0400_dynwd17/seed_043,/Users/tsun-yuanku/local/qa_course_platform_github_pages/SQA_Algorithm/outputs/path_routing/benchmarks/formal_modes_suite_01/logs/baseline_plus_block_move/d0400_dynwd17__seed_043.log,42.897,0
baseline_plus_block_move,d0400_dynwd17,d0400,400,399.89096238073773,24,318,dynwd17,weekday,17,2,44,200,32,20,/Users/tsun-yuanku/local/qa_course_platform_github_pages/SQA_Algorithm/outputs/path_routing/benchmarks/formal_modes_suite_01/configs/baseline_plus_block_move/d0400_dynwd17.yaml,/Users/tsun-yuanku/local/qa_course_platform_github_pages/SQA_Algorithm/outputs/path_routing/benchmarks/formal_modes_suite_01/runs/baseline_plus_block_move/d0400_dynwd17/seed_044,/Users/tsun-yuanku/local/qa_course_platform_github_pages/SQA_Algorithm/outputs/path_routing/benchmarks/formal_modes_suite_01/logs/baseline_plus_block_move/d0400_dynwd17__seed_044.log,42.831,0
baseline_plus_block_move,d0400_dynwd17,d0400,400,399.89096238073773,24,318,dynwd17,weekday,17,3,45,200,32,20,/Users/tsun-yuanku/local/qa_course_platform_github_pages/SQA_Algorithm/outputs/path_routing/benchmarks/formal_modes_suite_01/configs/baseline_plus_block_move/d0400_dynwd17.yaml,/Users/tsun-yuanku/local/qa_course_platform_github_pages/SQA_Algorithm/outputs/path_routing/benchmarks/formal_modes_suite_01/runs/baseline_plus_block_move/d0400_dynwd17/seed_045,/Users/tsun-yuanku/local/qa_course_platform_github_pages/SQA_Algorithm/outputs/path_routing/benchmarks/formal_modes_suite_01/logs/baseline_plus_block_move/d0400_dynwd17__seed_045.log,44.417,0
baseline_plus_block_move,d0400_dynwd17,d0400,400,399.89096238073773,24,318,dynwd17,weekday,17,4,46,200,32,20,/Users/tsun-yuanku/local/qa_course_platform_github_pages/SQA_Algorithm/outputs/path_routing/benchmarks/formal_modes_suite_01/configs/baseline_plus_block_move/d0400_dynwd17.yaml,/Users/tsun-yuanku/local/qa_course_platform_github_pages/SQA_Algorithm/outputs/path_routing/benchmarks/formal_modes_suite_01/runs/baseline_plus_block_move/d0400_dynwd17/seed_046,/Users/tsun-yuanku/local/qa_course_platform_github_pages/SQA_Algorithm/outputs/path_routing/benchmarks/formal_modes_suite_01/logs/baseline_plus_block_move/d0400_dynwd17__seed_046.log,44.657,0
baseline_plus_block_move,d0400_dynwd21,d0400,400,399.89096238073773,24,318,dynwd21,weekday,21,0,42,200,32,20,/Users/tsun-yuanku/local/qa_course_platform_github_pages/SQA_Algorithm/outputs/path_routing/benchmarks/formal_modes_suite_01/configs/baseline_plus_block_move/d0400_dynwd21.yaml,/Users/tsun-yuanku/local/qa_course_platform_github_pages/SQA_Algorithm/outputs/path_routing/benchmarks/formal_modes_suite_01/runs/baseline_plus_block_move/d0400_dynwd21/seed_042,/Users/tsun-yuanku/local/qa_course_platform_github_pages/SQA_Algorithm/outputs/path_routing/benchmarks/formal_modes_suite_01/logs/baseline_plus_block_move/d0400_dynwd21__seed_042.log,44.686,0
baseline_plus_block_move,d0400_dynwd21,d0400,400,399.89096238073773,24,318,dynwd21,weekday,21,1,43,200,32,20,/Users/tsun-yuanku/local/qa_course_platform_github_pages/SQA_Algorithm/outputs/path_routing/benchmarks/formal_modes_suite_01/configs/baseline_plus_block_move/d0400_dynwd21.yaml,/Users/tsun-yuanku/local/qa_course_platform_github_pages/SQA_Algorithm/outputs/path_routing/benchmarks/formal_modes_suite_01/runs/baseline_plus_block_move/d0400_dynwd21/seed_043,/Users/tsun-yuanku/local/qa_course_platform_github_pages/SQA_Algorithm/outputs/path_routing/benchmarks/formal_modes_suite_01/logs/baseline_plus_block_move/d0400_dynwd21__seed_043.log,44.693,0
baseline_plus_block_move,d0400_dynwd21,d0400,400,399.89096238073773,24,318,dynwd21,weekday,21,2,44,200,32,20,/Users/tsun-yuanku/local/qa_course_platform_github_pages/SQA_Algorithm/outputs/path_routing/benchmarks/formal_modes_suite_01/configs/baseline_plus_block_move/d0400_dynwd21.yaml,/Users/tsun-yuanku/local/qa_course_platform_github_pages/SQA_Algorithm/outputs/path_routing/benchmarks/formal_modes_suite_01/runs/baseline_plus_block_move/d0400_dynwd21/seed_044,/Users/tsun-yuanku/local/qa_course_platform_github_pages/SQA_Algorithm/outputs/path_routing/benchmarks/formal_modes_suite_01/logs/baseline_plus_block_move/d0400_dynwd21__seed_044.log,44.146,0
baseline_plus_block_move,d0400_dynwd21,d0400,400,399.89096238073773,24,318,dynwd21,weekday,21,3,45,200,32,20,/Users/tsun-yuanku/local/qa_course_platform_github_pages/SQA_Algorithm/outputs/path_routing/benchmarks/formal_modes_suite_01/configs/baseline_plus_block_move/d0400_dynwd21.yaml,/Users/tsun-yuanku/local/qa_course_platform_github_pages/SQA_Algorithm/outputs/path_routing/benchmarks/formal_modes_suite_01/runs/baseline_plus_block_move/d0400_dynwd21/seed_045,/Users/tsun-yuanku/local/qa_course_platform_github_pages/SQA_Algorithm/outputs/path_routing/benchmarks/formal_modes_suite_01/logs/baseline_plus_block_move/d0400_dynwd21__seed_045.log,44.19,0
baseline_plus_block_move,d0400_dynwd21,d0400,400,399.89096238073773,24,318,dynwd21,weekday,21,4,46,200,32,20,/Users/tsun-yuanku/local/qa_course_platform_github_pages/SQA_Algorithm/outputs/path_routing/benchmarks/formal_modes_suite_01/configs/baseline_plus_block_move/d0400_dynwd21.yaml,/Users/tsun-yuanku/local/qa_course_platform_github_pages/SQA_Algorithm/outputs/path_routing/benchmarks/formal_modes_suite_01/runs/baseline_plus_block_move/d0400_dynwd21/seed_046,/Users/tsun-yuanku/local/qa_course_platform_github_pages/SQA_Algorithm/outputs/path_routing/benchmarks/formal_modes_suite_01/logs/baseline_plus_block_move/d0400_dynwd21__seed_046.log,39.674,0
baseline_plus_block_move,d0400_dynwe05,d0400,400,399.89096238073773,24,318,dynwe05,weekend,05,0,42,200,32,20,/Users/tsun-yuanku/local/qa_course_platform_github_pages/SQA_Algorithm/outputs/path_routing/benchmarks/formal_modes_suite_01/configs/baseline_plus_block_move/d0400_dynwe05.yaml,/Users/tsun-yuanku/local/qa_course_platform_github_pages/SQA_Algorithm/outputs/path_routing/benchmarks/formal_modes_suite_01/runs/baseline_plus_block_move/d0400_dynwe05/seed_042,/Users/tsun-yuanku/local/qa_course_platform_github_pages/SQA_Algorithm/outputs/path_routing/benchmarks/formal_modes_suite_01/logs/baseline_plus_block_move/d0400_dynwe05__seed_042.log,39.329,0
baseline_plus_block_move,d0400_dynwe05,d0400,400,399.89096238073773,24,318,dynwe05,weekend,05,1,43,200,32,20,/Users/tsun-yuanku/local/qa_course_platform_github_pages/SQA_Algorithm/outputs/path_routing/benchmarks/formal_modes_suite_01/configs/baseline_plus_block_move/d0400_dynwe05.yaml,/Users/tsun-yuanku/local/qa_course_platform_github_pages/SQA_Algorithm/outputs/path_routing/benchmarks/formal_modes_suite_01/runs/baseline_plus_block_move/d0400_dynwe05/seed_043,/Users/tsun-yuanku/local/qa_course_platform_github_pages/SQA_Algorithm/outputs/path_routing/benchmarks/formal_modes_suite_01/logs/baseline_plus_block_move/d0400_dynwe05__seed_043.log,39.456,0
baseline_plus_block_move,d0400_dynwe05,d0400,400,399.89096238073773,24,318,dynwe05,weekend,05,2,44,200,32,20,/Users/tsun-yuanku/local/qa_course_platform_github_pages/SQA_Algorithm/outputs/path_routing/benchmarks/formal_modes_suite_01/configs/baseline_plus_block_move/d0400_dynwe05.yaml,/Users/tsun-yuanku/local/qa_course_platform_github_pages/SQA_Algorithm/outputs/path_routing/benchmarks/formal_modes_suite_01/runs/baseline_plus_block_move/d0400_dynwe05/seed_044,/Users/tsun-yuanku/local/qa_course_platform_github_pages/SQA_Algorithm/outputs/path_routing/benchmarks/formal_modes_suite_01/logs/baseline_plus_block_move/d0400_dynwe05__seed_044.log,39.51,0
baseline_plus_block_move,d0400_dynwe05,d0400,400,399.89096238073773,24,318,dynwe05,weekend,05,3,45,200,32,20,/Users/tsun-yuanku/local/qa_course_platform_github_pages/SQA_Algorithm/outputs/path_routing/benchmarks/formal_modes_suite_01/configs/baseline_plus_block_move/d0400_dynwe05.yaml,/Users/tsun-yuanku/local/qa_course_platform_github_pages/SQA_Algorithm/outputs/path_routing/benchmarks/formal_modes_suite_01/runs/baseline_plus_block_move/d0400_dynwe05/seed_045,/Users/tsun-yuanku/local/qa_course_platform_github_pages/SQA_Algorithm/outputs/path_routing/benchmarks/formal_modes_suite_01/logs/baseline_plus_block_move/d0400_dynwe05__seed_045.log,38.981,0
baseline_plus_block_move,d0400_dynwe05,d0400,400,399.89096238073773,24,318,dynwe05,weekend,05,4,46,200,32,20,/Users/tsun-yuanku/local/qa_course_platform_github_pages/SQA_Algorithm/outputs/path_routing/benchmarks/formal_modes_suite_01/configs/baseline_plus_block_move/d0400_dynwe05.yaml,/Users/tsun-yuanku/local/qa_course_platform_github_pages/SQA_Algorithm/outputs/path_routing/benchmarks/formal_modes_suite_01/runs/baseline_plus_block_move/d0400_dynwe05/seed_046,/Users/tsun-yuanku/local/qa_course_platform_github_pages/SQA_Algorithm/outputs/path_routing/benchmarks/formal_modes_suite_01/logs/baseline_plus_block_move/d0400_dynwe05__seed_046.log,38.946,0
baseline_plus_block_move,d0400_dynwe08,d0400,400,399.89096238073773,24,318,dynwe08,weekend,08,0,42,200,32,20,/Users/tsun-yuanku/local/qa_course_platform_github_pages/SQA_Algorithm/outputs/path_routing/benchmarks/formal_modes_suite_01/configs/baseline_plus_block_move/d0400_dynwe08.yaml,/Users/tsun-yuanku/local/qa_course_platform_github_pages/SQA_Algorithm/outputs/path_routing/benchmarks/formal_modes_suite_01/runs/baseline_plus_block_move/d0400_dynwe08/seed_042,/Users/tsun-yuanku/local/qa_course_platform_github_pages/SQA_Algorithm/outputs/path_routing/benchmarks/formal_modes_suite_01/logs/baseline_plus_block_move/d0400_dynwe08__seed_042.log,31.208,0
baseline_plus_block_move,d0400_dynwe08,d0400,400,399.89096238073773,24,318,dynwe08,weekend,08,1,43,200,32,20,/Users/tsun-yuanku/local/qa_course_platform_github_pages/SQA_Algorithm/outputs/path_routing/benchmarks/formal_modes_suite_01/configs/baseline_plus_block_move/d0400_dynwe08.yaml,/Users/tsun-yuanku/local/qa_course_platform_github_pages/SQA_Algorithm/outputs/path_routing/benchmarks/formal_modes_suite_01/runs/baseline_plus_block_move/d0400_dynwe08/seed_043,/Users/tsun-yuanku/local/qa_course_platform_github_pages/SQA_Algorithm/outputs/path_routing/benchmarks/formal_modes_suite_01/logs/baseline_plus_block_move/d0400_dynwe08__seed_043.log,31.201,0
baseline_plus_block_move,d0400_dynwe08,d0400,400,399.89096238073773,24,318,dynwe08,weekend,08,2,44,200,32,20,/Users/tsun-yuanku/local/qa_course_platform_github_pages/SQA_Algorithm/outputs/path_routing/benchmarks/formal_modes_suite_01/configs/baseline_plus_block_move/d0400_dynwe08.yaml,/Users/tsun-yuanku/local/qa_course_platform_github_pages/SQA_Algorithm/outputs/path_routing/benchmarks/formal_modes_suite_01/runs/baseline_plus_block_move/d0400_dynwe08/seed_044,/Users/tsun-yuanku/local/qa_course_platform_github_pages/SQA_Algorithm/outputs/path_routing/benchmarks/formal_modes_suite_01/logs/baseline_plus_block_move/d0400_dynwe08__seed_044.log,31.064,0
baseline_plus_block_move,d0400_dynwe08,d0400,400,399.89096238073773,24,318,dynwe08,weekend,08,3,45,200,32,20,/Users/tsun-yuanku/local/qa_course_platform_github_pages/SQA_Algorithm/outputs/path_routing/benchmarks/formal_modes_suite_01/configs/baseline_plus_block_move/d0400_dynwe08.yaml,/Users/tsun-yuanku/local/qa_course_platform_github_pages/SQA_Algorithm/outputs/path_routing/benchmarks/formal_modes_suite_01/runs/baseline_plus_block_move/d0400_dynwe08/seed_045,/Users/tsun-yuanku/local/qa_course_platform_github_pages/SQA_Algorithm/outputs/path_routing/benchmarks/formal_modes_suite_01/logs/baseline_plus_block_move/d0400_dynwe08__seed_045.log,30.946,0
baseline_plus_block_move,d0400_dynwe08,d0400,400,399.89096238073773,24,318,dynwe08,weekend,08,4,46,200,32,20,/Users/tsun-yuanku/local/qa_course_platform_github_pages/SQA_Algorithm/outputs/path_routing/benchmarks/formal_modes_suite_01/configs/baseline_plus_block_move/d0400_dynwe08.yaml,/Users/tsun-yuanku/local/qa_course_platform_github_pages/SQA_Algorithm/outputs/path_routing/benchmarks/formal_modes_suite_01/runs/baseline_plus_block_move/d0400_dynwe08/seed_046,/Users/tsun-yuanku/local/qa_course_platform_github_pages/SQA_Algorithm/outputs/path_routing/benchmarks/formal_modes_suite_01/logs/baseline_plus_block_move/d0400_dynwe08__seed_046.log,30.979,0
baseline_plus_block_move,d0400_dynwe12,d0400,400,399.89096238073773,24,318,dynwe12,weekend,12,0,42,200,32,20,/Users/tsun-yuanku/local/qa_course_platform_github_pages/SQA_Algorithm/outputs/path_routing/benchmarks/formal_modes_suite_01/configs/baseline_plus_block_move/d0400_dynwe12.yaml,/Users/tsun-yuanku/local/qa_course_platform_github_pages/SQA_Algorithm/outputs/path_routing/benchmarks/formal_modes_suite_01/runs/baseline_plus_block_move/d0400_dynwe12/seed_042,/Users/tsun-yuanku/local/qa_course_platform_github_pages/SQA_Algorithm/outputs/path_routing/benchmarks/formal_modes_suite_01/logs/baseline_plus_block_move/d0400_dynwe12__seed_042.log,31.052,0
baseline_plus_block_move,d0400_dynwe12,d0400,400,399.89096238073773,24,318,dynwe12,weekend,12,1,43,200,32,20,/Users/tsun-yuanku/local/qa_course_platform_github_pages/SQA_Algorithm/outputs/path_routing/benchmarks/formal_modes_suite_01/configs/baseline_plus_block_move/d0400_dynwe12.yaml,/Users/tsun-yuanku/local/qa_course_platform_github_pages/SQA_Algorithm/outputs/path_routing/benchmarks/formal_modes_suite_01/runs/baseline_plus_block_move/d0400_dynwe12/seed_043,/Users/tsun-yuanku/local/qa_course_platform_github_pages/SQA_Algorithm/outputs/path_routing/benchmarks/formal_modes_suite_01/logs/baseline_plus_block_move/d0400_dynwe12__seed_043.log,35.694,0
baseline_plus_block_move,d0400_dynwe12,d0400,400,399.89096238073773,24,318,dynwe12,weekend,12,2,44,200,32,20,/Users/tsun-yuanku/local/qa_course_platform_github_pages/SQA_Algorithm/outputs/path_routing/benchmarks/formal_modes_suite_01/configs/baseline_plus_block_move/d0400_dynwe12.yaml,/Users/tsun-yuanku/local/qa_course_platform_github_pages/SQA_Algorithm/outputs/path_routing/benchmarks/formal_modes_suite_01/runs/baseline_plus_block_move/d0400_dynwe12/seed_044,/Users/tsun-yuanku/local/qa_course_platform_github_pages/SQA_Algorithm/outputs/path_routing/benchmarks/formal_modes_suite_01/logs/baseline_plus_block_move/d0400_dynwe12__seed_044.log,35.779,0
baseline_plus_block_move,d0400_dynwe12,d0400,400,399.89096238073773,24,318,dynwe12,weekend,12,3,45,200,32,20,/Users/tsun-yuanku/local/qa_course_platform_github_pages/SQA_Algorithm/outputs/path_routing/benchmarks/formal_modes_suite_01/configs/baseline_plus_block_move/d0400_dynwe12.yaml,/Users/tsun-yuanku/local/qa_course_platform_github_pages/SQA_Algorithm/outputs/path_routing/benchmarks/formal_modes_suite_01/runs/baseline_plus_block_move/d0400_dynwe12/seed_045,/Users/tsun-yuanku/local/qa_course_platform_github_pages/SQA_Algorithm/outputs/path_routing/benchmarks/formal_modes_suite_01/logs/baseline_plus_block_move/d0400_dynwe12__seed_045.log,35.588,0
baseline_plus_block_move,d0400_dynwe12,d0400,400,399.89096238073773,24,318,dynwe12,weekend,12,4,46,200,32,20,/Users/tsun-yuanku/local/qa_course_platform_github_pages/SQA_Algorithm/outputs/path_routing/benchmarks/formal_modes_suite_01/configs/baseline_plus_block_move/d0400_dynwe12.yaml,/Users/tsun-yuanku/local/qa_course_platform_github_pages/SQA_Algorithm/outputs/path_routing/benchmarks/formal_modes_suite_01/runs/baseline_plus_block_move/d0400_dynwe12/seed_046,/Users/tsun-yuanku/local/qa_course_platform_github_pages/SQA_Algorithm/outputs/path_routing/benchmarks/formal_modes_suite_01/logs/baseline_plus_block_move/d0400_dynwe12__seed_046.log,35.637,0
baseline_plus_block_move,d0400_dynwe17,d0400,400,399.89096238073773,24,318,dynwe17,weekend,17,0,42,200,32,20,/Users/tsun-yuanku/local/qa_course_platform_github_pages/SQA_Algorithm/outputs/path_routing/benchmarks/formal_modes_suite_01/configs/baseline_plus_block_move/d0400_dynwe17.yaml,/Users/tsun-yuanku/local/qa_course_platform_github_pages/SQA_Algorithm/outputs/path_routing/benchmarks/formal_modes_suite_01/runs/baseline_plus_block_move/d0400_dynwe17/seed_042,/Users/tsun-yuanku/local/qa_course_platform_github_pages/SQA_Algorithm/outputs/path_routing/benchmarks/formal_modes_suite_01/logs/baseline_plus_block_move/d0400_dynwe17__seed_042.log,35.597,0
baseline_plus_block_move,d0400_dynwe17,d0400,400,399.89096238073773,24,318,dynwe17,weekend,17,1,43,200,32,20,/Users/tsun-yuanku/local/qa_course_platform_github_pages/SQA_Algorithm/outputs/path_routing/benchmarks/formal_modes_suite_01/configs/baseline_plus_block_move/d0400_dynwe17.yaml,/Users/tsun-yuanku/local/qa_course_platform_github_pages/SQA_Algorithm/outputs/path_routing/benchmarks/formal_modes_suite_01/runs/baseline_plus_block_move/d0400_dynwe17/seed_043,/Users/tsun-yuanku/local/qa_course_platform_github_pages/SQA_Algorithm/outputs/path_routing/benchmarks/formal_modes_suite_01/logs/baseline_plus_block_move/d0400_dynwe17__seed_043.log,35.793,0
baseline_plus_block_move,d0400_dynwe17,d0400,400,399.89096238073773,24,318,dynwe17,weekend,17,2,44,200,32,20,/Users/tsun-yuanku/local/qa_course_platform_github_pages/SQA_Algorithm/outputs/path_routing/benchmarks/formal_modes_suite_01/configs/baseline_plus_block_move/d0400_dynwe17.yaml,/Users/tsun-yuanku/local/qa_course_platform_github_pages/SQA_Algorithm/outputs/path_routing/benchmarks/formal_modes_suite_01/runs/baseline_plus_block_move/d0400_dynwe17/seed_044,/Users/tsun-yuanku/local/qa_course_platform_github_pages/SQA_Algorithm/outputs/path_routing/benchmarks/formal_modes_suite_01/logs/baseline_plus_block_move/d0400_dynwe17__seed_044.log,31.142,0
baseline_plus_block_move,d0400_dynwe17,d0400,400,399.89096238073773,24,318,dynwe17,weekend,17,3,45,200,32,20,/Users/tsun-yuanku/local/qa_course_platform_github_pages/SQA_Algorithm/outputs/path_routing/benchmarks/formal_modes_suite_01/configs/baseline_plus_block_move/d0400_dynwe17.yaml,/Users/tsun-yuanku/local/qa_course_platform_github_pages/SQA_Algorithm/outputs/path_routing/benchmarks/formal_modes_suite_01/runs/baseline_plus_block_move/d0400_dynwe17/seed_045,/Users/tsun-yuanku/local/qa_course_platform_github_pages/SQA_Algorithm/outputs/path_routing/benchmarks/formal_modes_suite_01/logs/baseline_plus_block_move/d0400_dynwe17__seed_045.log,31.696,0
baseline_plus_block_move,d0400_dynwe17,d0400,400,399.89096238073773,24,318,dynwe17,weekend,17,4,46,200,32,20,/Users/tsun-yuanku/local/qa_course_platform_github_pages/SQA_Algorithm/outputs/path_routing/benchmarks/formal_modes_suite_01/configs/baseline_plus_block_move/d0400_dynwe17.yaml,/Users/tsun-yuanku/local/qa_course_platform_github_pages/SQA_Algorithm/outputs/path_routing/benchmarks/formal_modes_suite_01/runs/baseline_plus_block_move/d0400_dynwe17/seed_046,/Users/tsun-yuanku/local/qa_course_platform_github_pages/SQA_Algorithm/outputs/path_routing/benchmarks/formal_modes_suite_01/logs/baseline_plus_block_move/d0400_dynwe17__seed_046.log,31.246,0
baseline_plus_block_move,d0400_dynwe21,d0400,400,399.89096238073773,24,318,dynwe21,weekend,21,0,42,200,32,20,/Users/tsun-yuanku/local/qa_course_platform_github_pages/SQA_Algorithm/outputs/path_routing/benchmarks/formal_modes_suite_01/configs/baseline_plus_block_move/d0400_dynwe21.yaml,/Users/tsun-yuanku/local/qa_course_platform_github_pages/SQA_Algorithm/outputs/path_routing/benchmarks/formal_modes_suite_01/runs/baseline_plus_block_move/d0400_dynwe21/seed_042,/Users/tsun-yuanku/local/qa_course_platform_github_pages/SQA_Algorithm/outputs/path_routing/benchmarks/formal_modes_suite_01/logs/baseline_plus_block_move/d0400_dynwe21__seed_042.log,31.272,0
baseline_plus_block_move,d0400_dynwe21,d0400,400,399.89096238073773,24,318,dynwe21,weekend,21,1,43,200,32,20,/Users/tsun-yuanku/local/qa_course_platform_github_pages/SQA_Algorithm/outputs/path_routing/benchmarks/formal_modes_suite_01/configs/baseline_plus_block_move/d0400_dynwe21.yaml,/Users/tsun-yuanku/local/qa_course_platform_github_pages/SQA_Algorithm/outputs/path_routing/benchmarks/formal_modes_suite_01/runs/baseline_plus_block_move/d0400_dynwe21/seed_043,/Users/tsun-yuanku/local/qa_course_platform_github_pages/SQA_Algorithm/outputs/path_routing/benchmarks/formal_modes_suite_01/logs/baseline_plus_block_move/d0400_dynwe21__seed_043.log,30.897,0
baseline_plus_block_move,d0400_dynwe21,d0400,400,399.89096238073773,24,318,dynwe21,weekend,21,2,44,200,32,20,/Users/tsun-yuanku/local/qa_course_platform_github_pages/SQA_Algorithm/outputs/path_routing/benchmarks/formal_modes_suite_01/configs/baseline_plus_block_move/d0400_dynwe21.yaml,/Users/tsun-yuanku/local/qa_course_platform_github_pages/SQA_Algorithm/outputs/path_routing/benchmarks/formal_modes_suite_01/runs/baseline_plus_block_move/d0400_dynwe21/seed_044,/Users/tsun-yuanku/local/qa_course_platform_github_pages/SQA_Algorithm/outputs/path_routing/benchmarks/formal_modes_suite_01/logs/baseline_plus_block_move/d0400_dynwe21__seed_044.log,30.888,0
baseline_plus_block_move,d0400_dynwe21,d0400,400,399.89096238073773,24,318,dynwe21,weekend,21,3,45,200,32,20,/Users/tsun-yuanku/local/qa_course_platform_github_pages/SQA_Algorithm/outputs/path_routing/benchmarks/formal_modes_suite_01/configs/baseline_plus_block_move/d0400_dynwe21.yaml,/Users/tsun-yuanku/local/qa_course_platform_github_pages/SQA_Algorithm/outputs/path_routing/benchmarks/formal_modes_suite_01/runs/baseline_plus_block_move/d0400_dynwe21/seed_045,/Users/tsun-yuanku/local/qa_course_platform_github_pages/SQA_Algorithm/outputs/path_routing/benchmarks/formal_modes_suite_01/logs/baseline_plus_block_move/d0400_dynwe21__seed_045.log,30.336,0
baseline_plus_block_move,d0400_dynwe21,d0400,400,399.89096238073773,24,318,dynwe21,weekend,21,4,46,200,32,20,/Users/tsun-yuanku/local/qa_course_platform_github_pages/SQA_Algorithm/outputs/path_routing/benchmarks/formal_modes_suite_01/configs/baseline_plus_block_move/d0400_dynwe21.yaml,/Users/tsun-yuanku/local/qa_course_platform_github_pages/SQA_Algorithm/outputs/path_routing/benchmarks/formal_modes_suite_01/runs/baseline_plus_block_move/d0400_dynwe21/seed_046,/Users/tsun-yuanku/local/qa_course_platform_github_pages/SQA_Algorithm/outputs/path_routing/benchmarks/formal_modes_suite_01/logs/baseline_plus_block_move/d0400_dynwe21__seed_046.log,30.3,0
baseline_plus_block_move,d0800_dynwd05,d0800,800,799.1359807833297,179,246,dynwd05,weekday,05,0,42,200,32,20,/Users/tsun-yuanku/local/qa_course_platform_github_pages/SQA_Algorithm/outputs/path_routing/benchmarks/formal_modes_suite_01/configs/baseline_plus_block_move/d0800_dynwd05.yaml,/Users/tsun-yuanku/local/qa_course_platform_github_pages/SQA_Algorithm/outputs/path_routing/benchmarks/formal_modes_suite_01/runs/baseline_plus_block_move/d0800_dynwd05/seed_042,/Users/tsun-yuanku/local/qa_course_platform_github_pages/SQA_Algorithm/outputs/path_routing/benchmarks/formal_modes_suite_01/logs/baseline_plus_block_move/d0800_dynwd05__seed_042.log,30.463,0
baseline_plus_block_move,d0800_dynwd05,d0800,800,799.1359807833297,179,246,dynwd05,weekday,05,1,43,200,32,20,/Users/tsun-yuanku/local/qa_course_platform_github_pages/SQA_Algorithm/outputs/path_routing/benchmarks/formal_modes_suite_01/configs/baseline_plus_block_move/d0800_dynwd05.yaml,/Users/tsun-yuanku/local/qa_course_platform_github_pages/SQA_Algorithm/outputs/path_routing/benchmarks/formal_modes_suite_01/runs/baseline_plus_block_move/d0800_dynwd05/seed_043,/Users/tsun-yuanku/local/qa_course_platform_github_pages/SQA_Algorithm/outputs/path_routing/benchmarks/formal_modes_suite_01/logs/baseline_plus_block_move/d0800_dynwd05__seed_043.log,30.688,0
baseline_plus_block_move,d0800_dynwd05,d0800,800,799.1359807833297,179,246,dynwd05,weekday,05,2,44,200,32,20,/Users/tsun-yuanku/local/qa_course_platform_github_pages/SQA_Algorithm/outputs/path_routing/benchmarks/formal_modes_suite_01/configs/baseline_plus_block_move/d0800_dynwd05.yaml,/Users/tsun-yuanku/local/qa_course_platform_github_pages/SQA_Algorithm/outputs/path_routing/benchmarks/formal_modes_suite_01/runs/baseline_plus_block_move/d0800_dynwd05/seed_044,/Users/tsun-yuanku/local/qa_course_platform_github_pages/SQA_Algorithm/outputs/path_routing/benchmarks/formal_modes_suite_01/logs/baseline_plus_block_move/d0800_dynwd05__seed_044.log,30.413,0
baseline_plus_block_move,d0800_dynwd05,d0800,800,799.1359807833297,179,246,dynwd05,weekday,05,3,45,200,32,20,/Users/tsun-yuanku/local/qa_course_platform_github_pages/SQA_Algorithm/outputs/path_routing/benchmarks/formal_modes_suite_01/configs/baseline_plus_block_move/d0800_dynwd05.yaml,/Users/tsun-yuanku/local/qa_course_platform_github_pages/SQA_Algorithm/outputs/path_routing/benchmarks/formal_modes_suite_01/runs/baseline_plus_block_move/d0800_dynwd05/seed_045,/Users/tsun-yuanku/local/qa_course_platform_github_pages/SQA_Algorithm/outputs/path_routing/benchmarks/formal_modes_suite_01/logs/baseline_plus_block_move/d0800_dynwd05__seed_045.log,30.386,0
baseline_plus_block_move,d0800_dynwd05,d0800,800,799.1359807833297,179,246,dynwd05,weekday,05,4,46,200,32,20,/Users/tsun-yuanku/local/qa_course_platform_github_pages/SQA_Algorithm/outputs/path_routing/benchmarks/formal_modes_suite_01/configs/baseline_plus_block_move/d0800_dynwd05.yaml,/Users/tsun-yuanku/local/qa_course_platform_github_pages/SQA_Algorithm/outputs/path_routing/benchmarks/formal_modes_suite_01/runs/baseline_plus_block_move/d0800_dynwd05/seed_046,/Users/tsun-yuanku/local/qa_course_platform_github_pages/SQA_Algorithm/outputs/path_routing/benchmarks/formal_modes_suite_01/logs/baseline_plus_block_move/d0800_dynwd05__seed_046.log,31.11,0
baseline_plus_block_move,d0800_dynwd08,d0800,800,799.1359807833297,179,246,dynwd08,weekday,08,0,42,200,32,20,/Users/tsun-yuanku/local/qa_course_platform_github_pages/SQA_Algorithm/outputs/path_routing/benchmarks/formal_modes_suite_01/configs/baseline_plus_block_move/d0800_dynwd08.yaml,/Users/tsun-yuanku/local/qa_course_platform_github_pages/SQA_Algorithm/outputs/path_routing/benchmarks/formal_modes_suite_01/runs/baseline_plus_block_move/d0800_dynwd08/seed_042,/Users/tsun-yuanku/local/qa_course_platform_github_pages/SQA_Algorithm/outputs/path_routing/benchmarks/formal_modes_suite_01/logs/baseline_plus_block_move/d0800_dynwd08__seed_042.log,31.244,0
baseline_plus_block_move,d0800_dynwd08,d0800,800,799.1359807833297,179,246,dynwd08,weekday,08,1,43,200,32,20,/Users/tsun-yuanku/local/qa_course_platform_github_pages/SQA_Algorithm/outputs/path_routing/benchmarks/formal_modes_suite_01/configs/baseline_plus_block_move/d0800_dynwd08.yaml,/Users/tsun-yuanku/local/qa_course_platform_github_pages/SQA_Algorithm/outputs/path_routing/benchmarks/formal_modes_suite_01/runs/baseline_plus_block_move/d0800_dynwd08/seed_043,/Users/tsun-yuanku/local/qa_course_platform_github_pages/SQA_Algorithm/outputs/path_routing/benchmarks/formal_modes_suite_01/logs/baseline_plus_block_move/d0800_dynwd08__seed_043.log,31.034,0
baseline_plus_block_move,d0800_dynwd08,d0800,800,799.1359807833297,179,246,dynwd08,weekday,08,2,44,200,32,20,/Users/tsun-yuanku/local/qa_course_platform_github_pages/SQA_Algorithm/outputs/path_routing/benchmarks/formal_modes_suite_01/configs/baseline_plus_block_move/d0800_dynwd08.yaml,/Users/tsun-yuanku/local/qa_course_platform_github_pages/SQA_Algorithm/outputs/path_routing/benchmarks/formal_modes_suite_01/runs/baseline_plus_block_move/d0800_dynwd08/seed_044,/Users/tsun-yuanku/local/qa_course_platform_github_pages/SQA_Algorithm/outputs/path_routing/benchmarks/formal_modes_suite_01/logs/baseline_plus_block_move/d0800_dynwd08__seed_044.log,31.112,0
baseline_plus_block_move,d0800_dynwd08,d0800,800,799.1359807833297,179,246,dynwd08,weekday,08,3,45,200,32,20,/Users/tsun-yuanku/local/qa_course_platform_github_pages/SQA_Algorithm/outputs/path_routing/benchmarks/formal_modes_suite_01/configs/baseline_plus_block_move/d0800_dynwd08.yaml,/Users/tsun-yuanku/local/qa_course_platform_github_pages/SQA_Algorithm/outputs/path_routing/benchmarks/formal_modes_suite_01/runs/baseline_plus_block_move/d0800_dynwd08/seed_045,/Users/tsun-yuanku/local/qa_course_platform_github_pages/SQA_Algorithm/outputs/path_routing/benchmarks/formal_modes_suite_01/logs/baseline_plus_block_move/d0800_dynwd08__seed_045.log,31.532,0
baseline_plus_block_move,d0800_dynwd08,d0800,800,799.1359807833297,179,246,dynwd08,weekday,08,4,46,200,32,20,/Users/tsun-yuanku/local/qa_course_platform_github_pages/SQA_Algorithm/outputs/path_routing/benchmarks/formal_modes_suite_01/configs/baseline_plus_block_move/d0800_dynwd08.yaml,/Users/tsun-yuanku/local/qa_course_platform_github_pages/SQA_Algorithm/outputs/path_routing/benchmarks/formal_modes_suite_01/runs/baseline_plus_block_move/d0800_dynwd08/seed_046,/Users/tsun-yuanku/local/qa_course_platform_github_pages/SQA_Algorithm/outputs/path_routing/benchmarks/formal_modes_suite_01/logs/baseline_plus_block_move/d0800_dynwd08__seed_046.log,31.312,0
baseline_plus_block_move,d0800_dynwd12,d0800,800,799.1359807833297,179,246,dynwd12,weekday,12,0,42,200,32,20,/Users/tsun-yuanku/local/qa_course_platform_github_pages/SQA_Algorithm/outputs/path_routing/benchmarks/formal_modes_suite_01/configs/baseline_plus_block_move/d0800_dynwd12.yaml,/Users/tsun-yuanku/local/qa_course_platform_github_pages/SQA_Algorithm/outputs/path_routing/benchmarks/formal_modes_suite_01/runs/baseline_plus_block_move/d0800_dynwd12/seed_042,/Users/tsun-yuanku/local/qa_course_platform_github_pages/SQA_Algorithm/outputs/path_routing/benchmarks/formal_modes_suite_01/logs/baseline_plus_block_move/d0800_dynwd12__seed_042.log,30.742,0
baseline_plus_block_move,d0800_dynwd12,d0800,800,799.1359807833297,179,246,dynwd12,weekday,12,1,43,200,32,20,/Users/tsun-yuanku/local/qa_course_platform_github_pages/SQA_Algorithm/outputs/path_routing/benchmarks/formal_modes_suite_01/configs/baseline_plus_block_move/d0800_dynwd12.yaml,/Users/tsun-yuanku/local/qa_course_platform_github_pages/SQA_Algorithm/outputs/path_routing/benchmarks/formal_modes_suite_01/runs/baseline_plus_block_move/d0800_dynwd12/seed_043,/Users/tsun-yuanku/local/qa_course_platform_github_pages/SQA_Algorithm/outputs/path_routing/benchmarks/formal_modes_suite_01/logs/baseline_plus_block_move/d0800_dynwd12__seed_043.log,30.394,0
baseline_plus_block_move,d0800_dynwd12,d0800,800,799.1359807833297,179,246,dynwd12,weekday,12,2,44,200,32,20,/Users/tsun-yuanku/local/qa_course_platform_github_pages/SQA_Algorithm/outputs/path_routing/benchmarks/formal_modes_suite_01/configs/baseline_plus_block_move/d0800_dynwd12.yaml,/Users/tsun-yuanku/local/qa_course_platform_github_pages/SQA_Algorithm/outputs/path_routing/benchmarks/formal_modes_suite_01/runs/baseline_plus_block_move/d0800_dynwd12/seed_044,/Users/tsun-yuanku/local/qa_course_platform_github_pages/SQA_Algorithm/outputs/path_routing/benchmarks/formal_modes_suite_01/logs/baseline_plus_block_move/d0800_dynwd12__seed_044.log,30.964,0
baseline_plus_block_move,d0800_dynwd12,d0800,800,799.1359807833297,179,246,dynwd12,weekday,12,3,45,200,32,20,/Users/tsun-yuanku/local/qa_course_platform_github_pages/SQA_Algorithm/outputs/path_routing/benchmarks/formal_modes_suite_01/configs/baseline_plus_block_move/d0800_dynwd12.yaml,/Users/tsun-yuanku/local/qa_course_platform_github_pages/SQA_Algorithm/outputs/path_routing/benchmarks/formal_modes_suite_01/runs/baseline_plus_block_move/d0800_dynwd12/seed_045,/Users/tsun-yuanku/local/qa_course_platform_github_pages/SQA_Algorithm/outputs/path_routing/benchmarks/formal_modes_suite_01/logs/baseline_plus_block_move/d0800_dynwd12__seed_045.log,30.618,0
baseline_plus_block_move,d0800_dynwd12,d0800,800,799.1359807833297,179,246,dynwd12,weekday,12,4,46,200,32,20,/Users/tsun-yuanku/local/qa_course_platform_github_pages/SQA_Algorithm/outputs/path_routing/benchmarks/formal_modes_suite_01/configs/baseline_plus_block_move/d0800_dynwd12.yaml,/Users/tsun-yuanku/local/qa_course_platform_github_pages/SQA_Algorithm/outputs/path_routing/benchmarks/formal_modes_suite_01/runs/baseline_plus_block_move/d0800_dynwd12/seed_046,/Users/tsun-yuanku/local/qa_course_platform_github_pages/SQA_Algorithm/outputs/path_routing/benchmarks/formal_modes_suite_01/logs/baseline_plus_block_move/d0800_dynwd12__seed_046.log,31.072,0
baseline_plus_block_move,d0800_dynwd17,d0800,800,799.1359807833297,179,246,dynwd17,weekday,17,0,42,200,32,20,/Users/tsun-yuanku/local/qa_course_platform_github_pages/SQA_Algorithm/outputs/path_routing/benchmarks/formal_modes_suite_01/configs/baseline_plus_block_move/d0800_dynwd17.yaml,/Users/tsun-yuanku/local/qa_course_platform_github_pages/SQA_Algorithm/outputs/path_routing/benchmarks/formal_modes_suite_01/runs/baseline_plus_block_move/d0800_dynwd17/seed_042,/Users/tsun-yuanku/local/qa_course_platform_github_pages/SQA_Algorithm/outputs/path_routing/benchmarks/formal_modes_suite_01/logs/baseline_plus_block_move/d0800_dynwd17__seed_042.log,30.858,0
baseline_plus_block_move,d0800_dynwd17,d0800,800,799.1359807833297,179,246,dynwd17,weekday,17,1,43,200,32,20,/Users/tsun-yuanku/local/qa_course_platform_github_pages/SQA_Algorithm/outputs/path_routing/benchmarks/formal_modes_suite_01/configs/baseline_plus_block_move/d0800_dynwd17.yaml,/Users/tsun-yuanku/local/qa_course_platform_github_pages/SQA_Algorithm/outputs/path_routing/benchmarks/formal_modes_suite_01/runs/baseline_plus_block_move/d0800_dynwd17/seed_043,/Users/tsun-yuanku/local/qa_course_platform_github_pages/SQA_Algorithm/outputs/path_routing/benchmarks/formal_modes_suite_01/logs/baseline_plus_block_move/d0800_dynwd17__seed_043.log,29.766,0
baseline_plus_block_move,d0800_dynwd17,d0800,800,799.1359807833297,179,246,dynwd17,weekday,17,2,44,200,32,20,/Users/tsun-yuanku/local/qa_course_platform_github_pages/SQA_Algorithm/outputs/path_routing/benchmarks/formal_modes_suite_01/configs/baseline_plus_block_move/d0800_dynwd17.yaml,/Users/tsun-yuanku/local/qa_course_platform_github_pages/SQA_Algorithm/outputs/path_routing/benchmarks/formal_modes_suite_01/runs/baseline_plus_block_move/d0800_dynwd17/seed_044,/Users/tsun-yuanku/local/qa_course_platform_github_pages/SQA_Algorithm/outputs/path_routing/benchmarks/formal_modes_suite_01/logs/baseline_plus_block_move/d0800_dynwd17__seed_044.log,29.979,0
baseline_plus_block_move,d0800_dynwd17,d0800,800,799.1359807833297,179,246,dynwd17,weekday,17,3,45,200,32,20,/Users/tsun-yuanku/local/qa_course_platform_github_pages/SQA_Algorithm/outputs/path_routing/benchmarks/formal_modes_suite_01/configs/baseline_plus_block_move/d0800_dynwd17.yaml,/Users/tsun-yuanku/local/qa_course_platform_github_pages/SQA_Algorithm/outputs/path_routing/benchmarks/formal_modes_suite_01/runs/baseline_plus_block_move/d0800_dynwd17/seed_045,/Users/tsun-yuanku/local/qa_course_platform_github_pages/SQA_Algorithm/outputs/path_routing/benchmarks/formal_modes_suite_01/logs/baseline_plus_block_move/d0800_dynwd17__seed_045.log,30.202,0
baseline_plus_block_move,d0800_dynwd17,d0800,800,799.1359807833297,179,246,dynwd17,weekday,17,4,46,200,32,20,/Users/tsun-yuanku/local/qa_course_platform_github_pages/SQA_Algorithm/outputs/path_routing/benchmarks/formal_modes_suite_01/configs/baseline_plus_block_move/d0800_dynwd17.yaml,/Users/tsun-yuanku/local/qa_course_platform_github_pages/SQA_Algorithm/outputs/path_routing/benchmarks/formal_modes_suite_01/runs/baseline_plus_block_move/d0800_dynwd17/seed_046,/Users/tsun-yuanku/local/qa_course_platform_github_pages/SQA_Algorithm/outputs/path_routing/benchmarks/formal_modes_suite_01/logs/baseline_plus_block_move/d0800_dynwd17__seed_046.log,29.979,0
baseline_plus_block_move,d0800_dynwd21,d0800,800,799.1359807833297,179,246,dynwd21,weekday,21,0,42,200,32,20,/Users/tsun-yuanku/local/qa_course_platform_github_pages/SQA_Algorithm/outputs/path_routing/benchmarks/formal_modes_suite_01/configs/baseline_plus_block_move/d0800_dynwd21.yaml,/Users/tsun-yuanku/local/qa_course_platform_github_pages/SQA_Algorithm/outputs/path_routing/benchmarks/formal_modes_suite_01/runs/baseline_plus_block_move/d0800_dynwd21/seed_042,/Users/tsun-yuanku/local/qa_course_platform_github_pages/SQA_Algorithm/outputs/path_routing/benchmarks/formal_modes_suite_01/logs/baseline_plus_block_move/d0800_dynwd21__seed_042.log,30.057,0
baseline_plus_block_move,d0800_dynwd21,d0800,800,799.1359807833297,179,246,dynwd21,weekday,21,1,43,200,32,20,/Users/tsun-yuanku/local/qa_course_platform_github_pages/SQA_Algorithm/outputs/path_routing/benchmarks/formal_modes_suite_01/configs/baseline_plus_block_move/d0800_dynwd21.yaml,/Users/tsun-yuanku/local/qa_course_platform_github_pages/SQA_Algorithm/outputs/path_routing/benchmarks/formal_modes_suite_01/runs/baseline_plus_block_move/d0800_dynwd21/seed_043,/Users/tsun-yuanku/local/qa_course_platform_github_pages/SQA_Algorithm/outputs/path_routing/benchmarks/formal_modes_suite_01/logs/baseline_plus_block_move/d0800_dynwd21__seed_043.log,29.839,0
baseline_plus_block_move,d0800_dynwd21,d0800,800,799.1359807833297,179,246,dynwd21,weekday,21,2,44,200,32,20,/Users/tsun-yuanku/local/qa_course_platform_github_pages/SQA_Algorithm/outputs/path_routing/benchmarks/formal_modes_suite_01/configs/baseline_plus_block_move/d0800_dynwd21.yaml,/Users/tsun-yuanku/local/qa_course_platform_github_pages/SQA_Algorithm/outputs/path_routing/benchmarks/formal_modes_suite_01/runs/baseline_plus_block_move/d0800_dynwd21/seed_044,/Users/tsun-yuanku/local/qa_course_platform_github_pages/SQA_Algorithm/outputs/path_routing/benchmarks/formal_modes_suite_01/logs/baseline_plus_block_move/d0800_dynwd21__seed_044.log,36.846,0
baseline_plus_block_move,d0800_dynwd21,d0800,800,799.1359807833297,179,246,dynwd21,weekday,21,3,45,200,32,20,/Users/tsun-yuanku/local/qa_course_platform_github_pages/SQA_Algorithm/outputs/path_routing/benchmarks/formal_modes_suite_01/configs/baseline_plus_block_move/d0800_dynwd21.yaml,/Users/tsun-yuanku/local/qa_course_platform_github_pages/SQA_Algorithm/outputs/path_routing/benchmarks/formal_modes_suite_01/runs/baseline_plus_block_move/d0800_dynwd21/seed_045,/Users/tsun-yuanku/local/qa_course_platform_github_pages/SQA_Algorithm/outputs/path_routing/benchmarks/formal_modes_suite_01/logs/baseline_plus_block_move/d0800_dynwd21__seed_045.log,36.527,0
baseline_plus_block_move,d0800_dynwd21,d0800,800,799.1359807833297,179,246,dynwd21,weekday,21,4,46,200,32,20,/Users/tsun-yuanku/local/qa_course_platform_github_pages/SQA_Algorithm/outputs/path_routing/benchmarks/formal_modes_suite_01/configs/baseline_plus_block_move/d0800_dynwd21.yaml,/Users/tsun-yuanku/local/qa_course_platform_github_pages/SQA_Algorithm/outputs/path_routing/benchmarks/formal_modes_suite_01/runs/baseline_plus_block_move/d0800_dynwd21/seed_046,/Users/tsun-yuanku/local/qa_course_platform_github_pages/SQA_Algorithm/outputs/path_routing/benchmarks/formal_modes_suite_01/logs/baseline_plus_block_move/d0800_dynwd21__seed_046.log,36.644,0
baseline_plus_block_move,d0800_dynwe05,d0800,800,799.1359807833297,179,246,dynwe05,weekend,05,0,42,200,32,20,/Users/tsun-yuanku/local/qa_course_platform_github_pages/SQA_Algorithm/outputs/path_routing/benchmarks/formal_modes_suite_01/configs/baseline_plus_block_move/d0800_dynwe05.yaml,/Users/tsun-yuanku/local/qa_course_platform_github_pages/SQA_Algorithm/outputs/path_routing/benchmarks/formal_modes_suite_01/runs/baseline_plus_block_move/d0800_dynwe05/seed_042,/Users/tsun-yuanku/local/qa_course_platform_github_pages/SQA_Algorithm/outputs/path_routing/benchmarks/formal_modes_suite_01/logs/baseline_plus_block_move/d0800_dynwe05__seed_042.log,36.575,0
baseline_plus_block_move,d0800_dynwe05,d0800,800,799.1359807833297,179,246,dynwe05,weekend,05,1,43,200,32,20,/Users/tsun-yuanku/local/qa_course_platform_github_pages/SQA_Algorithm/outputs/path_routing/benchmarks/formal_modes_suite_01/configs/baseline_plus_block_move/d0800_dynwe05.yaml,/Users/tsun-yuanku/local/qa_course_platform_github_pages/SQA_Algorithm/outputs/path_routing/benchmarks/formal_modes_suite_01/runs/baseline_plus_block_move/d0800_dynwe05/seed_043,/Users/tsun-yuanku/local/qa_course_platform_github_pages/SQA_Algorithm/outputs/path_routing/benchmarks/formal_modes_suite_01/logs/baseline_plus_block_move/d0800_dynwe05__seed_043.log,36.925,0
baseline_plus_block_move,d0800_dynwe05,d0800,800,799.1359807833297,179,246,dynwe05,weekend,05,2,44,200,32,20,/Users/tsun-yuanku/local/qa_course_platform_github_pages/SQA_Algorithm/outputs/path_routing/benchmarks/formal_modes_suite_01/configs/baseline_plus_block_move/d0800_dynwe05.yaml,/Users/tsun-yuanku/local/qa_course_platform_github_pages/SQA_Algorithm/outputs/path_routing/benchmarks/formal_modes_suite_01/runs/baseline_plus_block_move/d0800_dynwe05/seed_044,/Users/tsun-yuanku/local/qa_course_platform_github_pages/SQA_Algorithm/outputs/path_routing/benchmarks/formal_modes_suite_01/logs/baseline_plus_block_move/d0800_dynwe05__seed_044.log,36.618,0
baseline_plus_block_move,d0800_dynwe05,d0800,800,799.1359807833297,179,246,dynwe05,weekend,05,3,45,200,32,20,/Users/tsun-yuanku/local/qa_course_platform_github_pages/SQA_Algorithm/outputs/path_routing/benchmarks/formal_modes_suite_01/configs/baseline_plus_block_move/d0800_dynwe05.yaml,/Users/tsun-yuanku/local/qa_course_platform_github_pages/SQA_Algorithm/outputs/path_routing/benchmarks/formal_modes_suite_01/runs/baseline_plus_block_move/d0800_dynwe05/seed_045,/Users/tsun-yuanku/local/qa_course_platform_github_pages/SQA_Algorithm/outputs/path_routing/benchmarks/formal_modes_suite_01/logs/baseline_plus_block_move/d0800_dynwe05__seed_045.log,36.807,0
baseline_plus_block_move,d0800_dynwe05,d0800,800,799.1359807833297,179,246,dynwe05,weekend,05,4,46,200,32,20,/Users/tsun-yuanku/local/qa_course_platform_github_pages/SQA_Algorithm/outputs/path_routing/benchmarks/formal_modes_suite_01/configs/baseline_plus_block_move/d0800_dynwe05.yaml,/Users/tsun-yuanku/local/qa_course_platform_github_pages/SQA_Algorithm/outputs/path_routing/benchmarks/formal_modes_suite_01/runs/baseline_plus_block_move/d0800_dynwe05/seed_046,/Users/tsun-yuanku/local/qa_course_platform_github_pages/SQA_Algorithm/outputs/path_routing/benchmarks/formal_modes_suite_01/logs/baseline_plus_block_move/d0800_dynwe05__seed_046.log,36.794,0
baseline_plus_block_move,d0800_dynwe08,d0800,800,799.1359807833297,179,246,dynwe08,weekend,08,0,42,200,32,20,/Users/tsun-yuanku/local/qa_course_platform_github_pages/SQA_Algorithm/outputs/path_routing/benchmarks/formal_modes_suite_01/configs/baseline_plus_block_move/d0800_dynwe08.yaml,/Users/tsun-yuanku/local/qa_course_platform_github_pages/SQA_Algorithm/outputs/path_routing/benchmarks/formal_modes_suite_01/runs/baseline_plus_block_move/d0800_dynwe08/seed_042,/Users/tsun-yuanku/local/qa_course_platform_github_pages/SQA_Algorithm/outputs/path_routing/benchmarks/formal_modes_suite_01/logs/baseline_plus_block_move/d0800_dynwe08__seed_042.log,36.849,0
baseline_plus_block_move,d0800_dynwe08,d0800,800,799.1359807833297,179,246,dynwe08,weekend,08,1,43,200,32,20,/Users/tsun-yuanku/local/qa_course_platform_github_pages/SQA_Algorithm/outputs/path_routing/benchmarks/formal_modes_suite_01/configs/baseline_plus_block_move/d0800_dynwe08.yaml,/Users/tsun-yuanku/local/qa_course_platform_github_pages/SQA_Algorithm/outputs/path_routing/benchmarks/formal_modes_suite_01/runs/baseline_plus_block_move/d0800_dynwe08/seed_043,/Users/tsun-yuanku/local/qa_course_platform_github_pages/SQA_Algorithm/outputs/path_routing/benchmarks/formal_modes_suite_01/logs/baseline_plus_block_move/d0800_dynwe08__seed_043.log,36.861,0
baseline_plus_block_move,d0800_dynwe08,d0800,800,799.1359807833297,179,246,dynwe08,weekend,08,2,44,200,32,20,/Users/tsun-yuanku/local/qa_course_platform_github_pages/SQA_Algorithm/outputs/path_routing/benchmarks/formal_modes_suite_01/configs/baseline_plus_block_move/d0800_dynwe08.yaml,/Users/tsun-yuanku/local/qa_course_platform_github_pages/SQA_Algorithm/outputs/path_routing/benchmarks/formal_modes_suite_01/runs/baseline_plus_block_move/d0800_dynwe08/seed_044,/Users/tsun-yuanku/local/qa_course_platform_github_pages/SQA_Algorithm/outputs/path_routing/benchmarks/formal_modes_suite_01/logs/baseline_plus_block_move/d0800_dynwe08__seed_044.log,37.027,0
baseline_plus_block_move,d0800_dynwe08,d0800,800,799.1359807833297,179,246,dynwe08,weekend,08,3,45,200,32,20,/Users/tsun-yuanku/local/qa_course_platform_github_pages/SQA_Algorithm/outputs/path_routing/benchmarks/formal_modes_suite_01/configs/baseline_plus_block_move/d0800_dynwe08.yaml,/Users/tsun-yuanku/local/qa_course_platform_github_pages/SQA_Algorithm/outputs/path_routing/benchmarks/formal_modes_suite_01/runs/baseline_plus_block_move/d0800_dynwe08/seed_045,/Users/tsun-yuanku/local/qa_course_platform_github_pages/SQA_Algorithm/outputs/path_routing/benchmarks/formal_modes_suite_01/logs/baseline_plus_block_move/d0800_dynwe08__seed_045.log,37.313,0
baseline_plus_block_move,d0800_dynwe08,d0800,800,799.1359807833297,179,246,dynwe08,weekend,08,4,46,200,32,20,/Users/tsun-yuanku/local/qa_course_platform_github_pages/SQA_Algorithm/outputs/path_routing/benchmarks/formal_modes_suite_01/configs/baseline_plus_block_move/d0800_dynwe08.yaml,/Users/tsun-yuanku/local/qa_course_platform_github_pages/SQA_Algorithm/outputs/path_routing/benchmarks/formal_modes_suite_01/runs/baseline_plus_block_move/d0800_dynwe08/seed_046,/Users/tsun-yuanku/local/qa_course_platform_github_pages/SQA_Algorithm/outputs/path_routing/benchmarks/formal_modes_suite_01/logs/baseline_plus_block_move/d0800_dynwe08__seed_046.log,32.041,0
baseline_plus_block_move,d0800_dynwe12,d0800,800,799.1359807833297,179,246,dynwe12,weekend,12,0,42,200,32,20,/Users/tsun-yuanku/local/qa_course_platform_github_pages/SQA_Algorithm/outputs/path_routing/benchmarks/formal_modes_suite_01/configs/baseline_plus_block_move/d0800_dynwe12.yaml,/Users/tsun-yuanku/local/qa_course_platform_github_pages/SQA_Algorithm/outputs/path_routing/benchmarks/formal_modes_suite_01/runs/baseline_plus_block_move/d0800_dynwe12/seed_042,/Users/tsun-yuanku/local/qa_course_platform_github_pages/SQA_Algorithm/outputs/path_routing/benchmarks/formal_modes_suite_01/logs/baseline_plus_block_move/d0800_dynwe12__seed_042.log,32.317,0
baseline_plus_block_move,d0800_dynwe12,d0800,800,799.1359807833297,179,246,dynwe12,weekend,12,1,43,200,32,20,/Users/tsun-yuanku/local/qa_course_platform_github_pages/SQA_Algorithm/outputs/path_routing/benchmarks/formal_modes_suite_01/configs/baseline_plus_block_move/d0800_dynwe12.yaml,/Users/tsun-yuanku/local/qa_course_platform_github_pages/SQA_Algorithm/outputs/path_routing/benchmarks/formal_modes_suite_01/runs/baseline_plus_block_move/d0800_dynwe12/seed_043,/Users/tsun-yuanku/local/qa_course_platform_github_pages/SQA_Algorithm/outputs/path_routing/benchmarks/formal_modes_suite_01/logs/baseline_plus_block_move/d0800_dynwe12__seed_043.log,32.186,0
baseline_plus_block_move,d0800_dynwe12,d0800,800,799.1359807833297,179,246,dynwe12,weekend,12,2,44,200,32,20,/Users/tsun-yuanku/local/qa_course_platform_github_pages/SQA_Algorithm/outputs/path_routing/benchmarks/formal_modes_suite_01/configs/baseline_plus_block_move/d0800_dynwe12.yaml,/Users/tsun-yuanku/local/qa_course_platform_github_pages/SQA_Algorithm/outputs/path_routing/benchmarks/formal_modes_suite_01/runs/baseline_plus_block_move/d0800_dynwe12/seed_044,/Users/tsun-yuanku/local/qa_course_platform_github_pages/SQA_Algorithm/outputs/path_routing/benchmarks/formal_modes_suite_01/logs/baseline_plus_block_move/d0800_dynwe12__seed_044.log,32.428,0
baseline_plus_block_move,d0800_dynwe12,d0800,800,799.1359807833297,179,246,dynwe12,weekend,12,3,45,200,32,20,/Users/tsun-yuanku/local/qa_course_platform_github_pages/SQA_Algorithm/outputs/path_routing/benchmarks/formal_modes_suite_01/configs/baseline_plus_block_move/d0800_dynwe12.yaml,/Users/tsun-yuanku/local/qa_course_platform_github_pages/SQA_Algorithm/outputs/path_routing/benchmarks/formal_modes_suite_01/runs/baseline_plus_block_move/d0800_dynwe12/seed_045,/Users/tsun-yuanku/local/qa_course_platform_github_pages/SQA_Algorithm/outputs/path_routing/benchmarks/formal_modes_suite_01/logs/baseline_plus_block_move/d0800_dynwe12__seed_045.log,31.767,0
baseline_plus_block_move,d0800_dynwe12,d0800,800,799.1359807833297,179,246,dynwe12,weekend,12,4,46,200,32,20,/Users/tsun-yuanku/local/qa_course_platform_github_pages/SQA_Algorithm/outputs/path_routing/benchmarks/formal_modes_suite_01/configs/baseline_plus_block_move/d0800_dynwe12.yaml,/Users/tsun-yuanku/local/qa_course_platform_github_pages/SQA_Algorithm/outputs/path_routing/benchmarks/formal_modes_suite_01/runs/baseline_plus_block_move/d0800_dynwe12/seed_046,/Users/tsun-yuanku/local/qa_course_platform_github_pages/SQA_Algorithm/outputs/path_routing/benchmarks/formal_modes_suite_01/logs/baseline_plus_block_move/d0800_dynwe12__seed_046.log,32.13,0
baseline_plus_block_move,d0800_dynwe17,d0800,800,799.1359807833297,179,246,dynwe17,weekend,17,0,42,200,32,20,/Users/tsun-yuanku/local/qa_course_platform_github_pages/SQA_Algorithm/outputs/path_routing/benchmarks/formal_modes_suite_01/configs/baseline_plus_block_move/d0800_dynwe17.yaml,/Users/tsun-yuanku/local/qa_course_platform_github_pages/SQA_Algorithm/outputs/path_routing/benchmarks/formal_modes_suite_01/runs/baseline_plus_block_move/d0800_dynwe17/seed_042,/Users/tsun-yuanku/local/qa_course_platform_github_pages/SQA_Algorithm/outputs/path_routing/benchmarks/formal_modes_suite_01/logs/baseline_plus_block_move/d0800_dynwe17__seed_042.log,31.825,0
baseline_plus_block_move,d0800_dynwe17,d0800,800,799.1359807833297,179,246,dynwe17,weekend,17,1,43,200,32,20,/Users/tsun-yuanku/local/qa_course_platform_github_pages/SQA_Algorithm/outputs/path_routing/benchmarks/formal_modes_suite_01/configs/baseline_plus_block_move/d0800_dynwe17.yaml,/Users/tsun-yuanku/local/qa_course_platform_github_pages/SQA_Algorithm/outputs/path_routing/benchmarks/formal_modes_suite_01/runs/baseline_plus_block_move/d0800_dynwe17/seed_043,/Users/tsun-yuanku/local/qa_course_platform_github_pages/SQA_Algorithm/outputs/path_routing/benchmarks/formal_modes_suite_01/logs/baseline_plus_block_move/d0800_dynwe17__seed_043.log,31.049,0
baseline_plus_block_move,d0800_dynwe17,d0800,800,799.1359807833297,179,246,dynwe17,weekend,17,2,44,200,32,20,/Users/tsun-yuanku/local/qa_course_platform_github_pages/SQA_Algorithm/outputs/path_routing/benchmarks/formal_modes_suite_01/configs/baseline_plus_block_move/d0800_dynwe17.yaml,/Users/tsun-yuanku/local/qa_course_platform_github_pages/SQA_Algorithm/outputs/path_routing/benchmarks/formal_modes_suite_01/runs/baseline_plus_block_move/d0800_dynwe17/seed_044,/Users/tsun-yuanku/local/qa_course_platform_github_pages/SQA_Algorithm/outputs/path_routing/benchmarks/formal_modes_suite_01/logs/baseline_plus_block_move/d0800_dynwe17__seed_044.log,31.159,0
baseline_plus_block_move,d0800_dynwe17,d0800,800,799.1359807833297,179,246,dynwe17,weekend,17,3,45,200,32,20,/Users/tsun-yuanku/local/qa_course_platform_github_pages/SQA_Algorithm/outputs/path_routing/benchmarks/formal_modes_suite_01/configs/baseline_plus_block_move/d0800_dynwe17.yaml,/Users/tsun-yuanku/local/qa_course_platform_github_pages/SQA_Algorithm/outputs/path_routing/benchmarks/formal_modes_suite_01/runs/baseline_plus_block_move/d0800_dynwe17/seed_045,/Users/tsun-yuanku/local/qa_course_platform_github_pages/SQA_Algorithm/outputs/path_routing/benchmarks/formal_modes_suite_01/logs/baseline_plus_block_move/d0800_dynwe17__seed_045.log,31.076,0
baseline_plus_block_move,d0800_dynwe17,d0800,800,799.1359807833297,179,246,dynwe17,weekend,17,4,46,200,32,20,/Users/tsun-yuanku/local/qa_course_platform_github_pages/SQA_Algorithm/outputs/path_routing/benchmarks/formal_modes_suite_01/configs/baseline_plus_block_move/d0800_dynwe17.yaml,/Users/tsun-yuanku/local/qa_course_platform_github_pages/SQA_Algorithm/outputs/path_routing/benchmarks/formal_modes_suite_01/runs/baseline_plus_block_move/d0800_dynwe17/seed_046,/Users/tsun-yuanku/local/qa_course_platform_github_pages/SQA_Algorithm/outputs/path_routing/benchmarks/formal_modes_suite_01/logs/baseline_plus_block_move/d0800_dynwe17__seed_046.log,31.129,0
baseline_plus_block_move,d0800_dynwe21,d0800,800,799.1359807833297,179,246,dynwe21,weekend,21,0,42,200,32,20,/Users/tsun-yuanku/local/qa_course_platform_github_pages/SQA_Algorithm/outputs/path_routing/benchmarks/formal_modes_suite_01/configs/baseline_plus_block_move/d0800_dynwe21.yaml,/Users/tsun-yuanku/local/qa_course_platform_github_pages/SQA_Algorithm/outputs/path_routing/benchmarks/formal_modes_suite_01/runs/baseline_plus_block_move/d0800_dynwe21/seed_042,/Users/tsun-yuanku/local/qa_course_platform_github_pages/SQA_Algorithm/outputs/path_routing/benchmarks/formal_modes_suite_01/logs/baseline_plus_block_move/d0800_dynwe21__seed_042.log,31.596,0
baseline_plus_block_move,d0800_dynwe21,d0800,800,799.1359807833297,179,246,dynwe21,weekend,21,1,43,200,32,20,/Users/tsun-yuanku/local/qa_course_platform_github_pages/SQA_Algorithm/outputs/path_routing/benchmarks/formal_modes_suite_01/configs/baseline_plus_block_move/d0800_dynwe21.yaml,/Users/tsun-yuanku/local/qa_course_platform_github_pages/SQA_Algorithm/outputs/path_routing/benchmarks/formal_modes_suite_01/runs/baseline_plus_block_move/d0800_dynwe21/seed_043,/Users/tsun-yuanku/local/qa_course_platform_github_pages/SQA_Algorithm/outputs/path_routing/benchmarks/formal_modes_suite_01/logs/baseline_plus_block_move/d0800_dynwe21__seed_043.log,32.088,0
baseline_plus_block_move,d0800_dynwe21,d0800,800,799.1359807833297,179,246,dynwe21,weekend,21,2,44,200,32,20,/Users/tsun-yuanku/local/qa_course_platform_github_pages/SQA_Algorithm/outputs/path_routing/benchmarks/formal_modes_suite_01/configs/baseline_plus_block_move/d0800_dynwe21.yaml,/Users/tsun-yuanku/local/qa_course_platform_github_pages/SQA_Algorithm/outputs/path_routing/benchmarks/formal_modes_suite_01/runs/baseline_plus_block_move/d0800_dynwe21/seed_044,/Users/tsun-yuanku/local/qa_course_platform_github_pages/SQA_Algorithm/outputs/path_routing/benchmarks/formal_modes_suite_01/logs/baseline_plus_block_move/d0800_dynwe21__seed_044.log,32.352,0
baseline_plus_block_move,d0800_dynwe21,d0800,800,799.1359807833297,179,246,dynwe21,weekend,21,3,45,200,32,20,/Users/tsun-yuanku/local/qa_course_platform_github_pages/SQA_Algorithm/outputs/path_routing/benchmarks/formal_modes_suite_01/configs/baseline_plus_block_move/d0800_dynwe21.yaml,/Users/tsun-yuanku/local/qa_course_platform_github_pages/SQA_Algorithm/outputs/path_routing/benchmarks/formal_modes_suite_01/runs/baseline_plus_block_move/d0800_dynwe21/seed_045,/Users/tsun-yuanku/local/qa_course_platform_github_pages/SQA_Algorithm/outputs/path_routing/benchmarks/formal_modes_suite_01/logs/baseline_plus_block_move/d0800_dynwe21__seed_045.log,32.488,0
baseline_plus_block_move,d0800_dynwe21,d0800,800,799.1359807833297,179,246,dynwe21,weekend,21,4,46,200,32,20,/Users/tsun-yuanku/local/qa_course_platform_github_pages/SQA_Algorithm/outputs/path_routing/benchmarks/formal_modes_suite_01/configs/baseline_plus_block_move/d0800_dynwe21.yaml,/Users/tsun-yuanku/local/qa_course_platform_github_pages/SQA_Algorithm/outputs/path_routing/benchmarks/formal_modes_suite_01/runs/baseline_plus_block_move/d0800_dynwe21/seed_046,/Users/tsun-yuanku/local/qa_course_platform_github_pages/SQA_Algorithm/outputs/path_routing/benchmarks/formal_modes_suite_01/logs/baseline_plus_block_move/d0800_dynwe21__seed_046.log,32.181,0
baseline_plus_block_move,d1200_dynwd05,d1200,1200,1202.828070248327,80,314,dynwd05,weekday,05,0,42,200,32,20,/Users/tsun-yuanku/local/qa_course_platform_github_pages/SQA_Algorithm/outputs/path_routing/benchmarks/formal_modes_suite_01/configs/baseline_plus_block_move/d1200_dynwd05.yaml,/Users/tsun-yuanku/local/qa_course_platform_github_pages/SQA_Algorithm/outputs/path_routing/benchmarks/formal_modes_suite_01/runs/baseline_plus_block_move/d1200_dynwd05/seed_042,/Users/tsun-yuanku/local/qa_course_platform_github_pages/SQA_Algorithm/outputs/path_routing/benchmarks/formal_modes_suite_01/logs/baseline_plus_block_move/d1200_dynwd05__seed_042.log,31.907,0
baseline_plus_block_move,d1200_dynwd05,d1200,1200,1202.828070248327,80,314,dynwd05,weekday,05,1,43,200,32,20,/Users/tsun-yuanku/local/qa_course_platform_github_pages/SQA_Algorithm/outputs/path_routing/benchmarks/formal_modes_suite_01/configs/baseline_plus_block_move/d1200_dynwd05.yaml,/Users/tsun-yuanku/local/qa_course_platform_github_pages/SQA_Algorithm/outputs/path_routing/benchmarks/formal_modes_suite_01/runs/baseline_plus_block_move/d1200_dynwd05/seed_043,/Users/tsun-yuanku/local/qa_course_platform_github_pages/SQA_Algorithm/outputs/path_routing/benchmarks/formal_modes_suite_01/logs/baseline_plus_block_move/d1200_dynwd05__seed_043.log,32.263,0
baseline_plus_block_move,d1200_dynwd05,d1200,1200,1202.828070248327,80,314,dynwd05,weekday,05,2,44,200,32,20,/Users/tsun-yuanku/local/qa_course_platform_github_pages/SQA_Algorithm/outputs/path_routing/benchmarks/formal_modes_suite_01/configs/baseline_plus_block_move/d1200_dynwd05.yaml,/Users/tsun-yuanku/local/qa_course_platform_github_pages/SQA_Algorithm/outputs/path_routing/benchmarks/formal_modes_suite_01/runs/baseline_plus_block_move/d1200_dynwd05/seed_044,/Users/tsun-yuanku/local/qa_course_platform_github_pages/SQA_Algorithm/outputs/path_routing/benchmarks/formal_modes_suite_01/logs/baseline_plus_block_move/d1200_dynwd05__seed_044.log,32.521,0
baseline_plus_block_move,d1200_dynwd05,d1200,1200,1202.828070248327,80,314,dynwd05,weekday,05,3,45,200,32,20,/Users/tsun-yuanku/local/qa_course_platform_github_pages/SQA_Algorithm/outputs/path_routing/benchmarks/formal_modes_suite_01/configs/baseline_plus_block_move/d1200_dynwd05.yaml,/Users/tsun-yuanku/local/qa_course_platform_github_pages/SQA_Algorithm/outputs/path_routing/benchmarks/formal_modes_suite_01/runs/baseline_plus_block_move/d1200_dynwd05/seed_045,/Users/tsun-yuanku/local/qa_course_platform_github_pages/SQA_Algorithm/outputs/path_routing/benchmarks/formal_modes_suite_01/logs/baseline_plus_block_move/d1200_dynwd05__seed_045.log,31.983,0
baseline_plus_block_move,d1200_dynwd05,d1200,1200,1202.828070248327,80,314,dynwd05,weekday,05,4,46,200,32,20,/Users/tsun-yuanku/local/qa_course_platform_github_pages/SQA_Algorithm/outputs/path_routing/benchmarks/formal_modes_suite_01/configs/baseline_plus_block_move/d1200_dynwd05.yaml,/Users/tsun-yuanku/local/qa_course_platform_github_pages/SQA_Algorithm/outputs/path_routing/benchmarks/formal_modes_suite_01/runs/baseline_plus_block_move/d1200_dynwd05/seed_046,/Users/tsun-yuanku/local/qa_course_platform_github_pages/SQA_Algorithm/outputs/path_routing/benchmarks/formal_modes_suite_01/logs/baseline_plus_block_move/d1200_dynwd05__seed_046.log,32.027,0
baseline_plus_block_move,d1200_dynwd08,d1200,1200,1202.828070248327,80,314,dynwd08,weekday,08,0,42,200,32,20,/Users/tsun-yuanku/local/qa_course_platform_github_pages/SQA_Algorithm/outputs/path_routing/benchmarks/formal_modes_suite_01/configs/baseline_plus_block_move/d1200_dynwd08.yaml,/Users/tsun-yuanku/local/qa_course_platform_github_pages/SQA_Algorithm/outputs/path_routing/benchmarks/formal_modes_suite_01/runs/baseline_plus_block_move/d1200_dynwd08/seed_042,/Users/tsun-yuanku/local/qa_course_platform_github_pages/SQA_Algorithm/outputs/path_routing/benchmarks/formal_modes_suite_01/logs/baseline_plus_block_move/d1200_dynwd08__seed_042.log,32.19,0
baseline_plus_block_move,d1200_dynwd08,d1200,1200,1202.828070248327,80,314,dynwd08,weekday,08,1,43,200,32,20,/Users/tsun-yuanku/local/qa_course_platform_github_pages/SQA_Algorithm/outputs/path_routing/benchmarks/formal_modes_suite_01/configs/baseline_plus_block_move/d1200_dynwd08.yaml,/Users/tsun-yuanku/local/qa_course_platform_github_pages/SQA_Algorithm/outputs/path_routing/benchmarks/formal_modes_suite_01/runs/baseline_plus_block_move/d1200_dynwd08/seed_043,/Users/tsun-yuanku/local/qa_course_platform_github_pages/SQA_Algorithm/outputs/path_routing/benchmarks/formal_modes_suite_01/logs/baseline_plus_block_move/d1200_dynwd08__seed_043.log,31.956,0
baseline_plus_block_move,d1200_dynwd08,d1200,1200,1202.828070248327,80,314,dynwd08,weekday,08,2,44,200,32,20,/Users/tsun-yuanku/local/qa_course_platform_github_pages/SQA_Algorithm/outputs/path_routing/benchmarks/formal_modes_suite_01/configs/baseline_plus_block_move/d1200_dynwd08.yaml,/Users/tsun-yuanku/local/qa_course_platform_github_pages/SQA_Algorithm/outputs/path_routing/benchmarks/formal_modes_suite_01/runs/baseline_plus_block_move/d1200_dynwd08/seed_044,/Users/tsun-yuanku/local/qa_course_platform_github_pages/SQA_Algorithm/outputs/path_routing/benchmarks/formal_modes_suite_01/logs/baseline_plus_block_move/d1200_dynwd08__seed_044.log,32.444,0
baseline_plus_block_move,d1200_dynwd08,d1200,1200,1202.828070248327,80,314,dynwd08,weekday,08,3,45,200,32,20,/Users/tsun-yuanku/local/qa_course_platform_github_pages/SQA_Algorithm/outputs/path_routing/benchmarks/formal_modes_suite_01/configs/baseline_plus_block_move/d1200_dynwd08.yaml,/Users/tsun-yuanku/local/qa_course_platform_github_pages/SQA_Algorithm/outputs/path_routing/benchmarks/formal_modes_suite_01/runs/baseline_plus_block_move/d1200_dynwd08/seed_045,/Users/tsun-yuanku/local/qa_course_platform_github_pages/SQA_Algorithm/outputs/path_routing/benchmarks/formal_modes_suite_01/logs/baseline_plus_block_move/d1200_dynwd08__seed_045.log,31.474,0
baseline_plus_block_move,d1200_dynwd08,d1200,1200,1202.828070248327,80,314,dynwd08,weekday,08,4,46,200,32,20,/Users/tsun-yuanku/local/qa_course_platform_github_pages/SQA_Algorithm/outputs/path_routing/benchmarks/formal_modes_suite_01/configs/baseline_plus_block_move/d1200_dynwd08.yaml,/Users/tsun-yuanku/local/qa_course_platform_github_pages/SQA_Algorithm/outputs/path_routing/benchmarks/formal_modes_suite_01/runs/baseline_plus_block_move/d1200_dynwd08/seed_046,/Users/tsun-yuanku/local/qa_course_platform_github_pages/SQA_Algorithm/outputs/path_routing/benchmarks/formal_modes_suite_01/logs/baseline_plus_block_move/d1200_dynwd08__seed_046.log,32.116,0
baseline_plus_block_move,d1200_dynwd12,d1200,1200,1202.828070248327,80,314,dynwd12,weekday,12,0,42,200,32,20,/Users/tsun-yuanku/local/qa_course_platform_github_pages/SQA_Algorithm/outputs/path_routing/benchmarks/formal_modes_suite_01/configs/baseline_plus_block_move/d1200_dynwd12.yaml,/Users/tsun-yuanku/local/qa_course_platform_github_pages/SQA_Algorithm/outputs/path_routing/benchmarks/formal_modes_suite_01/runs/baseline_plus_block_move/d1200_dynwd12/seed_042,/Users/tsun-yuanku/local/qa_course_platform_github_pages/SQA_Algorithm/outputs/path_routing/benchmarks/formal_modes_suite_01/logs/baseline_plus_block_move/d1200_dynwd12__seed_042.log,32.161,0
baseline_plus_block_move,d1200_dynwd12,d1200,1200,1202.828070248327,80,314,dynwd12,weekday,12,1,43,200,32,20,/Users/tsun-yuanku/local/qa_course_platform_github_pages/SQA_Algorithm/outputs/path_routing/benchmarks/formal_modes_suite_01/configs/baseline_plus_block_move/d1200_dynwd12.yaml,/Users/tsun-yuanku/local/qa_course_platform_github_pages/SQA_Algorithm/outputs/path_routing/benchmarks/formal_modes_suite_01/runs/baseline_plus_block_move/d1200_dynwd12/seed_043,/Users/tsun-yuanku/local/qa_course_platform_github_pages/SQA_Algorithm/outputs/path_routing/benchmarks/formal_modes_suite_01/logs/baseline_plus_block_move/d1200_dynwd12__seed_043.log,31.653,0
baseline_plus_block_move,d1200_dynwd12,d1200,1200,1202.828070248327,80,314,dynwd12,weekday,12,2,44,200,32,20,/Users/tsun-yuanku/local/qa_course_platform_github_pages/SQA_Algorithm/outputs/path_routing/benchmarks/formal_modes_suite_01/configs/baseline_plus_block_move/d1200_dynwd12.yaml,/Users/tsun-yuanku/local/qa_course_platform_github_pages/SQA_Algorithm/outputs/path_routing/benchmarks/formal_modes_suite_01/runs/baseline_plus_block_move/d1200_dynwd12/seed_044,/Users/tsun-yuanku/local/qa_course_platform_github_pages/SQA_Algorithm/outputs/path_routing/benchmarks/formal_modes_suite_01/logs/baseline_plus_block_move/d1200_dynwd12__seed_044.log,31.521,0
baseline_plus_block_move,d1200_dynwd12,d1200,1200,1202.828070248327,80,314,dynwd12,weekday,12,3,45,200,32,20,/Users/tsun-yuanku/local/qa_course_platform_github_pages/SQA_Algorithm/outputs/path_routing/benchmarks/formal_modes_suite_01/configs/baseline_plus_block_move/d1200_dynwd12.yaml,/Users/tsun-yuanku/local/qa_course_platform_github_pages/SQA_Algorithm/outputs/path_routing/benchmarks/formal_modes_suite_01/runs/baseline_plus_block_move/d1200_dynwd12/seed_045,/Users/tsun-yuanku/local/qa_course_platform_github_pages/SQA_Algorithm/outputs/path_routing/benchmarks/formal_modes_suite_01/logs/baseline_plus_block_move/d1200_dynwd12__seed_045.log,31.211,0
baseline_plus_block_move,d1200_dynwd12,d1200,1200,1202.828070248327,80,314,dynwd12,weekday,12,4,46,200,32,20,/Users/tsun-yuanku/local/qa_course_platform_github_pages/SQA_Algorithm/outputs/path_routing/benchmarks/formal_modes_suite_01/configs/baseline_plus_block_move/d1200_dynwd12.yaml,/Users/tsun-yuanku/local/qa_course_platform_github_pages/SQA_Algorithm/outputs/path_routing/benchmarks/formal_modes_suite_01/runs/baseline_plus_block_move/d1200_dynwd12/seed_046,/Users/tsun-yuanku/local/qa_course_platform_github_pages/SQA_Algorithm/outputs/path_routing/benchmarks/formal_modes_suite_01/logs/baseline_plus_block_move/d1200_dynwd12__seed_046.log,31.95,0
baseline_plus_block_move,d1200_dynwd17,d1200,1200,1202.828070248327,80,314,dynwd17,weekday,17,0,42,200,32,20,/Users/tsun-yuanku/local/qa_course_platform_github_pages/SQA_Algorithm/outputs/path_routing/benchmarks/formal_modes_suite_01/configs/baseline_plus_block_move/d1200_dynwd17.yaml,/Users/tsun-yuanku/local/qa_course_platform_github_pages/SQA_Algorithm/outputs/path_routing/benchmarks/formal_modes_suite_01/runs/baseline_plus_block_move/d1200_dynwd17/seed_042,/Users/tsun-yuanku/local/qa_course_platform_github_pages/SQA_Algorithm/outputs/path_routing/benchmarks/formal_modes_suite_01/logs/baseline_plus_block_move/d1200_dynwd17__seed_042.log,31.636,0
baseline_plus_block_move,d1200_dynwd17,d1200,1200,1202.828070248327,80,314,dynwd17,weekday,17,1,43,200,32,20,/Users/tsun-yuanku/local/qa_course_platform_github_pages/SQA_Algorithm/outputs/path_routing/benchmarks/formal_modes_suite_01/configs/baseline_plus_block_move/d1200_dynwd17.yaml,/Users/tsun-yuanku/local/qa_course_platform_github_pages/SQA_Algorithm/outputs/path_routing/benchmarks/formal_modes_suite_01/runs/baseline_plus_block_move/d1200_dynwd17/seed_043,/Users/tsun-yuanku/local/qa_course_platform_github_pages/SQA_Algorithm/outputs/path_routing/benchmarks/formal_modes_suite_01/logs/baseline_plus_block_move/d1200_dynwd17__seed_043.log,31.836,0
baseline_plus_block_move,d1200_dynwd17,d1200,1200,1202.828070248327,80,314,dynwd17,weekday,17,2,44,200,32,20,/Users/tsun-yuanku/local/qa_course_platform_github_pages/SQA_Algorithm/outputs/path_routing/benchmarks/formal_modes_suite_01/configs/baseline_plus_block_move/d1200_dynwd17.yaml,/Users/tsun-yuanku/local/qa_course_platform_github_pages/SQA_Algorithm/outputs/path_routing/benchmarks/formal_modes_suite_01/runs/baseline_plus_block_move/d1200_dynwd17/seed_044,/Users/tsun-yuanku/local/qa_course_platform_github_pages/SQA_Algorithm/outputs/path_routing/benchmarks/formal_modes_suite_01/logs/baseline_plus_block_move/d1200_dynwd17__seed_044.log,31.529,0
baseline_plus_block_move,d1200_dynwd17,d1200,1200,1202.828070248327,80,314,dynwd17,weekday,17,3,45,200,32,20,/Users/tsun-yuanku/local/qa_course_platform_github_pages/SQA_Algorithm/outputs/path_routing/benchmarks/formal_modes_suite_01/configs/baseline_plus_block_move/d1200_dynwd17.yaml,/Users/tsun-yuanku/local/qa_course_platform_github_pages/SQA_Algorithm/outputs/path_routing/benchmarks/formal_modes_suite_01/runs/baseline_plus_block_move/d1200_dynwd17/seed_045,/Users/tsun-yuanku/local/qa_course_platform_github_pages/SQA_Algorithm/outputs/path_routing/benchmarks/formal_modes_suite_01/logs/baseline_plus_block_move/d1200_dynwd17__seed_045.log,31.633,0
baseline_plus_block_move,d1200_dynwd17,d1200,1200,1202.828070248327,80,314,dynwd17,weekday,17,4,46,200,32,20,/Users/tsun-yuanku/local/qa_course_platform_github_pages/SQA_Algorithm/outputs/path_routing/benchmarks/formal_modes_suite_01/configs/baseline_plus_block_move/d1200_dynwd17.yaml,/Users/tsun-yuanku/local/qa_course_platform_github_pages/SQA_Algorithm/outputs/path_routing/benchmarks/formal_modes_suite_01/runs/baseline_plus_block_move/d1200_dynwd17/seed_046,/Users/tsun-yuanku/local/qa_course_platform_github_pages/SQA_Algorithm/outputs/path_routing/benchmarks/formal_modes_suite_01/logs/baseline_plus_block_move/d1200_dynwd17__seed_046.log,31.531,0
baseline_plus_block_move,d1200_dynwd21,d1200,1200,1202.828070248327,80,314,dynwd21,weekday,21,0,42,200,32,20,/Users/tsun-yuanku/local/qa_course_platform_github_pages/SQA_Algorithm/outputs/path_routing/benchmarks/formal_modes_suite_01/configs/baseline_plus_block_move/d1200_dynwd21.yaml,/Users/tsun-yuanku/local/qa_course_platform_github_pages/SQA_Algorithm/outputs/path_routing/benchmarks/formal_modes_suite_01/runs/baseline_plus_block_move/d1200_dynwd21/seed_042,/Users/tsun-yuanku/local/qa_course_platform_github_pages/SQA_Algorithm/outputs/path_routing/benchmarks/formal_modes_suite_01/logs/baseline_plus_block_move/d1200_dynwd21__seed_042.log,32.192,0
baseline_plus_block_move,d1200_dynwd21,d1200,1200,1202.828070248327,80,314,dynwd21,weekday,21,1,43,200,32,20,/Users/tsun-yuanku/local/qa_course_platform_github_pages/SQA_Algorithm/outputs/path_routing/benchmarks/formal_modes_suite_01/configs/baseline_plus_block_move/d1200_dynwd21.yaml,/Users/tsun-yuanku/local/qa_course_platform_github_pages/SQA_Algorithm/outputs/path_routing/benchmarks/formal_modes_suite_01/runs/baseline_plus_block_move/d1200_dynwd21/seed_043,/Users/tsun-yuanku/local/qa_course_platform_github_pages/SQA_Algorithm/outputs/path_routing/benchmarks/formal_modes_suite_01/logs/baseline_plus_block_move/d1200_dynwd21__seed_043.log,32.727,0
baseline_plus_block_move,d1200_dynwd21,d1200,1200,1202.828070248327,80,314,dynwd21,weekday,21,2,44,200,32,20,/Users/tsun-yuanku/local/qa_course_platform_github_pages/SQA_Algorithm/outputs/path_routing/benchmarks/formal_modes_suite_01/configs/baseline_plus_block_move/d1200_dynwd21.yaml,/Users/tsun-yuanku/local/qa_course_platform_github_pages/SQA_Algorithm/outputs/path_routing/benchmarks/formal_modes_suite_01/runs/baseline_plus_block_move/d1200_dynwd21/seed_044,/Users/tsun-yuanku/local/qa_course_platform_github_pages/SQA_Algorithm/outputs/path_routing/benchmarks/formal_modes_suite_01/logs/baseline_plus_block_move/d1200_dynwd21__seed_044.log,32.741,0
baseline_plus_block_move,d1200_dynwd21,d1200,1200,1202.828070248327,80,314,dynwd21,weekday,21,3,45,200,32,20,/Users/tsun-yuanku/local/qa_course_platform_github_pages/SQA_Algorithm/outputs/path_routing/benchmarks/formal_modes_suite_01/configs/baseline_plus_block_move/d1200_dynwd21.yaml,/Users/tsun-yuanku/local/qa_course_platform_github_pages/SQA_Algorithm/outputs/path_routing/benchmarks/formal_modes_suite_01/runs/baseline_plus_block_move/d1200_dynwd21/seed_045,/Users/tsun-yuanku/local/qa_course_platform_github_pages/SQA_Algorithm/outputs/path_routing/benchmarks/formal_modes_suite_01/logs/baseline_plus_block_move/d1200_dynwd21__seed_045.log,32.392,0
baseline_plus_block_move,d1200_dynwd21,d1200,1200,1202.828070248327,80,314,dynwd21,weekday,21,4,46,200,32,20,/Users/tsun-yuanku/local/qa_course_platform_github_pages/SQA_Algorithm/outputs/path_routing/benchmarks/formal_modes_suite_01/configs/baseline_plus_block_move/d1200_dynwd21.yaml,/Users/tsun-yuanku/local/qa_course_platform_github_pages/SQA_Algorithm/outputs/path_routing/benchmarks/formal_modes_suite_01/runs/baseline_plus_block_move/d1200_dynwd21/seed_046,/Users/tsun-yuanku/local/qa_course_platform_github_pages/SQA_Algorithm/outputs/path_routing/benchmarks/formal_modes_suite_01/logs/baseline_plus_block_move/d1200_dynwd21__seed_046.log,32.606,0
baseline_plus_block_move,d1200_dynwe05,d1200,1200,1202.828070248327,80,314,dynwe05,weekend,05,0,42,200,32,20,/Users/tsun-yuanku/local/qa_course_platform_github_pages/SQA_Algorithm/outputs/path_routing/benchmarks/formal_modes_suite_01/configs/baseline_plus_block_move/d1200_dynwe05.yaml,/Users/tsun-yuanku/local/qa_course_platform_github_pages/SQA_Algorithm/outputs/path_routing/benchmarks/formal_modes_suite_01/runs/baseline_plus_block_move/d1200_dynwe05/seed_042,/Users/tsun-yuanku/local/qa_course_platform_github_pages/SQA_Algorithm/outputs/path_routing/benchmarks/formal_modes_suite_01/logs/baseline_plus_block_move/d1200_dynwe05__seed_042.log,32.581,0
baseline_plus_block_move,d1200_dynwe05,d1200,1200,1202.828070248327,80,314,dynwe05,weekend,05,1,43,200,32,20,/Users/tsun-yuanku/local/qa_course_platform_github_pages/SQA_Algorithm/outputs/path_routing/benchmarks/formal_modes_suite_01/configs/baseline_plus_block_move/d1200_dynwe05.yaml,/Users/tsun-yuanku/local/qa_course_platform_github_pages/SQA_Algorithm/outputs/path_routing/benchmarks/formal_modes_suite_01/runs/baseline_plus_block_move/d1200_dynwe05/seed_043,/Users/tsun-yuanku/local/qa_course_platform_github_pages/SQA_Algorithm/outputs/path_routing/benchmarks/formal_modes_suite_01/logs/baseline_plus_block_move/d1200_dynwe05__seed_043.log,31.72,0
baseline_plus_block_move,d1200_dynwe05,d1200,1200,1202.828070248327,80,314,dynwe05,weekend,05,2,44,200,32,20,/Users/tsun-yuanku/local/qa_course_platform_github_pages/SQA_Algorithm/outputs/path_routing/benchmarks/formal_modes_suite_01/configs/baseline_plus_block_move/d1200_dynwe05.yaml,/Users/tsun-yuanku/local/qa_course_platform_github_pages/SQA_Algorithm/outputs/path_routing/benchmarks/formal_modes_suite_01/runs/baseline_plus_block_move/d1200_dynwe05/seed_044,/Users/tsun-yuanku/local/qa_course_platform_github_pages/SQA_Algorithm/outputs/path_routing/benchmarks/formal_modes_suite_01/logs/baseline_plus_block_move/d1200_dynwe05__seed_044.log,32.317,0
baseline_plus_block_move,d1200_dynwe05,d1200,1200,1202.828070248327,80,314,dynwe05,weekend,05,3,45,200,32,20,/Users/tsun-yuanku/local/qa_course_platform_github_pages/SQA_Algorithm/outputs/path_routing/benchmarks/formal_modes_suite_01/configs/baseline_plus_block_move/d1200_dynwe05.yaml,/Users/tsun-yuanku/local/qa_course_platform_github_pages/SQA_Algorithm/outputs/path_routing/benchmarks/formal_modes_suite_01/runs/baseline_plus_block_move/d1200_dynwe05/seed_045,/Users/tsun-yuanku/local/qa_course_platform_github_pages/SQA_Algorithm/outputs/path_routing/benchmarks/formal_modes_suite_01/logs/baseline_plus_block_move/d1200_dynwe05__seed_045.log,32.213,0
baseline_plus_block_move,d1200_dynwe05,d1200,1200,1202.828070248327,80,314,dynwe05,weekend,05,4,46,200,32,20,/Users/tsun-yuanku/local/qa_course_platform_github_pages/SQA_Algorithm/outputs/path_routing/benchmarks/formal_modes_suite_01/configs/baseline_plus_block_move/d1200_dynwe05.yaml,/Users/tsun-yuanku/local/qa_course_platform_github_pages/SQA_Algorithm/outputs/path_routing/benchmarks/formal_modes_suite_01/runs/baseline_plus_block_move/d1200_dynwe05/seed_046,/Users/tsun-yuanku/local/qa_course_platform_github_pages/SQA_Algorithm/outputs/path_routing/benchmarks/formal_modes_suite_01/logs/baseline_plus_block_move/d1200_dynwe05__seed_046.log,31.895,0
baseline_plus_block_move,d1200_dynwe08,d1200,1200,1202.828070248327,80,314,dynwe08,weekend,08,0,42,200,32,20,/Users/tsun-yuanku/local/qa_course_platform_github_pages/SQA_Algorithm/outputs/path_routing/benchmarks/formal_modes_suite_01/configs/baseline_plus_block_move/d1200_dynwe08.yaml,/Users/tsun-yuanku/local/qa_course_platform_github_pages/SQA_Algorithm/outputs/path_routing/benchmarks/formal_modes_suite_01/runs/baseline_plus_block_move/d1200_dynwe08/seed_042,/Users/tsun-yuanku/local/qa_course_platform_github_pages/SQA_Algorithm/outputs/path_routing/benchmarks/formal_modes_suite_01/logs/baseline_plus_block_move/d1200_dynwe08__seed_042.log,31.744,0
baseline_plus_block_move,d1200_dynwe08,d1200,1200,1202.828070248327,80,314,dynwe08,weekend,08,1,43,200,32,20,/Users/tsun-yuanku/local/qa_course_platform_github_pages/SQA_Algorithm/outputs/path_routing/benchmarks/formal_modes_suite_01/configs/baseline_plus_block_move/d1200_dynwe08.yaml,/Users/tsun-yuanku/local/qa_course_platform_github_pages/SQA_Algorithm/outputs/path_routing/benchmarks/formal_modes_suite_01/runs/baseline_plus_block_move/d1200_dynwe08/seed_043,/Users/tsun-yuanku/local/qa_course_platform_github_pages/SQA_Algorithm/outputs/path_routing/benchmarks/formal_modes_suite_01/logs/baseline_plus_block_move/d1200_dynwe08__seed_043.log,31.754,0
baseline_plus_block_move,d1200_dynwe08,d1200,1200,1202.828070248327,80,314,dynwe08,weekend,08,2,44,200,32,20,/Users/tsun-yuanku/local/qa_course_platform_github_pages/SQA_Algorithm/outputs/path_routing/benchmarks/formal_modes_suite_01/configs/baseline_plus_block_move/d1200_dynwe08.yaml,/Users/tsun-yuanku/local/qa_course_platform_github_pages/SQA_Algorithm/outputs/path_routing/benchmarks/formal_modes_suite_01/runs/baseline_plus_block_move/d1200_dynwe08/seed_044,/Users/tsun-yuanku/local/qa_course_platform_github_pages/SQA_Algorithm/outputs/path_routing/benchmarks/formal_modes_suite_01/logs/baseline_plus_block_move/d1200_dynwe08__seed_044.log,31.63,0
baseline_plus_block_move,d1200_dynwe08,d1200,1200,1202.828070248327,80,314,dynwe08,weekend,08,3,45,200,32,20,/Users/tsun-yuanku/local/qa_course_platform_github_pages/SQA_Algorithm/outputs/path_routing/benchmarks/formal_modes_suite_01/configs/baseline_plus_block_move/d1200_dynwe08.yaml,/Users/tsun-yuanku/local/qa_course_platform_github_pages/SQA_Algorithm/outputs/path_routing/benchmarks/formal_modes_suite_01/runs/baseline_plus_block_move/d1200_dynwe08/seed_045,/Users/tsun-yuanku/local/qa_course_platform_github_pages/SQA_Algorithm/outputs/path_routing/benchmarks/formal_modes_suite_01/logs/baseline_plus_block_move/d1200_dynwe08__seed_045.log,31.659,0
baseline_plus_block_move,d1200_dynwe08,d1200,1200,1202.828070248327,80,314,dynwe08,weekend,08,4,46,200,32,20,/Users/tsun-yuanku/local/qa_course_platform_github_pages/SQA_Algorithm/outputs/path_routing/benchmarks/formal_modes_suite_01/configs/baseline_plus_block_move/d1200_dynwe08.yaml,/Users/tsun-yuanku/local/qa_course_platform_github_pages/SQA_Algorithm/outputs/path_routing/benchmarks/formal_modes_suite_01/runs/baseline_plus_block_move/d1200_dynwe08/seed_046,/Users/tsun-yuanku/local/qa_course_platform_github_pages/SQA_Algorithm/outputs/path_routing/benchmarks/formal_modes_suite_01/logs/baseline_plus_block_move/d1200_dynwe08__seed_046.log,31.627,0
baseline_plus_block_move,d1200_dynwe12,d1200,1200,1202.828070248327,80,314,dynwe12,weekend,12,0,42,200,32,20,/Users/tsun-yuanku/local/qa_course_platform_github_pages/SQA_Algorithm/outputs/path_routing/benchmarks/formal_modes_suite_01/configs/baseline_plus_block_move/d1200_dynwe12.yaml,/Users/tsun-yuanku/local/qa_course_platform_github_pages/SQA_Algorithm/outputs/path_routing/benchmarks/formal_modes_suite_01/runs/baseline_plus_block_move/d1200_dynwe12/seed_042,/Users/tsun-yuanku/local/qa_course_platform_github_pages/SQA_Algorithm/outputs/path_routing/benchmarks/formal_modes_suite_01/logs/baseline_plus_block_move/d1200_dynwe12__seed_042.log,31.908,0
baseline_plus_block_move,d1200_dynwe12,d1200,1200,1202.828070248327,80,314,dynwe12,weekend,12,1,43,200,32,20,/Users/tsun-yuanku/local/qa_course_platform_github_pages/SQA_Algorithm/outputs/path_routing/benchmarks/formal_modes_suite_01/configs/baseline_plus_block_move/d1200_dynwe12.yaml,/Users/tsun-yuanku/local/qa_course_platform_github_pages/SQA_Algorithm/outputs/path_routing/benchmarks/formal_modes_suite_01/runs/baseline_plus_block_move/d1200_dynwe12/seed_043,/Users/tsun-yuanku/local/qa_course_platform_github_pages/SQA_Algorithm/outputs/path_routing/benchmarks/formal_modes_suite_01/logs/baseline_plus_block_move/d1200_dynwe12__seed_043.log,31.582,0
baseline_plus_block_move,d1200_dynwe12,d1200,1200,1202.828070248327,80,314,dynwe12,weekend,12,2,44,200,32,20,/Users/tsun-yuanku/local/qa_course_platform_github_pages/SQA_Algorithm/outputs/path_routing/benchmarks/formal_modes_suite_01/configs/baseline_plus_block_move/d1200_dynwe12.yaml,/Users/tsun-yuanku/local/qa_course_platform_github_pages/SQA_Algorithm/outputs/path_routing/benchmarks/formal_modes_suite_01/runs/baseline_plus_block_move/d1200_dynwe12/seed_044,/Users/tsun-yuanku/local/qa_course_platform_github_pages/SQA_Algorithm/outputs/path_routing/benchmarks/formal_modes_suite_01/logs/baseline_plus_block_move/d1200_dynwe12__seed_044.log,31.788,0
baseline_plus_block_move,d1200_dynwe12,d1200,1200,1202.828070248327,80,314,dynwe12,weekend,12,3,45,200,32,20,/Users/tsun-yuanku/local/qa_course_platform_github_pages/SQA_Algorithm/outputs/path_routing/benchmarks/formal_modes_suite_01/configs/baseline_plus_block_move/d1200_dynwe12.yaml,/Users/tsun-yuanku/local/qa_course_platform_github_pages/SQA_Algorithm/outputs/path_routing/benchmarks/formal_modes_suite_01/runs/baseline_plus_block_move/d1200_dynwe12/seed_045,/Users/tsun-yuanku/local/qa_course_platform_github_pages/SQA_Algorithm/outputs/path_routing/benchmarks/formal_modes_suite_01/logs/baseline_plus_block_move/d1200_dynwe12__seed_045.log,31.334,0
baseline_plus_block_move,d1200_dynwe12,d1200,1200,1202.828070248327,80,314,dynwe12,weekend,12,4,46,200,32,20,/Users/tsun-yuanku/local/qa_course_platform_github_pages/SQA_Algorithm/outputs/path_routing/benchmarks/formal_modes_suite_01/configs/baseline_plus_block_move/d1200_dynwe12.yaml,/Users/tsun-yuanku/local/qa_course_platform_github_pages/SQA_Algorithm/outputs/path_routing/benchmarks/formal_modes_suite_01/runs/baseline_plus_block_move/d1200_dynwe12/seed_046,/Users/tsun-yuanku/local/qa_course_platform_github_pages/SQA_Algorithm/outputs/path_routing/benchmarks/formal_modes_suite_01/logs/baseline_plus_block_move/d1200_dynwe12__seed_046.log,31.717,0
baseline_plus_block_move,d1200_dynwe17,d1200,1200,1202.828070248327,80,314,dynwe17,weekend,17,0,42,200,32,20,/Users/tsun-yuanku/local/qa_course_platform_github_pages/SQA_Algorithm/outputs/path_routing/benchmarks/formal_modes_suite_01/configs/baseline_plus_block_move/d1200_dynwe17.yaml,/Users/tsun-yuanku/local/qa_course_platform_github_pages/SQA_Algorithm/outputs/path_routing/benchmarks/formal_modes_suite_01/runs/baseline_plus_block_move/d1200_dynwe17/seed_042,/Users/tsun-yuanku/local/qa_course_platform_github_pages/SQA_Algorithm/outputs/path_routing/benchmarks/formal_modes_suite_01/logs/baseline_plus_block_move/d1200_dynwe17__seed_042.log,31.871,0
baseline_plus_block_move,d1200_dynwe17,d1200,1200,1202.828070248327,80,314,dynwe17,weekend,17,1,43,200,32,20,/Users/tsun-yuanku/local/qa_course_platform_github_pages/SQA_Algorithm/outputs/path_routing/benchmarks/formal_modes_suite_01/configs/baseline_plus_block_move/d1200_dynwe17.yaml,/Users/tsun-yuanku/local/qa_course_platform_github_pages/SQA_Algorithm/outputs/path_routing/benchmarks/formal_modes_suite_01/runs/baseline_plus_block_move/d1200_dynwe17/seed_043,/Users/tsun-yuanku/local/qa_course_platform_github_pages/SQA_Algorithm/outputs/path_routing/benchmarks/formal_modes_suite_01/logs/baseline_plus_block_move/d1200_dynwe17__seed_043.log,32.086,0
baseline_plus_block_move,d1200_dynwe17,d1200,1200,1202.828070248327,80,314,dynwe17,weekend,17,2,44,200,32,20,/Users/tsun-yuanku/local/qa_course_platform_github_pages/SQA_Algorithm/outputs/path_routing/benchmarks/formal_modes_suite_01/configs/baseline_plus_block_move/d1200_dynwe17.yaml,/Users/tsun-yuanku/local/qa_course_platform_github_pages/SQA_Algorithm/outputs/path_routing/benchmarks/formal_modes_suite_01/runs/baseline_plus_block_move/d1200_dynwe17/seed_044,/Users/tsun-yuanku/local/qa_course_platform_github_pages/SQA_Algorithm/outputs/path_routing/benchmarks/formal_modes_suite_01/logs/baseline_plus_block_move/d1200_dynwe17__seed_044.log,32.077,0
baseline_plus_block_move,d1200_dynwe17,d1200,1200,1202.828070248327,80,314,dynwe17,weekend,17,3,45,200,32,20,/Users/tsun-yuanku/local/qa_course_platform_github_pages/SQA_Algorithm/outputs/path_routing/benchmarks/formal_modes_suite_01/configs/baseline_plus_block_move/d1200_dynwe17.yaml,/Users/tsun-yuanku/local/qa_course_platform_github_pages/SQA_Algorithm/outputs/path_routing/benchmarks/formal_modes_suite_01/runs/baseline_plus_block_move/d1200_dynwe17/seed_045,/Users/tsun-yuanku/local/qa_course_platform_github_pages/SQA_Algorithm/outputs/path_routing/benchmarks/formal_modes_suite_01/logs/baseline_plus_block_move/d1200_dynwe17__seed_045.log,31.7,0
baseline_plus_block_move,d1200_dynwe17,d1200,1200,1202.828070248327,80,314,dynwe17,weekend,17,4,46,200,32,20,/Users/tsun-yuanku/local/qa_course_platform_github_pages/SQA_Algorithm/outputs/path_routing/benchmarks/formal_modes_suite_01/configs/baseline_plus_block_move/d1200_dynwe17.yaml,/Users/tsun-yuanku/local/qa_course_platform_github_pages/SQA_Algorithm/outputs/path_routing/benchmarks/formal_modes_suite_01/runs/baseline_plus_block_move/d1200_dynwe17/seed_046,/Users/tsun-yuanku/local/qa_course_platform_github_pages/SQA_Algorithm/outputs/path_routing/benchmarks/formal_modes_suite_01/logs/baseline_plus_block_move/d1200_dynwe17__seed_046.log,31.478,0
baseline_plus_block_move,d1200_dynwe21,d1200,1200,1202.828070248327,80,314,dynwe21,weekend,21,0,42,200,32,20,/Users/tsun-yuanku/local/qa_course_platform_github_pages/SQA_Algorithm/outputs/path_routing/benchmarks/formal_modes_suite_01/configs/baseline_plus_block_move/d1200_dynwe21.yaml,/Users/tsun-yuanku/local/qa_course_platform_github_pages/SQA_Algorithm/outputs/path_routing/benchmarks/formal_modes_suite_01/runs/baseline_plus_block_move/d1200_dynwe21/seed_042,/Users/tsun-yuanku/local/qa_course_platform_github_pages/SQA_Algorithm/outputs/path_routing/benchmarks/formal_modes_suite_01/logs/baseline_plus_block_move/d1200_dynwe21__seed_042.log,30.844,0
baseline_plus_block_move,d1200_dynwe21,d1200,1200,1202.828070248327,80,314,dynwe21,weekend,21,1,43,200,32,20,/Users/tsun-yuanku/local/qa_course_platform_github_pages/SQA_Algorithm/outputs/path_routing/benchmarks/formal_modes_suite_01/configs/baseline_plus_block_move/d1200_dynwe21.yaml,/Users/tsun-yuanku/local/qa_course_platform_github_pages/SQA_Algorithm/outputs/path_routing/benchmarks/formal_modes_suite_01/runs/baseline_plus_block_move/d1200_dynwe21/seed_043,/Users/tsun-yuanku/local/qa_course_platform_github_pages/SQA_Algorithm/outputs/path_routing/benchmarks/formal_modes_suite_01/logs/baseline_plus_block_move/d1200_dynwe21__seed_043.log,31.496,0
baseline_plus_block_move,d1200_dynwe21,d1200,1200,1202.828070248327,80,314,dynwe21,weekend,21,2,44,200,32,20,/Users/tsun-yuanku/local/qa_course_platform_github_pages/SQA_Algorithm/outputs/path_routing/benchmarks/formal_modes_suite_01/configs/baseline_plus_block_move/d1200_dynwe21.yaml,/Users/tsun-yuanku/local/qa_course_platform_github_pages/SQA_Algorithm/outputs/path_routing/benchmarks/formal_modes_suite_01/runs/baseline_plus_block_move/d1200_dynwe21/seed_044,/Users/tsun-yuanku/local/qa_course_platform_github_pages/SQA_Algorithm/outputs/path_routing/benchmarks/formal_modes_suite_01/logs/baseline_plus_block_move/d1200_dynwe21__seed_044.log,30.922,0
baseline_plus_block_move,d1200_dynwe21,d1200,1200,1202.828070248327,80,314,dynwe21,weekend,21,3,45,200,32,20,/Users/tsun-yuanku/local/qa_course_platform_github_pages/SQA_Algorithm/outputs/path_routing/benchmarks/formal_modes_suite_01/configs/baseline_plus_block_move/d1200_dynwe21.yaml,/Users/tsun-yuanku/local/qa_course_platform_github_pages/SQA_Algorithm/outputs/path_routing/benchmarks/formal_modes_suite_01/runs/baseline_plus_block_move/d1200_dynwe21/seed_045,/Users/tsun-yuanku/local/qa_course_platform_github_pages/SQA_Algorithm/outputs/path_routing/benchmarks/formal_modes_suite_01/logs/baseline_plus_block_move/d1200_dynwe21__seed_045.log,30.911,0
baseline_plus_block_move,d1200_dynwe21,d1200,1200,1202.828070248327,80,314,dynwe21,weekend,21,4,46,200,32,20,/Users/tsun-yuanku/local/qa_course_platform_github_pages/SQA_Algorithm/outputs/path_routing/benchmarks/formal_modes_suite_01/configs/baseline_plus_block_move/d1200_dynwe21.yaml,/Users/tsun-yuanku/local/qa_course_platform_github_pages/SQA_Algorithm/outputs/path_routing/benchmarks/formal_modes_suite_01/runs/baseline_plus_block_move/d1200_dynwe21/seed_046,/Users/tsun-yuanku/local/qa_course_platform_github_pages/SQA_Algorithm/outputs/path_routing/benchmarks/formal_modes_suite_01/logs/baseline_plus_block_move/d1200_dynwe21__seed_046.log,30.869,0
baseline_warm_start,d0400_dynwd05,d0400,400,399.89096238073773,24,318,dynwd05,weekday,05,0,42,200,32,20,/Users/tsun-yuanku/local/qa_course_platform_github_pages/SQA_Algorithm/outputs/path_routing/benchmarks/formal_modes_suite_01/configs/baseline_warm_start/d0400_dynwd05.yaml,/Users/tsun-yuanku/local/qa_course_platform_github_pages/SQA_Algorithm/outputs/path_routing/benchmarks/formal_modes_suite_01/runs/baseline_warm_start/d0400_dynwd05/seed_042,/Users/tsun-yuanku/local/qa_course_platform_github_pages/SQA_Algorithm/outputs/path_routing/benchmarks/formal_modes_suite_01/logs/baseline_warm_start/d0400_dynwd05__seed_042.log,30.85,0
baseline_warm_start,d0400_dynwd05,d0400,400,399.89096238073773,24,318,dynwd05,weekday,05,1,43,200,32,20,/Users/tsun-yuanku/local/qa_course_platform_github_pages/SQA_Algorithm/outputs/path_routing/benchmarks/formal_modes_suite_01/configs/baseline_warm_start/d0400_dynwd05.yaml,/Users/tsun-yuanku/local/qa_course_platform_github_pages/SQA_Algorithm/outputs/path_routing/benchmarks/formal_modes_suite_01/runs/baseline_warm_start/d0400_dynwd05/seed_043,/Users/tsun-yuanku/local/qa_course_platform_github_pages/SQA_Algorithm/outputs/path_routing/benchmarks/formal_modes_suite_01/logs/baseline_warm_start/d0400_dynwd05__seed_043.log,30.597,0
baseline_warm_start,d0400_dynwd05,d0400,400,399.89096238073773,24,318,dynwd05,weekday,05,2,44,200,32,20,/Users/tsun-yuanku/local/qa_course_platform_github_pages/SQA_Algorithm/outputs/path_routing/benchmarks/formal_modes_suite_01/configs/baseline_warm_start/d0400_dynwd05.yaml,/Users/tsun-yuanku/local/qa_course_platform_github_pages/SQA_Algorithm/outputs/path_routing/benchmarks/formal_modes_suite_01/runs/baseline_warm_start/d0400_dynwd05/seed_044,/Users/tsun-yuanku/local/qa_course_platform_github_pages/SQA_Algorithm/outputs/path_routing/benchmarks/formal_modes_suite_01/logs/baseline_warm_start/d0400_dynwd05__seed_044.log,31.323,0
baseline_warm_start,d0400_dynwd05,d0400,400,399.89096238073773,24,318,dynwd05,weekday,05,3,45,200,32,20,/Users/tsun-yuanku/local/qa_course_platform_github_pages/SQA_Algorithm/outputs/path_routing/benchmarks/formal_modes_suite_01/configs/baseline_warm_start/d0400_dynwd05.yaml,/Users/tsun-yuanku/local/qa_course_platform_github_pages/SQA_Algorithm/outputs/path_routing/benchmarks/formal_modes_suite_01/runs/baseline_warm_start/d0400_dynwd05/seed_045,/Users/tsun-yuanku/local/qa_course_platform_github_pages/SQA_Algorithm/outputs/path_routing/benchmarks/formal_modes_suite_01/logs/baseline_warm_start/d0400_dynwd05__seed_045.log,30.828,0
baseline_warm_start,d0400_dynwd05,d0400,400,399.89096238073773,24,318,dynwd05,weekday,05,4,46,200,32,20,/Users/tsun-yuanku/local/qa_course_platform_github_pages/SQA_Algorithm/outputs/path_routing/benchmarks/formal_modes_suite_01/configs/baseline_warm_start/d0400_dynwd05.yaml,/Users/tsun-yuanku/local/qa_course_platform_github_pages/SQA_Algorithm/outputs/path_routing/benchmarks/formal_modes_suite_01/runs/baseline_warm_start/d0400_dynwd05/seed_046,/Users/tsun-yuanku/local/qa_course_platform_github_pages/SQA_Algorithm/outputs/path_routing/benchmarks/formal_modes_suite_01/logs/baseline_warm_start/d0400_dynwd05__seed_046.log,31.1,0
baseline_warm_start,d0400_dynwd08,d0400,400,399.89096238073773,24,318,dynwd08,weekday,08,0,42,200,32,20,/Users/tsun-yuanku/local/qa_course_platform_github_pages/SQA_Algorithm/outputs/path_routing/benchmarks/formal_modes_suite_01/configs/baseline_warm_start/d0400_dynwd08.yaml,/Users/tsun-yuanku/local/qa_course_platform_github_pages/SQA_Algorithm/outputs/path_routing/benchmarks/formal_modes_suite_01/runs/baseline_warm_start/d0400_dynwd08/seed_042,/Users/tsun-yuanku/local/qa_course_platform_github_pages/SQA_Algorithm/outputs/path_routing/benchmarks/formal_modes_suite_01/logs/baseline_warm_start/d0400_dynwd08__seed_042.log,30.876,0
baseline_warm_start,d0400_dynwd08,d0400,400,399.89096238073773,24,318,dynwd08,weekday,08,1,43,200,32,20,/Users/tsun-yuanku/local/qa_course_platform_github_pages/SQA_Algorithm/outputs/path_routing/benchmarks/formal_modes_suite_01/configs/baseline_warm_start/d0400_dynwd08.yaml,/Users/tsun-yuanku/local/qa_course_platform_github_pages/SQA_Algorithm/outputs/path_routing/benchmarks/formal_modes_suite_01/runs/baseline_warm_start/d0400_dynwd08/seed_043,/Users/tsun-yuanku/local/qa_course_platform_github_pages/SQA_Algorithm/outputs/path_routing/benchmarks/formal_modes_suite_01/logs/baseline_warm_start/d0400_dynwd08__seed_043.log,34.9,0
baseline_warm_start,d0400_dynwd08,d0400,400,399.89096238073773,24,318,dynwd08,weekday,08,2,44,200,32,20,/Users/tsun-yuanku/local/qa_course_platform_github_pages/SQA_Algorithm/outputs/path_routing/benchmarks/formal_modes_suite_01/configs/baseline_warm_start/d0400_dynwd08.yaml,/Users/tsun-yuanku/local/qa_course_platform_github_pages/SQA_Algorithm/outputs/path_routing/benchmarks/formal_modes_suite_01/runs/baseline_warm_start/d0400_dynwd08/seed_044,/Users/tsun-yuanku/local/qa_course_platform_github_pages/SQA_Algorithm/outputs/path_routing/benchmarks/formal_modes_suite_01/logs/baseline_warm_start/d0400_dynwd08__seed_044.log,34.989,0
baseline_warm_start,d0400_dynwd08,d0400,400,399.89096238073773,24,318,dynwd08,weekday,08,3,45,200,32,20,/Users/tsun-yuanku/local/qa_course_platform_github_pages/SQA_Algorithm/outputs/path_routing/benchmarks/formal_modes_suite_01/configs/baseline_warm_start/d0400_dynwd08.yaml,/Users/tsun-yuanku/local/qa_course_platform_github_pages/SQA_Algorithm/outputs/path_routing/benchmarks/formal_modes_suite_01/runs/baseline_warm_start/d0400_dynwd08/seed_045,/Users/tsun-yuanku/local/qa_course_platform_github_pages/SQA_Algorithm/outputs/path_routing/benchmarks/formal_modes_suite_01/logs/baseline_warm_start/d0400_dynwd08__seed_045.log,35.319,0
baseline_warm_start,d0400_dynwd08,d0400,400,399.89096238073773,24,318,dynwd08,weekday,08,4,46,200,32,20,/Users/tsun-yuanku/local/qa_course_platform_github_pages/SQA_Algorithm/outputs/path_routing/benchmarks/formal_modes_suite_01/configs/baseline_warm_start/d0400_dynwd08.yaml,/Users/tsun-yuanku/local/qa_course_platform_github_pages/SQA_Algorithm/outputs/path_routing/benchmarks/formal_modes_suite_01/runs/baseline_warm_start/d0400_dynwd08/seed_046,/Users/tsun-yuanku/local/qa_course_platform_github_pages/SQA_Algorithm/outputs/path_routing/benchmarks/formal_modes_suite_01/logs/baseline_warm_start/d0400_dynwd08__seed_046.log,35.099,0
baseline_warm_start,d0400_dynwd12,d0400,400,399.89096238073773,24,318,dynwd12,weekday,12,0,42,200,32,20,/Users/tsun-yuanku/local/qa_course_platform_github_pages/SQA_Algorithm/outputs/path_routing/benchmarks/formal_modes_suite_01/configs/baseline_warm_start/d0400_dynwd12.yaml,/Users/tsun-yuanku/local/qa_course_platform_github_pages/SQA_Algorithm/outputs/path_routing/benchmarks/formal_modes_suite_01/runs/baseline_warm_start/d0400_dynwd12/seed_042,/Users/tsun-yuanku/local/qa_course_platform_github_pages/SQA_Algorithm/outputs/path_routing/benchmarks/formal_modes_suite_01/logs/baseline_warm_start/d0400_dynwd12__seed_042.log,35.361,0
baseline_warm_start,d0400_dynwd12,d0400,400,399.89096238073773,24,318,dynwd12,weekday,12,1,43,200,32,20,/Users/tsun-yuanku/local/qa_course_platform_github_pages/SQA_Algorithm/outputs/path_routing/benchmarks/formal_modes_suite_01/configs/baseline_warm_start/d0400_dynwd12.yaml,/Users/tsun-yuanku/local/qa_course_platform_github_pages/SQA_Algorithm/outputs/path_routing/benchmarks/formal_modes_suite_01/runs/baseline_warm_start/d0400_dynwd12/seed_043,/Users/tsun-yuanku/local/qa_course_platform_github_pages/SQA_Algorithm/outputs/path_routing/benchmarks/formal_modes_suite_01/logs/baseline_warm_start/d0400_dynwd12__seed_043.log,35.438,0
baseline_warm_start,d0400_dynwd12,d0400,400,399.89096238073773,24,318,dynwd12,weekday,12,2,44,200,32,20,/Users/tsun-yuanku/local/qa_course_platform_github_pages/SQA_Algorithm/outputs/path_routing/benchmarks/formal_modes_suite_01/configs/baseline_warm_start/d0400_dynwd12.yaml,/Users/tsun-yuanku/local/qa_course_platform_github_pages/SQA_Algorithm/outputs/path_routing/benchmarks/formal_modes_suite_01/runs/baseline_warm_start/d0400_dynwd12/seed_044,/Users/tsun-yuanku/local/qa_course_platform_github_pages/SQA_Algorithm/outputs/path_routing/benchmarks/formal_modes_suite_01/logs/baseline_warm_start/d0400_dynwd12__seed_044.log,39.177,0
baseline_warm_start,d0400_dynwd12,d0400,400,399.89096238073773,24,318,dynwd12,weekday,12,3,45,200,32,20,/Users/tsun-yuanku/local/qa_course_platform_github_pages/SQA_Algorithm/outputs/path_routing/benchmarks/formal_modes_suite_01/configs/baseline_warm_start/d0400_dynwd12.yaml,/Users/tsun-yuanku/local/qa_course_platform_github_pages/SQA_Algorithm/outputs/path_routing/benchmarks/formal_modes_suite_01/runs/baseline_warm_start/d0400_dynwd12/seed_045,/Users/tsun-yuanku/local/qa_course_platform_github_pages/SQA_Algorithm/outputs/path_routing/benchmarks/formal_modes_suite_01/logs/baseline_warm_start/d0400_dynwd12__seed_045.log,38.869,0
baseline_warm_start,d0400_dynwd12,d0400,400,399.89096238073773,24,318,dynwd12,weekday,12,4,46,200,32,20,/Users/tsun-yuanku/local/qa_course_platform_github_pages/SQA_Algorithm/outputs/path_routing/benchmarks/formal_modes_suite_01/configs/baseline_warm_start/d0400_dynwd12.yaml,/Users/tsun-yuanku/local/qa_course_platform_github_pages/SQA_Algorithm/outputs/path_routing/benchmarks/formal_modes_suite_01/runs/baseline_warm_start/d0400_dynwd12/seed_046,/Users/tsun-yuanku/local/qa_course_platform_github_pages/SQA_Algorithm/outputs/path_routing/benchmarks/formal_modes_suite_01/logs/baseline_warm_start/d0400_dynwd12__seed_046.log,38.323,0
baseline_warm_start,d0400_dynwd17,d0400,400,399.89096238073773,24,318,dynwd17,weekday,17,0,42,200,32,20,/Users/tsun-yuanku/local/qa_course_platform_github_pages/SQA_Algorithm/outputs/path_routing/benchmarks/formal_modes_suite_01/configs/baseline_warm_start/d0400_dynwd17.yaml,/Users/tsun-yuanku/local/qa_course_platform_github_pages/SQA_Algorithm/outputs/path_routing/benchmarks/formal_modes_suite_01/runs/baseline_warm_start/d0400_dynwd17/seed_042,/Users/tsun-yuanku/local/qa_course_platform_github_pages/SQA_Algorithm/outputs/path_routing/benchmarks/formal_modes_suite_01/logs/baseline_warm_start/d0400_dynwd17__seed_042.log,38.871,0
baseline_warm_start,d0400_dynwd17,d0400,400,399.89096238073773,24,318,dynwd17,weekday,17,1,43,200,32,20,/Users/tsun-yuanku/local/qa_course_platform_github_pages/SQA_Algorithm/outputs/path_routing/benchmarks/formal_modes_suite_01/configs/baseline_warm_start/d0400_dynwd17.yaml,/Users/tsun-yuanku/local/qa_course_platform_github_pages/SQA_Algorithm/outputs/path_routing/benchmarks/formal_modes_suite_01/runs/baseline_warm_start/d0400_dynwd17/seed_043,/Users/tsun-yuanku/local/qa_course_platform_github_pages/SQA_Algorithm/outputs/path_routing/benchmarks/formal_modes_suite_01/logs/baseline_warm_start/d0400_dynwd17__seed_043.log,39.019,0
baseline_warm_start,d0400_dynwd17,d0400,400,399.89096238073773,24,318,dynwd17,weekday,17,2,44,200,32,20,/Users/tsun-yuanku/local/qa_course_platform_github_pages/SQA_Algorithm/outputs/path_routing/benchmarks/formal_modes_suite_01/configs/baseline_warm_start/d0400_dynwd17.yaml,/Users/tsun-yuanku/local/qa_course_platform_github_pages/SQA_Algorithm/outputs/path_routing/benchmarks/formal_modes_suite_01/runs/baseline_warm_start/d0400_dynwd17/seed_044,/Users/tsun-yuanku/local/qa_course_platform_github_pages/SQA_Algorithm/outputs/path_routing/benchmarks/formal_modes_suite_01/logs/baseline_warm_start/d0400_dynwd17__seed_044.log,39.037,0
baseline_warm_start,d0400_dynwd17,d0400,400,399.89096238073773,24,318,dynwd17,weekday,17,3,45,200,32,20,/Users/tsun-yuanku/local/qa_course_platform_github_pages/SQA_Algorithm/outputs/path_routing/benchmarks/formal_modes_suite_01/configs/baseline_warm_start/d0400_dynwd17.yaml,/Users/tsun-yuanku/local/qa_course_platform_github_pages/SQA_Algorithm/outputs/path_routing/benchmarks/formal_modes_suite_01/runs/baseline_warm_start/d0400_dynwd17/seed_045,/Users/tsun-yuanku/local/qa_course_platform_github_pages/SQA_Algorithm/outputs/path_routing/benchmarks/formal_modes_suite_01/logs/baseline_warm_start/d0400_dynwd17__seed_045.log,38.114,0
baseline_warm_start,d0400_dynwd17,d0400,400,399.89096238073773,24,318,dynwd17,weekday,17,4,46,200,32,20,/Users/tsun-yuanku/local/qa_course_platform_github_pages/SQA_Algorithm/outputs/path_routing/benchmarks/formal_modes_suite_01/configs/baseline_warm_start/d0400_dynwd17.yaml,/Users/tsun-yuanku/local/qa_course_platform_github_pages/SQA_Algorithm/outputs/path_routing/benchmarks/formal_modes_suite_01/runs/baseline_warm_start/d0400_dynwd17/seed_046,/Users/tsun-yuanku/local/qa_course_platform_github_pages/SQA_Algorithm/outputs/path_routing/benchmarks/formal_modes_suite_01/logs/baseline_warm_start/d0400_dynwd17__seed_046.log,37.918,0
baseline_warm_start,d0400_dynwd21,d0400,400,399.89096238073773,24,318,dynwd21,weekday,21,0,42,200,32,20,/Users/tsun-yuanku/local/qa_course_platform_github_pages/SQA_Algorithm/outputs/path_routing/benchmarks/formal_modes_suite_01/configs/baseline_warm_start/d0400_dynwd21.yaml,/Users/tsun-yuanku/local/qa_course_platform_github_pages/SQA_Algorithm/outputs/path_routing/benchmarks/formal_modes_suite_01/runs/baseline_warm_start/d0400_dynwd21/seed_042,/Users/tsun-yuanku/local/qa_course_platform_github_pages/SQA_Algorithm/outputs/path_routing/benchmarks/formal_modes_suite_01/logs/baseline_warm_start/d0400_dynwd21__seed_042.log,37.802,0
baseline_warm_start,d0400_dynwd21,d0400,400,399.89096238073773,24,318,dynwd21,weekday,21,1,43,200,32,20,/Users/tsun-yuanku/local/qa_course_platform_github_pages/SQA_Algorithm/outputs/path_routing/benchmarks/formal_modes_suite_01/configs/baseline_warm_start/d0400_dynwd21.yaml,/Users/tsun-yuanku/local/qa_course_platform_github_pages/SQA_Algorithm/outputs/path_routing/benchmarks/formal_modes_suite_01/runs/baseline_warm_start/d0400_dynwd21/seed_043,/Users/tsun-yuanku/local/qa_course_platform_github_pages/SQA_Algorithm/outputs/path_routing/benchmarks/formal_modes_suite_01/logs/baseline_warm_start/d0400_dynwd21__seed_043.log,37.152,0
baseline_warm_start,d0400_dynwd21,d0400,400,399.89096238073773,24,318,dynwd21,weekday,21,2,44,200,32,20,/Users/tsun-yuanku/local/qa_course_platform_github_pages/SQA_Algorithm/outputs/path_routing/benchmarks/formal_modes_suite_01/configs/baseline_warm_start/d0400_dynwd21.yaml,/Users/tsun-yuanku/local/qa_course_platform_github_pages/SQA_Algorithm/outputs/path_routing/benchmarks/formal_modes_suite_01/runs/baseline_warm_start/d0400_dynwd21/seed_044,/Users/tsun-yuanku/local/qa_course_platform_github_pages/SQA_Algorithm/outputs/path_routing/benchmarks/formal_modes_suite_01/logs/baseline_warm_start/d0400_dynwd21__seed_044.log,37.314,0
baseline_warm_start,d0400_dynwd21,d0400,400,399.89096238073773,24,318,dynwd21,weekday,21,3,45,200,32,20,/Users/tsun-yuanku/local/qa_course_platform_github_pages/SQA_Algorithm/outputs/path_routing/benchmarks/formal_modes_suite_01/configs/baseline_warm_start/d0400_dynwd21.yaml,/Users/tsun-yuanku/local/qa_course_platform_github_pages/SQA_Algorithm/outputs/path_routing/benchmarks/formal_modes_suite_01/runs/baseline_warm_start/d0400_dynwd21/seed_045,/Users/tsun-yuanku/local/qa_course_platform_github_pages/SQA_Algorithm/outputs/path_routing/benchmarks/formal_modes_suite_01/logs/baseline_warm_start/d0400_dynwd21__seed_045.log,37.01,0
baseline_warm_start,d0400_dynwd21,d0400,400,399.89096238073773,24,318,dynwd21,weekday,21,4,46,200,32,20,/Users/tsun-yuanku/local/qa_course_platform_github_pages/SQA_Algorithm/outputs/path_routing/benchmarks/formal_modes_suite_01/configs/baseline_warm_start/d0400_dynwd21.yaml,/Users/tsun-yuanku/local/qa_course_platform_github_pages/SQA_Algorithm/outputs/path_routing/benchmarks/formal_modes_suite_01/runs/baseline_warm_start/d0400_dynwd21/seed_046,/Users/tsun-yuanku/local/qa_course_platform_github_pages/SQA_Algorithm/outputs/path_routing/benchmarks/formal_modes_suite_01/logs/baseline_warm_start/d0400_dynwd21__seed_046.log,31.992,0
baseline_warm_start,d0400_dynwe05,d0400,400,399.89096238073773,24,318,dynwe05,weekend,05,0,42,200,32,20,/Users/tsun-yuanku/local/qa_course_platform_github_pages/SQA_Algorithm/outputs/path_routing/benchmarks/formal_modes_suite_01/configs/baseline_warm_start/d0400_dynwe05.yaml,/Users/tsun-yuanku/local/qa_course_platform_github_pages/SQA_Algorithm/outputs/path_routing/benchmarks/formal_modes_suite_01/runs/baseline_warm_start/d0400_dynwe05/seed_042,/Users/tsun-yuanku/local/qa_course_platform_github_pages/SQA_Algorithm/outputs/path_routing/benchmarks/formal_modes_suite_01/logs/baseline_warm_start/d0400_dynwe05__seed_042.log,31.997,0
baseline_warm_start,d0400_dynwe05,d0400,400,399.89096238073773,24,318,dynwe05,weekend,05,1,43,200,32,20,/Users/tsun-yuanku/local/qa_course_platform_github_pages/SQA_Algorithm/outputs/path_routing/benchmarks/formal_modes_suite_01/configs/baseline_warm_start/d0400_dynwe05.yaml,/Users/tsun-yuanku/local/qa_course_platform_github_pages/SQA_Algorithm/outputs/path_routing/benchmarks/formal_modes_suite_01/runs/baseline_warm_start/d0400_dynwe05/seed_043,/Users/tsun-yuanku/local/qa_course_platform_github_pages/SQA_Algorithm/outputs/path_routing/benchmarks/formal_modes_suite_01/logs/baseline_warm_start/d0400_dynwe05__seed_043.log,31.651,0
baseline_warm_start,d0400_dynwe05,d0400,400,399.89096238073773,24,318,dynwe05,weekend,05,2,44,200,32,20,/Users/tsun-yuanku/local/qa_course_platform_github_pages/SQA_Algorithm/outputs/path_routing/benchmarks/formal_modes_suite_01/configs/baseline_warm_start/d0400_dynwe05.yaml,/Users/tsun-yuanku/local/qa_course_platform_github_pages/SQA_Algorithm/outputs/path_routing/benchmarks/formal_modes_suite_01/runs/baseline_warm_start/d0400_dynwe05/seed_044,/Users/tsun-yuanku/local/qa_course_platform_github_pages/SQA_Algorithm/outputs/path_routing/benchmarks/formal_modes_suite_01/logs/baseline_warm_start/d0400_dynwe05__seed_044.log,31.757,0
baseline_warm_start,d0400_dynwe05,d0400,400,399.89096238073773,24,318,dynwe05,weekend,05,3,45,200,32,20,/Users/tsun-yuanku/local/qa_course_platform_github_pages/SQA_Algorithm/outputs/path_routing/benchmarks/formal_modes_suite_01/configs/baseline_warm_start/d0400_dynwe05.yaml,/Users/tsun-yuanku/local/qa_course_platform_github_pages/SQA_Algorithm/outputs/path_routing/benchmarks/formal_modes_suite_01/runs/baseline_warm_start/d0400_dynwe05/seed_045,/Users/tsun-yuanku/local/qa_course_platform_github_pages/SQA_Algorithm/outputs/path_routing/benchmarks/formal_modes_suite_01/logs/baseline_warm_start/d0400_dynwe05__seed_045.log,31.438,0
baseline_warm_start,d0400_dynwe05,d0400,400,399.89096238073773,24,318,dynwe05,weekend,05,4,46,200,32,20,/Users/tsun-yuanku/local/qa_course_platform_github_pages/SQA_Algorithm/outputs/path_routing/benchmarks/formal_modes_suite_01/configs/baseline_warm_start/d0400_dynwe05.yaml,/Users/tsun-yuanku/local/qa_course_platform_github_pages/SQA_Algorithm/outputs/path_routing/benchmarks/formal_modes_suite_01/runs/baseline_warm_start/d0400_dynwe05/seed_046,/Users/tsun-yuanku/local/qa_course_platform_github_pages/SQA_Algorithm/outputs/path_routing/benchmarks/formal_modes_suite_01/logs/baseline_warm_start/d0400_dynwe05__seed_046.log,31.038,0
baseline_warm_start,d0400_dynwe08,d0400,400,399.89096238073773,24,318,dynwe08,weekend,08,0,42,200,32,20,/Users/tsun-yuanku/local/qa_course_platform_github_pages/SQA_Algorithm/outputs/path_routing/benchmarks/formal_modes_suite_01/configs/baseline_warm_start/d0400_dynwe08.yaml,/Users/tsun-yuanku/local/qa_course_platform_github_pages/SQA_Algorithm/outputs/path_routing/benchmarks/formal_modes_suite_01/runs/baseline_warm_start/d0400_dynwe08/seed_042,/Users/tsun-yuanku/local/qa_course_platform_github_pages/SQA_Algorithm/outputs/path_routing/benchmarks/formal_modes_suite_01/logs/baseline_warm_start/d0400_dynwe08__seed_042.log,32.002,0
baseline_warm_start,d0400_dynwe08,d0400,400,399.89096238073773,24,318,dynwe08,weekend,08,1,43,200,32,20,/Users/tsun-yuanku/local/qa_course_platform_github_pages/SQA_Algorithm/outputs/path_routing/benchmarks/formal_modes_suite_01/configs/baseline_warm_start/d0400_dynwe08.yaml,/Users/tsun-yuanku/local/qa_course_platform_github_pages/SQA_Algorithm/outputs/path_routing/benchmarks/formal_modes_suite_01/runs/baseline_warm_start/d0400_dynwe08/seed_043,/Users/tsun-yuanku/local/qa_course_platform_github_pages/SQA_Algorithm/outputs/path_routing/benchmarks/formal_modes_suite_01/logs/baseline_warm_start/d0400_dynwe08__seed_043.log,31.858,0
baseline_warm_start,d0400_dynwe08,d0400,400,399.89096238073773,24,318,dynwe08,weekend,08,2,44,200,32,20,/Users/tsun-yuanku/local/qa_course_platform_github_pages/SQA_Algorithm/outputs/path_routing/benchmarks/formal_modes_suite_01/configs/baseline_warm_start/d0400_dynwe08.yaml,/Users/tsun-yuanku/local/qa_course_platform_github_pages/SQA_Algorithm/outputs/path_routing/benchmarks/formal_modes_suite_01/runs/baseline_warm_start/d0400_dynwe08/seed_044,/Users/tsun-yuanku/local/qa_course_platform_github_pages/SQA_Algorithm/outputs/path_routing/benchmarks/formal_modes_suite_01/logs/baseline_warm_start/d0400_dynwe08__seed_044.log,31.816,0
baseline_warm_start,d0400_dynwe08,d0400,400,399.89096238073773,24,318,dynwe08,weekend,08,3,45,200,32,20,/Users/tsun-yuanku/local/qa_course_platform_github_pages/SQA_Algorithm/outputs/path_routing/benchmarks/formal_modes_suite_01/configs/baseline_warm_start/d0400_dynwe08.yaml,/Users/tsun-yuanku/local/qa_course_platform_github_pages/SQA_Algorithm/outputs/path_routing/benchmarks/formal_modes_suite_01/runs/baseline_warm_start/d0400_dynwe08/seed_045,/Users/tsun-yuanku/local/qa_course_platform_github_pages/SQA_Algorithm/outputs/path_routing/benchmarks/formal_modes_suite_01/logs/baseline_warm_start/d0400_dynwe08__seed_045.log,32.191,0
baseline_warm_start,d0400_dynwe08,d0400,400,399.89096238073773,24,318,dynwe08,weekend,08,4,46,200,32,20,/Users/tsun-yuanku/local/qa_course_platform_github_pages/SQA_Algorithm/outputs/path_routing/benchmarks/formal_modes_suite_01/configs/baseline_warm_start/d0400_dynwe08.yaml,/Users/tsun-yuanku/local/qa_course_platform_github_pages/SQA_Algorithm/outputs/path_routing/benchmarks/formal_modes_suite_01/runs/baseline_warm_start/d0400_dynwe08/seed_046,/Users/tsun-yuanku/local/qa_course_platform_github_pages/SQA_Algorithm/outputs/path_routing/benchmarks/formal_modes_suite_01/logs/baseline_warm_start/d0400_dynwe08__seed_046.log,32.166,0
baseline_warm_start,d0400_dynwe12,d0400,400,399.89096238073773,24,318,dynwe12,weekend,12,0,42,200,32,20,/Users/tsun-yuanku/local/qa_course_platform_github_pages/SQA_Algorithm/outputs/path_routing/benchmarks/formal_modes_suite_01/configs/baseline_warm_start/d0400_dynwe12.yaml,/Users/tsun-yuanku/local/qa_course_platform_github_pages/SQA_Algorithm/outputs/path_routing/benchmarks/formal_modes_suite_01/runs/baseline_warm_start/d0400_dynwe12/seed_042,/Users/tsun-yuanku/local/qa_course_platform_github_pages/SQA_Algorithm/outputs/path_routing/benchmarks/formal_modes_suite_01/logs/baseline_warm_start/d0400_dynwe12__seed_042.log,32.116,0
baseline_warm_start,d0400_dynwe12,d0400,400,399.89096238073773,24,318,dynwe12,weekend,12,1,43,200,32,20,/Users/tsun-yuanku/local/qa_course_platform_github_pages/SQA_Algorithm/outputs/path_routing/benchmarks/formal_modes_suite_01/configs/baseline_warm_start/d0400_dynwe12.yaml,/Users/tsun-yuanku/local/qa_course_platform_github_pages/SQA_Algorithm/outputs/path_routing/benchmarks/formal_modes_suite_01/runs/baseline_warm_start/d0400_dynwe12/seed_043,/Users/tsun-yuanku/local/qa_course_platform_github_pages/SQA_Algorithm/outputs/path_routing/benchmarks/formal_modes_suite_01/logs/baseline_warm_start/d0400_dynwe12__seed_043.log,35.204,0
baseline_warm_start,d0400_dynwe12,d0400,400,399.89096238073773,24,318,dynwe12,weekend,12,2,44,200,32,20,/Users/tsun-yuanku/local/qa_course_platform_github_pages/SQA_Algorithm/outputs/path_routing/benchmarks/formal_modes_suite_01/configs/baseline_warm_start/d0400_dynwe12.yaml,/Users/tsun-yuanku/local/qa_course_platform_github_pages/SQA_Algorithm/outputs/path_routing/benchmarks/formal_modes_suite_01/runs/baseline_warm_start/d0400_dynwe12/seed_044,/Users/tsun-yuanku/local/qa_course_platform_github_pages/SQA_Algorithm/outputs/path_routing/benchmarks/formal_modes_suite_01/logs/baseline_warm_start/d0400_dynwe12__seed_044.log,35.419,0
baseline_warm_start,d0400_dynwe12,d0400,400,399.89096238073773,24,318,dynwe12,weekend,12,3,45,200,32,20,/Users/tsun-yuanku/local/qa_course_platform_github_pages/SQA_Algorithm/outputs/path_routing/benchmarks/formal_modes_suite_01/configs/baseline_warm_start/d0400_dynwe12.yaml,/Users/tsun-yuanku/local/qa_course_platform_github_pages/SQA_Algorithm/outputs/path_routing/benchmarks/formal_modes_suite_01/runs/baseline_warm_start/d0400_dynwe12/seed_045,/Users/tsun-yuanku/local/qa_course_platform_github_pages/SQA_Algorithm/outputs/path_routing/benchmarks/formal_modes_suite_01/logs/baseline_warm_start/d0400_dynwe12__seed_045.log,35.081,0
baseline_warm_start,d0400_dynwe12,d0400,400,399.89096238073773,24,318,dynwe12,weekend,12,4,46,200,32,20,/Users/tsun-yuanku/local/qa_course_platform_github_pages/SQA_Algorithm/outputs/path_routing/benchmarks/formal_modes_suite_01/configs/baseline_warm_start/d0400_dynwe12.yaml,/Users/tsun-yuanku/local/qa_course_platform_github_pages/SQA_Algorithm/outputs/path_routing/benchmarks/formal_modes_suite_01/runs/baseline_warm_start/d0400_dynwe12/seed_046,/Users/tsun-yuanku/local/qa_course_platform_github_pages/SQA_Algorithm/outputs/path_routing/benchmarks/formal_modes_suite_01/logs/baseline_warm_start/d0400_dynwe12__seed_046.log,35.011,0
baseline_warm_start,d0400_dynwe17,d0400,400,399.89096238073773,24,318,dynwe17,weekend,17,0,42,200,32,20,/Users/tsun-yuanku/local/qa_course_platform_github_pages/SQA_Algorithm/outputs/path_routing/benchmarks/formal_modes_suite_01/configs/baseline_warm_start/d0400_dynwe17.yaml,/Users/tsun-yuanku/local/qa_course_platform_github_pages/SQA_Algorithm/outputs/path_routing/benchmarks/formal_modes_suite_01/runs/baseline_warm_start/d0400_dynwe17/seed_042,/Users/tsun-yuanku/local/qa_course_platform_github_pages/SQA_Algorithm/outputs/path_routing/benchmarks/formal_modes_suite_01/logs/baseline_warm_start/d0400_dynwe17__seed_042.log,35.266,0
baseline_warm_start,d0400_dynwe17,d0400,400,399.89096238073773,24,318,dynwe17,weekend,17,1,43,200,32,20,/Users/tsun-yuanku/local/qa_course_platform_github_pages/SQA_Algorithm/outputs/path_routing/benchmarks/formal_modes_suite_01/configs/baseline_warm_start/d0400_dynwe17.yaml,/Users/tsun-yuanku/local/qa_course_platform_github_pages/SQA_Algorithm/outputs/path_routing/benchmarks/formal_modes_suite_01/runs/baseline_warm_start/d0400_dynwe17/seed_043,/Users/tsun-yuanku/local/qa_course_platform_github_pages/SQA_Algorithm/outputs/path_routing/benchmarks/formal_modes_suite_01/logs/baseline_warm_start/d0400_dynwe17__seed_043.log,34.922,0
baseline_warm_start,d0400_dynwe17,d0400,400,399.89096238073773,24,318,dynwe17,weekend,17,2,44,200,32,20,/Users/tsun-yuanku/local/qa_course_platform_github_pages/SQA_Algorithm/outputs/path_routing/benchmarks/formal_modes_suite_01/configs/baseline_warm_start/d0400_dynwe17.yaml,/Users/tsun-yuanku/local/qa_course_platform_github_pages/SQA_Algorithm/outputs/path_routing/benchmarks/formal_modes_suite_01/runs/baseline_warm_start/d0400_dynwe17/seed_044,/Users/tsun-yuanku/local/qa_course_platform_github_pages/SQA_Algorithm/outputs/path_routing/benchmarks/formal_modes_suite_01/logs/baseline_warm_start/d0400_dynwe17__seed_044.log,32.264,0
baseline_warm_start,d0400_dynwe17,d0400,400,399.89096238073773,24,318,dynwe17,weekend,17,3,45,200,32,20,/Users/tsun-yuanku/local/qa_course_platform_github_pages/SQA_Algorithm/outputs/path_routing/benchmarks/formal_modes_suite_01/configs/baseline_warm_start/d0400_dynwe17.yaml,/Users/tsun-yuanku/local/qa_course_platform_github_pages/SQA_Algorithm/outputs/path_routing/benchmarks/formal_modes_suite_01/runs/baseline_warm_start/d0400_dynwe17/seed_045,/Users/tsun-yuanku/local/qa_course_platform_github_pages/SQA_Algorithm/outputs/path_routing/benchmarks/formal_modes_suite_01/logs/baseline_warm_start/d0400_dynwe17__seed_045.log,32.196,0
baseline_warm_start,d0400_dynwe17,d0400,400,399.89096238073773,24,318,dynwe17,weekend,17,4,46,200,32,20,/Users/tsun-yuanku/local/qa_course_platform_github_pages/SQA_Algorithm/outputs/path_routing/benchmarks/formal_modes_suite_01/configs/baseline_warm_start/d0400_dynwe17.yaml,/Users/tsun-yuanku/local/qa_course_platform_github_pages/SQA_Algorithm/outputs/path_routing/benchmarks/formal_modes_suite_01/runs/baseline_warm_start/d0400_dynwe17/seed_046,/Users/tsun-yuanku/local/qa_course_platform_github_pages/SQA_Algorithm/outputs/path_routing/benchmarks/formal_modes_suite_01/logs/baseline_warm_start/d0400_dynwe17__seed_046.log,32.295,0
baseline_warm_start,d0400_dynwe21,d0400,400,399.89096238073773,24,318,dynwe21,weekend,21,0,42,200,32,20,/Users/tsun-yuanku/local/qa_course_platform_github_pages/SQA_Algorithm/outputs/path_routing/benchmarks/formal_modes_suite_01/configs/baseline_warm_start/d0400_dynwe21.yaml,/Users/tsun-yuanku/local/qa_course_platform_github_pages/SQA_Algorithm/outputs/path_routing/benchmarks/formal_modes_suite_01/runs/baseline_warm_start/d0400_dynwe21/seed_042,/Users/tsun-yuanku/local/qa_course_platform_github_pages/SQA_Algorithm/outputs/path_routing/benchmarks/formal_modes_suite_01/logs/baseline_warm_start/d0400_dynwe21__seed_042.log,32.231,0
baseline_warm_start,d0400_dynwe21,d0400,400,399.89096238073773,24,318,dynwe21,weekend,21,1,43,200,32,20,/Users/tsun-yuanku/local/qa_course_platform_github_pages/SQA_Algorithm/outputs/path_routing/benchmarks/formal_modes_suite_01/configs/baseline_warm_start/d0400_dynwe21.yaml,/Users/tsun-yuanku/local/qa_course_platform_github_pages/SQA_Algorithm/outputs/path_routing/benchmarks/formal_modes_suite_01/runs/baseline_warm_start/d0400_dynwe21/seed_043,/Users/tsun-yuanku/local/qa_course_platform_github_pages/SQA_Algorithm/outputs/path_routing/benchmarks/formal_modes_suite_01/logs/baseline_warm_start/d0400_dynwe21__seed_043.log,32.258,0
baseline_warm_start,d0400_dynwe21,d0400,400,399.89096238073773,24,318,dynwe21,weekend,21,2,44,200,32,20,/Users/tsun-yuanku/local/qa_course_platform_github_pages/SQA_Algorithm/outputs/path_routing/benchmarks/formal_modes_suite_01/configs/baseline_warm_start/d0400_dynwe21.yaml,/Users/tsun-yuanku/local/qa_course_platform_github_pages/SQA_Algorithm/outputs/path_routing/benchmarks/formal_modes_suite_01/runs/baseline_warm_start/d0400_dynwe21/seed_044,/Users/tsun-yuanku/local/qa_course_platform_github_pages/SQA_Algorithm/outputs/path_routing/benchmarks/formal_modes_suite_01/logs/baseline_warm_start/d0400_dynwe21__seed_044.log,32.505,0
baseline_warm_start,d0400_dynwe21,d0400,400,399.89096238073773,24,318,dynwe21,weekend,21,3,45,200,32,20,/Users/tsun-yuanku/local/qa_course_platform_github_pages/SQA_Algorithm/outputs/path_routing/benchmarks/formal_modes_suite_01/configs/baseline_warm_start/d0400_dynwe21.yaml,/Users/tsun-yuanku/local/qa_course_platform_github_pages/SQA_Algorithm/outputs/path_routing/benchmarks/formal_modes_suite_01/runs/baseline_warm_start/d0400_dynwe21/seed_045,/Users/tsun-yuanku/local/qa_course_platform_github_pages/SQA_Algorithm/outputs/path_routing/benchmarks/formal_modes_suite_01/logs/baseline_warm_start/d0400_dynwe21__seed_045.log,31.491,0
baseline_warm_start,d0400_dynwe21,d0400,400,399.89096238073773,24,318,dynwe21,weekend,21,4,46,200,32,20,/Users/tsun-yuanku/local/qa_course_platform_github_pages/SQA_Algorithm/outputs/path_routing/benchmarks/formal_modes_suite_01/configs/baseline_warm_start/d0400_dynwe21.yaml,/Users/tsun-yuanku/local/qa_course_platform_github_pages/SQA_Algorithm/outputs/path_routing/benchmarks/formal_modes_suite_01/runs/baseline_warm_start/d0400_dynwe21/seed_046,/Users/tsun-yuanku/local/qa_course_platform_github_pages/SQA_Algorithm/outputs/path_routing/benchmarks/formal_modes_suite_01/logs/baseline_warm_start/d0400_dynwe21__seed_046.log,31.325,0
baseline_warm_start,d0800_dynwd05,d0800,800,799.1359807833297,179,246,dynwd05,weekday,05,0,42,200,32,20,/Users/tsun-yuanku/local/qa_course_platform_github_pages/SQA_Algorithm/outputs/path_routing/benchmarks/formal_modes_suite_01/configs/baseline_warm_start/d0800_dynwd05.yaml,/Users/tsun-yuanku/local/qa_course_platform_github_pages/SQA_Algorithm/outputs/path_routing/benchmarks/formal_modes_suite_01/runs/baseline_warm_start/d0800_dynwd05/seed_042,/Users/tsun-yuanku/local/qa_course_platform_github_pages/SQA_Algorithm/outputs/path_routing/benchmarks/formal_modes_suite_01/logs/baseline_warm_start/d0800_dynwd05__seed_042.log,31.467,0
baseline_warm_start,d0800_dynwd05,d0800,800,799.1359807833297,179,246,dynwd05,weekday,05,1,43,200,32,20,/Users/tsun-yuanku/local/qa_course_platform_github_pages/SQA_Algorithm/outputs/path_routing/benchmarks/formal_modes_suite_01/configs/baseline_warm_start/d0800_dynwd05.yaml,/Users/tsun-yuanku/local/qa_course_platform_github_pages/SQA_Algorithm/outputs/path_routing/benchmarks/formal_modes_suite_01/runs/baseline_warm_start/d0800_dynwd05/seed_043,/Users/tsun-yuanku/local/qa_course_platform_github_pages/SQA_Algorithm/outputs/path_routing/benchmarks/formal_modes_suite_01/logs/baseline_warm_start/d0800_dynwd05__seed_043.log,31.29,0
baseline_warm_start,d0800_dynwd05,d0800,800,799.1359807833297,179,246,dynwd05,weekday,05,2,44,200,32,20,/Users/tsun-yuanku/local/qa_course_platform_github_pages/SQA_Algorithm/outputs/path_routing/benchmarks/formal_modes_suite_01/configs/baseline_warm_start/d0800_dynwd05.yaml,/Users/tsun-yuanku/local/qa_course_platform_github_pages/SQA_Algorithm/outputs/path_routing/benchmarks/formal_modes_suite_01/runs/baseline_warm_start/d0800_dynwd05/seed_044,/Users/tsun-yuanku/local/qa_course_platform_github_pages/SQA_Algorithm/outputs/path_routing/benchmarks/formal_modes_suite_01/logs/baseline_warm_start/d0800_dynwd05__seed_044.log,31.326,0
baseline_warm_start,d0800_dynwd05,d0800,800,799.1359807833297,179,246,dynwd05,weekday,05,3,45,200,32,20,/Users/tsun-yuanku/local/qa_course_platform_github_pages/SQA_Algorithm/outputs/path_routing/benchmarks/formal_modes_suite_01/configs/baseline_warm_start/d0800_dynwd05.yaml,/Users/tsun-yuanku/local/qa_course_platform_github_pages/SQA_Algorithm/outputs/path_routing/benchmarks/formal_modes_suite_01/runs/baseline_warm_start/d0800_dynwd05/seed_045,/Users/tsun-yuanku/local/qa_course_platform_github_pages/SQA_Algorithm/outputs/path_routing/benchmarks/formal_modes_suite_01/logs/baseline_warm_start/d0800_dynwd05__seed_045.log,31.264,0
baseline_warm_start,d0800_dynwd05,d0800,800,799.1359807833297,179,246,dynwd05,weekday,05,4,46,200,32,20,/Users/tsun-yuanku/local/qa_course_platform_github_pages/SQA_Algorithm/outputs/path_routing/benchmarks/formal_modes_suite_01/configs/baseline_warm_start/d0800_dynwd05.yaml,/Users/tsun-yuanku/local/qa_course_platform_github_pages/SQA_Algorithm/outputs/path_routing/benchmarks/formal_modes_suite_01/runs/baseline_warm_start/d0800_dynwd05/seed_046,/Users/tsun-yuanku/local/qa_course_platform_github_pages/SQA_Algorithm/outputs/path_routing/benchmarks/formal_modes_suite_01/logs/baseline_warm_start/d0800_dynwd05__seed_046.log,31.26,0
baseline_warm_start,d0800_dynwd08,d0800,800,799.1359807833297,179,246,dynwd08,weekday,08,0,42,200,32,20,/Users/tsun-yuanku/local/qa_course_platform_github_pages/SQA_Algorithm/outputs/path_routing/benchmarks/formal_modes_suite_01/configs/baseline_warm_start/d0800_dynwd08.yaml,/Users/tsun-yuanku/local/qa_course_platform_github_pages/SQA_Algorithm/outputs/path_routing/benchmarks/formal_modes_suite_01/runs/baseline_warm_start/d0800_dynwd08/seed_042,/Users/tsun-yuanku/local/qa_course_platform_github_pages/SQA_Algorithm/outputs/path_routing/benchmarks/formal_modes_suite_01/logs/baseline_warm_start/d0800_dynwd08__seed_042.log,31.124,0
baseline_warm_start,d0800_dynwd08,d0800,800,799.1359807833297,179,246,dynwd08,weekday,08,1,43,200,32,20,/Users/tsun-yuanku/local/qa_course_platform_github_pages/SQA_Algorithm/outputs/path_routing/benchmarks/formal_modes_suite_01/configs/baseline_warm_start/d0800_dynwd08.yaml,/Users/tsun-yuanku/local/qa_course_platform_github_pages/SQA_Algorithm/outputs/path_routing/benchmarks/formal_modes_suite_01/runs/baseline_warm_start/d0800_dynwd08/seed_043,/Users/tsun-yuanku/local/qa_course_platform_github_pages/SQA_Algorithm/outputs/path_routing/benchmarks/formal_modes_suite_01/logs/baseline_warm_start/d0800_dynwd08__seed_043.log,31.394,0
baseline_warm_start,d0800_dynwd08,d0800,800,799.1359807833297,179,246,dynwd08,weekday,08,2,44,200,32,20,/Users/tsun-yuanku/local/qa_course_platform_github_pages/SQA_Algorithm/outputs/path_routing/benchmarks/formal_modes_suite_01/configs/baseline_warm_start/d0800_dynwd08.yaml,/Users/tsun-yuanku/local/qa_course_platform_github_pages/SQA_Algorithm/outputs/path_routing/benchmarks/formal_modes_suite_01/runs/baseline_warm_start/d0800_dynwd08/seed_044,/Users/tsun-yuanku/local/qa_course_platform_github_pages/SQA_Algorithm/outputs/path_routing/benchmarks/formal_modes_suite_01/logs/baseline_warm_start/d0800_dynwd08__seed_044.log,31.193,0
baseline_warm_start,d0800_dynwd08,d0800,800,799.1359807833297,179,246,dynwd08,weekday,08,3,45,200,32,20,/Users/tsun-yuanku/local/qa_course_platform_github_pages/SQA_Algorithm/outputs/path_routing/benchmarks/formal_modes_suite_01/configs/baseline_warm_start/d0800_dynwd08.yaml,/Users/tsun-yuanku/local/qa_course_platform_github_pages/SQA_Algorithm/outputs/path_routing/benchmarks/formal_modes_suite_01/runs/baseline_warm_start/d0800_dynwd08/seed_045,/Users/tsun-yuanku/local/qa_course_platform_github_pages/SQA_Algorithm/outputs/path_routing/benchmarks/formal_modes_suite_01/logs/baseline_warm_start/d0800_dynwd08__seed_045.log,31.07,0
baseline_warm_start,d0800_dynwd08,d0800,800,799.1359807833297,179,246,dynwd08,weekday,08,4,46,200,32,20,/Users/tsun-yuanku/local/qa_course_platform_github_pages/SQA_Algorithm/outputs/path_routing/benchmarks/formal_modes_suite_01/configs/baseline_warm_start/d0800_dynwd08.yaml,/Users/tsun-yuanku/local/qa_course_platform_github_pages/SQA_Algorithm/outputs/path_routing/benchmarks/formal_modes_suite_01/runs/baseline_warm_start/d0800_dynwd08/seed_046,/Users/tsun-yuanku/local/qa_course_platform_github_pages/SQA_Algorithm/outputs/path_routing/benchmarks/formal_modes_suite_01/logs/baseline_warm_start/d0800_dynwd08__seed_046.log,31.327,0
baseline_warm_start,d0800_dynwd12,d0800,800,799.1359807833297,179,246,dynwd12,weekday,12,0,42,200,32,20,/Users/tsun-yuanku/local/qa_course_platform_github_pages/SQA_Algorithm/outputs/path_routing/benchmarks/formal_modes_suite_01/configs/baseline_warm_start/d0800_dynwd12.yaml,/Users/tsun-yuanku/local/qa_course_platform_github_pages/SQA_Algorithm/outputs/path_routing/benchmarks/formal_modes_suite_01/runs/baseline_warm_start/d0800_dynwd12/seed_042,/Users/tsun-yuanku/local/qa_course_platform_github_pages/SQA_Algorithm/outputs/path_routing/benchmarks/formal_modes_suite_01/logs/baseline_warm_start/d0800_dynwd12__seed_042.log,32.87,0
baseline_warm_start,d0800_dynwd12,d0800,800,799.1359807833297,179,246,dynwd12,weekday,12,1,43,200,32,20,/Users/tsun-yuanku/local/qa_course_platform_github_pages/SQA_Algorithm/outputs/path_routing/benchmarks/formal_modes_suite_01/configs/baseline_warm_start/d0800_dynwd12.yaml,/Users/tsun-yuanku/local/qa_course_platform_github_pages/SQA_Algorithm/outputs/path_routing/benchmarks/formal_modes_suite_01/runs/baseline_warm_start/d0800_dynwd12/seed_043,/Users/tsun-yuanku/local/qa_course_platform_github_pages/SQA_Algorithm/outputs/path_routing/benchmarks/formal_modes_suite_01/logs/baseline_warm_start/d0800_dynwd12__seed_043.log,32.85,0
baseline_warm_start,d0800_dynwd12,d0800,800,799.1359807833297,179,246,dynwd12,weekday,12,2,44,200,32,20,/Users/tsun-yuanku/local/qa_course_platform_github_pages/SQA_Algorithm/outputs/path_routing/benchmarks/formal_modes_suite_01/configs/baseline_warm_start/d0800_dynwd12.yaml,/Users/tsun-yuanku/local/qa_course_platform_github_pages/SQA_Algorithm/outputs/path_routing/benchmarks/formal_modes_suite_01/runs/baseline_warm_start/d0800_dynwd12/seed_044,/Users/tsun-yuanku/local/qa_course_platform_github_pages/SQA_Algorithm/outputs/path_routing/benchmarks/formal_modes_suite_01/logs/baseline_warm_start/d0800_dynwd12__seed_044.log,33.241,0
baseline_warm_start,d0800_dynwd12,d0800,800,799.1359807833297,179,246,dynwd12,weekday,12,3,45,200,32,20,/Users/tsun-yuanku/local/qa_course_platform_github_pages/SQA_Algorithm/outputs/path_routing/benchmarks/formal_modes_suite_01/configs/baseline_warm_start/d0800_dynwd12.yaml,/Users/tsun-yuanku/local/qa_course_platform_github_pages/SQA_Algorithm/outputs/path_routing/benchmarks/formal_modes_suite_01/runs/baseline_warm_start/d0800_dynwd12/seed_045,/Users/tsun-yuanku/local/qa_course_platform_github_pages/SQA_Algorithm/outputs/path_routing/benchmarks/formal_modes_suite_01/logs/baseline_warm_start/d0800_dynwd12__seed_045.log,33.162,0
baseline_warm_start,d0800_dynwd12,d0800,800,799.1359807833297,179,246,dynwd12,weekday,12,4,46,200,32,20,/Users/tsun-yuanku/local/qa_course_platform_github_pages/SQA_Algorithm/outputs/path_routing/benchmarks/formal_modes_suite_01/configs/baseline_warm_start/d0800_dynwd12.yaml,/Users/tsun-yuanku/local/qa_course_platform_github_pages/SQA_Algorithm/outputs/path_routing/benchmarks/formal_modes_suite_01/runs/baseline_warm_start/d0800_dynwd12/seed_046,/Users/tsun-yuanku/local/qa_course_platform_github_pages/SQA_Algorithm/outputs/path_routing/benchmarks/formal_modes_suite_01/logs/baseline_warm_start/d0800_dynwd12__seed_046.log,32.6,0
baseline_warm_start,d0800_dynwd17,d0800,800,799.1359807833297,179,246,dynwd17,weekday,17,0,42,200,32,20,/Users/tsun-yuanku/local/qa_course_platform_github_pages/SQA_Algorithm/outputs/path_routing/benchmarks/formal_modes_suite_01/configs/baseline_warm_start/d0800_dynwd17.yaml,/Users/tsun-yuanku/local/qa_course_platform_github_pages/SQA_Algorithm/outputs/path_routing/benchmarks/formal_modes_suite_01/runs/baseline_warm_start/d0800_dynwd17/seed_042,/Users/tsun-yuanku/local/qa_course_platform_github_pages/SQA_Algorithm/outputs/path_routing/benchmarks/formal_modes_suite_01/logs/baseline_warm_start/d0800_dynwd17__seed_042.log,32.86,0
baseline_warm_start,d0800_dynwd17,d0800,800,799.1359807833297,179,246,dynwd17,weekday,17,1,43,200,32,20,/Users/tsun-yuanku/local/qa_course_platform_github_pages/SQA_Algorithm/outputs/path_routing/benchmarks/formal_modes_suite_01/configs/baseline_warm_start/d0800_dynwd17.yaml,/Users/tsun-yuanku/local/qa_course_platform_github_pages/SQA_Algorithm/outputs/path_routing/benchmarks/formal_modes_suite_01/runs/baseline_warm_start/d0800_dynwd17/seed_043,/Users/tsun-yuanku/local/qa_course_platform_github_pages/SQA_Algorithm/outputs/path_routing/benchmarks/formal_modes_suite_01/logs/baseline_warm_start/d0800_dynwd17__seed_043.log,33.323,0
baseline_warm_start,d0800_dynwd17,d0800,800,799.1359807833297,179,246,dynwd17,weekday,17,2,44,200,32,20,/Users/tsun-yuanku/local/qa_course_platform_github_pages/SQA_Algorithm/outputs/path_routing/benchmarks/formal_modes_suite_01/configs/baseline_warm_start/d0800_dynwd17.yaml,/Users/tsun-yuanku/local/qa_course_platform_github_pages/SQA_Algorithm/outputs/path_routing/benchmarks/formal_modes_suite_01/runs/baseline_warm_start/d0800_dynwd17/seed_044,/Users/tsun-yuanku/local/qa_course_platform_github_pages/SQA_Algorithm/outputs/path_routing/benchmarks/formal_modes_suite_01/logs/baseline_warm_start/d0800_dynwd17__seed_044.log,33.537,0
baseline_warm_start,d0800_dynwd17,d0800,800,799.1359807833297,179,246,dynwd17,weekday,17,3,45,200,32,20,/Users/tsun-yuanku/local/qa_course_platform_github_pages/SQA_Algorithm/outputs/path_routing/benchmarks/formal_modes_suite_01/configs/baseline_warm_start/d0800_dynwd17.yaml,/Users/tsun-yuanku/local/qa_course_platform_github_pages/SQA_Algorithm/outputs/path_routing/benchmarks/formal_modes_suite_01/runs/baseline_warm_start/d0800_dynwd17/seed_045,/Users/tsun-yuanku/local/qa_course_platform_github_pages/SQA_Algorithm/outputs/path_routing/benchmarks/formal_modes_suite_01/logs/baseline_warm_start/d0800_dynwd17__seed_045.log,33.37,0
baseline_warm_start,d0800_dynwd17,d0800,800,799.1359807833297,179,246,dynwd17,weekday,17,4,46,200,32,20,/Users/tsun-yuanku/local/qa_course_platform_github_pages/SQA_Algorithm/outputs/path_routing/benchmarks/formal_modes_suite_01/configs/baseline_warm_start/d0800_dynwd17.yaml,/Users/tsun-yuanku/local/qa_course_platform_github_pages/SQA_Algorithm/outputs/path_routing/benchmarks/formal_modes_suite_01/runs/baseline_warm_start/d0800_dynwd17/seed_046,/Users/tsun-yuanku/local/qa_course_platform_github_pages/SQA_Algorithm/outputs/path_routing/benchmarks/formal_modes_suite_01/logs/baseline_warm_start/d0800_dynwd17__seed_046.log,33.706,0
baseline_warm_start,d0800_dynwd21,d0800,800,799.1359807833297,179,246,dynwd21,weekday,21,0,42,200,32,20,/Users/tsun-yuanku/local/qa_course_platform_github_pages/SQA_Algorithm/outputs/path_routing/benchmarks/formal_modes_suite_01/configs/baseline_warm_start/d0800_dynwd21.yaml,/Users/tsun-yuanku/local/qa_course_platform_github_pages/SQA_Algorithm/outputs/path_routing/benchmarks/formal_modes_suite_01/runs/baseline_warm_start/d0800_dynwd21/seed_042,/Users/tsun-yuanku/local/qa_course_platform_github_pages/SQA_Algorithm/outputs/path_routing/benchmarks/formal_modes_suite_01/logs/baseline_warm_start/d0800_dynwd21__seed_042.log,33.673,0
baseline_warm_start,d0800_dynwd21,d0800,800,799.1359807833297,179,246,dynwd21,weekday,21,1,43,200,32,20,/Users/tsun-yuanku/local/qa_course_platform_github_pages/SQA_Algorithm/outputs/path_routing/benchmarks/formal_modes_suite_01/configs/baseline_warm_start/d0800_dynwd21.yaml,/Users/tsun-yuanku/local/qa_course_platform_github_pages/SQA_Algorithm/outputs/path_routing/benchmarks/formal_modes_suite_01/runs/baseline_warm_start/d0800_dynwd21/seed_043,/Users/tsun-yuanku/local/qa_course_platform_github_pages/SQA_Algorithm/outputs/path_routing/benchmarks/formal_modes_suite_01/logs/baseline_warm_start/d0800_dynwd21__seed_043.log,33.423,0
baseline_warm_start,d0800_dynwd21,d0800,800,799.1359807833297,179,246,dynwd21,weekday,21,2,44,200,32,20,/Users/tsun-yuanku/local/qa_course_platform_github_pages/SQA_Algorithm/outputs/path_routing/benchmarks/formal_modes_suite_01/configs/baseline_warm_start/d0800_dynwd21.yaml,/Users/tsun-yuanku/local/qa_course_platform_github_pages/SQA_Algorithm/outputs/path_routing/benchmarks/formal_modes_suite_01/runs/baseline_warm_start/d0800_dynwd21/seed_044,/Users/tsun-yuanku/local/qa_course_platform_github_pages/SQA_Algorithm/outputs/path_routing/benchmarks/formal_modes_suite_01/logs/baseline_warm_start/d0800_dynwd21__seed_044.log,32.029,0
baseline_warm_start,d0800_dynwd21,d0800,800,799.1359807833297,179,246,dynwd21,weekday,21,3,45,200,32,20,/Users/tsun-yuanku/local/qa_course_platform_github_pages/SQA_Algorithm/outputs/path_routing/benchmarks/formal_modes_suite_01/configs/baseline_warm_start/d0800_dynwd21.yaml,/Users/tsun-yuanku/local/qa_course_platform_github_pages/SQA_Algorithm/outputs/path_routing/benchmarks/formal_modes_suite_01/runs/baseline_warm_start/d0800_dynwd21/seed_045,/Users/tsun-yuanku/local/qa_course_platform_github_pages/SQA_Algorithm/outputs/path_routing/benchmarks/formal_modes_suite_01/logs/baseline_warm_start/d0800_dynwd21__seed_045.log,32.553,0
baseline_warm_start,d0800_dynwd21,d0800,800,799.1359807833297,179,246,dynwd21,weekday,21,4,46,200,32,20,/Users/tsun-yuanku/local/qa_course_platform_github_pages/SQA_Algorithm/outputs/path_routing/benchmarks/formal_modes_suite_01/configs/baseline_warm_start/d0800_dynwd21.yaml,/Users/tsun-yuanku/local/qa_course_platform_github_pages/SQA_Algorithm/outputs/path_routing/benchmarks/formal_modes_suite_01/runs/baseline_warm_start/d0800_dynwd21/seed_046,/Users/tsun-yuanku/local/qa_course_platform_github_pages/SQA_Algorithm/outputs/path_routing/benchmarks/formal_modes_suite_01/logs/baseline_warm_start/d0800_dynwd21__seed_046.log,33.006,0
baseline_warm_start,d0800_dynwe05,d0800,800,799.1359807833297,179,246,dynwe05,weekend,05,0,42,200,32,20,/Users/tsun-yuanku/local/qa_course_platform_github_pages/SQA_Algorithm/outputs/path_routing/benchmarks/formal_modes_suite_01/configs/baseline_warm_start/d0800_dynwe05.yaml,/Users/tsun-yuanku/local/qa_course_platform_github_pages/SQA_Algorithm/outputs/path_routing/benchmarks/formal_modes_suite_01/runs/baseline_warm_start/d0800_dynwe05/seed_042,/Users/tsun-yuanku/local/qa_course_platform_github_pages/SQA_Algorithm/outputs/path_routing/benchmarks/formal_modes_suite_01/logs/baseline_warm_start/d0800_dynwe05__seed_042.log,32.27,0
baseline_warm_start,d0800_dynwe05,d0800,800,799.1359807833297,179,246,dynwe05,weekend,05,1,43,200,32,20,/Users/tsun-yuanku/local/qa_course_platform_github_pages/SQA_Algorithm/outputs/path_routing/benchmarks/formal_modes_suite_01/configs/baseline_warm_start/d0800_dynwe05.yaml,/Users/tsun-yuanku/local/qa_course_platform_github_pages/SQA_Algorithm/outputs/path_routing/benchmarks/formal_modes_suite_01/runs/baseline_warm_start/d0800_dynwe05/seed_043,/Users/tsun-yuanku/local/qa_course_platform_github_pages/SQA_Algorithm/outputs/path_routing/benchmarks/formal_modes_suite_01/logs/baseline_warm_start/d0800_dynwe05__seed_043.log,32.283,0
baseline_warm_start,d0800_dynwe05,d0800,800,799.1359807833297,179,246,dynwe05,weekend,05,2,44,200,32,20,/Users/tsun-yuanku/local/qa_course_platform_github_pages/SQA_Algorithm/outputs/path_routing/benchmarks/formal_modes_suite_01/configs/baseline_warm_start/d0800_dynwe05.yaml,/Users/tsun-yuanku/local/qa_course_platform_github_pages/SQA_Algorithm/outputs/path_routing/benchmarks/formal_modes_suite_01/runs/baseline_warm_start/d0800_dynwe05/seed_044,/Users/tsun-yuanku/local/qa_course_platform_github_pages/SQA_Algorithm/outputs/path_routing/benchmarks/formal_modes_suite_01/logs/baseline_warm_start/d0800_dynwe05__seed_044.log,32.372,0
baseline_warm_start,d0800_dynwe05,d0800,800,799.1359807833297,179,246,dynwe05,weekend,05,3,45,200,32,20,/Users/tsun-yuanku/local/qa_course_platform_github_pages/SQA_Algorithm/outputs/path_routing/benchmarks/formal_modes_suite_01/configs/baseline_warm_start/d0800_dynwe05.yaml,/Users/tsun-yuanku/local/qa_course_platform_github_pages/SQA_Algorithm/outputs/path_routing/benchmarks/formal_modes_suite_01/runs/baseline_warm_start/d0800_dynwe05/seed_045,/Users/tsun-yuanku/local/qa_course_platform_github_pages/SQA_Algorithm/outputs/path_routing/benchmarks/formal_modes_suite_01/logs/baseline_warm_start/d0800_dynwe05__seed_045.log,38.146,0
baseline_warm_start,d0800_dynwe05,d0800,800,799.1359807833297,179,246,dynwe05,weekend,05,4,46,200,32,20,/Users/tsun-yuanku/local/qa_course_platform_github_pages/SQA_Algorithm/outputs/path_routing/benchmarks/formal_modes_suite_01/configs/baseline_warm_start/d0800_dynwe05.yaml,/Users/tsun-yuanku/local/qa_course_platform_github_pages/SQA_Algorithm/outputs/path_routing/benchmarks/formal_modes_suite_01/runs/baseline_warm_start/d0800_dynwe05/seed_046,/Users/tsun-yuanku/local/qa_course_platform_github_pages/SQA_Algorithm/outputs/path_routing/benchmarks/formal_modes_suite_01/logs/baseline_warm_start/d0800_dynwe05__seed_046.log,38.163,0
baseline_warm_start,d0800_dynwe08,d0800,800,799.1359807833297,179,246,dynwe08,weekend,08,0,42,200,32,20,/Users/tsun-yuanku/local/qa_course_platform_github_pages/SQA_Algorithm/outputs/path_routing/benchmarks/formal_modes_suite_01/configs/baseline_warm_start/d0800_dynwe08.yaml,/Users/tsun-yuanku/local/qa_course_platform_github_pages/SQA_Algorithm/outputs/path_routing/benchmarks/formal_modes_suite_01/runs/baseline_warm_start/d0800_dynwe08/seed_042,/Users/tsun-yuanku/local/qa_course_platform_github_pages/SQA_Algorithm/outputs/path_routing/benchmarks/formal_modes_suite_01/logs/baseline_warm_start/d0800_dynwe08__seed_042.log,37.933,0
baseline_warm_start,d0800_dynwe08,d0800,800,799.1359807833297,179,246,dynwe08,weekend,08,1,43,200,32,20,/Users/tsun-yuanku/local/qa_course_platform_github_pages/SQA_Algorithm/outputs/path_routing/benchmarks/formal_modes_suite_01/configs/baseline_warm_start/d0800_dynwe08.yaml,/Users/tsun-yuanku/local/qa_course_platform_github_pages/SQA_Algorithm/outputs/path_routing/benchmarks/formal_modes_suite_01/runs/baseline_warm_start/d0800_dynwe08/seed_043,/Users/tsun-yuanku/local/qa_course_platform_github_pages/SQA_Algorithm/outputs/path_routing/benchmarks/formal_modes_suite_01/logs/baseline_warm_start/d0800_dynwe08__seed_043.log,38.459,0
baseline_warm_start,d0800_dynwe08,d0800,800,799.1359807833297,179,246,dynwe08,weekend,08,2,44,200,32,20,/Users/tsun-yuanku/local/qa_course_platform_github_pages/SQA_Algorithm/outputs/path_routing/benchmarks/formal_modes_suite_01/configs/baseline_warm_start/d0800_dynwe08.yaml,/Users/tsun-yuanku/local/qa_course_platform_github_pages/SQA_Algorithm/outputs/path_routing/benchmarks/formal_modes_suite_01/runs/baseline_warm_start/d0800_dynwe08/seed_044,/Users/tsun-yuanku/local/qa_course_platform_github_pages/SQA_Algorithm/outputs/path_routing/benchmarks/formal_modes_suite_01/logs/baseline_warm_start/d0800_dynwe08__seed_044.log,38.097,0
baseline_warm_start,d0800_dynwe08,d0800,800,799.1359807833297,179,246,dynwe08,weekend,08,3,45,200,32,20,/Users/tsun-yuanku/local/qa_course_platform_github_pages/SQA_Algorithm/outputs/path_routing/benchmarks/formal_modes_suite_01/configs/baseline_warm_start/d0800_dynwe08.yaml,/Users/tsun-yuanku/local/qa_course_platform_github_pages/SQA_Algorithm/outputs/path_routing/benchmarks/formal_modes_suite_01/runs/baseline_warm_start/d0800_dynwe08/seed_045,/Users/tsun-yuanku/local/qa_course_platform_github_pages/SQA_Algorithm/outputs/path_routing/benchmarks/formal_modes_suite_01/logs/baseline_warm_start/d0800_dynwe08__seed_045.log,38.138,0
baseline_warm_start,d0800_dynwe08,d0800,800,799.1359807833297,179,246,dynwe08,weekend,08,4,46,200,32,20,/Users/tsun-yuanku/local/qa_course_platform_github_pages/SQA_Algorithm/outputs/path_routing/benchmarks/formal_modes_suite_01/configs/baseline_warm_start/d0800_dynwe08.yaml,/Users/tsun-yuanku/local/qa_course_platform_github_pages/SQA_Algorithm/outputs/path_routing/benchmarks/formal_modes_suite_01/runs/baseline_warm_start/d0800_dynwe08/seed_046,/Users/tsun-yuanku/local/qa_course_platform_github_pages/SQA_Algorithm/outputs/path_routing/benchmarks/formal_modes_suite_01/logs/baseline_warm_start/d0800_dynwe08__seed_046.log,30.667,0
baseline_warm_start,d0800_dynwe12,d0800,800,799.1359807833297,179,246,dynwe12,weekend,12,0,42,200,32,20,/Users/tsun-yuanku/local/qa_course_platform_github_pages/SQA_Algorithm/outputs/path_routing/benchmarks/formal_modes_suite_01/configs/baseline_warm_start/d0800_dynwe12.yaml,/Users/tsun-yuanku/local/qa_course_platform_github_pages/SQA_Algorithm/outputs/path_routing/benchmarks/formal_modes_suite_01/runs/baseline_warm_start/d0800_dynwe12/seed_042,/Users/tsun-yuanku/local/qa_course_platform_github_pages/SQA_Algorithm/outputs/path_routing/benchmarks/formal_modes_suite_01/logs/baseline_warm_start/d0800_dynwe12__seed_042.log,30.059,0
baseline_warm_start,d0800_dynwe12,d0800,800,799.1359807833297,179,246,dynwe12,weekend,12,1,43,200,32,20,/Users/tsun-yuanku/local/qa_course_platform_github_pages/SQA_Algorithm/outputs/path_routing/benchmarks/formal_modes_suite_01/configs/baseline_warm_start/d0800_dynwe12.yaml,/Users/tsun-yuanku/local/qa_course_platform_github_pages/SQA_Algorithm/outputs/path_routing/benchmarks/formal_modes_suite_01/runs/baseline_warm_start/d0800_dynwe12/seed_043,/Users/tsun-yuanku/local/qa_course_platform_github_pages/SQA_Algorithm/outputs/path_routing/benchmarks/formal_modes_suite_01/logs/baseline_warm_start/d0800_dynwe12__seed_043.log,30.298,0
baseline_warm_start,d0800_dynwe12,d0800,800,799.1359807833297,179,246,dynwe12,weekend,12,2,44,200,32,20,/Users/tsun-yuanku/local/qa_course_platform_github_pages/SQA_Algorithm/outputs/path_routing/benchmarks/formal_modes_suite_01/configs/baseline_warm_start/d0800_dynwe12.yaml,/Users/tsun-yuanku/local/qa_course_platform_github_pages/SQA_Algorithm/outputs/path_routing/benchmarks/formal_modes_suite_01/runs/baseline_warm_start/d0800_dynwe12/seed_044,/Users/tsun-yuanku/local/qa_course_platform_github_pages/SQA_Algorithm/outputs/path_routing/benchmarks/formal_modes_suite_01/logs/baseline_warm_start/d0800_dynwe12__seed_044.log,30.053,0
baseline_warm_start,d0800_dynwe12,d0800,800,799.1359807833297,179,246,dynwe12,weekend,12,3,45,200,32,20,/Users/tsun-yuanku/local/qa_course_platform_github_pages/SQA_Algorithm/outputs/path_routing/benchmarks/formal_modes_suite_01/configs/baseline_warm_start/d0800_dynwe12.yaml,/Users/tsun-yuanku/local/qa_course_platform_github_pages/SQA_Algorithm/outputs/path_routing/benchmarks/formal_modes_suite_01/runs/baseline_warm_start/d0800_dynwe12/seed_045,/Users/tsun-yuanku/local/qa_course_platform_github_pages/SQA_Algorithm/outputs/path_routing/benchmarks/formal_modes_suite_01/logs/baseline_warm_start/d0800_dynwe12__seed_045.log,30.379,0
baseline_warm_start,d0800_dynwe12,d0800,800,799.1359807833297,179,246,dynwe12,weekend,12,4,46,200,32,20,/Users/tsun-yuanku/local/qa_course_platform_github_pages/SQA_Algorithm/outputs/path_routing/benchmarks/formal_modes_suite_01/configs/baseline_warm_start/d0800_dynwe12.yaml,/Users/tsun-yuanku/local/qa_course_platform_github_pages/SQA_Algorithm/outputs/path_routing/benchmarks/formal_modes_suite_01/runs/baseline_warm_start/d0800_dynwe12/seed_046,/Users/tsun-yuanku/local/qa_course_platform_github_pages/SQA_Algorithm/outputs/path_routing/benchmarks/formal_modes_suite_01/logs/baseline_warm_start/d0800_dynwe12__seed_046.log,30.163,0
baseline_warm_start,d0800_dynwe17,d0800,800,799.1359807833297,179,246,dynwe17,weekend,17,0,42,200,32,20,/Users/tsun-yuanku/local/qa_course_platform_github_pages/SQA_Algorithm/outputs/path_routing/benchmarks/formal_modes_suite_01/configs/baseline_warm_start/d0800_dynwe17.yaml,/Users/tsun-yuanku/local/qa_course_platform_github_pages/SQA_Algorithm/outputs/path_routing/benchmarks/formal_modes_suite_01/runs/baseline_warm_start/d0800_dynwe17/seed_042,/Users/tsun-yuanku/local/qa_course_platform_github_pages/SQA_Algorithm/outputs/path_routing/benchmarks/formal_modes_suite_01/logs/baseline_warm_start/d0800_dynwe17__seed_042.log,37.903,0
baseline_warm_start,d0800_dynwe17,d0800,800,799.1359807833297,179,246,dynwe17,weekend,17,1,43,200,32,20,/Users/tsun-yuanku/local/qa_course_platform_github_pages/SQA_Algorithm/outputs/path_routing/benchmarks/formal_modes_suite_01/configs/baseline_warm_start/d0800_dynwe17.yaml,/Users/tsun-yuanku/local/qa_course_platform_github_pages/SQA_Algorithm/outputs/path_routing/benchmarks/formal_modes_suite_01/runs/baseline_warm_start/d0800_dynwe17/seed_043,/Users/tsun-yuanku/local/qa_course_platform_github_pages/SQA_Algorithm/outputs/path_routing/benchmarks/formal_modes_suite_01/logs/baseline_warm_start/d0800_dynwe17__seed_043.log,37.77,0
baseline_warm_start,d0800_dynwe17,d0800,800,799.1359807833297,179,246,dynwe17,weekend,17,2,44,200,32,20,/Users/tsun-yuanku/local/qa_course_platform_github_pages/SQA_Algorithm/outputs/path_routing/benchmarks/formal_modes_suite_01/configs/baseline_warm_start/d0800_dynwe17.yaml,/Users/tsun-yuanku/local/qa_course_platform_github_pages/SQA_Algorithm/outputs/path_routing/benchmarks/formal_modes_suite_01/runs/baseline_warm_start/d0800_dynwe17/seed_044,/Users/tsun-yuanku/local/qa_course_platform_github_pages/SQA_Algorithm/outputs/path_routing/benchmarks/formal_modes_suite_01/logs/baseline_warm_start/d0800_dynwe17__seed_044.log,38.243,0
baseline_warm_start,d0800_dynwe17,d0800,800,799.1359807833297,179,246,dynwe17,weekend,17,3,45,200,32,20,/Users/tsun-yuanku/local/qa_course_platform_github_pages/SQA_Algorithm/outputs/path_routing/benchmarks/formal_modes_suite_01/configs/baseline_warm_start/d0800_dynwe17.yaml,/Users/tsun-yuanku/local/qa_course_platform_github_pages/SQA_Algorithm/outputs/path_routing/benchmarks/formal_modes_suite_01/runs/baseline_warm_start/d0800_dynwe17/seed_045,/Users/tsun-yuanku/local/qa_course_platform_github_pages/SQA_Algorithm/outputs/path_routing/benchmarks/formal_modes_suite_01/logs/baseline_warm_start/d0800_dynwe17__seed_045.log,38.19,0
baseline_warm_start,d0800_dynwe17,d0800,800,799.1359807833297,179,246,dynwe17,weekend,17,4,46,200,32,20,/Users/tsun-yuanku/local/qa_course_platform_github_pages/SQA_Algorithm/outputs/path_routing/benchmarks/formal_modes_suite_01/configs/baseline_warm_start/d0800_dynwe17.yaml,/Users/tsun-yuanku/local/qa_course_platform_github_pages/SQA_Algorithm/outputs/path_routing/benchmarks/formal_modes_suite_01/runs/baseline_warm_start/d0800_dynwe17/seed_046,/Users/tsun-yuanku/local/qa_course_platform_github_pages/SQA_Algorithm/outputs/path_routing/benchmarks/formal_modes_suite_01/logs/baseline_warm_start/d0800_dynwe17__seed_046.log,38.152,0
baseline_warm_start,d0800_dynwe21,d0800,800,799.1359807833297,179,246,dynwe21,weekend,21,0,42,200,32,20,/Users/tsun-yuanku/local/qa_course_platform_github_pages/SQA_Algorithm/outputs/path_routing/benchmarks/formal_modes_suite_01/configs/baseline_warm_start/d0800_dynwe21.yaml,/Users/tsun-yuanku/local/qa_course_platform_github_pages/SQA_Algorithm/outputs/path_routing/benchmarks/formal_modes_suite_01/runs/baseline_warm_start/d0800_dynwe21/seed_042,/Users/tsun-yuanku/local/qa_course_platform_github_pages/SQA_Algorithm/outputs/path_routing/benchmarks/formal_modes_suite_01/logs/baseline_warm_start/d0800_dynwe21__seed_042.log,38.371,0
baseline_warm_start,d0800_dynwe21,d0800,800,799.1359807833297,179,246,dynwe21,weekend,21,1,43,200,32,20,/Users/tsun-yuanku/local/qa_course_platform_github_pages/SQA_Algorithm/outputs/path_routing/benchmarks/formal_modes_suite_01/configs/baseline_warm_start/d0800_dynwe21.yaml,/Users/tsun-yuanku/local/qa_course_platform_github_pages/SQA_Algorithm/outputs/path_routing/benchmarks/formal_modes_suite_01/runs/baseline_warm_start/d0800_dynwe21/seed_043,/Users/tsun-yuanku/local/qa_course_platform_github_pages/SQA_Algorithm/outputs/path_routing/benchmarks/formal_modes_suite_01/logs/baseline_warm_start/d0800_dynwe21__seed_043.log,32.304,0
baseline_warm_start,d0800_dynwe21,d0800,800,799.1359807833297,179,246,dynwe21,weekend,21,2,44,200,32,20,/Users/tsun-yuanku/local/qa_course_platform_github_pages/SQA_Algorithm/outputs/path_routing/benchmarks/formal_modes_suite_01/configs/baseline_warm_start/d0800_dynwe21.yaml,/Users/tsun-yuanku/local/qa_course_platform_github_pages/SQA_Algorithm/outputs/path_routing/benchmarks/formal_modes_suite_01/runs/baseline_warm_start/d0800_dynwe21/seed_044,/Users/tsun-yuanku/local/qa_course_platform_github_pages/SQA_Algorithm/outputs/path_routing/benchmarks/formal_modes_suite_01/logs/baseline_warm_start/d0800_dynwe21__seed_044.log,32.957,0
baseline_warm_start,d0800_dynwe21,d0800,800,799.1359807833297,179,246,dynwe21,weekend,21,3,45,200,32,20,/Users/tsun-yuanku/local/qa_course_platform_github_pages/SQA_Algorithm/outputs/path_routing/benchmarks/formal_modes_suite_01/configs/baseline_warm_start/d0800_dynwe21.yaml,/Users/tsun-yuanku/local/qa_course_platform_github_pages/SQA_Algorithm/outputs/path_routing/benchmarks/formal_modes_suite_01/runs/baseline_warm_start/d0800_dynwe21/seed_045,/Users/tsun-yuanku/local/qa_course_platform_github_pages/SQA_Algorithm/outputs/path_routing/benchmarks/formal_modes_suite_01/logs/baseline_warm_start/d0800_dynwe21__seed_045.log,32.705,0
baseline_warm_start,d0800_dynwe21,d0800,800,799.1359807833297,179,246,dynwe21,weekend,21,4,46,200,32,20,/Users/tsun-yuanku/local/qa_course_platform_github_pages/SQA_Algorithm/outputs/path_routing/benchmarks/formal_modes_suite_01/configs/baseline_warm_start/d0800_dynwe21.yaml,/Users/tsun-yuanku/local/qa_course_platform_github_pages/SQA_Algorithm/outputs/path_routing/benchmarks/formal_modes_suite_01/runs/baseline_warm_start/d0800_dynwe21/seed_046,/Users/tsun-yuanku/local/qa_course_platform_github_pages/SQA_Algorithm/outputs/path_routing/benchmarks/formal_modes_suite_01/logs/baseline_warm_start/d0800_dynwe21__seed_046.log,32.712,0
baseline_warm_start,d1200_dynwd05,d1200,1200,1202.828070248327,80,314,dynwd05,weekday,05,0,42,200,32,20,/Users/tsun-yuanku/local/qa_course_platform_github_pages/SQA_Algorithm/outputs/path_routing/benchmarks/formal_modes_suite_01/configs/baseline_warm_start/d1200_dynwd05.yaml,/Users/tsun-yuanku/local/qa_course_platform_github_pages/SQA_Algorithm/outputs/path_routing/benchmarks/formal_modes_suite_01/runs/baseline_warm_start/d1200_dynwd05/seed_042,/Users/tsun-yuanku/local/qa_course_platform_github_pages/SQA_Algorithm/outputs/path_routing/benchmarks/formal_modes_suite_01/logs/baseline_warm_start/d1200_dynwd05__seed_042.log,32.0,0
baseline_warm_start,d1200_dynwd05,d1200,1200,1202.828070248327,80,314,dynwd05,weekday,05,1,43,200,32,20,/Users/tsun-yuanku/local/qa_course_platform_github_pages/SQA_Algorithm/outputs/path_routing/benchmarks/formal_modes_suite_01/configs/baseline_warm_start/d1200_dynwd05.yaml,/Users/tsun-yuanku/local/qa_course_platform_github_pages/SQA_Algorithm/outputs/path_routing/benchmarks/formal_modes_suite_01/runs/baseline_warm_start/d1200_dynwd05/seed_043,/Users/tsun-yuanku/local/qa_course_platform_github_pages/SQA_Algorithm/outputs/path_routing/benchmarks/formal_modes_suite_01/logs/baseline_warm_start/d1200_dynwd05__seed_043.log,32.313,0
baseline_warm_start,d1200_dynwd05,d1200,1200,1202.828070248327,80,314,dynwd05,weekday,05,2,44,200,32,20,/Users/tsun-yuanku/local/qa_course_platform_github_pages/SQA_Algorithm/outputs/path_routing/benchmarks/formal_modes_suite_01/configs/baseline_warm_start/d1200_dynwd05.yaml,/Users/tsun-yuanku/local/qa_course_platform_github_pages/SQA_Algorithm/outputs/path_routing/benchmarks/formal_modes_suite_01/runs/baseline_warm_start/d1200_dynwd05/seed_044,/Users/tsun-yuanku/local/qa_course_platform_github_pages/SQA_Algorithm/outputs/path_routing/benchmarks/formal_modes_suite_01/logs/baseline_warm_start/d1200_dynwd05__seed_044.log,31.411,0
baseline_warm_start,d1200_dynwd05,d1200,1200,1202.828070248327,80,314,dynwd05,weekday,05,3,45,200,32,20,/Users/tsun-yuanku/local/qa_course_platform_github_pages/SQA_Algorithm/outputs/path_routing/benchmarks/formal_modes_suite_01/configs/baseline_warm_start/d1200_dynwd05.yaml,/Users/tsun-yuanku/local/qa_course_platform_github_pages/SQA_Algorithm/outputs/path_routing/benchmarks/formal_modes_suite_01/runs/baseline_warm_start/d1200_dynwd05/seed_045,/Users/tsun-yuanku/local/qa_course_platform_github_pages/SQA_Algorithm/outputs/path_routing/benchmarks/formal_modes_suite_01/logs/baseline_warm_start/d1200_dynwd05__seed_045.log,31.392,0
baseline_warm_start,d1200_dynwd05,d1200,1200,1202.828070248327,80,314,dynwd05,weekday,05,4,46,200,32,20,/Users/tsun-yuanku/local/qa_course_platform_github_pages/SQA_Algorithm/outputs/path_routing/benchmarks/formal_modes_suite_01/configs/baseline_warm_start/d1200_dynwd05.yaml,/Users/tsun-yuanku/local/qa_course_platform_github_pages/SQA_Algorithm/outputs/path_routing/benchmarks/formal_modes_suite_01/runs/baseline_warm_start/d1200_dynwd05/seed_046,/Users/tsun-yuanku/local/qa_course_platform_github_pages/SQA_Algorithm/outputs/path_routing/benchmarks/formal_modes_suite_01/logs/baseline_warm_start/d1200_dynwd05__seed_046.log,31.035,0
baseline_warm_start,d1200_dynwd08,d1200,1200,1202.828070248327,80,314,dynwd08,weekday,08,0,42,200,32,20,/Users/tsun-yuanku/local/qa_course_platform_github_pages/SQA_Algorithm/outputs/path_routing/benchmarks/formal_modes_suite_01/configs/baseline_warm_start/d1200_dynwd08.yaml,/Users/tsun-yuanku/local/qa_course_platform_github_pages/SQA_Algorithm/outputs/path_routing/benchmarks/formal_modes_suite_01/runs/baseline_warm_start/d1200_dynwd08/seed_042,/Users/tsun-yuanku/local/qa_course_platform_github_pages/SQA_Algorithm/outputs/path_routing/benchmarks/formal_modes_suite_01/logs/baseline_warm_start/d1200_dynwd08__seed_042.log,31.022,0
baseline_warm_start,d1200_dynwd08,d1200,1200,1202.828070248327,80,314,dynwd08,weekday,08,1,43,200,32,20,/Users/tsun-yuanku/local/qa_course_platform_github_pages/SQA_Algorithm/outputs/path_routing/benchmarks/formal_modes_suite_01/configs/baseline_warm_start/d1200_dynwd08.yaml,/Users/tsun-yuanku/local/qa_course_platform_github_pages/SQA_Algorithm/outputs/path_routing/benchmarks/formal_modes_suite_01/runs/baseline_warm_start/d1200_dynwd08/seed_043,/Users/tsun-yuanku/local/qa_course_platform_github_pages/SQA_Algorithm/outputs/path_routing/benchmarks/formal_modes_suite_01/logs/baseline_warm_start/d1200_dynwd08__seed_043.log,30.82,0
baseline_warm_start,d1200_dynwd08,d1200,1200,1202.828070248327,80,314,dynwd08,weekday,08,2,44,200,32,20,/Users/tsun-yuanku/local/qa_course_platform_github_pages/SQA_Algorithm/outputs/path_routing/benchmarks/formal_modes_suite_01/configs/baseline_warm_start/d1200_dynwd08.yaml,/Users/tsun-yuanku/local/qa_course_platform_github_pages/SQA_Algorithm/outputs/path_routing/benchmarks/formal_modes_suite_01/runs/baseline_warm_start/d1200_dynwd08/seed_044,/Users/tsun-yuanku/local/qa_course_platform_github_pages/SQA_Algorithm/outputs/path_routing/benchmarks/formal_modes_suite_01/logs/baseline_warm_start/d1200_dynwd08__seed_044.log,31.214,0
baseline_warm_start,d1200_dynwd08,d1200,1200,1202.828070248327,80,314,dynwd08,weekday,08,3,45,200,32,20,/Users/tsun-yuanku/local/qa_course_platform_github_pages/SQA_Algorithm/outputs/path_routing/benchmarks/formal_modes_suite_01/configs/baseline_warm_start/d1200_dynwd08.yaml,/Users/tsun-yuanku/local/qa_course_platform_github_pages/SQA_Algorithm/outputs/path_routing/benchmarks/formal_modes_suite_01/runs/baseline_warm_start/d1200_dynwd08/seed_045,/Users/tsun-yuanku/local/qa_course_platform_github_pages/SQA_Algorithm/outputs/path_routing/benchmarks/formal_modes_suite_01/logs/baseline_warm_start/d1200_dynwd08__seed_045.log,32.336,0
baseline_warm_start,d1200_dynwd08,d1200,1200,1202.828070248327,80,314,dynwd08,weekday,08,4,46,200,32,20,/Users/tsun-yuanku/local/qa_course_platform_github_pages/SQA_Algorithm/outputs/path_routing/benchmarks/formal_modes_suite_01/configs/baseline_warm_start/d1200_dynwd08.yaml,/Users/tsun-yuanku/local/qa_course_platform_github_pages/SQA_Algorithm/outputs/path_routing/benchmarks/formal_modes_suite_01/runs/baseline_warm_start/d1200_dynwd08/seed_046,/Users/tsun-yuanku/local/qa_course_platform_github_pages/SQA_Algorithm/outputs/path_routing/benchmarks/formal_modes_suite_01/logs/baseline_warm_start/d1200_dynwd08__seed_046.log,32.153,0
baseline_warm_start,d1200_dynwd12,d1200,1200,1202.828070248327,80,314,dynwd12,weekday,12,0,42,200,32,20,/Users/tsun-yuanku/local/qa_course_platform_github_pages/SQA_Algorithm/outputs/path_routing/benchmarks/formal_modes_suite_01/configs/baseline_warm_start/d1200_dynwd12.yaml,/Users/tsun-yuanku/local/qa_course_platform_github_pages/SQA_Algorithm/outputs/path_routing/benchmarks/formal_modes_suite_01/runs/baseline_warm_start/d1200_dynwd12/seed_042,/Users/tsun-yuanku/local/qa_course_platform_github_pages/SQA_Algorithm/outputs/path_routing/benchmarks/formal_modes_suite_01/logs/baseline_warm_start/d1200_dynwd12__seed_042.log,32.074,0
baseline_warm_start,d1200_dynwd12,d1200,1200,1202.828070248327,80,314,dynwd12,weekday,12,1,43,200,32,20,/Users/tsun-yuanku/local/qa_course_platform_github_pages/SQA_Algorithm/outputs/path_routing/benchmarks/formal_modes_suite_01/configs/baseline_warm_start/d1200_dynwd12.yaml,/Users/tsun-yuanku/local/qa_course_platform_github_pages/SQA_Algorithm/outputs/path_routing/benchmarks/formal_modes_suite_01/runs/baseline_warm_start/d1200_dynwd12/seed_043,/Users/tsun-yuanku/local/qa_course_platform_github_pages/SQA_Algorithm/outputs/path_routing/benchmarks/formal_modes_suite_01/logs/baseline_warm_start/d1200_dynwd12__seed_043.log,32.109,0
baseline_warm_start,d1200_dynwd12,d1200,1200,1202.828070248327,80,314,dynwd12,weekday,12,2,44,200,32,20,/Users/tsun-yuanku/local/qa_course_platform_github_pages/SQA_Algorithm/outputs/path_routing/benchmarks/formal_modes_suite_01/configs/baseline_warm_start/d1200_dynwd12.yaml,/Users/tsun-yuanku/local/qa_course_platform_github_pages/SQA_Algorithm/outputs/path_routing/benchmarks/formal_modes_suite_01/runs/baseline_warm_start/d1200_dynwd12/seed_044,/Users/tsun-yuanku/local/qa_course_platform_github_pages/SQA_Algorithm/outputs/path_routing/benchmarks/formal_modes_suite_01/logs/baseline_warm_start/d1200_dynwd12__seed_044.log,32.329,0
baseline_warm_start,d1200_dynwd12,d1200,1200,1202.828070248327,80,314,dynwd12,weekday,12,3,45,200,32,20,/Users/tsun-yuanku/local/qa_course_platform_github_pages/SQA_Algorithm/outputs/path_routing/benchmarks/formal_modes_suite_01/configs/baseline_warm_start/d1200_dynwd12.yaml,/Users/tsun-yuanku/local/qa_course_platform_github_pages/SQA_Algorithm/outputs/path_routing/benchmarks/formal_modes_suite_01/runs/baseline_warm_start/d1200_dynwd12/seed_045,/Users/tsun-yuanku/local/qa_course_platform_github_pages/SQA_Algorithm/outputs/path_routing/benchmarks/formal_modes_suite_01/logs/baseline_warm_start/d1200_dynwd12__seed_045.log,32.206,0
baseline_warm_start,d1200_dynwd12,d1200,1200,1202.828070248327,80,314,dynwd12,weekday,12,4,46,200,32,20,/Users/tsun-yuanku/local/qa_course_platform_github_pages/SQA_Algorithm/outputs/path_routing/benchmarks/formal_modes_suite_01/configs/baseline_warm_start/d1200_dynwd12.yaml,/Users/tsun-yuanku/local/qa_course_platform_github_pages/SQA_Algorithm/outputs/path_routing/benchmarks/formal_modes_suite_01/runs/baseline_warm_start/d1200_dynwd12/seed_046,/Users/tsun-yuanku/local/qa_course_platform_github_pages/SQA_Algorithm/outputs/path_routing/benchmarks/formal_modes_suite_01/logs/baseline_warm_start/d1200_dynwd12__seed_046.log,33.237,0
baseline_warm_start,d1200_dynwd17,d1200,1200,1202.828070248327,80,314,dynwd17,weekday,17,0,42,200,32,20,/Users/tsun-yuanku/local/qa_course_platform_github_pages/SQA_Algorithm/outputs/path_routing/benchmarks/formal_modes_suite_01/configs/baseline_warm_start/d1200_dynwd17.yaml,/Users/tsun-yuanku/local/qa_course_platform_github_pages/SQA_Algorithm/outputs/path_routing/benchmarks/formal_modes_suite_01/runs/baseline_warm_start/d1200_dynwd17/seed_042,/Users/tsun-yuanku/local/qa_course_platform_github_pages/SQA_Algorithm/outputs/path_routing/benchmarks/formal_modes_suite_01/logs/baseline_warm_start/d1200_dynwd17__seed_042.log,32.812,0
baseline_warm_start,d1200_dynwd17,d1200,1200,1202.828070248327,80,314,dynwd17,weekday,17,1,43,200,32,20,/Users/tsun-yuanku/local/qa_course_platform_github_pages/SQA_Algorithm/outputs/path_routing/benchmarks/formal_modes_suite_01/configs/baseline_warm_start/d1200_dynwd17.yaml,/Users/tsun-yuanku/local/qa_course_platform_github_pages/SQA_Algorithm/outputs/path_routing/benchmarks/formal_modes_suite_01/runs/baseline_warm_start/d1200_dynwd17/seed_043,/Users/tsun-yuanku/local/qa_course_platform_github_pages/SQA_Algorithm/outputs/path_routing/benchmarks/formal_modes_suite_01/logs/baseline_warm_start/d1200_dynwd17__seed_043.log,32.947,0
baseline_warm_start,d1200_dynwd17,d1200,1200,1202.828070248327,80,314,dynwd17,weekday,17,2,44,200,32,20,/Users/tsun-yuanku/local/qa_course_platform_github_pages/SQA_Algorithm/outputs/path_routing/benchmarks/formal_modes_suite_01/configs/baseline_warm_start/d1200_dynwd17.yaml,/Users/tsun-yuanku/local/qa_course_platform_github_pages/SQA_Algorithm/outputs/path_routing/benchmarks/formal_modes_suite_01/runs/baseline_warm_start/d1200_dynwd17/seed_044,/Users/tsun-yuanku/local/qa_course_platform_github_pages/SQA_Algorithm/outputs/path_routing/benchmarks/formal_modes_suite_01/logs/baseline_warm_start/d1200_dynwd17__seed_044.log,32.946,0
baseline_warm_start,d1200_dynwd17,d1200,1200,1202.828070248327,80,314,dynwd17,weekday,17,3,45,200,32,20,/Users/tsun-yuanku/local/qa_course_platform_github_pages/SQA_Algorithm/outputs/path_routing/benchmarks/formal_modes_suite_01/configs/baseline_warm_start/d1200_dynwd17.yaml,/Users/tsun-yuanku/local/qa_course_platform_github_pages/SQA_Algorithm/outputs/path_routing/benchmarks/formal_modes_suite_01/runs/baseline_warm_start/d1200_dynwd17/seed_045,/Users/tsun-yuanku/local/qa_course_platform_github_pages/SQA_Algorithm/outputs/path_routing/benchmarks/formal_modes_suite_01/logs/baseline_warm_start/d1200_dynwd17__seed_045.log,32.901,0
baseline_warm_start,d1200_dynwd17,d1200,1200,1202.828070248327,80,314,dynwd17,weekday,17,4,46,200,32,20,/Users/tsun-yuanku/local/qa_course_platform_github_pages/SQA_Algorithm/outputs/path_routing/benchmarks/formal_modes_suite_01/configs/baseline_warm_start/d1200_dynwd17.yaml,/Users/tsun-yuanku/local/qa_course_platform_github_pages/SQA_Algorithm/outputs/path_routing/benchmarks/formal_modes_suite_01/runs/baseline_warm_start/d1200_dynwd17/seed_046,/Users/tsun-yuanku/local/qa_course_platform_github_pages/SQA_Algorithm/outputs/path_routing/benchmarks/formal_modes_suite_01/logs/baseline_warm_start/d1200_dynwd17__seed_046.log,33.451,0
baseline_warm_start,d1200_dynwd21,d1200,1200,1202.828070248327,80,314,dynwd21,weekday,21,0,42,200,32,20,/Users/tsun-yuanku/local/qa_course_platform_github_pages/SQA_Algorithm/outputs/path_routing/benchmarks/formal_modes_suite_01/configs/baseline_warm_start/d1200_dynwd21.yaml,/Users/tsun-yuanku/local/qa_course_platform_github_pages/SQA_Algorithm/outputs/path_routing/benchmarks/formal_modes_suite_01/runs/baseline_warm_start/d1200_dynwd21/seed_042,/Users/tsun-yuanku/local/qa_course_platform_github_pages/SQA_Algorithm/outputs/path_routing/benchmarks/formal_modes_suite_01/logs/baseline_warm_start/d1200_dynwd21__seed_042.log,36.335,0
baseline_warm_start,d1200_dynwd21,d1200,1200,1202.828070248327,80,314,dynwd21,weekday,21,1,43,200,32,20,/Users/tsun-yuanku/local/qa_course_platform_github_pages/SQA_Algorithm/outputs/path_routing/benchmarks/formal_modes_suite_01/configs/baseline_warm_start/d1200_dynwd21.yaml,/Users/tsun-yuanku/local/qa_course_platform_github_pages/SQA_Algorithm/outputs/path_routing/benchmarks/formal_modes_suite_01/runs/baseline_warm_start/d1200_dynwd21/seed_043,/Users/tsun-yuanku/local/qa_course_platform_github_pages/SQA_Algorithm/outputs/path_routing/benchmarks/formal_modes_suite_01/logs/baseline_warm_start/d1200_dynwd21__seed_043.log,36.316,0
baseline_warm_start,d1200_dynwd21,d1200,1200,1202.828070248327,80,314,dynwd21,weekday,21,2,44,200,32,20,/Users/tsun-yuanku/local/qa_course_platform_github_pages/SQA_Algorithm/outputs/path_routing/benchmarks/formal_modes_suite_01/configs/baseline_warm_start/d1200_dynwd21.yaml,/Users/tsun-yuanku/local/qa_course_platform_github_pages/SQA_Algorithm/outputs/path_routing/benchmarks/formal_modes_suite_01/runs/baseline_warm_start/d1200_dynwd21/seed_044,/Users/tsun-yuanku/local/qa_course_platform_github_pages/SQA_Algorithm/outputs/path_routing/benchmarks/formal_modes_suite_01/logs/baseline_warm_start/d1200_dynwd21__seed_044.log,36.668,0
baseline_warm_start,d1200_dynwd21,d1200,1200,1202.828070248327,80,314,dynwd21,weekday,21,3,45,200,32,20,/Users/tsun-yuanku/local/qa_course_platform_github_pages/SQA_Algorithm/outputs/path_routing/benchmarks/formal_modes_suite_01/configs/baseline_warm_start/d1200_dynwd21.yaml,/Users/tsun-yuanku/local/qa_course_platform_github_pages/SQA_Algorithm/outputs/path_routing/benchmarks/formal_modes_suite_01/runs/baseline_warm_start/d1200_dynwd21/seed_045,/Users/tsun-yuanku/local/qa_course_platform_github_pages/SQA_Algorithm/outputs/path_routing/benchmarks/formal_modes_suite_01/logs/baseline_warm_start/d1200_dynwd21__seed_045.log,36.225,0
baseline_warm_start,d1200_dynwd21,d1200,1200,1202.828070248327,80,314,dynwd21,weekday,21,4,46,200,32,20,/Users/tsun-yuanku/local/qa_course_platform_github_pages/SQA_Algorithm/outputs/path_routing/benchmarks/formal_modes_suite_01/configs/baseline_warm_start/d1200_dynwd21.yaml,/Users/tsun-yuanku/local/qa_course_platform_github_pages/SQA_Algorithm/outputs/path_routing/benchmarks/formal_modes_suite_01/runs/baseline_warm_start/d1200_dynwd21/seed_046,/Users/tsun-yuanku/local/qa_course_platform_github_pages/SQA_Algorithm/outputs/path_routing/benchmarks/formal_modes_suite_01/logs/baseline_warm_start/d1200_dynwd21__seed_046.log,36.42,0
baseline_warm_start,d1200_dynwe05,d1200,1200,1202.828070248327,80,314,dynwe05,weekend,05,0,42,200,32,20,/Users/tsun-yuanku/local/qa_course_platform_github_pages/SQA_Algorithm/outputs/path_routing/benchmarks/formal_modes_suite_01/configs/baseline_warm_start/d1200_dynwe05.yaml,/Users/tsun-yuanku/local/qa_course_platform_github_pages/SQA_Algorithm/outputs/path_routing/benchmarks/formal_modes_suite_01/runs/baseline_warm_start/d1200_dynwe05/seed_042,/Users/tsun-yuanku/local/qa_course_platform_github_pages/SQA_Algorithm/outputs/path_routing/benchmarks/formal_modes_suite_01/logs/baseline_warm_start/d1200_dynwe05__seed_042.log,35.977,0
baseline_warm_start,d1200_dynwe05,d1200,1200,1202.828070248327,80,314,dynwe05,weekend,05,1,43,200,32,20,/Users/tsun-yuanku/local/qa_course_platform_github_pages/SQA_Algorithm/outputs/path_routing/benchmarks/formal_modes_suite_01/configs/baseline_warm_start/d1200_dynwe05.yaml,/Users/tsun-yuanku/local/qa_course_platform_github_pages/SQA_Algorithm/outputs/path_routing/benchmarks/formal_modes_suite_01/runs/baseline_warm_start/d1200_dynwe05/seed_043,/Users/tsun-yuanku/local/qa_course_platform_github_pages/SQA_Algorithm/outputs/path_routing/benchmarks/formal_modes_suite_01/logs/baseline_warm_start/d1200_dynwe05__seed_043.log,38.323,0
baseline_warm_start,d1200_dynwe05,d1200,1200,1202.828070248327,80,314,dynwe05,weekend,05,2,44,200,32,20,/Users/tsun-yuanku/local/qa_course_platform_github_pages/SQA_Algorithm/outputs/path_routing/benchmarks/formal_modes_suite_01/configs/baseline_warm_start/d1200_dynwe05.yaml,/Users/tsun-yuanku/local/qa_course_platform_github_pages/SQA_Algorithm/outputs/path_routing/benchmarks/formal_modes_suite_01/runs/baseline_warm_start/d1200_dynwe05/seed_044,/Users/tsun-yuanku/local/qa_course_platform_github_pages/SQA_Algorithm/outputs/path_routing/benchmarks/formal_modes_suite_01/logs/baseline_warm_start/d1200_dynwe05__seed_044.log,38.809,0
baseline_warm_start,d1200_dynwe05,d1200,1200,1202.828070248327,80,314,dynwe05,weekend,05,3,45,200,32,20,/Users/tsun-yuanku/local/qa_course_platform_github_pages/SQA_Algorithm/outputs/path_routing/benchmarks/formal_modes_suite_01/configs/baseline_warm_start/d1200_dynwe05.yaml,/Users/tsun-yuanku/local/qa_course_platform_github_pages/SQA_Algorithm/outputs/path_routing/benchmarks/formal_modes_suite_01/runs/baseline_warm_start/d1200_dynwe05/seed_045,/Users/tsun-yuanku/local/qa_course_platform_github_pages/SQA_Algorithm/outputs/path_routing/benchmarks/formal_modes_suite_01/logs/baseline_warm_start/d1200_dynwe05__seed_045.log,38.117,0
baseline_warm_start,d1200_dynwe05,d1200,1200,1202.828070248327,80,314,dynwe05,weekend,05,4,46,200,32,20,/Users/tsun-yuanku/local/qa_course_platform_github_pages/SQA_Algorithm/outputs/path_routing/benchmarks/formal_modes_suite_01/configs/baseline_warm_start/d1200_dynwe05.yaml,/Users/tsun-yuanku/local/qa_course_platform_github_pages/SQA_Algorithm/outputs/path_routing/benchmarks/formal_modes_suite_01/runs/baseline_warm_start/d1200_dynwe05/seed_046,/Users/tsun-yuanku/local/qa_course_platform_github_pages/SQA_Algorithm/outputs/path_routing/benchmarks/formal_modes_suite_01/logs/baseline_warm_start/d1200_dynwe05__seed_046.log,37.703,0
baseline_warm_start,d1200_dynwe08,d1200,1200,1202.828070248327,80,314,dynwe08,weekend,08,0,42,200,32,20,/Users/tsun-yuanku/local/qa_course_platform_github_pages/SQA_Algorithm/outputs/path_routing/benchmarks/formal_modes_suite_01/configs/baseline_warm_start/d1200_dynwe08.yaml,/Users/tsun-yuanku/local/qa_course_platform_github_pages/SQA_Algorithm/outputs/path_routing/benchmarks/formal_modes_suite_01/runs/baseline_warm_start/d1200_dynwe08/seed_042,/Users/tsun-yuanku/local/qa_course_platform_github_pages/SQA_Algorithm/outputs/path_routing/benchmarks/formal_modes_suite_01/logs/baseline_warm_start/d1200_dynwe08__seed_042.log,38.132,0
baseline_warm_start,d1200_dynwe08,d1200,1200,1202.828070248327,80,314,dynwe08,weekend,08,1,43,200,32,20,/Users/tsun-yuanku/local/qa_course_platform_github_pages/SQA_Algorithm/outputs/path_routing/benchmarks/formal_modes_suite_01/configs/baseline_warm_start/d1200_dynwe08.yaml,/Users/tsun-yuanku/local/qa_course_platform_github_pages/SQA_Algorithm/outputs/path_routing/benchmarks/formal_modes_suite_01/runs/baseline_warm_start/d1200_dynwe08/seed_043,/Users/tsun-yuanku/local/qa_course_platform_github_pages/SQA_Algorithm/outputs/path_routing/benchmarks/formal_modes_suite_01/logs/baseline_warm_start/d1200_dynwe08__seed_043.log,37.951,0
baseline_warm_start,d1200_dynwe08,d1200,1200,1202.828070248327,80,314,dynwe08,weekend,08,2,44,200,32,20,/Users/tsun-yuanku/local/qa_course_platform_github_pages/SQA_Algorithm/outputs/path_routing/benchmarks/formal_modes_suite_01/configs/baseline_warm_start/d1200_dynwe08.yaml,/Users/tsun-yuanku/local/qa_course_platform_github_pages/SQA_Algorithm/outputs/path_routing/benchmarks/formal_modes_suite_01/runs/baseline_warm_start/d1200_dynwe08/seed_044,/Users/tsun-yuanku/local/qa_course_platform_github_pages/SQA_Algorithm/outputs/path_routing/benchmarks/formal_modes_suite_01/logs/baseline_warm_start/d1200_dynwe08__seed_044.log,39.026,0
baseline_warm_start,d1200_dynwe08,d1200,1200,1202.828070248327,80,314,dynwe08,weekend,08,3,45,200,32,20,/Users/tsun-yuanku/local/qa_course_platform_github_pages/SQA_Algorithm/outputs/path_routing/benchmarks/formal_modes_suite_01/configs/baseline_warm_start/d1200_dynwe08.yaml,/Users/tsun-yuanku/local/qa_course_platform_github_pages/SQA_Algorithm/outputs/path_routing/benchmarks/formal_modes_suite_01/runs/baseline_warm_start/d1200_dynwe08/seed_045,/Users/tsun-yuanku/local/qa_course_platform_github_pages/SQA_Algorithm/outputs/path_routing/benchmarks/formal_modes_suite_01/logs/baseline_warm_start/d1200_dynwe08__seed_045.log,39.347,0
baseline_warm_start,d1200_dynwe08,d1200,1200,1202.828070248327,80,314,dynwe08,weekend,08,4,46,200,32,20,/Users/tsun-yuanku/local/qa_course_platform_github_pages/SQA_Algorithm/outputs/path_routing/benchmarks/formal_modes_suite_01/configs/baseline_warm_start/d1200_dynwe08.yaml,/Users/tsun-yuanku/local/qa_course_platform_github_pages/SQA_Algorithm/outputs/path_routing/benchmarks/formal_modes_suite_01/runs/baseline_warm_start/d1200_dynwe08/seed_046,/Users/tsun-yuanku/local/qa_course_platform_github_pages/SQA_Algorithm/outputs/path_routing/benchmarks/formal_modes_suite_01/logs/baseline_warm_start/d1200_dynwe08__seed_046.log,39.291,0
baseline_warm_start,d1200_dynwe12,d1200,1200,1202.828070248327,80,314,dynwe12,weekend,12,0,42,200,32,20,/Users/tsun-yuanku/local/qa_course_platform_github_pages/SQA_Algorithm/outputs/path_routing/benchmarks/formal_modes_suite_01/configs/baseline_warm_start/d1200_dynwe12.yaml,/Users/tsun-yuanku/local/qa_course_platform_github_pages/SQA_Algorithm/outputs/path_routing/benchmarks/formal_modes_suite_01/runs/baseline_warm_start/d1200_dynwe12/seed_042,/Users/tsun-yuanku/local/qa_course_platform_github_pages/SQA_Algorithm/outputs/path_routing/benchmarks/formal_modes_suite_01/logs/baseline_warm_start/d1200_dynwe12__seed_042.log,38.883,0
baseline_warm_start,d1200_dynwe12,d1200,1200,1202.828070248327,80,314,dynwe12,weekend,12,1,43,200,32,20,/Users/tsun-yuanku/local/qa_course_platform_github_pages/SQA_Algorithm/outputs/path_routing/benchmarks/formal_modes_suite_01/configs/baseline_warm_start/d1200_dynwe12.yaml,/Users/tsun-yuanku/local/qa_course_platform_github_pages/SQA_Algorithm/outputs/path_routing/benchmarks/formal_modes_suite_01/runs/baseline_warm_start/d1200_dynwe12/seed_043,/Users/tsun-yuanku/local/qa_course_platform_github_pages/SQA_Algorithm/outputs/path_routing/benchmarks/formal_modes_suite_01/logs/baseline_warm_start/d1200_dynwe12__seed_043.log,39.043,0
baseline_warm_start,d1200_dynwe12,d1200,1200,1202.828070248327,80,314,dynwe12,weekend,12,2,44,200,32,20,/Users/tsun-yuanku/local/qa_course_platform_github_pages/SQA_Algorithm/outputs/path_routing/benchmarks/formal_modes_suite_01/configs/baseline_warm_start/d1200_dynwe12.yaml,/Users/tsun-yuanku/local/qa_course_platform_github_pages/SQA_Algorithm/outputs/path_routing/benchmarks/formal_modes_suite_01/runs/baseline_warm_start/d1200_dynwe12/seed_044,/Users/tsun-yuanku/local/qa_course_platform_github_pages/SQA_Algorithm/outputs/path_routing/benchmarks/formal_modes_suite_01/logs/baseline_warm_start/d1200_dynwe12__seed_044.log,38.85,0
baseline_warm_start,d1200_dynwe12,d1200,1200,1202.828070248327,80,314,dynwe12,weekend,12,3,45,200,32,20,/Users/tsun-yuanku/local/qa_course_platform_github_pages/SQA_Algorithm/outputs/path_routing/benchmarks/formal_modes_suite_01/configs/baseline_warm_start/d1200_dynwe12.yaml,/Users/tsun-yuanku/local/qa_course_platform_github_pages/SQA_Algorithm/outputs/path_routing/benchmarks/formal_modes_suite_01/runs/baseline_warm_start/d1200_dynwe12/seed_045,/Users/tsun-yuanku/local/qa_course_platform_github_pages/SQA_Algorithm/outputs/path_routing/benchmarks/formal_modes_suite_01/logs/baseline_warm_start/d1200_dynwe12__seed_045.log,38.051,0
baseline_warm_start,d1200_dynwe12,d1200,1200,1202.828070248327,80,314,dynwe12,weekend,12,4,46,200,32,20,/Users/tsun-yuanku/local/qa_course_platform_github_pages/SQA_Algorithm/outputs/path_routing/benchmarks/formal_modes_suite_01/configs/baseline_warm_start/d1200_dynwe12.yaml,/Users/tsun-yuanku/local/qa_course_platform_github_pages/SQA_Algorithm/outputs/path_routing/benchmarks/formal_modes_suite_01/runs/baseline_warm_start/d1200_dynwe12/seed_046,/Users/tsun-yuanku/local/qa_course_platform_github_pages/SQA_Algorithm/outputs/path_routing/benchmarks/formal_modes_suite_01/logs/baseline_warm_start/d1200_dynwe12__seed_046.log,37.551,0
baseline_warm_start,d1200_dynwe17,d1200,1200,1202.828070248327,80,314,dynwe17,weekend,17,0,42,200,32,20,/Users/tsun-yuanku/local/qa_course_platform_github_pages/SQA_Algorithm/outputs/path_routing/benchmarks/formal_modes_suite_01/configs/baseline_warm_start/d1200_dynwe17.yaml,/Users/tsun-yuanku/local/qa_course_platform_github_pages/SQA_Algorithm/outputs/path_routing/benchmarks/formal_modes_suite_01/runs/baseline_warm_start/d1200_dynwe17/seed_042,/Users/tsun-yuanku/local/qa_course_platform_github_pages/SQA_Algorithm/outputs/path_routing/benchmarks/formal_modes_suite_01/logs/baseline_warm_start/d1200_dynwe17__seed_042.log,37.615,0
baseline_warm_start,d1200_dynwe17,d1200,1200,1202.828070248327,80,314,dynwe17,weekend,17,1,43,200,32,20,/Users/tsun-yuanku/local/qa_course_platform_github_pages/SQA_Algorithm/outputs/path_routing/benchmarks/formal_modes_suite_01/configs/baseline_warm_start/d1200_dynwe17.yaml,/Users/tsun-yuanku/local/qa_course_platform_github_pages/SQA_Algorithm/outputs/path_routing/benchmarks/formal_modes_suite_01/runs/baseline_warm_start/d1200_dynwe17/seed_043,/Users/tsun-yuanku/local/qa_course_platform_github_pages/SQA_Algorithm/outputs/path_routing/benchmarks/formal_modes_suite_01/logs/baseline_warm_start/d1200_dynwe17__seed_043.log,37.691,0
baseline_warm_start,d1200_dynwe17,d1200,1200,1202.828070248327,80,314,dynwe17,weekend,17,2,44,200,32,20,/Users/tsun-yuanku/local/qa_course_platform_github_pages/SQA_Algorithm/outputs/path_routing/benchmarks/formal_modes_suite_01/configs/baseline_warm_start/d1200_dynwe17.yaml,/Users/tsun-yuanku/local/qa_course_platform_github_pages/SQA_Algorithm/outputs/path_routing/benchmarks/formal_modes_suite_01/runs/baseline_warm_start/d1200_dynwe17/seed_044,/Users/tsun-yuanku/local/qa_course_platform_github_pages/SQA_Algorithm/outputs/path_routing/benchmarks/formal_modes_suite_01/logs/baseline_warm_start/d1200_dynwe17__seed_044.log,37.263,0
baseline_warm_start,d1200_dynwe17,d1200,1200,1202.828070248327,80,314,dynwe17,weekend,17,3,45,200,32,20,/Users/tsun-yuanku/local/qa_course_platform_github_pages/SQA_Algorithm/outputs/path_routing/benchmarks/formal_modes_suite_01/configs/baseline_warm_start/d1200_dynwe17.yaml,/Users/tsun-yuanku/local/qa_course_platform_github_pages/SQA_Algorithm/outputs/path_routing/benchmarks/formal_modes_suite_01/runs/baseline_warm_start/d1200_dynwe17/seed_045,/Users/tsun-yuanku/local/qa_course_platform_github_pages/SQA_Algorithm/outputs/path_routing/benchmarks/formal_modes_suite_01/logs/baseline_warm_start/d1200_dynwe17__seed_045.log,37.504,0
baseline_warm_start,d1200_dynwe17,d1200,1200,1202.828070248327,80,314,dynwe17,weekend,17,4,46,200,32,20,/Users/tsun-yuanku/local/qa_course_platform_github_pages/SQA_Algorithm/outputs/path_routing/benchmarks/formal_modes_suite_01/configs/baseline_warm_start/d1200_dynwe17.yaml,/Users/tsun-yuanku/local/qa_course_platform_github_pages/SQA_Algorithm/outputs/path_routing/benchmarks/formal_modes_suite_01/runs/baseline_warm_start/d1200_dynwe17/seed_046,/Users/tsun-yuanku/local/qa_course_platform_github_pages/SQA_Algorithm/outputs/path_routing/benchmarks/formal_modes_suite_01/logs/baseline_warm_start/d1200_dynwe17__seed_046.log,46.67,0
baseline_warm_start,d1200_dynwe21,d1200,1200,1202.828070248327,80,314,dynwe21,weekend,21,0,42,200,32,20,/Users/tsun-yuanku/local/qa_course_platform_github_pages/SQA_Algorithm/outputs/path_routing/benchmarks/formal_modes_suite_01/configs/baseline_warm_start/d1200_dynwe21.yaml,/Users/tsun-yuanku/local/qa_course_platform_github_pages/SQA_Algorithm/outputs/path_routing/benchmarks/formal_modes_suite_01/runs/baseline_warm_start/d1200_dynwe21/seed_042,/Users/tsun-yuanku/local/qa_course_platform_github_pages/SQA_Algorithm/outputs/path_routing/benchmarks/formal_modes_suite_01/logs/baseline_warm_start/d1200_dynwe21__seed_042.log,46.445,0
baseline_warm_start,d1200_dynwe21,d1200,1200,1202.828070248327,80,314,dynwe21,weekend,21,1,43,200,32,20,/Users/tsun-yuanku/local/qa_course_platform_github_pages/SQA_Algorithm/outputs/path_routing/benchmarks/formal_modes_suite_01/configs/baseline_warm_start/d1200_dynwe21.yaml,/Users/tsun-yuanku/local/qa_course_platform_github_pages/SQA_Algorithm/outputs/path_routing/benchmarks/formal_modes_suite_01/runs/baseline_warm_start/d1200_dynwe21/seed_043,/Users/tsun-yuanku/local/qa_course_platform_github_pages/SQA_Algorithm/outputs/path_routing/benchmarks/formal_modes_suite_01/logs/baseline_warm_start/d1200_dynwe21__seed_043.log,46.358,0
baseline_warm_start,d1200_dynwe21,d1200,1200,1202.828070248327,80,314,dynwe21,weekend,21,2,44,200,32,20,/Users/tsun-yuanku/local/qa_course_platform_github_pages/SQA_Algorithm/outputs/path_routing/benchmarks/formal_modes_suite_01/configs/baseline_warm_start/d1200_dynwe21.yaml,/Users/tsun-yuanku/local/qa_course_platform_github_pages/SQA_Algorithm/outputs/path_routing/benchmarks/formal_modes_suite_01/runs/baseline_warm_start/d1200_dynwe21/seed_044,/Users/tsun-yuanku/local/qa_course_platform_github_pages/SQA_Algorithm/outputs/path_routing/benchmarks/formal_modes_suite_01/logs/baseline_warm_start/d1200_dynwe21__seed_044.log,46.339,0
baseline_warm_start,d1200_dynwe21,d1200,1200,1202.828070248327,80,314,dynwe21,weekend,21,3,45,200,32,20,/Users/tsun-yuanku/local/qa_course_platform_github_pages/SQA_Algorithm/outputs/path_routing/benchmarks/formal_modes_suite_01/configs/baseline_warm_start/d1200_dynwe21.yaml,/Users/tsun-yuanku/local/qa_course_platform_github_pages/SQA_Algorithm/outputs/path_routing/benchmarks/formal_modes_suite_01/runs/baseline_warm_start/d1200_dynwe21/seed_045,/Users/tsun-yuanku/local/qa_course_platform_github_pages/SQA_Algorithm/outputs/path_routing/benchmarks/formal_modes_suite_01/logs/baseline_warm_start/d1200_dynwe21__seed_045.log,46.332,0
baseline_warm_start,d1200_dynwe21,d1200,1200,1202.828070248327,80,314,dynwe21,weekend,21,4,46,200,32,20,/Users/tsun-yuanku/local/qa_course_platform_github_pages/SQA_Algorithm/outputs/path_routing/benchmarks/formal_modes_suite_01/configs/baseline_warm_start/d1200_dynwe21.yaml,/Users/tsun-yuanku/local/qa_course_platform_github_pages/SQA_Algorithm/outputs/path_routing/benchmarks/formal_modes_suite_01/runs/baseline_warm_start/d1200_dynwe21/seed_046,/Users/tsun-yuanku/local/qa_course_platform_github_pages/SQA_Algorithm/outputs/path_routing/benchmarks/formal_modes_suite_01/logs/baseline_warm_start/d1200_dynwe21__seed_046.log,46.174,0
pure_sqa,d0400_dynwd05,d0400,400,399.89096238073773,24,318,dynwd05,weekday,05,0,42,200,32,20,/Users/tsun-yuanku/local/qa_course_platform_github_pages/SQA_Algorithm/outputs/path_routing/benchmarks/formal_modes_suite_01/configs/pure_sqa/d0400_dynwd05.yaml,/Users/tsun-yuanku/local/qa_course_platform_github_pages/SQA_Algorithm/outputs/path_routing/benchmarks/formal_modes_suite_01/runs/pure_sqa/d0400_dynwd05/seed_042,/Users/tsun-yuanku/local/qa_course_platform_github_pages/SQA_Algorithm/outputs/path_routing/benchmarks/formal_modes_suite_01/logs/pure_sqa/d0400_dynwd05__seed_042.log,33.774,0
pure_sqa,d0400_dynwd05,d0400,400,399.89096238073773,24,318,dynwd05,weekday,05,1,43,200,32,20,/Users/tsun-yuanku/local/qa_course_platform_github_pages/SQA_Algorithm/outputs/path_routing/benchmarks/formal_modes_suite_01/configs/pure_sqa/d0400_dynwd05.yaml,/Users/tsun-yuanku/local/qa_course_platform_github_pages/SQA_Algorithm/outputs/path_routing/benchmarks/formal_modes_suite_01/runs/pure_sqa/d0400_dynwd05/seed_043,/Users/tsun-yuanku/local/qa_course_platform_github_pages/SQA_Algorithm/outputs/path_routing/benchmarks/formal_modes_suite_01/logs/pure_sqa/d0400_dynwd05__seed_043.log,33.392,0
pure_sqa,d0400_dynwd05,d0400,400,399.89096238073773,24,318,dynwd05,weekday,05,2,44,200,32,20,/Users/tsun-yuanku/local/qa_course_platform_github_pages/SQA_Algorithm/outputs/path_routing/benchmarks/formal_modes_suite_01/configs/pure_sqa/d0400_dynwd05.yaml,/Users/tsun-yuanku/local/qa_course_platform_github_pages/SQA_Algorithm/outputs/path_routing/benchmarks/formal_modes_suite_01/runs/pure_sqa/d0400_dynwd05/seed_044,/Users/tsun-yuanku/local/qa_course_platform_github_pages/SQA_Algorithm/outputs/path_routing/benchmarks/formal_modes_suite_01/logs/pure_sqa/d0400_dynwd05__seed_044.log,33.561,0
pure_sqa,d0400_dynwd05,d0400,400,399.89096238073773,24,318,dynwd05,weekday,05,3,45,200,32,20,/Users/tsun-yuanku/local/qa_course_platform_github_pages/SQA_Algorithm/outputs/path_routing/benchmarks/formal_modes_suite_01/configs/pure_sqa/d0400_dynwd05.yaml,/Users/tsun-yuanku/local/qa_course_platform_github_pages/SQA_Algorithm/outputs/path_routing/benchmarks/formal_modes_suite_01/runs/pure_sqa/d0400_dynwd05/seed_045,/Users/tsun-yuanku/local/qa_course_platform_github_pages/SQA_Algorithm/outputs/path_routing/benchmarks/formal_modes_suite_01/logs/pure_sqa/d0400_dynwd05__seed_045.log,33.269,0
pure_sqa,d0400_dynwd05,d0400,400,399.89096238073773,24,318,dynwd05,weekday,05,4,46,200,32,20,/Users/tsun-yuanku/local/qa_course_platform_github_pages/SQA_Algorithm/outputs/path_routing/benchmarks/formal_modes_suite_01/configs/pure_sqa/d0400_dynwd05.yaml,/Users/tsun-yuanku/local/qa_course_platform_github_pages/SQA_Algorithm/outputs/path_routing/benchmarks/formal_modes_suite_01/runs/pure_sqa/d0400_dynwd05/seed_046,/Users/tsun-yuanku/local/qa_course_platform_github_pages/SQA_Algorithm/outputs/path_routing/benchmarks/formal_modes_suite_01/logs/pure_sqa/d0400_dynwd05__seed_046.log,33.765,0
pure_sqa,d0400_dynwd08,d0400,400,399.89096238073773,24,318,dynwd08,weekday,08,0,42,200,32,20,/Users/tsun-yuanku/local/qa_course_platform_github_pages/SQA_Algorithm/outputs/path_routing/benchmarks/formal_modes_suite_01/configs/pure_sqa/d0400_dynwd08.yaml,/Users/tsun-yuanku/local/qa_course_platform_github_pages/SQA_Algorithm/outputs/path_routing/benchmarks/formal_modes_suite_01/runs/pure_sqa/d0400_dynwd08/seed_042,/Users/tsun-yuanku/local/qa_course_platform_github_pages/SQA_Algorithm/outputs/path_routing/benchmarks/formal_modes_suite_01/logs/pure_sqa/d0400_dynwd08__seed_042.log,33.189,0
pure_sqa,d0400_dynwd08,d0400,400,399.89096238073773,24,318,dynwd08,weekday,08,1,43,200,32,20,/Users/tsun-yuanku/local/qa_course_platform_github_pages/SQA_Algorithm/outputs/path_routing/benchmarks/formal_modes_suite_01/configs/pure_sqa/d0400_dynwd08.yaml,/Users/tsun-yuanku/local/qa_course_platform_github_pages/SQA_Algorithm/outputs/path_routing/benchmarks/formal_modes_suite_01/runs/pure_sqa/d0400_dynwd08/seed_043,/Users/tsun-yuanku/local/qa_course_platform_github_pages/SQA_Algorithm/outputs/path_routing/benchmarks/formal_modes_suite_01/logs/pure_sqa/d0400_dynwd08__seed_043.log,42.007,0
pure_sqa,d0400_dynwd08,d0400,400,399.89096238073773,24,318,dynwd08,weekday,08,2,44,200,32,20,/Users/tsun-yuanku/local/qa_course_platform_github_pages/SQA_Algorithm/outputs/path_routing/benchmarks/formal_modes_suite_01/configs/pure_sqa/d0400_dynwd08.yaml,/Users/tsun-yuanku/local/qa_course_platform_github_pages/SQA_Algorithm/outputs/path_routing/benchmarks/formal_modes_suite_01/runs/pure_sqa/d0400_dynwd08/seed_044,/Users/tsun-yuanku/local/qa_course_platform_github_pages/SQA_Algorithm/outputs/path_routing/benchmarks/formal_modes_suite_01/logs/pure_sqa/d0400_dynwd08__seed_044.log,41.738,0
pure_sqa,d0400_dynwd08,d0400,400,399.89096238073773,24,318,dynwd08,weekday,08,3,45,200,32,20,/Users/tsun-yuanku/local/qa_course_platform_github_pages/SQA_Algorithm/outputs/path_routing/benchmarks/formal_modes_suite_01/configs/pure_sqa/d0400_dynwd08.yaml,/Users/tsun-yuanku/local/qa_course_platform_github_pages/SQA_Algorithm/outputs/path_routing/benchmarks/formal_modes_suite_01/runs/pure_sqa/d0400_dynwd08/seed_045,/Users/tsun-yuanku/local/qa_course_platform_github_pages/SQA_Algorithm/outputs/path_routing/benchmarks/formal_modes_suite_01/logs/pure_sqa/d0400_dynwd08__seed_045.log,41.607,0
pure_sqa,d0400_dynwd08,d0400,400,399.89096238073773,24,318,dynwd08,weekday,08,4,46,200,32,20,/Users/tsun-yuanku/local/qa_course_platform_github_pages/SQA_Algorithm/outputs/path_routing/benchmarks/formal_modes_suite_01/configs/pure_sqa/d0400_dynwd08.yaml,/Users/tsun-yuanku/local/qa_course_platform_github_pages/SQA_Algorithm/outputs/path_routing/benchmarks/formal_modes_suite_01/runs/pure_sqa/d0400_dynwd08/seed_046,/Users/tsun-yuanku/local/qa_course_platform_github_pages/SQA_Algorithm/outputs/path_routing/benchmarks/formal_modes_suite_01/logs/pure_sqa/d0400_dynwd08__seed_046.log,41.748,0
pure_sqa,d0400_dynwd12,d0400,400,399.89096238073773,24,318,dynwd12,weekday,12,0,42,200,32,20,/Users/tsun-yuanku/local/qa_course_platform_github_pages/SQA_Algorithm/outputs/path_routing/benchmarks/formal_modes_suite_01/configs/pure_sqa/d0400_dynwd12.yaml,/Users/tsun-yuanku/local/qa_course_platform_github_pages/SQA_Algorithm/outputs/path_routing/benchmarks/formal_modes_suite_01/runs/pure_sqa/d0400_dynwd12/seed_042,/Users/tsun-yuanku/local/qa_course_platform_github_pages/SQA_Algorithm/outputs/path_routing/benchmarks/formal_modes_suite_01/logs/pure_sqa/d0400_dynwd12__seed_042.log,41.617,0
pure_sqa,d0400_dynwd12,d0400,400,399.89096238073773,24,318,dynwd12,weekday,12,1,43,200,32,20,/Users/tsun-yuanku/local/qa_course_platform_github_pages/SQA_Algorithm/outputs/path_routing/benchmarks/formal_modes_suite_01/configs/pure_sqa/d0400_dynwd12.yaml,/Users/tsun-yuanku/local/qa_course_platform_github_pages/SQA_Algorithm/outputs/path_routing/benchmarks/formal_modes_suite_01/runs/pure_sqa/d0400_dynwd12/seed_043,/Users/tsun-yuanku/local/qa_course_platform_github_pages/SQA_Algorithm/outputs/path_routing/benchmarks/formal_modes_suite_01/logs/pure_sqa/d0400_dynwd12__seed_043.log,41.616,0
pure_sqa,d0400_dynwd12,d0400,400,399.89096238073773,24,318,dynwd12,weekday,12,2,44,200,32,20,/Users/tsun-yuanku/local/qa_course_platform_github_pages/SQA_Algorithm/outputs/path_routing/benchmarks/formal_modes_suite_01/configs/pure_sqa/d0400_dynwd12.yaml,/Users/tsun-yuanku/local/qa_course_platform_github_pages/SQA_Algorithm/outputs/path_routing/benchmarks/formal_modes_suite_01/runs/pure_sqa/d0400_dynwd12/seed_044,/Users/tsun-yuanku/local/qa_course_platform_github_pages/SQA_Algorithm/outputs/path_routing/benchmarks/formal_modes_suite_01/logs/pure_sqa/d0400_dynwd12__seed_044.log,33.602,0
pure_sqa,d0400_dynwd12,d0400,400,399.89096238073773,24,318,dynwd12,weekday,12,3,45,200,32,20,/Users/tsun-yuanku/local/qa_course_platform_github_pages/SQA_Algorithm/outputs/path_routing/benchmarks/formal_modes_suite_01/configs/pure_sqa/d0400_dynwd12.yaml,/Users/tsun-yuanku/local/qa_course_platform_github_pages/SQA_Algorithm/outputs/path_routing/benchmarks/formal_modes_suite_01/runs/pure_sqa/d0400_dynwd12/seed_045,/Users/tsun-yuanku/local/qa_course_platform_github_pages/SQA_Algorithm/outputs/path_routing/benchmarks/formal_modes_suite_01/logs/pure_sqa/d0400_dynwd12__seed_045.log,33.838,0
pure_sqa,d0400_dynwd12,d0400,400,399.89096238073773,24,318,dynwd12,weekday,12,4,46,200,32,20,/Users/tsun-yuanku/local/qa_course_platform_github_pages/SQA_Algorithm/outputs/path_routing/benchmarks/formal_modes_suite_01/configs/pure_sqa/d0400_dynwd12.yaml,/Users/tsun-yuanku/local/qa_course_platform_github_pages/SQA_Algorithm/outputs/path_routing/benchmarks/formal_modes_suite_01/runs/pure_sqa/d0400_dynwd12/seed_046,/Users/tsun-yuanku/local/qa_course_platform_github_pages/SQA_Algorithm/outputs/path_routing/benchmarks/formal_modes_suite_01/logs/pure_sqa/d0400_dynwd12__seed_046.log,33.7,0
pure_sqa,d0400_dynwd17,d0400,400,399.89096238073773,24,318,dynwd17,weekday,17,0,42,200,32,20,/Users/tsun-yuanku/local/qa_course_platform_github_pages/SQA_Algorithm/outputs/path_routing/benchmarks/formal_modes_suite_01/configs/pure_sqa/d0400_dynwd17.yaml,/Users/tsun-yuanku/local/qa_course_platform_github_pages/SQA_Algorithm/outputs/path_routing/benchmarks/formal_modes_suite_01/runs/pure_sqa/d0400_dynwd17/seed_042,/Users/tsun-yuanku/local/qa_course_platform_github_pages/SQA_Algorithm/outputs/path_routing/benchmarks/formal_modes_suite_01/logs/pure_sqa/d0400_dynwd17__seed_042.log,33.77,0
pure_sqa,d0400_dynwd17,d0400,400,399.89096238073773,24,318,dynwd17,weekday,17,1,43,200,32,20,/Users/tsun-yuanku/local/qa_course_platform_github_pages/SQA_Algorithm/outputs/path_routing/benchmarks/formal_modes_suite_01/configs/pure_sqa/d0400_dynwd17.yaml,/Users/tsun-yuanku/local/qa_course_platform_github_pages/SQA_Algorithm/outputs/path_routing/benchmarks/formal_modes_suite_01/runs/pure_sqa/d0400_dynwd17/seed_043,/Users/tsun-yuanku/local/qa_course_platform_github_pages/SQA_Algorithm/outputs/path_routing/benchmarks/formal_modes_suite_01/logs/pure_sqa/d0400_dynwd17__seed_043.log,33.713,0
pure_sqa,d0400_dynwd17,d0400,400,399.89096238073773,24,318,dynwd17,weekday,17,2,44,200,32,20,/Users/tsun-yuanku/local/qa_course_platform_github_pages/SQA_Algorithm/outputs/path_routing/benchmarks/formal_modes_suite_01/configs/pure_sqa/d0400_dynwd17.yaml,/Users/tsun-yuanku/local/qa_course_platform_github_pages/SQA_Algorithm/outputs/path_routing/benchmarks/formal_modes_suite_01/runs/pure_sqa/d0400_dynwd17/seed_044,/Users/tsun-yuanku/local/qa_course_platform_github_pages/SQA_Algorithm/outputs/path_routing/benchmarks/formal_modes_suite_01/logs/pure_sqa/d0400_dynwd17__seed_044.log,33.31,0
pure_sqa,d0400_dynwd17,d0400,400,399.89096238073773,24,318,dynwd17,weekday,17,3,45,200,32,20,/Users/tsun-yuanku/local/qa_course_platform_github_pages/SQA_Algorithm/outputs/path_routing/benchmarks/formal_modes_suite_01/configs/pure_sqa/d0400_dynwd17.yaml,/Users/tsun-yuanku/local/qa_course_platform_github_pages/SQA_Algorithm/outputs/path_routing/benchmarks/formal_modes_suite_01/runs/pure_sqa/d0400_dynwd17/seed_045,/Users/tsun-yuanku/local/qa_course_platform_github_pages/SQA_Algorithm/outputs/path_routing/benchmarks/formal_modes_suite_01/logs/pure_sqa/d0400_dynwd17__seed_045.log,37.695,0
pure_sqa,d0400_dynwd17,d0400,400,399.89096238073773,24,318,dynwd17,weekday,17,4,46,200,32,20,/Users/tsun-yuanku/local/qa_course_platform_github_pages/SQA_Algorithm/outputs/path_routing/benchmarks/formal_modes_suite_01/configs/pure_sqa/d0400_dynwd17.yaml,/Users/tsun-yuanku/local/qa_course_platform_github_pages/SQA_Algorithm/outputs/path_routing/benchmarks/formal_modes_suite_01/runs/pure_sqa/d0400_dynwd17/seed_046,/Users/tsun-yuanku/local/qa_course_platform_github_pages/SQA_Algorithm/outputs/path_routing/benchmarks/formal_modes_suite_01/logs/pure_sqa/d0400_dynwd17__seed_046.log,38.29,0
pure_sqa,d0400_dynwd21,d0400,400,399.89096238073773,24,318,dynwd21,weekday,21,0,42,200,32,20,/Users/tsun-yuanku/local/qa_course_platform_github_pages/SQA_Algorithm/outputs/path_routing/benchmarks/formal_modes_suite_01/configs/pure_sqa/d0400_dynwd21.yaml,/Users/tsun-yuanku/local/qa_course_platform_github_pages/SQA_Algorithm/outputs/path_routing/benchmarks/formal_modes_suite_01/runs/pure_sqa/d0400_dynwd21/seed_042,/Users/tsun-yuanku/local/qa_course_platform_github_pages/SQA_Algorithm/outputs/path_routing/benchmarks/formal_modes_suite_01/logs/pure_sqa/d0400_dynwd21__seed_042.log,37.473,0
pure_sqa,d0400_dynwd21,d0400,400,399.89096238073773,24,318,dynwd21,weekday,21,1,43,200,32,20,/Users/tsun-yuanku/local/qa_course_platform_github_pages/SQA_Algorithm/outputs/path_routing/benchmarks/formal_modes_suite_01/configs/pure_sqa/d0400_dynwd21.yaml,/Users/tsun-yuanku/local/qa_course_platform_github_pages/SQA_Algorithm/outputs/path_routing/benchmarks/formal_modes_suite_01/runs/pure_sqa/d0400_dynwd21/seed_043,/Users/tsun-yuanku/local/qa_course_platform_github_pages/SQA_Algorithm/outputs/path_routing/benchmarks/formal_modes_suite_01/logs/pure_sqa/d0400_dynwd21__seed_043.log,38.192,0
pure_sqa,d0400_dynwd21,d0400,400,399.89096238073773,24,318,dynwd21,weekday,21,2,44,200,32,20,/Users/tsun-yuanku/local/qa_course_platform_github_pages/SQA_Algorithm/outputs/path_routing/benchmarks/formal_modes_suite_01/configs/pure_sqa/d0400_dynwd21.yaml,/Users/tsun-yuanku/local/qa_course_platform_github_pages/SQA_Algorithm/outputs/path_routing/benchmarks/formal_modes_suite_01/runs/pure_sqa/d0400_dynwd21/seed_044,/Users/tsun-yuanku/local/qa_course_platform_github_pages/SQA_Algorithm/outputs/path_routing/benchmarks/formal_modes_suite_01/logs/pure_sqa/d0400_dynwd21__seed_044.log,38.645,0
pure_sqa,d0400_dynwd21,d0400,400,399.89096238073773,24,318,dynwd21,weekday,21,3,45,200,32,20,/Users/tsun-yuanku/local/qa_course_platform_github_pages/SQA_Algorithm/outputs/path_routing/benchmarks/formal_modes_suite_01/configs/pure_sqa/d0400_dynwd21.yaml,/Users/tsun-yuanku/local/qa_course_platform_github_pages/SQA_Algorithm/outputs/path_routing/benchmarks/formal_modes_suite_01/runs/pure_sqa/d0400_dynwd21/seed_045,/Users/tsun-yuanku/local/qa_course_platform_github_pages/SQA_Algorithm/outputs/path_routing/benchmarks/formal_modes_suite_01/logs/pure_sqa/d0400_dynwd21__seed_045.log,38.349,0
pure_sqa,d0400_dynwd21,d0400,400,399.89096238073773,24,318,dynwd21,weekday,21,4,46,200,32,20,/Users/tsun-yuanku/local/qa_course_platform_github_pages/SQA_Algorithm/outputs/path_routing/benchmarks/formal_modes_suite_01/configs/pure_sqa/d0400_dynwd21.yaml,/Users/tsun-yuanku/local/qa_course_platform_github_pages/SQA_Algorithm/outputs/path_routing/benchmarks/formal_modes_suite_01/runs/pure_sqa/d0400_dynwd21/seed_046,/Users/tsun-yuanku/local/qa_course_platform_github_pages/SQA_Algorithm/outputs/path_routing/benchmarks/formal_modes_suite_01/logs/pure_sqa/d0400_dynwd21__seed_046.log,36.588,0
pure_sqa,d0400_dynwe05,d0400,400,399.89096238073773,24,318,dynwe05,weekend,05,0,42,200,32,20,/Users/tsun-yuanku/local/qa_course_platform_github_pages/SQA_Algorithm/outputs/path_routing/benchmarks/formal_modes_suite_01/configs/pure_sqa/d0400_dynwe05.yaml,/Users/tsun-yuanku/local/qa_course_platform_github_pages/SQA_Algorithm/outputs/path_routing/benchmarks/formal_modes_suite_01/runs/pure_sqa/d0400_dynwe05/seed_042,/Users/tsun-yuanku/local/qa_course_platform_github_pages/SQA_Algorithm/outputs/path_routing/benchmarks/formal_modes_suite_01/logs/pure_sqa/d0400_dynwe05__seed_042.log,36.445,0
pure_sqa,d0400_dynwe05,d0400,400,399.89096238073773,24,318,dynwe05,weekend,05,1,43,200,32,20,/Users/tsun-yuanku/local/qa_course_platform_github_pages/SQA_Algorithm/outputs/path_routing/benchmarks/formal_modes_suite_01/configs/pure_sqa/d0400_dynwe05.yaml,/Users/tsun-yuanku/local/qa_course_platform_github_pages/SQA_Algorithm/outputs/path_routing/benchmarks/formal_modes_suite_01/runs/pure_sqa/d0400_dynwe05/seed_043,/Users/tsun-yuanku/local/qa_course_platform_github_pages/SQA_Algorithm/outputs/path_routing/benchmarks/formal_modes_suite_01/logs/pure_sqa/d0400_dynwe05__seed_043.log,35.887,0
pure_sqa,d0400_dynwe05,d0400,400,399.89096238073773,24,318,dynwe05,weekend,05,2,44,200,32,20,/Users/tsun-yuanku/local/qa_course_platform_github_pages/SQA_Algorithm/outputs/path_routing/benchmarks/formal_modes_suite_01/configs/pure_sqa/d0400_dynwe05.yaml,/Users/tsun-yuanku/local/qa_course_platform_github_pages/SQA_Algorithm/outputs/path_routing/benchmarks/formal_modes_suite_01/runs/pure_sqa/d0400_dynwe05/seed_044,/Users/tsun-yuanku/local/qa_course_platform_github_pages/SQA_Algorithm/outputs/path_routing/benchmarks/formal_modes_suite_01/logs/pure_sqa/d0400_dynwe05__seed_044.log,35.589,0
pure_sqa,d0400_dynwe05,d0400,400,399.89096238073773,24,318,dynwe05,weekend,05,3,45,200,32,20,/Users/tsun-yuanku/local/qa_course_platform_github_pages/SQA_Algorithm/outputs/path_routing/benchmarks/formal_modes_suite_01/configs/pure_sqa/d0400_dynwe05.yaml,/Users/tsun-yuanku/local/qa_course_platform_github_pages/SQA_Algorithm/outputs/path_routing/benchmarks/formal_modes_suite_01/runs/pure_sqa/d0400_dynwe05/seed_045,/Users/tsun-yuanku/local/qa_course_platform_github_pages/SQA_Algorithm/outputs/path_routing/benchmarks/formal_modes_suite_01/logs/pure_sqa/d0400_dynwe05__seed_045.log,35.441,0
pure_sqa,d0400_dynwe05,d0400,400,399.89096238073773,24,318,dynwe05,weekend,05,4,46,200,32,20,/Users/tsun-yuanku/local/qa_course_platform_github_pages/SQA_Algorithm/outputs/path_routing/benchmarks/formal_modes_suite_01/configs/pure_sqa/d0400_dynwe05.yaml,/Users/tsun-yuanku/local/qa_course_platform_github_pages/SQA_Algorithm/outputs/path_routing/benchmarks/formal_modes_suite_01/runs/pure_sqa/d0400_dynwe05/seed_046,/Users/tsun-yuanku/local/qa_course_platform_github_pages/SQA_Algorithm/outputs/path_routing/benchmarks/formal_modes_suite_01/logs/pure_sqa/d0400_dynwe05__seed_046.log,35.343,0
pure_sqa,d0400_dynwe08,d0400,400,399.89096238073773,24,318,dynwe08,weekend,08,0,42,200,32,20,/Users/tsun-yuanku/local/qa_course_platform_github_pages/SQA_Algorithm/outputs/path_routing/benchmarks/formal_modes_suite_01/configs/pure_sqa/d0400_dynwe08.yaml,/Users/tsun-yuanku/local/qa_course_platform_github_pages/SQA_Algorithm/outputs/path_routing/benchmarks/formal_modes_suite_01/runs/pure_sqa/d0400_dynwe08/seed_042,/Users/tsun-yuanku/local/qa_course_platform_github_pages/SQA_Algorithm/outputs/path_routing/benchmarks/formal_modes_suite_01/logs/pure_sqa/d0400_dynwe08__seed_042.log,46.645,0
pure_sqa,d0400_dynwe08,d0400,400,399.89096238073773,24,318,dynwe08,weekend,08,1,43,200,32,20,/Users/tsun-yuanku/local/qa_course_platform_github_pages/SQA_Algorithm/outputs/path_routing/benchmarks/formal_modes_suite_01/configs/pure_sqa/d0400_dynwe08.yaml,/Users/tsun-yuanku/local/qa_course_platform_github_pages/SQA_Algorithm/outputs/path_routing/benchmarks/formal_modes_suite_01/runs/pure_sqa/d0400_dynwe08/seed_043,/Users/tsun-yuanku/local/qa_course_platform_github_pages/SQA_Algorithm/outputs/path_routing/benchmarks/formal_modes_suite_01/logs/pure_sqa/d0400_dynwe08__seed_043.log,46.131,0
pure_sqa,d0400_dynwe08,d0400,400,399.89096238073773,24,318,dynwe08,weekend,08,2,44,200,32,20,/Users/tsun-yuanku/local/qa_course_platform_github_pages/SQA_Algorithm/outputs/path_routing/benchmarks/formal_modes_suite_01/configs/pure_sqa/d0400_dynwe08.yaml,/Users/tsun-yuanku/local/qa_course_platform_github_pages/SQA_Algorithm/outputs/path_routing/benchmarks/formal_modes_suite_01/runs/pure_sqa/d0400_dynwe08/seed_044,/Users/tsun-yuanku/local/qa_course_platform_github_pages/SQA_Algorithm/outputs/path_routing/benchmarks/formal_modes_suite_01/logs/pure_sqa/d0400_dynwe08__seed_044.log,46.21,0
pure_sqa,d0400_dynwe08,d0400,400,399.89096238073773,24,318,dynwe08,weekend,08,3,45,200,32,20,/Users/tsun-yuanku/local/qa_course_platform_github_pages/SQA_Algorithm/outputs/path_routing/benchmarks/formal_modes_suite_01/configs/pure_sqa/d0400_dynwe08.yaml,/Users/tsun-yuanku/local/qa_course_platform_github_pages/SQA_Algorithm/outputs/path_routing/benchmarks/formal_modes_suite_01/runs/pure_sqa/d0400_dynwe08/seed_045,/Users/tsun-yuanku/local/qa_course_platform_github_pages/SQA_Algorithm/outputs/path_routing/benchmarks/formal_modes_suite_01/logs/pure_sqa/d0400_dynwe08__seed_045.log,46.179,0
pure_sqa,d0400_dynwe08,d0400,400,399.89096238073773,24,318,dynwe08,weekend,08,4,46,200,32,20,/Users/tsun-yuanku/local/qa_course_platform_github_pages/SQA_Algorithm/outputs/path_routing/benchmarks/formal_modes_suite_01/configs/pure_sqa/d0400_dynwe08.yaml,/Users/tsun-yuanku/local/qa_course_platform_github_pages/SQA_Algorithm/outputs/path_routing/benchmarks/formal_modes_suite_01/runs/pure_sqa/d0400_dynwe08/seed_046,/Users/tsun-yuanku/local/qa_course_platform_github_pages/SQA_Algorithm/outputs/path_routing/benchmarks/formal_modes_suite_01/logs/pure_sqa/d0400_dynwe08__seed_046.log,45.917,0
pure_sqa,d0400_dynwe12,d0400,400,399.89096238073773,24,318,dynwe12,weekend,12,0,42,200,32,20,/Users/tsun-yuanku/local/qa_course_platform_github_pages/SQA_Algorithm/outputs/path_routing/benchmarks/formal_modes_suite_01/configs/pure_sqa/d0400_dynwe12.yaml,/Users/tsun-yuanku/local/qa_course_platform_github_pages/SQA_Algorithm/outputs/path_routing/benchmarks/formal_modes_suite_01/runs/pure_sqa/d0400_dynwe12/seed_042,/Users/tsun-yuanku/local/qa_course_platform_github_pages/SQA_Algorithm/outputs/path_routing/benchmarks/formal_modes_suite_01/logs/pure_sqa/d0400_dynwe12__seed_042.log,46.189,0
pure_sqa,d0400_dynwe12,d0400,400,399.89096238073773,24,318,dynwe12,weekend,12,1,43,200,32,20,/Users/tsun-yuanku/local/qa_course_platform_github_pages/SQA_Algorithm/outputs/path_routing/benchmarks/formal_modes_suite_01/configs/pure_sqa/d0400_dynwe12.yaml,/Users/tsun-yuanku/local/qa_course_platform_github_pages/SQA_Algorithm/outputs/path_routing/benchmarks/formal_modes_suite_01/runs/pure_sqa/d0400_dynwe12/seed_043,/Users/tsun-yuanku/local/qa_course_platform_github_pages/SQA_Algorithm/outputs/path_routing/benchmarks/formal_modes_suite_01/logs/pure_sqa/d0400_dynwe12__seed_043.log,42.377,0
pure_sqa,d0400_dynwe12,d0400,400,399.89096238073773,24,318,dynwe12,weekend,12,2,44,200,32,20,/Users/tsun-yuanku/local/qa_course_platform_github_pages/SQA_Algorithm/outputs/path_routing/benchmarks/formal_modes_suite_01/configs/pure_sqa/d0400_dynwe12.yaml,/Users/tsun-yuanku/local/qa_course_platform_github_pages/SQA_Algorithm/outputs/path_routing/benchmarks/formal_modes_suite_01/runs/pure_sqa/d0400_dynwe12/seed_044,/Users/tsun-yuanku/local/qa_course_platform_github_pages/SQA_Algorithm/outputs/path_routing/benchmarks/formal_modes_suite_01/logs/pure_sqa/d0400_dynwe12__seed_044.log,41.827,0
pure_sqa,d0400_dynwe12,d0400,400,399.89096238073773,24,318,dynwe12,weekend,12,3,45,200,32,20,/Users/tsun-yuanku/local/qa_course_platform_github_pages/SQA_Algorithm/outputs/path_routing/benchmarks/formal_modes_suite_01/configs/pure_sqa/d0400_dynwe12.yaml,/Users/tsun-yuanku/local/qa_course_platform_github_pages/SQA_Algorithm/outputs/path_routing/benchmarks/formal_modes_suite_01/runs/pure_sqa/d0400_dynwe12/seed_045,/Users/tsun-yuanku/local/qa_course_platform_github_pages/SQA_Algorithm/outputs/path_routing/benchmarks/formal_modes_suite_01/logs/pure_sqa/d0400_dynwe12__seed_045.log,41.476,0
pure_sqa,d0400_dynwe12,d0400,400,399.89096238073773,24,318,dynwe12,weekend,12,4,46,200,32,20,/Users/tsun-yuanku/local/qa_course_platform_github_pages/SQA_Algorithm/outputs/path_routing/benchmarks/formal_modes_suite_01/configs/pure_sqa/d0400_dynwe12.yaml,/Users/tsun-yuanku/local/qa_course_platform_github_pages/SQA_Algorithm/outputs/path_routing/benchmarks/formal_modes_suite_01/runs/pure_sqa/d0400_dynwe12/seed_046,/Users/tsun-yuanku/local/qa_course_platform_github_pages/SQA_Algorithm/outputs/path_routing/benchmarks/formal_modes_suite_01/logs/pure_sqa/d0400_dynwe12__seed_046.log,41.441,0
pure_sqa,d0400_dynwe17,d0400,400,399.89096238073773,24,318,dynwe17,weekend,17,0,42,200,32,20,/Users/tsun-yuanku/local/qa_course_platform_github_pages/SQA_Algorithm/outputs/path_routing/benchmarks/formal_modes_suite_01/configs/pure_sqa/d0400_dynwe17.yaml,/Users/tsun-yuanku/local/qa_course_platform_github_pages/SQA_Algorithm/outputs/path_routing/benchmarks/formal_modes_suite_01/runs/pure_sqa/d0400_dynwe17/seed_042,/Users/tsun-yuanku/local/qa_course_platform_github_pages/SQA_Algorithm/outputs/path_routing/benchmarks/formal_modes_suite_01/logs/pure_sqa/d0400_dynwe17__seed_042.log,41.621,0
pure_sqa,d0400_dynwe17,d0400,400,399.89096238073773,24,318,dynwe17,weekend,17,1,43,200,32,20,/Users/tsun-yuanku/local/qa_course_platform_github_pages/SQA_Algorithm/outputs/path_routing/benchmarks/formal_modes_suite_01/configs/pure_sqa/d0400_dynwe17.yaml,/Users/tsun-yuanku/local/qa_course_platform_github_pages/SQA_Algorithm/outputs/path_routing/benchmarks/formal_modes_suite_01/runs/pure_sqa/d0400_dynwe17/seed_043,/Users/tsun-yuanku/local/qa_course_platform_github_pages/SQA_Algorithm/outputs/path_routing/benchmarks/formal_modes_suite_01/logs/pure_sqa/d0400_dynwe17__seed_043.log,41.49,0
pure_sqa,d0400_dynwe17,d0400,400,399.89096238073773,24,318,dynwe17,weekend,17,2,44,200,32,20,/Users/tsun-yuanku/local/qa_course_platform_github_pages/SQA_Algorithm/outputs/path_routing/benchmarks/formal_modes_suite_01/configs/pure_sqa/d0400_dynwe17.yaml,/Users/tsun-yuanku/local/qa_course_platform_github_pages/SQA_Algorithm/outputs/path_routing/benchmarks/formal_modes_suite_01/runs/pure_sqa/d0400_dynwe17/seed_044,/Users/tsun-yuanku/local/qa_course_platform_github_pages/SQA_Algorithm/outputs/path_routing/benchmarks/formal_modes_suite_01/logs/pure_sqa/d0400_dynwe17__seed_044.log,45.684,0
pure_sqa,d0400_dynwe17,d0400,400,399.89096238073773,24,318,dynwe17,weekend,17,3,45,200,32,20,/Users/tsun-yuanku/local/qa_course_platform_github_pages/SQA_Algorithm/outputs/path_routing/benchmarks/formal_modes_suite_01/configs/pure_sqa/d0400_dynwe17.yaml,/Users/tsun-yuanku/local/qa_course_platform_github_pages/SQA_Algorithm/outputs/path_routing/benchmarks/formal_modes_suite_01/runs/pure_sqa/d0400_dynwe17/seed_045,/Users/tsun-yuanku/local/qa_course_platform_github_pages/SQA_Algorithm/outputs/path_routing/benchmarks/formal_modes_suite_01/logs/pure_sqa/d0400_dynwe17__seed_045.log,45.656,0
pure_sqa,d0400_dynwe17,d0400,400,399.89096238073773,24,318,dynwe17,weekend,17,4,46,200,32,20,/Users/tsun-yuanku/local/qa_course_platform_github_pages/SQA_Algorithm/outputs/path_routing/benchmarks/formal_modes_suite_01/configs/pure_sqa/d0400_dynwe17.yaml,/Users/tsun-yuanku/local/qa_course_platform_github_pages/SQA_Algorithm/outputs/path_routing/benchmarks/formal_modes_suite_01/runs/pure_sqa/d0400_dynwe17/seed_046,/Users/tsun-yuanku/local/qa_course_platform_github_pages/SQA_Algorithm/outputs/path_routing/benchmarks/formal_modes_suite_01/logs/pure_sqa/d0400_dynwe17__seed_046.log,45.491,0
pure_sqa,d0400_dynwe21,d0400,400,399.89096238073773,24,318,dynwe21,weekend,21,0,42,200,32,20,/Users/tsun-yuanku/local/qa_course_platform_github_pages/SQA_Algorithm/outputs/path_routing/benchmarks/formal_modes_suite_01/configs/pure_sqa/d0400_dynwe21.yaml,/Users/tsun-yuanku/local/qa_course_platform_github_pages/SQA_Algorithm/outputs/path_routing/benchmarks/formal_modes_suite_01/runs/pure_sqa/d0400_dynwe21/seed_042,/Users/tsun-yuanku/local/qa_course_platform_github_pages/SQA_Algorithm/outputs/path_routing/benchmarks/formal_modes_suite_01/logs/pure_sqa/d0400_dynwe21__seed_042.log,45.388,0
pure_sqa,d0400_dynwe21,d0400,400,399.89096238073773,24,318,dynwe21,weekend,21,1,43,200,32,20,/Users/tsun-yuanku/local/qa_course_platform_github_pages/SQA_Algorithm/outputs/path_routing/benchmarks/formal_modes_suite_01/configs/pure_sqa/d0400_dynwe21.yaml,/Users/tsun-yuanku/local/qa_course_platform_github_pages/SQA_Algorithm/outputs/path_routing/benchmarks/formal_modes_suite_01/runs/pure_sqa/d0400_dynwe21/seed_043,/Users/tsun-yuanku/local/qa_course_platform_github_pages/SQA_Algorithm/outputs/path_routing/benchmarks/formal_modes_suite_01/logs/pure_sqa/d0400_dynwe21__seed_043.log,45.34,0
pure_sqa,d0400_dynwe21,d0400,400,399.89096238073773,24,318,dynwe21,weekend,21,2,44,200,32,20,/Users/tsun-yuanku/local/qa_course_platform_github_pages/SQA_Algorithm/outputs/path_routing/benchmarks/formal_modes_suite_01/configs/pure_sqa/d0400_dynwe21.yaml,/Users/tsun-yuanku/local/qa_course_platform_github_pages/SQA_Algorithm/outputs/path_routing/benchmarks/formal_modes_suite_01/runs/pure_sqa/d0400_dynwe21/seed_044,/Users/tsun-yuanku/local/qa_course_platform_github_pages/SQA_Algorithm/outputs/path_routing/benchmarks/formal_modes_suite_01/logs/pure_sqa/d0400_dynwe21__seed_044.log,44.994,0
pure_sqa,d0400_dynwe21,d0400,400,399.89096238073773,24,318,dynwe21,weekend,21,3,45,200,32,20,/Users/tsun-yuanku/local/qa_course_platform_github_pages/SQA_Algorithm/outputs/path_routing/benchmarks/formal_modes_suite_01/configs/pure_sqa/d0400_dynwe21.yaml,/Users/tsun-yuanku/local/qa_course_platform_github_pages/SQA_Algorithm/outputs/path_routing/benchmarks/formal_modes_suite_01/runs/pure_sqa/d0400_dynwe21/seed_045,/Users/tsun-yuanku/local/qa_course_platform_github_pages/SQA_Algorithm/outputs/path_routing/benchmarks/formal_modes_suite_01/logs/pure_sqa/d0400_dynwe21__seed_045.log,36.942,0
pure_sqa,d0400_dynwe21,d0400,400,399.89096238073773,24,318,dynwe21,weekend,21,4,46,200,32,20,/Users/tsun-yuanku/local/qa_course_platform_github_pages/SQA_Algorithm/outputs/path_routing/benchmarks/formal_modes_suite_01/configs/pure_sqa/d0400_dynwe21.yaml,/Users/tsun-yuanku/local/qa_course_platform_github_pages/SQA_Algorithm/outputs/path_routing/benchmarks/formal_modes_suite_01/runs/pure_sqa/d0400_dynwe21/seed_046,/Users/tsun-yuanku/local/qa_course_platform_github_pages/SQA_Algorithm/outputs/path_routing/benchmarks/formal_modes_suite_01/logs/pure_sqa/d0400_dynwe21__seed_046.log,36.895,0
pure_sqa,d0800_dynwd05,d0800,800,799.1359807833297,179,246,dynwd05,weekday,05,0,42,200,32,20,/Users/tsun-yuanku/local/qa_course_platform_github_pages/SQA_Algorithm/outputs/path_routing/benchmarks/formal_modes_suite_01/configs/pure_sqa/d0800_dynwd05.yaml,/Users/tsun-yuanku/local/qa_course_platform_github_pages/SQA_Algorithm/outputs/path_routing/benchmarks/formal_modes_suite_01/runs/pure_sqa/d0800_dynwd05/seed_042,/Users/tsun-yuanku/local/qa_course_platform_github_pages/SQA_Algorithm/outputs/path_routing/benchmarks/formal_modes_suite_01/logs/pure_sqa/d0800_dynwd05__seed_042.log,36.865,0
pure_sqa,d0800_dynwd05,d0800,800,799.1359807833297,179,246,dynwd05,weekday,05,1,43,200,32,20,/Users/tsun-yuanku/local/qa_course_platform_github_pages/SQA_Algorithm/outputs/path_routing/benchmarks/formal_modes_suite_01/configs/pure_sqa/d0800_dynwd05.yaml,/Users/tsun-yuanku/local/qa_course_platform_github_pages/SQA_Algorithm/outputs/path_routing/benchmarks/formal_modes_suite_01/runs/pure_sqa/d0800_dynwd05/seed_043,/Users/tsun-yuanku/local/qa_course_platform_github_pages/SQA_Algorithm/outputs/path_routing/benchmarks/formal_modes_suite_01/logs/pure_sqa/d0800_dynwd05__seed_043.log,37.055,0
pure_sqa,d0800_dynwd05,d0800,800,799.1359807833297,179,246,dynwd05,weekday,05,2,44,200,32,20,/Users/tsun-yuanku/local/qa_course_platform_github_pages/SQA_Algorithm/outputs/path_routing/benchmarks/formal_modes_suite_01/configs/pure_sqa/d0800_dynwd05.yaml,/Users/tsun-yuanku/local/qa_course_platform_github_pages/SQA_Algorithm/outputs/path_routing/benchmarks/formal_modes_suite_01/runs/pure_sqa/d0800_dynwd05/seed_044,/Users/tsun-yuanku/local/qa_course_platform_github_pages/SQA_Algorithm/outputs/path_routing/benchmarks/formal_modes_suite_01/logs/pure_sqa/d0800_dynwd05__seed_044.log,36.747,0
pure_sqa,d0800_dynwd05,d0800,800,799.1359807833297,179,246,dynwd05,weekday,05,3,45,200,32,20,/Users/tsun-yuanku/local/qa_course_platform_github_pages/SQA_Algorithm/outputs/path_routing/benchmarks/formal_modes_suite_01/configs/pure_sqa/d0800_dynwd05.yaml,/Users/tsun-yuanku/local/qa_course_platform_github_pages/SQA_Algorithm/outputs/path_routing/benchmarks/formal_modes_suite_01/runs/pure_sqa/d0800_dynwd05/seed_045,/Users/tsun-yuanku/local/qa_course_platform_github_pages/SQA_Algorithm/outputs/path_routing/benchmarks/formal_modes_suite_01/logs/pure_sqa/d0800_dynwd05__seed_045.log,36.961,0
pure_sqa,d0800_dynwd05,d0800,800,799.1359807833297,179,246,dynwd05,weekday,05,4,46,200,32,20,/Users/tsun-yuanku/local/qa_course_platform_github_pages/SQA_Algorithm/outputs/path_routing/benchmarks/formal_modes_suite_01/configs/pure_sqa/d0800_dynwd05.yaml,/Users/tsun-yuanku/local/qa_course_platform_github_pages/SQA_Algorithm/outputs/path_routing/benchmarks/formal_modes_suite_01/runs/pure_sqa/d0800_dynwd05/seed_046,/Users/tsun-yuanku/local/qa_course_platform_github_pages/SQA_Algorithm/outputs/path_routing/benchmarks/formal_modes_suite_01/logs/pure_sqa/d0800_dynwd05__seed_046.log,33.204,0
pure_sqa,d0800_dynwd08,d0800,800,799.1359807833297,179,246,dynwd08,weekday,08,0,42,200,32,20,/Users/tsun-yuanku/local/qa_course_platform_github_pages/SQA_Algorithm/outputs/path_routing/benchmarks/formal_modes_suite_01/configs/pure_sqa/d0800_dynwd08.yaml,/Users/tsun-yuanku/local/qa_course_platform_github_pages/SQA_Algorithm/outputs/path_routing/benchmarks/formal_modes_suite_01/runs/pure_sqa/d0800_dynwd08/seed_042,/Users/tsun-yuanku/local/qa_course_platform_github_pages/SQA_Algorithm/outputs/path_routing/benchmarks/formal_modes_suite_01/logs/pure_sqa/d0800_dynwd08__seed_042.log,33.668,0
pure_sqa,d0800_dynwd08,d0800,800,799.1359807833297,179,246,dynwd08,weekday,08,1,43,200,32,20,/Users/tsun-yuanku/local/qa_course_platform_github_pages/SQA_Algorithm/outputs/path_routing/benchmarks/formal_modes_suite_01/configs/pure_sqa/d0800_dynwd08.yaml,/Users/tsun-yuanku/local/qa_course_platform_github_pages/SQA_Algorithm/outputs/path_routing/benchmarks/formal_modes_suite_01/runs/pure_sqa/d0800_dynwd08/seed_043,/Users/tsun-yuanku/local/qa_course_platform_github_pages/SQA_Algorithm/outputs/path_routing/benchmarks/formal_modes_suite_01/logs/pure_sqa/d0800_dynwd08__seed_043.log,33.417,0
pure_sqa,d0800_dynwd08,d0800,800,799.1359807833297,179,246,dynwd08,weekday,08,2,44,200,32,20,/Users/tsun-yuanku/local/qa_course_platform_github_pages/SQA_Algorithm/outputs/path_routing/benchmarks/formal_modes_suite_01/configs/pure_sqa/d0800_dynwd08.yaml,/Users/tsun-yuanku/local/qa_course_platform_github_pages/SQA_Algorithm/outputs/path_routing/benchmarks/formal_modes_suite_01/runs/pure_sqa/d0800_dynwd08/seed_044,/Users/tsun-yuanku/local/qa_course_platform_github_pages/SQA_Algorithm/outputs/path_routing/benchmarks/formal_modes_suite_01/logs/pure_sqa/d0800_dynwd08__seed_044.log,33.075,0
pure_sqa,d0800_dynwd08,d0800,800,799.1359807833297,179,246,dynwd08,weekday,08,3,45,200,32,20,/Users/tsun-yuanku/local/qa_course_platform_github_pages/SQA_Algorithm/outputs/path_routing/benchmarks/formal_modes_suite_01/configs/pure_sqa/d0800_dynwd08.yaml,/Users/tsun-yuanku/local/qa_course_platform_github_pages/SQA_Algorithm/outputs/path_routing/benchmarks/formal_modes_suite_01/runs/pure_sqa/d0800_dynwd08/seed_045,/Users/tsun-yuanku/local/qa_course_platform_github_pages/SQA_Algorithm/outputs/path_routing/benchmarks/formal_modes_suite_01/logs/pure_sqa/d0800_dynwd08__seed_045.log,33.133,0
pure_sqa,d0800_dynwd08,d0800,800,799.1359807833297,179,246,dynwd08,weekday,08,4,46,200,32,20,/Users/tsun-yuanku/local/qa_course_platform_github_pages/SQA_Algorithm/outputs/path_routing/benchmarks/formal_modes_suite_01/configs/pure_sqa/d0800_dynwd08.yaml,/Users/tsun-yuanku/local/qa_course_platform_github_pages/SQA_Algorithm/outputs/path_routing/benchmarks/formal_modes_suite_01/runs/pure_sqa/d0800_dynwd08/seed_046,/Users/tsun-yuanku/local/qa_course_platform_github_pages/SQA_Algorithm/outputs/path_routing/benchmarks/formal_modes_suite_01/logs/pure_sqa/d0800_dynwd08__seed_046.log,32.914,0
pure_sqa,d0800_dynwd12,d0800,800,799.1359807833297,179,246,dynwd12,weekday,12,0,42,200,32,20,/Users/tsun-yuanku/local/qa_course_platform_github_pages/SQA_Algorithm/outputs/path_routing/benchmarks/formal_modes_suite_01/configs/pure_sqa/d0800_dynwd12.yaml,/Users/tsun-yuanku/local/qa_course_platform_github_pages/SQA_Algorithm/outputs/path_routing/benchmarks/formal_modes_suite_01/runs/pure_sqa/d0800_dynwd12/seed_042,/Users/tsun-yuanku/local/qa_course_platform_github_pages/SQA_Algorithm/outputs/path_routing/benchmarks/formal_modes_suite_01/logs/pure_sqa/d0800_dynwd12__seed_042.log,37.498,0
pure_sqa,d0800_dynwd12,d0800,800,799.1359807833297,179,246,dynwd12,weekday,12,1,43,200,32,20,/Users/tsun-yuanku/local/qa_course_platform_github_pages/SQA_Algorithm/outputs/path_routing/benchmarks/formal_modes_suite_01/configs/pure_sqa/d0800_dynwd12.yaml,/Users/tsun-yuanku/local/qa_course_platform_github_pages/SQA_Algorithm/outputs/path_routing/benchmarks/formal_modes_suite_01/runs/pure_sqa/d0800_dynwd12/seed_043,/Users/tsun-yuanku/local/qa_course_platform_github_pages/SQA_Algorithm/outputs/path_routing/benchmarks/formal_modes_suite_01/logs/pure_sqa/d0800_dynwd12__seed_043.log,37.684,0
pure_sqa,d0800_dynwd12,d0800,800,799.1359807833297,179,246,dynwd12,weekday,12,2,44,200,32,20,/Users/tsun-yuanku/local/qa_course_platform_github_pages/SQA_Algorithm/outputs/path_routing/benchmarks/formal_modes_suite_01/configs/pure_sqa/d0800_dynwd12.yaml,/Users/tsun-yuanku/local/qa_course_platform_github_pages/SQA_Algorithm/outputs/path_routing/benchmarks/formal_modes_suite_01/runs/pure_sqa/d0800_dynwd12/seed_044,/Users/tsun-yuanku/local/qa_course_platform_github_pages/SQA_Algorithm/outputs/path_routing/benchmarks/formal_modes_suite_01/logs/pure_sqa/d0800_dynwd12__seed_044.log,37.711,0
pure_sqa,d0800_dynwd12,d0800,800,799.1359807833297,179,246,dynwd12,weekday,12,3,45,200,32,20,/Users/tsun-yuanku/local/qa_course_platform_github_pages/SQA_Algorithm/outputs/path_routing/benchmarks/formal_modes_suite_01/configs/pure_sqa/d0800_dynwd12.yaml,/Users/tsun-yuanku/local/qa_course_platform_github_pages/SQA_Algorithm/outputs/path_routing/benchmarks/formal_modes_suite_01/runs/pure_sqa/d0800_dynwd12/seed_045,/Users/tsun-yuanku/local/qa_course_platform_github_pages/SQA_Algorithm/outputs/path_routing/benchmarks/formal_modes_suite_01/logs/pure_sqa/d0800_dynwd12__seed_045.log,37.359,0
pure_sqa,d0800_dynwd12,d0800,800,799.1359807833297,179,246,dynwd12,weekday,12,4,46,200,32,20,/Users/tsun-yuanku/local/qa_course_platform_github_pages/SQA_Algorithm/outputs/path_routing/benchmarks/formal_modes_suite_01/configs/pure_sqa/d0800_dynwd12.yaml,/Users/tsun-yuanku/local/qa_course_platform_github_pages/SQA_Algorithm/outputs/path_routing/benchmarks/formal_modes_suite_01/runs/pure_sqa/d0800_dynwd12/seed_046,/Users/tsun-yuanku/local/qa_course_platform_github_pages/SQA_Algorithm/outputs/path_routing/benchmarks/formal_modes_suite_01/logs/pure_sqa/d0800_dynwd12__seed_046.log,37.297,0
pure_sqa,d0800_dynwd17,d0800,800,799.1359807833297,179,246,dynwd17,weekday,17,0,42,200,32,20,/Users/tsun-yuanku/local/qa_course_platform_github_pages/SQA_Algorithm/outputs/path_routing/benchmarks/formal_modes_suite_01/configs/pure_sqa/d0800_dynwd17.yaml,/Users/tsun-yuanku/local/qa_course_platform_github_pages/SQA_Algorithm/outputs/path_routing/benchmarks/formal_modes_suite_01/runs/pure_sqa/d0800_dynwd17/seed_042,/Users/tsun-yuanku/local/qa_course_platform_github_pages/SQA_Algorithm/outputs/path_routing/benchmarks/formal_modes_suite_01/logs/pure_sqa/d0800_dynwd17__seed_042.log,37.131,0
pure_sqa,d0800_dynwd17,d0800,800,799.1359807833297,179,246,dynwd17,weekday,17,1,43,200,32,20,/Users/tsun-yuanku/local/qa_course_platform_github_pages/SQA_Algorithm/outputs/path_routing/benchmarks/formal_modes_suite_01/configs/pure_sqa/d0800_dynwd17.yaml,/Users/tsun-yuanku/local/qa_course_platform_github_pages/SQA_Algorithm/outputs/path_routing/benchmarks/formal_modes_suite_01/runs/pure_sqa/d0800_dynwd17/seed_043,/Users/tsun-yuanku/local/qa_course_platform_github_pages/SQA_Algorithm/outputs/path_routing/benchmarks/formal_modes_suite_01/logs/pure_sqa/d0800_dynwd17__seed_043.log,38.882,0
pure_sqa,d0800_dynwd17,d0800,800,799.1359807833297,179,246,dynwd17,weekday,17,2,44,200,32,20,/Users/tsun-yuanku/local/qa_course_platform_github_pages/SQA_Algorithm/outputs/path_routing/benchmarks/formal_modes_suite_01/configs/pure_sqa/d0800_dynwd17.yaml,/Users/tsun-yuanku/local/qa_course_platform_github_pages/SQA_Algorithm/outputs/path_routing/benchmarks/formal_modes_suite_01/runs/pure_sqa/d0800_dynwd17/seed_044,/Users/tsun-yuanku/local/qa_course_platform_github_pages/SQA_Algorithm/outputs/path_routing/benchmarks/formal_modes_suite_01/logs/pure_sqa/d0800_dynwd17__seed_044.log,38.74,0
pure_sqa,d0800_dynwd17,d0800,800,799.1359807833297,179,246,dynwd17,weekday,17,3,45,200,32,20,/Users/tsun-yuanku/local/qa_course_platform_github_pages/SQA_Algorithm/outputs/path_routing/benchmarks/formal_modes_suite_01/configs/pure_sqa/d0800_dynwd17.yaml,/Users/tsun-yuanku/local/qa_course_platform_github_pages/SQA_Algorithm/outputs/path_routing/benchmarks/formal_modes_suite_01/runs/pure_sqa/d0800_dynwd17/seed_045,/Users/tsun-yuanku/local/qa_course_platform_github_pages/SQA_Algorithm/outputs/path_routing/benchmarks/formal_modes_suite_01/logs/pure_sqa/d0800_dynwd17__seed_045.log,38.741,0
pure_sqa,d0800_dynwd17,d0800,800,799.1359807833297,179,246,dynwd17,weekday,17,4,46,200,32,20,/Users/tsun-yuanku/local/qa_course_platform_github_pages/SQA_Algorithm/outputs/path_routing/benchmarks/formal_modes_suite_01/configs/pure_sqa/d0800_dynwd17.yaml,/Users/tsun-yuanku/local/qa_course_platform_github_pages/SQA_Algorithm/outputs/path_routing/benchmarks/formal_modes_suite_01/runs/pure_sqa/d0800_dynwd17/seed_046,/Users/tsun-yuanku/local/qa_course_platform_github_pages/SQA_Algorithm/outputs/path_routing/benchmarks/formal_modes_suite_01/logs/pure_sqa/d0800_dynwd17__seed_046.log,38.966,0
pure_sqa,d0800_dynwd21,d0800,800,799.1359807833297,179,246,dynwd21,weekday,21,0,42,200,32,20,/Users/tsun-yuanku/local/qa_course_platform_github_pages/SQA_Algorithm/outputs/path_routing/benchmarks/formal_modes_suite_01/configs/pure_sqa/d0800_dynwd21.yaml,/Users/tsun-yuanku/local/qa_course_platform_github_pages/SQA_Algorithm/outputs/path_routing/benchmarks/formal_modes_suite_01/runs/pure_sqa/d0800_dynwd21/seed_042,/Users/tsun-yuanku/local/qa_course_platform_github_pages/SQA_Algorithm/outputs/path_routing/benchmarks/formal_modes_suite_01/logs/pure_sqa/d0800_dynwd21__seed_042.log,38.534,0
pure_sqa,d0800_dynwd21,d0800,800,799.1359807833297,179,246,dynwd21,weekday,21,1,43,200,32,20,/Users/tsun-yuanku/local/qa_course_platform_github_pages/SQA_Algorithm/outputs/path_routing/benchmarks/formal_modes_suite_01/configs/pure_sqa/d0800_dynwd21.yaml,/Users/tsun-yuanku/local/qa_course_platform_github_pages/SQA_Algorithm/outputs/path_routing/benchmarks/formal_modes_suite_01/runs/pure_sqa/d0800_dynwd21/seed_043,/Users/tsun-yuanku/local/qa_course_platform_github_pages/SQA_Algorithm/outputs/path_routing/benchmarks/formal_modes_suite_01/logs/pure_sqa/d0800_dynwd21__seed_043.log,38.492,0
pure_sqa,d0800_dynwd21,d0800,800,799.1359807833297,179,246,dynwd21,weekday,21,2,44,200,32,20,/Users/tsun-yuanku/local/qa_course_platform_github_pages/SQA_Algorithm/outputs/path_routing/benchmarks/formal_modes_suite_01/configs/pure_sqa/d0800_dynwd21.yaml,/Users/tsun-yuanku/local/qa_course_platform_github_pages/SQA_Algorithm/outputs/path_routing/benchmarks/formal_modes_suite_01/runs/pure_sqa/d0800_dynwd21/seed_044,/Users/tsun-yuanku/local/qa_course_platform_github_pages/SQA_Algorithm/outputs/path_routing/benchmarks/formal_modes_suite_01/logs/pure_sqa/d0800_dynwd21__seed_044.log,33.895,0
pure_sqa,d0800_dynwd21,d0800,800,799.1359807833297,179,246,dynwd21,weekday,21,3,45,200,32,20,/Users/tsun-yuanku/local/qa_course_platform_github_pages/SQA_Algorithm/outputs/path_routing/benchmarks/formal_modes_suite_01/configs/pure_sqa/d0800_dynwd21.yaml,/Users/tsun-yuanku/local/qa_course_platform_github_pages/SQA_Algorithm/outputs/path_routing/benchmarks/formal_modes_suite_01/runs/pure_sqa/d0800_dynwd21/seed_045,/Users/tsun-yuanku/local/qa_course_platform_github_pages/SQA_Algorithm/outputs/path_routing/benchmarks/formal_modes_suite_01/logs/pure_sqa/d0800_dynwd21__seed_045.log,33.597,0
pure_sqa,d0800_dynwd21,d0800,800,799.1359807833297,179,246,dynwd21,weekday,21,4,46,200,32,20,/Users/tsun-yuanku/local/qa_course_platform_github_pages/SQA_Algorithm/outputs/path_routing/benchmarks/formal_modes_suite_01/configs/pure_sqa/d0800_dynwd21.yaml,/Users/tsun-yuanku/local/qa_course_platform_github_pages/SQA_Algorithm/outputs/path_routing/benchmarks/formal_modes_suite_01/runs/pure_sqa/d0800_dynwd21/seed_046,/Users/tsun-yuanku/local/qa_course_platform_github_pages/SQA_Algorithm/outputs/path_routing/benchmarks/formal_modes_suite_01/logs/pure_sqa/d0800_dynwd21__seed_046.log,33.591,0
pure_sqa,d0800_dynwe05,d0800,800,799.1359807833297,179,246,dynwe05,weekend,05,0,42,200,32,20,/Users/tsun-yuanku/local/qa_course_platform_github_pages/SQA_Algorithm/outputs/path_routing/benchmarks/formal_modes_suite_01/configs/pure_sqa/d0800_dynwe05.yaml,/Users/tsun-yuanku/local/qa_course_platform_github_pages/SQA_Algorithm/outputs/path_routing/benchmarks/formal_modes_suite_01/runs/pure_sqa/d0800_dynwe05/seed_042,/Users/tsun-yuanku/local/qa_course_platform_github_pages/SQA_Algorithm/outputs/path_routing/benchmarks/formal_modes_suite_01/logs/pure_sqa/d0800_dynwe05__seed_042.log,33.485,0
pure_sqa,d0800_dynwe05,d0800,800,799.1359807833297,179,246,dynwe05,weekend,05,1,43,200,32,20,/Users/tsun-yuanku/local/qa_course_platform_github_pages/SQA_Algorithm/outputs/path_routing/benchmarks/formal_modes_suite_01/configs/pure_sqa/d0800_dynwe05.yaml,/Users/tsun-yuanku/local/qa_course_platform_github_pages/SQA_Algorithm/outputs/path_routing/benchmarks/formal_modes_suite_01/runs/pure_sqa/d0800_dynwe05/seed_043,/Users/tsun-yuanku/local/qa_course_platform_github_pages/SQA_Algorithm/outputs/path_routing/benchmarks/formal_modes_suite_01/logs/pure_sqa/d0800_dynwe05__seed_043.log,33.695,0
pure_sqa,d0800_dynwe05,d0800,800,799.1359807833297,179,246,dynwe05,weekend,05,2,44,200,32,20,/Users/tsun-yuanku/local/qa_course_platform_github_pages/SQA_Algorithm/outputs/path_routing/benchmarks/formal_modes_suite_01/configs/pure_sqa/d0800_dynwe05.yaml,/Users/tsun-yuanku/local/qa_course_platform_github_pages/SQA_Algorithm/outputs/path_routing/benchmarks/formal_modes_suite_01/runs/pure_sqa/d0800_dynwe05/seed_044,/Users/tsun-yuanku/local/qa_course_platform_github_pages/SQA_Algorithm/outputs/path_routing/benchmarks/formal_modes_suite_01/logs/pure_sqa/d0800_dynwe05__seed_044.log,33.454,0
pure_sqa,d0800_dynwe05,d0800,800,799.1359807833297,179,246,dynwe05,weekend,05,3,45,200,32,20,/Users/tsun-yuanku/local/qa_course_platform_github_pages/SQA_Algorithm/outputs/path_routing/benchmarks/formal_modes_suite_01/configs/pure_sqa/d0800_dynwe05.yaml,/Users/tsun-yuanku/local/qa_course_platform_github_pages/SQA_Algorithm/outputs/path_routing/benchmarks/formal_modes_suite_01/runs/pure_sqa/d0800_dynwe05/seed_045,/Users/tsun-yuanku/local/qa_course_platform_github_pages/SQA_Algorithm/outputs/path_routing/benchmarks/formal_modes_suite_01/logs/pure_sqa/d0800_dynwe05__seed_045.log,31.809,0
pure_sqa,d0800_dynwe05,d0800,800,799.1359807833297,179,246,dynwe05,weekend,05,4,46,200,32,20,/Users/tsun-yuanku/local/qa_course_platform_github_pages/SQA_Algorithm/outputs/path_routing/benchmarks/formal_modes_suite_01/configs/pure_sqa/d0800_dynwe05.yaml,/Users/tsun-yuanku/local/qa_course_platform_github_pages/SQA_Algorithm/outputs/path_routing/benchmarks/formal_modes_suite_01/runs/pure_sqa/d0800_dynwe05/seed_046,/Users/tsun-yuanku/local/qa_course_platform_github_pages/SQA_Algorithm/outputs/path_routing/benchmarks/formal_modes_suite_01/logs/pure_sqa/d0800_dynwe05__seed_046.log,32.004,0
pure_sqa,d0800_dynwe08,d0800,800,799.1359807833297,179,246,dynwe08,weekend,08,0,42,200,32,20,/Users/tsun-yuanku/local/qa_course_platform_github_pages/SQA_Algorithm/outputs/path_routing/benchmarks/formal_modes_suite_01/configs/pure_sqa/d0800_dynwe08.yaml,/Users/tsun-yuanku/local/qa_course_platform_github_pages/SQA_Algorithm/outputs/path_routing/benchmarks/formal_modes_suite_01/runs/pure_sqa/d0800_dynwe08/seed_042,/Users/tsun-yuanku/local/qa_course_platform_github_pages/SQA_Algorithm/outputs/path_routing/benchmarks/formal_modes_suite_01/logs/pure_sqa/d0800_dynwe08__seed_042.log,31.915,0
pure_sqa,d0800_dynwe08,d0800,800,799.1359807833297,179,246,dynwe08,weekend,08,1,43,200,32,20,/Users/tsun-yuanku/local/qa_course_platform_github_pages/SQA_Algorithm/outputs/path_routing/benchmarks/formal_modes_suite_01/configs/pure_sqa/d0800_dynwe08.yaml,/Users/tsun-yuanku/local/qa_course_platform_github_pages/SQA_Algorithm/outputs/path_routing/benchmarks/formal_modes_suite_01/runs/pure_sqa/d0800_dynwe08/seed_043,/Users/tsun-yuanku/local/qa_course_platform_github_pages/SQA_Algorithm/outputs/path_routing/benchmarks/formal_modes_suite_01/logs/pure_sqa/d0800_dynwe08__seed_043.log,31.657,0
pure_sqa,d0800_dynwe08,d0800,800,799.1359807833297,179,246,dynwe08,weekend,08,2,44,200,32,20,/Users/tsun-yuanku/local/qa_course_platform_github_pages/SQA_Algorithm/outputs/path_routing/benchmarks/formal_modes_suite_01/configs/pure_sqa/d0800_dynwe08.yaml,/Users/tsun-yuanku/local/qa_course_platform_github_pages/SQA_Algorithm/outputs/path_routing/benchmarks/formal_modes_suite_01/runs/pure_sqa/d0800_dynwe08/seed_044,/Users/tsun-yuanku/local/qa_course_platform_github_pages/SQA_Algorithm/outputs/path_routing/benchmarks/formal_modes_suite_01/logs/pure_sqa/d0800_dynwe08__seed_044.log,30.998,0
pure_sqa,d0800_dynwe08,d0800,800,799.1359807833297,179,246,dynwe08,weekend,08,3,45,200,32,20,/Users/tsun-yuanku/local/qa_course_platform_github_pages/SQA_Algorithm/outputs/path_routing/benchmarks/formal_modes_suite_01/configs/pure_sqa/d0800_dynwe08.yaml,/Users/tsun-yuanku/local/qa_course_platform_github_pages/SQA_Algorithm/outputs/path_routing/benchmarks/formal_modes_suite_01/runs/pure_sqa/d0800_dynwe08/seed_045,/Users/tsun-yuanku/local/qa_course_platform_github_pages/SQA_Algorithm/outputs/path_routing/benchmarks/formal_modes_suite_01/logs/pure_sqa/d0800_dynwe08__seed_045.log,31.458,0
pure_sqa,d0800_dynwe08,d0800,800,799.1359807833297,179,246,dynwe08,weekend,08,4,46,200,32,20,/Users/tsun-yuanku/local/qa_course_platform_github_pages/SQA_Algorithm/outputs/path_routing/benchmarks/formal_modes_suite_01/configs/pure_sqa/d0800_dynwe08.yaml,/Users/tsun-yuanku/local/qa_course_platform_github_pages/SQA_Algorithm/outputs/path_routing/benchmarks/formal_modes_suite_01/runs/pure_sqa/d0800_dynwe08/seed_046,/Users/tsun-yuanku/local/qa_course_platform_github_pages/SQA_Algorithm/outputs/path_routing/benchmarks/formal_modes_suite_01/logs/pure_sqa/d0800_dynwe08__seed_046.log,30.789,0
pure_sqa,d0800_dynwe12,d0800,800,799.1359807833297,179,246,dynwe12,weekend,12,0,42,200,32,20,/Users/tsun-yuanku/local/qa_course_platform_github_pages/SQA_Algorithm/outputs/path_routing/benchmarks/formal_modes_suite_01/configs/pure_sqa/d0800_dynwe12.yaml,/Users/tsun-yuanku/local/qa_course_platform_github_pages/SQA_Algorithm/outputs/path_routing/benchmarks/formal_modes_suite_01/runs/pure_sqa/d0800_dynwe12/seed_042,/Users/tsun-yuanku/local/qa_course_platform_github_pages/SQA_Algorithm/outputs/path_routing/benchmarks/formal_modes_suite_01/logs/pure_sqa/d0800_dynwe12__seed_042.log,30.556,0
pure_sqa,d0800_dynwe12,d0800,800,799.1359807833297,179,246,dynwe12,weekend,12,1,43,200,32,20,/Users/tsun-yuanku/local/qa_course_platform_github_pages/SQA_Algorithm/outputs/path_routing/benchmarks/formal_modes_suite_01/configs/pure_sqa/d0800_dynwe12.yaml,/Users/tsun-yuanku/local/qa_course_platform_github_pages/SQA_Algorithm/outputs/path_routing/benchmarks/formal_modes_suite_01/runs/pure_sqa/d0800_dynwe12/seed_043,/Users/tsun-yuanku/local/qa_course_platform_github_pages/SQA_Algorithm/outputs/path_routing/benchmarks/formal_modes_suite_01/logs/pure_sqa/d0800_dynwe12__seed_043.log,31.146,0
pure_sqa,d0800_dynwe12,d0800,800,799.1359807833297,179,246,dynwe12,weekend,12,2,44,200,32,20,/Users/tsun-yuanku/local/qa_course_platform_github_pages/SQA_Algorithm/outputs/path_routing/benchmarks/formal_modes_suite_01/configs/pure_sqa/d0800_dynwe12.yaml,/Users/tsun-yuanku/local/qa_course_platform_github_pages/SQA_Algorithm/outputs/path_routing/benchmarks/formal_modes_suite_01/runs/pure_sqa/d0800_dynwe12/seed_044,/Users/tsun-yuanku/local/qa_course_platform_github_pages/SQA_Algorithm/outputs/path_routing/benchmarks/formal_modes_suite_01/logs/pure_sqa/d0800_dynwe12__seed_044.log,30.807,0
pure_sqa,d0800_dynwe12,d0800,800,799.1359807833297,179,246,dynwe12,weekend,12,3,45,200,32,20,/Users/tsun-yuanku/local/qa_course_platform_github_pages/SQA_Algorithm/outputs/path_routing/benchmarks/formal_modes_suite_01/configs/pure_sqa/d0800_dynwe12.yaml,/Users/tsun-yuanku/local/qa_course_platform_github_pages/SQA_Algorithm/outputs/path_routing/benchmarks/formal_modes_suite_01/runs/pure_sqa/d0800_dynwe12/seed_045,/Users/tsun-yuanku/local/qa_course_platform_github_pages/SQA_Algorithm/outputs/path_routing/benchmarks/formal_modes_suite_01/logs/pure_sqa/d0800_dynwe12__seed_045.log,30.615,0
pure_sqa,d0800_dynwe12,d0800,800,799.1359807833297,179,246,dynwe12,weekend,12,4,46,200,32,20,/Users/tsun-yuanku/local/qa_course_platform_github_pages/SQA_Algorithm/outputs/path_routing/benchmarks/formal_modes_suite_01/configs/pure_sqa/d0800_dynwe12.yaml,/Users/tsun-yuanku/local/qa_course_platform_github_pages/SQA_Algorithm/outputs/path_routing/benchmarks/formal_modes_suite_01/runs/pure_sqa/d0800_dynwe12/seed_046,/Users/tsun-yuanku/local/qa_course_platform_github_pages/SQA_Algorithm/outputs/path_routing/benchmarks/formal_modes_suite_01/logs/pure_sqa/d0800_dynwe12__seed_046.log,30.682,0
pure_sqa,d0800_dynwe17,d0800,800,799.1359807833297,179,246,dynwe17,weekend,17,0,42,200,32,20,/Users/tsun-yuanku/local/qa_course_platform_github_pages/SQA_Algorithm/outputs/path_routing/benchmarks/formal_modes_suite_01/configs/pure_sqa/d0800_dynwe17.yaml,/Users/tsun-yuanku/local/qa_course_platform_github_pages/SQA_Algorithm/outputs/path_routing/benchmarks/formal_modes_suite_01/runs/pure_sqa/d0800_dynwe17/seed_042,/Users/tsun-yuanku/local/qa_course_platform_github_pages/SQA_Algorithm/outputs/path_routing/benchmarks/formal_modes_suite_01/logs/pure_sqa/d0800_dynwe17__seed_042.log,35.866,0
pure_sqa,d0800_dynwe17,d0800,800,799.1359807833297,179,246,dynwe17,weekend,17,1,43,200,32,20,/Users/tsun-yuanku/local/qa_course_platform_github_pages/SQA_Algorithm/outputs/path_routing/benchmarks/formal_modes_suite_01/configs/pure_sqa/d0800_dynwe17.yaml,/Users/tsun-yuanku/local/qa_course_platform_github_pages/SQA_Algorithm/outputs/path_routing/benchmarks/formal_modes_suite_01/runs/pure_sqa/d0800_dynwe17/seed_043,/Users/tsun-yuanku/local/qa_course_platform_github_pages/SQA_Algorithm/outputs/path_routing/benchmarks/formal_modes_suite_01/logs/pure_sqa/d0800_dynwe17__seed_043.log,35.805,0
pure_sqa,d0800_dynwe17,d0800,800,799.1359807833297,179,246,dynwe17,weekend,17,2,44,200,32,20,/Users/tsun-yuanku/local/qa_course_platform_github_pages/SQA_Algorithm/outputs/path_routing/benchmarks/formal_modes_suite_01/configs/pure_sqa/d0800_dynwe17.yaml,/Users/tsun-yuanku/local/qa_course_platform_github_pages/SQA_Algorithm/outputs/path_routing/benchmarks/formal_modes_suite_01/runs/pure_sqa/d0800_dynwe17/seed_044,/Users/tsun-yuanku/local/qa_course_platform_github_pages/SQA_Algorithm/outputs/path_routing/benchmarks/formal_modes_suite_01/logs/pure_sqa/d0800_dynwe17__seed_044.log,35.806,0
pure_sqa,d0800_dynwe17,d0800,800,799.1359807833297,179,246,dynwe17,weekend,17,3,45,200,32,20,/Users/tsun-yuanku/local/qa_course_platform_github_pages/SQA_Algorithm/outputs/path_routing/benchmarks/formal_modes_suite_01/configs/pure_sqa/d0800_dynwe17.yaml,/Users/tsun-yuanku/local/qa_course_platform_github_pages/SQA_Algorithm/outputs/path_routing/benchmarks/formal_modes_suite_01/runs/pure_sqa/d0800_dynwe17/seed_045,/Users/tsun-yuanku/local/qa_course_platform_github_pages/SQA_Algorithm/outputs/path_routing/benchmarks/formal_modes_suite_01/logs/pure_sqa/d0800_dynwe17__seed_045.log,35.693,0
pure_sqa,d0800_dynwe17,d0800,800,799.1359807833297,179,246,dynwe17,weekend,17,4,46,200,32,20,/Users/tsun-yuanku/local/qa_course_platform_github_pages/SQA_Algorithm/outputs/path_routing/benchmarks/formal_modes_suite_01/configs/pure_sqa/d0800_dynwe17.yaml,/Users/tsun-yuanku/local/qa_course_platform_github_pages/SQA_Algorithm/outputs/path_routing/benchmarks/formal_modes_suite_01/runs/pure_sqa/d0800_dynwe17/seed_046,/Users/tsun-yuanku/local/qa_course_platform_github_pages/SQA_Algorithm/outputs/path_routing/benchmarks/formal_modes_suite_01/logs/pure_sqa/d0800_dynwe17__seed_046.log,36.071,0
pure_sqa,d0800_dynwe21,d0800,800,799.1359807833297,179,246,dynwe21,weekend,21,0,42,200,32,20,/Users/tsun-yuanku/local/qa_course_platform_github_pages/SQA_Algorithm/outputs/path_routing/benchmarks/formal_modes_suite_01/configs/pure_sqa/d0800_dynwe21.yaml,/Users/tsun-yuanku/local/qa_course_platform_github_pages/SQA_Algorithm/outputs/path_routing/benchmarks/formal_modes_suite_01/runs/pure_sqa/d0800_dynwe21/seed_042,/Users/tsun-yuanku/local/qa_course_platform_github_pages/SQA_Algorithm/outputs/path_routing/benchmarks/formal_modes_suite_01/logs/pure_sqa/d0800_dynwe21__seed_042.log,35.587,0
pure_sqa,d0800_dynwe21,d0800,800,799.1359807833297,179,246,dynwe21,weekend,21,1,43,200,32,20,/Users/tsun-yuanku/local/qa_course_platform_github_pages/SQA_Algorithm/outputs/path_routing/benchmarks/formal_modes_suite_01/configs/pure_sqa/d0800_dynwe21.yaml,/Users/tsun-yuanku/local/qa_course_platform_github_pages/SQA_Algorithm/outputs/path_routing/benchmarks/formal_modes_suite_01/runs/pure_sqa/d0800_dynwe21/seed_043,/Users/tsun-yuanku/local/qa_course_platform_github_pages/SQA_Algorithm/outputs/path_routing/benchmarks/formal_modes_suite_01/logs/pure_sqa/d0800_dynwe21__seed_043.log,33.648,0
pure_sqa,d0800_dynwe21,d0800,800,799.1359807833297,179,246,dynwe21,weekend,21,2,44,200,32,20,/Users/tsun-yuanku/local/qa_course_platform_github_pages/SQA_Algorithm/outputs/path_routing/benchmarks/formal_modes_suite_01/configs/pure_sqa/d0800_dynwe21.yaml,/Users/tsun-yuanku/local/qa_course_platform_github_pages/SQA_Algorithm/outputs/path_routing/benchmarks/formal_modes_suite_01/runs/pure_sqa/d0800_dynwe21/seed_044,/Users/tsun-yuanku/local/qa_course_platform_github_pages/SQA_Algorithm/outputs/path_routing/benchmarks/formal_modes_suite_01/logs/pure_sqa/d0800_dynwe21__seed_044.log,33.34,0
pure_sqa,d0800_dynwe21,d0800,800,799.1359807833297,179,246,dynwe21,weekend,21,3,45,200,32,20,/Users/tsun-yuanku/local/qa_course_platform_github_pages/SQA_Algorithm/outputs/path_routing/benchmarks/formal_modes_suite_01/configs/pure_sqa/d0800_dynwe21.yaml,/Users/tsun-yuanku/local/qa_course_platform_github_pages/SQA_Algorithm/outputs/path_routing/benchmarks/formal_modes_suite_01/runs/pure_sqa/d0800_dynwe21/seed_045,/Users/tsun-yuanku/local/qa_course_platform_github_pages/SQA_Algorithm/outputs/path_routing/benchmarks/formal_modes_suite_01/logs/pure_sqa/d0800_dynwe21__seed_045.log,33.013,0
pure_sqa,d0800_dynwe21,d0800,800,799.1359807833297,179,246,dynwe21,weekend,21,4,46,200,32,20,/Users/tsun-yuanku/local/qa_course_platform_github_pages/SQA_Algorithm/outputs/path_routing/benchmarks/formal_modes_suite_01/configs/pure_sqa/d0800_dynwe21.yaml,/Users/tsun-yuanku/local/qa_course_platform_github_pages/SQA_Algorithm/outputs/path_routing/benchmarks/formal_modes_suite_01/runs/pure_sqa/d0800_dynwe21/seed_046,/Users/tsun-yuanku/local/qa_course_platform_github_pages/SQA_Algorithm/outputs/path_routing/benchmarks/formal_modes_suite_01/logs/pure_sqa/d0800_dynwe21__seed_046.log,33.088,0
pure_sqa,d1200_dynwd05,d1200,1200,1202.828070248327,80,314,dynwd05,weekday,05,0,42,200,32,20,/Users/tsun-yuanku/local/qa_course_platform_github_pages/SQA_Algorithm/outputs/path_routing/benchmarks/formal_modes_suite_01/configs/pure_sqa/d1200_dynwd05.yaml,/Users/tsun-yuanku/local/qa_course_platform_github_pages/SQA_Algorithm/outputs/path_routing/benchmarks/formal_modes_suite_01/runs/pure_sqa/d1200_dynwd05/seed_042,/Users/tsun-yuanku/local/qa_course_platform_github_pages/SQA_Algorithm/outputs/path_routing/benchmarks/formal_modes_suite_01/logs/pure_sqa/d1200_dynwd05__seed_042.log,32.902,0
pure_sqa,d1200_dynwd05,d1200,1200,1202.828070248327,80,314,dynwd05,weekday,05,1,43,200,32,20,/Users/tsun-yuanku/local/qa_course_platform_github_pages/SQA_Algorithm/outputs/path_routing/benchmarks/formal_modes_suite_01/configs/pure_sqa/d1200_dynwd05.yaml,/Users/tsun-yuanku/local/qa_course_platform_github_pages/SQA_Algorithm/outputs/path_routing/benchmarks/formal_modes_suite_01/runs/pure_sqa/d1200_dynwd05/seed_043,/Users/tsun-yuanku/local/qa_course_platform_github_pages/SQA_Algorithm/outputs/path_routing/benchmarks/formal_modes_suite_01/logs/pure_sqa/d1200_dynwd05__seed_043.log,32.902,0
pure_sqa,d1200_dynwd05,d1200,1200,1202.828070248327,80,314,dynwd05,weekday,05,2,44,200,32,20,/Users/tsun-yuanku/local/qa_course_platform_github_pages/SQA_Algorithm/outputs/path_routing/benchmarks/formal_modes_suite_01/configs/pure_sqa/d1200_dynwd05.yaml,/Users/tsun-yuanku/local/qa_course_platform_github_pages/SQA_Algorithm/outputs/path_routing/benchmarks/formal_modes_suite_01/runs/pure_sqa/d1200_dynwd05/seed_044,/Users/tsun-yuanku/local/qa_course_platform_github_pages/SQA_Algorithm/outputs/path_routing/benchmarks/formal_modes_suite_01/logs/pure_sqa/d1200_dynwd05__seed_044.log,32.809,0
pure_sqa,d1200_dynwd05,d1200,1200,1202.828070248327,80,314,dynwd05,weekday,05,3,45,200,32,20,/Users/tsun-yuanku/local/qa_course_platform_github_pages/SQA_Algorithm/outputs/path_routing/benchmarks/formal_modes_suite_01/configs/pure_sqa/d1200_dynwd05.yaml,/Users/tsun-yuanku/local/qa_course_platform_github_pages/SQA_Algorithm/outputs/path_routing/benchmarks/formal_modes_suite_01/runs/pure_sqa/d1200_dynwd05/seed_045,/Users/tsun-yuanku/local/qa_course_platform_github_pages/SQA_Algorithm/outputs/path_routing/benchmarks/formal_modes_suite_01/logs/pure_sqa/d1200_dynwd05__seed_045.log,32.398,0
pure_sqa,d1200_dynwd05,d1200,1200,1202.828070248327,80,314,dynwd05,weekday,05,4,46,200,32,20,/Users/tsun-yuanku/local/qa_course_platform_github_pages/SQA_Algorithm/outputs/path_routing/benchmarks/formal_modes_suite_01/configs/pure_sqa/d1200_dynwd05.yaml,/Users/tsun-yuanku/local/qa_course_platform_github_pages/SQA_Algorithm/outputs/path_routing/benchmarks/formal_modes_suite_01/runs/pure_sqa/d1200_dynwd05/seed_046,/Users/tsun-yuanku/local/qa_course_platform_github_pages/SQA_Algorithm/outputs/path_routing/benchmarks/formal_modes_suite_01/logs/pure_sqa/d1200_dynwd05__seed_046.log,32.447,0
pure_sqa,d1200_dynwd08,d1200,1200,1202.828070248327,80,314,dynwd08,weekday,08,0,42,200,32,20,/Users/tsun-yuanku/local/qa_course_platform_github_pages/SQA_Algorithm/outputs/path_routing/benchmarks/formal_modes_suite_01/configs/pure_sqa/d1200_dynwd08.yaml,/Users/tsun-yuanku/local/qa_course_platform_github_pages/SQA_Algorithm/outputs/path_routing/benchmarks/formal_modes_suite_01/runs/pure_sqa/d1200_dynwd08/seed_042,/Users/tsun-yuanku/local/qa_course_platform_github_pages/SQA_Algorithm/outputs/path_routing/benchmarks/formal_modes_suite_01/logs/pure_sqa/d1200_dynwd08__seed_042.log,32.227,0
pure_sqa,d1200_dynwd08,d1200,1200,1202.828070248327,80,314,dynwd08,weekday,08,1,43,200,32,20,/Users/tsun-yuanku/local/qa_course_platform_github_pages/SQA_Algorithm/outputs/path_routing/benchmarks/formal_modes_suite_01/configs/pure_sqa/d1200_dynwd08.yaml,/Users/tsun-yuanku/local/qa_course_platform_github_pages/SQA_Algorithm/outputs/path_routing/benchmarks/formal_modes_suite_01/runs/pure_sqa/d1200_dynwd08/seed_043,/Users/tsun-yuanku/local/qa_course_platform_github_pages/SQA_Algorithm/outputs/path_routing/benchmarks/formal_modes_suite_01/logs/pure_sqa/d1200_dynwd08__seed_043.log,32.161,0
pure_sqa,d1200_dynwd08,d1200,1200,1202.828070248327,80,314,dynwd08,weekday,08,2,44,200,32,20,/Users/tsun-yuanku/local/qa_course_platform_github_pages/SQA_Algorithm/outputs/path_routing/benchmarks/formal_modes_suite_01/configs/pure_sqa/d1200_dynwd08.yaml,/Users/tsun-yuanku/local/qa_course_platform_github_pages/SQA_Algorithm/outputs/path_routing/benchmarks/formal_modes_suite_01/runs/pure_sqa/d1200_dynwd08/seed_044,/Users/tsun-yuanku/local/qa_course_platform_github_pages/SQA_Algorithm/outputs/path_routing/benchmarks/formal_modes_suite_01/logs/pure_sqa/d1200_dynwd08__seed_044.log,32.573,0
pure_sqa,d1200_dynwd08,d1200,1200,1202.828070248327,80,314,dynwd08,weekday,08,3,45,200,32,20,/Users/tsun-yuanku/local/qa_course_platform_github_pages/SQA_Algorithm/outputs/path_routing/benchmarks/formal_modes_suite_01/configs/pure_sqa/d1200_dynwd08.yaml,/Users/tsun-yuanku/local/qa_course_platform_github_pages/SQA_Algorithm/outputs/path_routing/benchmarks/formal_modes_suite_01/runs/pure_sqa/d1200_dynwd08/seed_045,/Users/tsun-yuanku/local/qa_course_platform_github_pages/SQA_Algorithm/outputs/path_routing/benchmarks/formal_modes_suite_01/logs/pure_sqa/d1200_dynwd08__seed_045.log,31.695,0
pure_sqa,d1200_dynwd08,d1200,1200,1202.828070248327,80,314,dynwd08,weekday,08,4,46,200,32,20,/Users/tsun-yuanku/local/qa_course_platform_github_pages/SQA_Algorithm/outputs/path_routing/benchmarks/formal_modes_suite_01/configs/pure_sqa/d1200_dynwd08.yaml,/Users/tsun-yuanku/local/qa_course_platform_github_pages/SQA_Algorithm/outputs/path_routing/benchmarks/formal_modes_suite_01/runs/pure_sqa/d1200_dynwd08/seed_046,/Users/tsun-yuanku/local/qa_course_platform_github_pages/SQA_Algorithm/outputs/path_routing/benchmarks/formal_modes_suite_01/logs/pure_sqa/d1200_dynwd08__seed_046.log,32.277,0
pure_sqa,d1200_dynwd12,d1200,1200,1202.828070248327,80,314,dynwd12,weekday,12,0,42,200,32,20,/Users/tsun-yuanku/local/qa_course_platform_github_pages/SQA_Algorithm/outputs/path_routing/benchmarks/formal_modes_suite_01/configs/pure_sqa/d1200_dynwd12.yaml,/Users/tsun-yuanku/local/qa_course_platform_github_pages/SQA_Algorithm/outputs/path_routing/benchmarks/formal_modes_suite_01/runs/pure_sqa/d1200_dynwd12/seed_042,/Users/tsun-yuanku/local/qa_course_platform_github_pages/SQA_Algorithm/outputs/path_routing/benchmarks/formal_modes_suite_01/logs/pure_sqa/d1200_dynwd12__seed_042.log,32.966,0
pure_sqa,d1200_dynwd12,d1200,1200,1202.828070248327,80,314,dynwd12,weekday,12,1,43,200,32,20,/Users/tsun-yuanku/local/qa_course_platform_github_pages/SQA_Algorithm/outputs/path_routing/benchmarks/formal_modes_suite_01/configs/pure_sqa/d1200_dynwd12.yaml,/Users/tsun-yuanku/local/qa_course_platform_github_pages/SQA_Algorithm/outputs/path_routing/benchmarks/formal_modes_suite_01/runs/pure_sqa/d1200_dynwd12/seed_043,/Users/tsun-yuanku/local/qa_course_platform_github_pages/SQA_Algorithm/outputs/path_routing/benchmarks/formal_modes_suite_01/logs/pure_sqa/d1200_dynwd12__seed_043.log,32.262,0
pure_sqa,d1200_dynwd12,d1200,1200,1202.828070248327,80,314,dynwd12,weekday,12,2,44,200,32,20,/Users/tsun-yuanku/local/qa_course_platform_github_pages/SQA_Algorithm/outputs/path_routing/benchmarks/formal_modes_suite_01/configs/pure_sqa/d1200_dynwd12.yaml,/Users/tsun-yuanku/local/qa_course_platform_github_pages/SQA_Algorithm/outputs/path_routing/benchmarks/formal_modes_suite_01/runs/pure_sqa/d1200_dynwd12/seed_044,/Users/tsun-yuanku/local/qa_course_platform_github_pages/SQA_Algorithm/outputs/path_routing/benchmarks/formal_modes_suite_01/logs/pure_sqa/d1200_dynwd12__seed_044.log,31.59,0
pure_sqa,d1200_dynwd12,d1200,1200,1202.828070248327,80,314,dynwd12,weekday,12,3,45,200,32,20,/Users/tsun-yuanku/local/qa_course_platform_github_pages/SQA_Algorithm/outputs/path_routing/benchmarks/formal_modes_suite_01/configs/pure_sqa/d1200_dynwd12.yaml,/Users/tsun-yuanku/local/qa_course_platform_github_pages/SQA_Algorithm/outputs/path_routing/benchmarks/formal_modes_suite_01/runs/pure_sqa/d1200_dynwd12/seed_045,/Users/tsun-yuanku/local/qa_course_platform_github_pages/SQA_Algorithm/outputs/path_routing/benchmarks/formal_modes_suite_01/logs/pure_sqa/d1200_dynwd12__seed_045.log,32.193,0
pure_sqa,d1200_dynwd12,d1200,1200,1202.828070248327,80,314,dynwd12,weekday,12,4,46,200,32,20,/Users/tsun-yuanku/local/qa_course_platform_github_pages/SQA_Algorithm/outputs/path_routing/benchmarks/formal_modes_suite_01/configs/pure_sqa/d1200_dynwd12.yaml,/Users/tsun-yuanku/local/qa_course_platform_github_pages/SQA_Algorithm/outputs/path_routing/benchmarks/formal_modes_suite_01/runs/pure_sqa/d1200_dynwd12/seed_046,/Users/tsun-yuanku/local/qa_course_platform_github_pages/SQA_Algorithm/outputs/path_routing/benchmarks/formal_modes_suite_01/logs/pure_sqa/d1200_dynwd12__seed_046.log,32.228,0
pure_sqa,d1200_dynwd17,d1200,1200,1202.828070248327,80,314,dynwd17,weekday,17,0,42,200,32,20,/Users/tsun-yuanku/local/qa_course_platform_github_pages/SQA_Algorithm/outputs/path_routing/benchmarks/formal_modes_suite_01/configs/pure_sqa/d1200_dynwd17.yaml,/Users/tsun-yuanku/local/qa_course_platform_github_pages/SQA_Algorithm/outputs/path_routing/benchmarks/formal_modes_suite_01/runs/pure_sqa/d1200_dynwd17/seed_042,/Users/tsun-yuanku/local/qa_course_platform_github_pages/SQA_Algorithm/outputs/path_routing/benchmarks/formal_modes_suite_01/logs/pure_sqa/d1200_dynwd17__seed_042.log,32.248,0
pure_sqa,d1200_dynwd17,d1200,1200,1202.828070248327,80,314,dynwd17,weekday,17,1,43,200,32,20,/Users/tsun-yuanku/local/qa_course_platform_github_pages/SQA_Algorithm/outputs/path_routing/benchmarks/formal_modes_suite_01/configs/pure_sqa/d1200_dynwd17.yaml,/Users/tsun-yuanku/local/qa_course_platform_github_pages/SQA_Algorithm/outputs/path_routing/benchmarks/formal_modes_suite_01/runs/pure_sqa/d1200_dynwd17/seed_043,/Users/tsun-yuanku/local/qa_course_platform_github_pages/SQA_Algorithm/outputs/path_routing/benchmarks/formal_modes_suite_01/logs/pure_sqa/d1200_dynwd17__seed_043.log,31.831,0
pure_sqa,d1200_dynwd17,d1200,1200,1202.828070248327,80,314,dynwd17,weekday,17,2,44,200,32,20,/Users/tsun-yuanku/local/qa_course_platform_github_pages/SQA_Algorithm/outputs/path_routing/benchmarks/formal_modes_suite_01/configs/pure_sqa/d1200_dynwd17.yaml,/Users/tsun-yuanku/local/qa_course_platform_github_pages/SQA_Algorithm/outputs/path_routing/benchmarks/formal_modes_suite_01/runs/pure_sqa/d1200_dynwd17/seed_044,/Users/tsun-yuanku/local/qa_course_platform_github_pages/SQA_Algorithm/outputs/path_routing/benchmarks/formal_modes_suite_01/logs/pure_sqa/d1200_dynwd17__seed_044.log,32.116,0
pure_sqa,d1200_dynwd17,d1200,1200,1202.828070248327,80,314,dynwd17,weekday,17,3,45,200,32,20,/Users/tsun-yuanku/local/qa_course_platform_github_pages/SQA_Algorithm/outputs/path_routing/benchmarks/formal_modes_suite_01/configs/pure_sqa/d1200_dynwd17.yaml,/Users/tsun-yuanku/local/qa_course_platform_github_pages/SQA_Algorithm/outputs/path_routing/benchmarks/formal_modes_suite_01/runs/pure_sqa/d1200_dynwd17/seed_045,/Users/tsun-yuanku/local/qa_course_platform_github_pages/SQA_Algorithm/outputs/path_routing/benchmarks/formal_modes_suite_01/logs/pure_sqa/d1200_dynwd17__seed_045.log,31.704,0
pure_sqa,d1200_dynwd17,d1200,1200,1202.828070248327,80,314,dynwd17,weekday,17,4,46,200,32,20,/Users/tsun-yuanku/local/qa_course_platform_github_pages/SQA_Algorithm/outputs/path_routing/benchmarks/formal_modes_suite_01/configs/pure_sqa/d1200_dynwd17.yaml,/Users/tsun-yuanku/local/qa_course_platform_github_pages/SQA_Algorithm/outputs/path_routing/benchmarks/formal_modes_suite_01/runs/pure_sqa/d1200_dynwd17/seed_046,/Users/tsun-yuanku/local/qa_course_platform_github_pages/SQA_Algorithm/outputs/path_routing/benchmarks/formal_modes_suite_01/logs/pure_sqa/d1200_dynwd17__seed_046.log,31.683,0
pure_sqa,d1200_dynwd21,d1200,1200,1202.828070248327,80,314,dynwd21,weekday,21,0,42,200,32,20,/Users/tsun-yuanku/local/qa_course_platform_github_pages/SQA_Algorithm/outputs/path_routing/benchmarks/formal_modes_suite_01/configs/pure_sqa/d1200_dynwd21.yaml,/Users/tsun-yuanku/local/qa_course_platform_github_pages/SQA_Algorithm/outputs/path_routing/benchmarks/formal_modes_suite_01/runs/pure_sqa/d1200_dynwd21/seed_042,/Users/tsun-yuanku/local/qa_course_platform_github_pages/SQA_Algorithm/outputs/path_routing/benchmarks/formal_modes_suite_01/logs/pure_sqa/d1200_dynwd21__seed_042.log,31.065,0
pure_sqa,d1200_dynwd21,d1200,1200,1202.828070248327,80,314,dynwd21,weekday,21,1,43,200,32,20,/Users/tsun-yuanku/local/qa_course_platform_github_pages/SQA_Algorithm/outputs/path_routing/benchmarks/formal_modes_suite_01/configs/pure_sqa/d1200_dynwd21.yaml,/Users/tsun-yuanku/local/qa_course_platform_github_pages/SQA_Algorithm/outputs/path_routing/benchmarks/formal_modes_suite_01/runs/pure_sqa/d1200_dynwd21/seed_043,/Users/tsun-yuanku/local/qa_course_platform_github_pages/SQA_Algorithm/outputs/path_routing/benchmarks/formal_modes_suite_01/logs/pure_sqa/d1200_dynwd21__seed_043.log,30.862,0
pure_sqa,d1200_dynwd21,d1200,1200,1202.828070248327,80,314,dynwd21,weekday,21,2,44,200,32,20,/Users/tsun-yuanku/local/qa_course_platform_github_pages/SQA_Algorithm/outputs/path_routing/benchmarks/formal_modes_suite_01/configs/pure_sqa/d1200_dynwd21.yaml,/Users/tsun-yuanku/local/qa_course_platform_github_pages/SQA_Algorithm/outputs/path_routing/benchmarks/formal_modes_suite_01/runs/pure_sqa/d1200_dynwd21/seed_044,/Users/tsun-yuanku/local/qa_course_platform_github_pages/SQA_Algorithm/outputs/path_routing/benchmarks/formal_modes_suite_01/logs/pure_sqa/d1200_dynwd21__seed_044.log,30.513,0
pure_sqa,d1200_dynwd21,d1200,1200,1202.828070248327,80,314,dynwd21,weekday,21,3,45,200,32,20,/Users/tsun-yuanku/local/qa_course_platform_github_pages/SQA_Algorithm/outputs/path_routing/benchmarks/formal_modes_suite_01/configs/pure_sqa/d1200_dynwd21.yaml,/Users/tsun-yuanku/local/qa_course_platform_github_pages/SQA_Algorithm/outputs/path_routing/benchmarks/formal_modes_suite_01/runs/pure_sqa/d1200_dynwd21/seed_045,/Users/tsun-yuanku/local/qa_course_platform_github_pages/SQA_Algorithm/outputs/path_routing/benchmarks/formal_modes_suite_01/logs/pure_sqa/d1200_dynwd21__seed_045.log,30.94,0
pure_sqa,d1200_dynwd21,d1200,1200,1202.828070248327,80,314,dynwd21,weekday,21,4,46,200,32,20,/Users/tsun-yuanku/local/qa_course_platform_github_pages/SQA_Algorithm/outputs/path_routing/benchmarks/formal_modes_suite_01/configs/pure_sqa/d1200_dynwd21.yaml,/Users/tsun-yuanku/local/qa_course_platform_github_pages/SQA_Algorithm/outputs/path_routing/benchmarks/formal_modes_suite_01/runs/pure_sqa/d1200_dynwd21/seed_046,/Users/tsun-yuanku/local/qa_course_platform_github_pages/SQA_Algorithm/outputs/path_routing/benchmarks/formal_modes_suite_01/logs/pure_sqa/d1200_dynwd21__seed_046.log,30.277,0
pure_sqa,d1200_dynwe05,d1200,1200,1202.828070248327,80,314,dynwe05,weekend,05,0,42,200,32,20,/Users/tsun-yuanku/local/qa_course_platform_github_pages/SQA_Algorithm/outputs/path_routing/benchmarks/formal_modes_suite_01/configs/pure_sqa/d1200_dynwe05.yaml,/Users/tsun-yuanku/local/qa_course_platform_github_pages/SQA_Algorithm/outputs/path_routing/benchmarks/formal_modes_suite_01/runs/pure_sqa/d1200_dynwe05/seed_042,/Users/tsun-yuanku/local/qa_course_platform_github_pages/SQA_Algorithm/outputs/path_routing/benchmarks/formal_modes_suite_01/logs/pure_sqa/d1200_dynwe05__seed_042.log,30.639,0
pure_sqa,d1200_dynwe05,d1200,1200,1202.828070248327,80,314,dynwe05,weekend,05,1,43,200,32,20,/Users/tsun-yuanku/local/qa_course_platform_github_pages/SQA_Algorithm/outputs/path_routing/benchmarks/formal_modes_suite_01/configs/pure_sqa/d1200_dynwe05.yaml,/Users/tsun-yuanku/local/qa_course_platform_github_pages/SQA_Algorithm/outputs/path_routing/benchmarks/formal_modes_suite_01/runs/pure_sqa/d1200_dynwe05/seed_043,/Users/tsun-yuanku/local/qa_course_platform_github_pages/SQA_Algorithm/outputs/path_routing/benchmarks/formal_modes_suite_01/logs/pure_sqa/d1200_dynwe05__seed_043.log,31.269,0
pure_sqa,d1200_dynwe05,d1200,1200,1202.828070248327,80,314,dynwe05,weekend,05,2,44,200,32,20,/Users/tsun-yuanku/local/qa_course_platform_github_pages/SQA_Algorithm/outputs/path_routing/benchmarks/formal_modes_suite_01/configs/pure_sqa/d1200_dynwe05.yaml,/Users/tsun-yuanku/local/qa_course_platform_github_pages/SQA_Algorithm/outputs/path_routing/benchmarks/formal_modes_suite_01/runs/pure_sqa/d1200_dynwe05/seed_044,/Users/tsun-yuanku/local/qa_course_platform_github_pages/SQA_Algorithm/outputs/path_routing/benchmarks/formal_modes_suite_01/logs/pure_sqa/d1200_dynwe05__seed_044.log,31.146,0
pure_sqa,d1200_dynwe05,d1200,1200,1202.828070248327,80,314,dynwe05,weekend,05,3,45,200,32,20,/Users/tsun-yuanku/local/qa_course_platform_github_pages/SQA_Algorithm/outputs/path_routing/benchmarks/formal_modes_suite_01/configs/pure_sqa/d1200_dynwe05.yaml,/Users/tsun-yuanku/local/qa_course_platform_github_pages/SQA_Algorithm/outputs/path_routing/benchmarks/formal_modes_suite_01/runs/pure_sqa/d1200_dynwe05/seed_045,/Users/tsun-yuanku/local/qa_course_platform_github_pages/SQA_Algorithm/outputs/path_routing/benchmarks/formal_modes_suite_01/logs/pure_sqa/d1200_dynwe05__seed_045.log,30.977,0
pure_sqa,d1200_dynwe05,d1200,1200,1202.828070248327,80,314,dynwe05,weekend,05,4,46,200,32,20,/Users/tsun-yuanku/local/qa_course_platform_github_pages/SQA_Algorithm/outputs/path_routing/benchmarks/formal_modes_suite_01/configs/pure_sqa/d1200_dynwe05.yaml,/Users/tsun-yuanku/local/qa_course_platform_github_pages/SQA_Algorithm/outputs/path_routing/benchmarks/formal_modes_suite_01/runs/pure_sqa/d1200_dynwe05/seed_046,/Users/tsun-yuanku/local/qa_course_platform_github_pages/SQA_Algorithm/outputs/path_routing/benchmarks/formal_modes_suite_01/logs/pure_sqa/d1200_dynwe05__seed_046.log,30.54,0
pure_sqa,d1200_dynwe08,d1200,1200,1202.828070248327,80,314,dynwe08,weekend,08,0,42,200,32,20,/Users/tsun-yuanku/local/qa_course_platform_github_pages/SQA_Algorithm/outputs/path_routing/benchmarks/formal_modes_suite_01/configs/pure_sqa/d1200_dynwe08.yaml,/Users/tsun-yuanku/local/qa_course_platform_github_pages/SQA_Algorithm/outputs/path_routing/benchmarks/formal_modes_suite_01/runs/pure_sqa/d1200_dynwe08/seed_042,/Users/tsun-yuanku/local/qa_course_platform_github_pages/SQA_Algorithm/outputs/path_routing/benchmarks/formal_modes_suite_01/logs/pure_sqa/d1200_dynwe08__seed_042.log,30.939,0
pure_sqa,d1200_dynwe08,d1200,1200,1202.828070248327,80,314,dynwe08,weekend,08,1,43,200,32,20,/Users/tsun-yuanku/local/qa_course_platform_github_pages/SQA_Algorithm/outputs/path_routing/benchmarks/formal_modes_suite_01/configs/pure_sqa/d1200_dynwe08.yaml,/Users/tsun-yuanku/local/qa_course_platform_github_pages/SQA_Algorithm/outputs/path_routing/benchmarks/formal_modes_suite_01/runs/pure_sqa/d1200_dynwe08/seed_043,/Users/tsun-yuanku/local/qa_course_platform_github_pages/SQA_Algorithm/outputs/path_routing/benchmarks/formal_modes_suite_01/logs/pure_sqa/d1200_dynwe08__seed_043.log,30.844,0
pure_sqa,d1200_dynwe08,d1200,1200,1202.828070248327,80,314,dynwe08,weekend,08,2,44,200,32,20,/Users/tsun-yuanku/local/qa_course_platform_github_pages/SQA_Algorithm/outputs/path_routing/benchmarks/formal_modes_suite_01/configs/pure_sqa/d1200_dynwe08.yaml,/Users/tsun-yuanku/local/qa_course_platform_github_pages/SQA_Algorithm/outputs/path_routing/benchmarks/formal_modes_suite_01/runs/pure_sqa/d1200_dynwe08/seed_044,/Users/tsun-yuanku/local/qa_course_platform_github_pages/SQA_Algorithm/outputs/path_routing/benchmarks/formal_modes_suite_01/logs/pure_sqa/d1200_dynwe08__seed_044.log,31.519,0
pure_sqa,d1200_dynwe08,d1200,1200,1202.828070248327,80,314,dynwe08,weekend,08,3,45,200,32,20,/Users/tsun-yuanku/local/qa_course_platform_github_pages/SQA_Algorithm/outputs/path_routing/benchmarks/formal_modes_suite_01/configs/pure_sqa/d1200_dynwe08.yaml,/Users/tsun-yuanku/local/qa_course_platform_github_pages/SQA_Algorithm/outputs/path_routing/benchmarks/formal_modes_suite_01/runs/pure_sqa/d1200_dynwe08/seed_045,/Users/tsun-yuanku/local/qa_course_platform_github_pages/SQA_Algorithm/outputs/path_routing/benchmarks/formal_modes_suite_01/logs/pure_sqa/d1200_dynwe08__seed_045.log,31.064,0
pure_sqa,d1200_dynwe08,d1200,1200,1202.828070248327,80,314,dynwe08,weekend,08,4,46,200,32,20,/Users/tsun-yuanku/local/qa_course_platform_github_pages/SQA_Algorithm/outputs/path_routing/benchmarks/formal_modes_suite_01/configs/pure_sqa/d1200_dynwe08.yaml,/Users/tsun-yuanku/local/qa_course_platform_github_pages/SQA_Algorithm/outputs/path_routing/benchmarks/formal_modes_suite_01/runs/pure_sqa/d1200_dynwe08/seed_046,/Users/tsun-yuanku/local/qa_course_platform_github_pages/SQA_Algorithm/outputs/path_routing/benchmarks/formal_modes_suite_01/logs/pure_sqa/d1200_dynwe08__seed_046.log,31.602,0
pure_sqa,d1200_dynwe12,d1200,1200,1202.828070248327,80,314,dynwe12,weekend,12,0,42,200,32,20,/Users/tsun-yuanku/local/qa_course_platform_github_pages/SQA_Algorithm/outputs/path_routing/benchmarks/formal_modes_suite_01/configs/pure_sqa/d1200_dynwe12.yaml,/Users/tsun-yuanku/local/qa_course_platform_github_pages/SQA_Algorithm/outputs/path_routing/benchmarks/formal_modes_suite_01/runs/pure_sqa/d1200_dynwe12/seed_042,/Users/tsun-yuanku/local/qa_course_platform_github_pages/SQA_Algorithm/outputs/path_routing/benchmarks/formal_modes_suite_01/logs/pure_sqa/d1200_dynwe12__seed_042.log,31.012,0
pure_sqa,d1200_dynwe12,d1200,1200,1202.828070248327,80,314,dynwe12,weekend,12,1,43,200,32,20,/Users/tsun-yuanku/local/qa_course_platform_github_pages/SQA_Algorithm/outputs/path_routing/benchmarks/formal_modes_suite_01/configs/pure_sqa/d1200_dynwe12.yaml,/Users/tsun-yuanku/local/qa_course_platform_github_pages/SQA_Algorithm/outputs/path_routing/benchmarks/formal_modes_suite_01/runs/pure_sqa/d1200_dynwe12/seed_043,/Users/tsun-yuanku/local/qa_course_platform_github_pages/SQA_Algorithm/outputs/path_routing/benchmarks/formal_modes_suite_01/logs/pure_sqa/d1200_dynwe12__seed_043.log,31.284,0
pure_sqa,d1200_dynwe12,d1200,1200,1202.828070248327,80,314,dynwe12,weekend,12,2,44,200,32,20,/Users/tsun-yuanku/local/qa_course_platform_github_pages/SQA_Algorithm/outputs/path_routing/benchmarks/formal_modes_suite_01/configs/pure_sqa/d1200_dynwe12.yaml,/Users/tsun-yuanku/local/qa_course_platform_github_pages/SQA_Algorithm/outputs/path_routing/benchmarks/formal_modes_suite_01/runs/pure_sqa/d1200_dynwe12/seed_044,/Users/tsun-yuanku/local/qa_course_platform_github_pages/SQA_Algorithm/outputs/path_routing/benchmarks/formal_modes_suite_01/logs/pure_sqa/d1200_dynwe12__seed_044.log,31.063,0
pure_sqa,d1200_dynwe12,d1200,1200,1202.828070248327,80,314,dynwe12,weekend,12,3,45,200,32,20,/Users/tsun-yuanku/local/qa_course_platform_github_pages/SQA_Algorithm/outputs/path_routing/benchmarks/formal_modes_suite_01/configs/pure_sqa/d1200_dynwe12.yaml,/Users/tsun-yuanku/local/qa_course_platform_github_pages/SQA_Algorithm/outputs/path_routing/benchmarks/formal_modes_suite_01/runs/pure_sqa/d1200_dynwe12/seed_045,/Users/tsun-yuanku/local/qa_course_platform_github_pages/SQA_Algorithm/outputs/path_routing/benchmarks/formal_modes_suite_01/logs/pure_sqa/d1200_dynwe12__seed_045.log,31.064,0
pure_sqa,d1200_dynwe12,d1200,1200,1202.828070248327,80,314,dynwe12,weekend,12,4,46,200,32,20,/Users/tsun-yuanku/local/qa_course_platform_github_pages/SQA_Algorithm/outputs/path_routing/benchmarks/formal_modes_suite_01/configs/pure_sqa/d1200_dynwe12.yaml,/Users/tsun-yuanku/local/qa_course_platform_github_pages/SQA_Algorithm/outputs/path_routing/benchmarks/formal_modes_suite_01/runs/pure_sqa/d1200_dynwe12/seed_046,/Users/tsun-yuanku/local/qa_course_platform_github_pages/SQA_Algorithm/outputs/path_routing/benchmarks/formal_modes_suite_01/logs/pure_sqa/d1200_dynwe12__seed_046.log,30.747,0
pure_sqa,d1200_dynwe17,d1200,1200,1202.828070248327,80,314,dynwe17,weekend,17,0,42,200,32,20,/Users/tsun-yuanku/local/qa_course_platform_github_pages/SQA_Algorithm/outputs/path_routing/benchmarks/formal_modes_suite_01/configs/pure_sqa/d1200_dynwe17.yaml,/Users/tsun-yuanku/local/qa_course_platform_github_pages/SQA_Algorithm/outputs/path_routing/benchmarks/formal_modes_suite_01/runs/pure_sqa/d1200_dynwe17/seed_042,/Users/tsun-yuanku/local/qa_course_platform_github_pages/SQA_Algorithm/outputs/path_routing/benchmarks/formal_modes_suite_01/logs/pure_sqa/d1200_dynwe17__seed_042.log,30.828,0
pure_sqa,d1200_dynwe17,d1200,1200,1202.828070248327,80,314,dynwe17,weekend,17,1,43,200,32,20,/Users/tsun-yuanku/local/qa_course_platform_github_pages/SQA_Algorithm/outputs/path_routing/benchmarks/formal_modes_suite_01/configs/pure_sqa/d1200_dynwe17.yaml,/Users/tsun-yuanku/local/qa_course_platform_github_pages/SQA_Algorithm/outputs/path_routing/benchmarks/formal_modes_suite_01/runs/pure_sqa/d1200_dynwe17/seed_043,/Users/tsun-yuanku/local/qa_course_platform_github_pages/SQA_Algorithm/outputs/path_routing/benchmarks/formal_modes_suite_01/logs/pure_sqa/d1200_dynwe17__seed_043.log,30.908,0
pure_sqa,d1200_dynwe17,d1200,1200,1202.828070248327,80,314,dynwe17,weekend,17,2,44,200,32,20,/Users/tsun-yuanku/local/qa_course_platform_github_pages/SQA_Algorithm/outputs/path_routing/benchmarks/formal_modes_suite_01/configs/pure_sqa/d1200_dynwe17.yaml,/Users/tsun-yuanku/local/qa_course_platform_github_pages/SQA_Algorithm/outputs/path_routing/benchmarks/formal_modes_suite_01/runs/pure_sqa/d1200_dynwe17/seed_044,/Users/tsun-yuanku/local/qa_course_platform_github_pages/SQA_Algorithm/outputs/path_routing/benchmarks/formal_modes_suite_01/logs/pure_sqa/d1200_dynwe17__seed_044.log,30.728,0
pure_sqa,d1200_dynwe17,d1200,1200,1202.828070248327,80,314,dynwe17,weekend,17,3,45,200,32,20,/Users/tsun-yuanku/local/qa_course_platform_github_pages/SQA_Algorithm/outputs/path_routing/benchmarks/formal_modes_suite_01/configs/pure_sqa/d1200_dynwe17.yaml,/Users/tsun-yuanku/local/qa_course_platform_github_pages/SQA_Algorithm/outputs/path_routing/benchmarks/formal_modes_suite_01/runs/pure_sqa/d1200_dynwe17/seed_045,/Users/tsun-yuanku/local/qa_course_platform_github_pages/SQA_Algorithm/outputs/path_routing/benchmarks/formal_modes_suite_01/logs/pure_sqa/d1200_dynwe17__seed_045.log,31.026,0
pure_sqa,d1200_dynwe17,d1200,1200,1202.828070248327,80,314,dynwe17,weekend,17,4,46,200,32,20,/Users/tsun-yuanku/local/qa_course_platform_github_pages/SQA_Algorithm/outputs/path_routing/benchmarks/formal_modes_suite_01/configs/pure_sqa/d1200_dynwe17.yaml,/Users/tsun-yuanku/local/qa_course_platform_github_pages/SQA_Algorithm/outputs/path_routing/benchmarks/formal_modes_suite_01/runs/pure_sqa/d1200_dynwe17/seed_046,/Users/tsun-yuanku/local/qa_course_platform_github_pages/SQA_Algorithm/outputs/path_routing/benchmarks/formal_modes_suite_01/logs/pure_sqa/d1200_dynwe17__seed_046.log,31.002,0
pure_sqa,d1200_dynwe21,d1200,1200,1202.828070248327,80,314,dynwe21,weekend,21,0,42,200,32,20,/Users/tsun-yuanku/local/qa_course_platform_github_pages/SQA_Algorithm/outputs/path_routing/benchmarks/formal_modes_suite_01/configs/pure_sqa/d1200_dynwe21.yaml,/Users/tsun-yuanku/local/qa_course_platform_github_pages/SQA_Algorithm/outputs/path_routing/benchmarks/formal_modes_suite_01/runs/pure_sqa/d1200_dynwe21/seed_042,/Users/tsun-yuanku/local/qa_course_platform_github_pages/SQA_Algorithm/outputs/path_routing/benchmarks/formal_modes_suite_01/logs/pure_sqa/d1200_dynwe21__seed_042.log,31.144,0
pure_sqa,d1200_dynwe21,d1200,1200,1202.828070248327,80,314,dynwe21,weekend,21,1,43,200,32,20,/Users/tsun-yuanku/local/qa_course_platform_github_pages/SQA_Algorithm/outputs/path_routing/benchmarks/formal_modes_suite_01/configs/pure_sqa/d1200_dynwe21.yaml,/Users/tsun-yuanku/local/qa_course_platform_github_pages/SQA_Algorithm/outputs/path_routing/benchmarks/formal_modes_suite_01/runs/pure_sqa/d1200_dynwe21/seed_043,/Users/tsun-yuanku/local/qa_course_platform_github_pages/SQA_Algorithm/outputs/path_routing/benchmarks/formal_modes_suite_01/logs/pure_sqa/d1200_dynwe21__seed_043.log,31.147,0
pure_sqa,d1200_dynwe21,d1200,1200,1202.828070248327,80,314,dynwe21,weekend,21,2,44,200,32,20,/Users/tsun-yuanku/local/qa_course_platform_github_pages/SQA_Algorithm/outputs/path_routing/benchmarks/formal_modes_suite_01/configs/pure_sqa/d1200_dynwe21.yaml,/Users/tsun-yuanku/local/qa_course_platform_github_pages/SQA_Algorithm/outputs/path_routing/benchmarks/formal_modes_suite_01/runs/pure_sqa/d1200_dynwe21/seed_044,/Users/tsun-yuanku/local/qa_course_platform_github_pages/SQA_Algorithm/outputs/path_routing/benchmarks/formal_modes_suite_01/logs/pure_sqa/d1200_dynwe21__seed_044.log,31.113,0
pure_sqa,d1200_dynwe21,d1200,1200,1202.828070248327,80,314,dynwe21,weekend,21,3,45,200,32,20,/Users/tsun-yuanku/local/qa_course_platform_github_pages/SQA_Algorithm/outputs/path_routing/benchmarks/formal_modes_suite_01/configs/pure_sqa/d1200_dynwe21.yaml,/Users/tsun-yuanku/local/qa_course_platform_github_pages/SQA_Algorithm/outputs/path_routing/benchmarks/formal_modes_suite_01/runs/pure_sqa/d1200_dynwe21/seed_045,/Users/tsun-yuanku/local/qa_course_platform_github_pages/SQA_Algorithm/outputs/path_routing/benchmarks/formal_modes_suite_01/logs/pure_sqa/d1200_dynwe21__seed_045.log,31.567,0
pure_sqa,d1200_dynwe21,d1200,1200,1202.828070248327,80,314,dynwe21,weekend,21,4,46,200,32,20,/Users/tsun-yuanku/local/qa_course_platform_github_pages/SQA_Algorithm/outputs/path_routing/benchmarks/formal_modes_suite_01/configs/pure_sqa/d1200_dynwe21.yaml,/Users/tsun-yuanku/local/qa_course_platform_github_pages/SQA_Algorithm/outputs/path_routing/benchmarks/formal_modes_suite_01/runs/pure_sqa/d1200_dynwe21/seed_046,/Users/tsun-yuanku/local/qa_course_platform_github_pages/SQA_Algorithm/outputs/path_routing/benchmarks/formal_modes_suite_01/logs/pure_sqa/d1200_dynwe21__seed_046.log,31.237,0
